{"type":"FeatureCollection", "features": [
{"type":"Feature","geometry":{"type":"MultiPolygon","coordinates":[[[[105.66969765224086,-10.429407822993504],[105.55066170316428,-10.492694315195902],[105.62957368290648,-10.519069317385954],[105.67427668945626,-10.501737312837975],[105.70536267414253,-10.461074309560058],[105.66969765224086,-10.429407822993504]]],[[[134.45107406345144,-33.76257095486407],[134.53779411176532,-33.712600386659176],[134.46879317307517,-33.69405248486912],[134.45107406345144,-33.76257095486407]]],[[[128.12743711169168,-15.156989767219402],[128.17197688914538,-15.176189607142623],[128.20070596722107,-15.131369206688985],[128.16353593925055,-15.097389336619658],[128.11508657219153,-15.112659696963853],[128.12743711169168,-15.156989767219402]]],[[[125.17750907498974,-15.050239139774654],[125.1711292066679,-15.119679180359649],[125.21627893371354,-15.10480919946409],[125.22736909232255,-15.06511920900015],[125.17750907498974,-15.050239139774654]]],[[[135.68959077426737,-14.90613164192212],[135.7674598301674,-14.89475129400741],[135.7593299720281,-14.84764151340588],[135.68959077426737,-14.90613164192212]]],[[[130.6606817047394,-11.403378110598892],[130.58569315790928,-11.400766590165844],[130.554839739416,-11.361816119709019],[130.6032097276126,-11.321688099663156],[130.55436673994708,-11.266132098984489],[130.4981687122639,-11.268952108720455],[130.40177973674454,-11.165647107484801],[130.37382573787775,-11.16881410738384],[130.36534273782632,-11.257929108017594],[130.4102027357399,-11.306162108581622],[130.38577371657058,-11.346964118778253],[130.4266977344732,-11.427325119570202],[130.4317337539139,-11.499285110135489],[130.49351573094356,-11.566473110939748],[130.4767467213889,-11.620623111264782],[130.4926340705293,-11.654914731601377],[130.55726771763142,-11.674280102077743],[130.67200995213958,-11.762780613377092],[130.68600573132997,-11.795827123707513],[130.80303713587983,-11.845167624791937],[130.85296570364608,-11.850432115153666],[130.92286671019517,-11.903060116020825],[130.9826957173626,-11.928097106628922],[131.0477117048288,-11.882116116752965],[131.08233468366083,-11.835742116660198],[131.18320870959448,-11.791197107105448],[131.244502687342,-11.740781117219484],[131.2813066957472,-11.740056117520291],[131.3325906840272,-11.682548107518956],[131.38579768258325,-11.588485117266568],[131.47202366872082,-11.606619118183398],[131.45528469999536,-11.547396117577682],[131.50011469884942,-11.467697117382778],[131.54167968717644,-11.459189117709002],[131.53813969775084,-11.415587117342001],[131.48250567025278,-11.398281126688893],[131.4331436931363,-11.310546115567966],[131.44063568317182,-11.273193115350242],[131.37270371608201,-11.262285104662515],[131.2994006896189,-11.203877113587293],[131.20430969325471,-11.237130123059071],[131.16501872466034,-11.263926112951454],[131.12435370641884,-11.254359112563092],[131.10122971709123,-11.29088111266464],[131.04047670940562,-11.318614112423191],[131.0325467193723,-11.367234102734653],[130.90980270490212,-11.310972111446551],[130.84908772713854,-11.354747101376658],[130.70471070299337,-11.38572012071946],[130.76644771977996,-11.48423212183501],[130.6950827329145,-11.466431101273207],[130.6606817047394,-11.403378110598892]]],[[[130.61509131478064,-11.735521952850645],[130.58969172599913,-11.715398112560356],[130.46896572149308,-11.666717121573727],[130.46502773210995,-11.577233120881026],[130.40046872505232,-11.540131110298242],[130.37622272623716,-11.507581119944152],[130.40326072536106,-11.448974109625071],[130.33709874873352,-11.318319098350061],[130.2639337316921,-11.341869098226876],[130.2303957428434,-11.406460118582027],[130.17871375492066,-11.433852098596557],[130.156726735645,-11.490959108947004],[130.1993747637641,-11.508743119233515],[130.17499174461994,-11.55841911951749],[130.20114475339403,-11.586260119821516],[130.19647575333602,-11.654472110315766],[130.15651376488196,-11.704927110549908],[130.06902074874648,-11.686495120120705],[130.04950576916033,-11.823989111088512],[130.13355073546248,-11.823394121357198],[130.31111472787555,-11.770986111641726],[130.39230674418212,-11.801033112222566],[130.51117172881342,-11.830377113015196],[130.60575972467115,-11.826991113488793],[130.641028643539,-11.754813303140573],[130.61509131478064,-11.735521952850645]]],[[[132.58566465771892,-11.14429812755013],[132.59811064818464,-11.076826137200737],[132.5793266499664,-11.005264116381962],[132.51347065140368,-11.090888126136617],[132.5081466509044,-11.14191412645961],[132.4767586619406,-11.159217126167071],[132.54469063781661,-11.254872127837968],[132.55477766662486,-11.309396128400575],[132.59211464476462,-11.331224129091188],[132.61962662426876,-11.286827129134643],[132.61306465545547,-11.223663128551527],[132.58566465771892,-11.14429812755013]]],[[[135.56041451279498,-12.036407195515054],[135.57173652139326,-12.068777206080139],[135.6366015099445,-12.018285187435316],[135.73462250608523,-12.002370200001815],[135.8282035040943,-11.929250212024197],[135.86526549415765,-11.871621212604238],[135.93817151301525,-11.803138204123037],[135.88594150557665,-11.792350212550405],[135.87086551500462,-11.834229192461244],[135.73361448792903,-11.939375199467419],[135.67734149056614,-11.933004207864961],[135.63100051141095,-11.974900196934236],[135.5938005136654,-11.952573185744342],[135.56041451279498,-12.036407195515054]]],[[[136.19201434077146,-13.789152177498591],[136.2111533986678,-13.824643218354616],[136.25464333617268,-13.83207126971928],[136.27107840832542,-13.73684623945123],[136.25101341128388,-13.67571821835664],[136.19101540452138,-13.670635236519223],[136.16106343357166,-13.750685236269312],[136.11292504665875,-13.731253124689315],[136.12902143258367,-13.836109226003773],[136.16786842060944,-13.83456623714315],[136.19201434077146,-13.789152177498591]]],[[[125.134296869909,-14.646529197795068],[125.20287685492386,-14.589228176186177],[125.21520611252342,-14.497489195342963],[125.15360616517894,-14.453639126134652],[125.09575706030937,-14.55195917784434],[125.1010569715528,-14.633059158300977],[125.134296869909,-14.646529197795068]]],[[[136.3133654732708,-11.597787223477146],[136.2392084962924,-11.600885211277825],[136.22767347518965,-11.652686211353402],[136.3133654732708,-11.597787223477146]]],[[[136.14123445695384,-12.044625211961865],[136.19599847394403,-12.064146203739103],[136.31367246054603,-12.00665422679782],[136.30624146183635,-11.975658216322762],[136.2214954737405,-12.034199224255548],[136.17288149623198,-12.022629212718499],[136.14123445695384,-12.044625211961865]]],[[[136.1415614216019,-13.523767233873059],[136.17722042245228,-13.438216214244699],[136.13423744556354,-13.407387222723294],[136.12340442410195,-13.472483232925414],[136.1415614216019,-13.523767233873059]]],[[[133.35951961750956,-11.636925143538322],[133.36910262628888,-11.682110154058826],[133.4728605833839,-11.598011145233235],[133.40807261637144,-11.585237133983481],[133.35951961750956,-11.636925143538322]]],[[[135.9923234932805,-11.715655204969709],[136.05479247256608,-11.65055220625016],[136.0251295141746,-11.638673205294486],[135.95306350602002,-11.679448203550827],[135.9923234932805,-11.715655204969709]]],[[[134.92861351918492,-12.09724918983363],[134.86588553263272,-12.070749178111491],[134.86828154115392,-12.126200188609987],[134.89976052940355,-12.140054169476945],[134.92861351918492,-12.09724918983363]]],[[[132.33641272519395,-12.09351867152609],[132.3875121722779,-12.138908972546737],[132.4219819009762,-12.120569202864205],[132.4014023625129,-12.076149182247018],[132.33641272519395,-12.09351867152609]]],[[[133.39108960871184,-11.495423152981804],[133.39841361790747,-11.522910133325551],[133.49251361408162,-11.515012134934844],[133.46561260613848,-11.464718144058882],[133.39108960871184,-11.495423152981804]]],[[[142.24098240497338,-10.597849418920717],[142.26767244148377,-10.64228946078476],[142.32652128101472,-10.612879433805967],[142.30786142360498,-10.579269472475708],[142.24098240497338,-10.597849418920717]]],[[[142.68953420990775,-9.376488523596638],[142.6446493919504,-9.365157510933972],[142.5977604709534,-9.4075774886334],[142.65760940787612,-9.428627492225615],[142.7421571657589,-9.419797506990678],[142.74313638881003,-9.366898476586387],[142.68953420990775,-9.376488523596638]]],[[[142.13342928309845,-9.269183451500698],[142.249669298364,-9.290252468088775],[142.22193236262652,-9.22927344602632],[142.13342928309845,-9.269183451500698]]],[[[142.31488331394007,-10.217061459736646],[142.34079641496243,-10.183313490889423],[142.32438616829702,-10.134544469552326],[142.27068533114766,-10.116665416410969],[142.21166548189356,-10.139276463337998],[142.1857503397881,-10.192574452368],[142.21417646679097,-10.228355414246568],[142.2739872230342,-10.258083487816984],[142.31488331394007,-10.217061459736646]]],[[[142.11938418449841,-10.149327488343857],[142.1872303020364,-10.15165544209607],[142.18261422734673,-10.05989746104855],[142.1200231888108,-10.07175846770893],[142.0851345176794,-10.113378416156866],[142.11938418449841,-10.149327488343857]]],[[[136.7974243972487,-13.853374236864633],[136.7289207319633,-13.819135774376647],[136.6828163773145,-13.730592232186165],[136.58986041363374,-13.684079238861656],[136.6314713980103,-13.789238251024143],[136.49393042352997,-13.838279227095914],[136.40874026769717,-13.846429444524613],[136.43613913474843,-13.893488815747036],[136.40815958353866,-13.976318255548918],[136.44292662719752,-14.115316897736445],[136.39800731756924,-14.177886966852332],[136.49159839059664,-14.237829250229876],[136.6252333825057,-14.264937244649888],[136.6530343699912,-14.29528623577752],[136.74061936648081,-14.25929524829509],[136.85443237968315,-14.278837242148562],[136.87681735763726,-14.303163253077898],[136.93466335467144,-14.298637264947187],[136.95214937565623,-14.243291255080246],[136.89576838012732,-14.201565242882655],[136.8540213621239,-14.208507261569089],[136.8027673668264,-14.151196249436827],[136.76298736740262,-14.196717238513946],[136.70444039160517,-14.165038246374296],[136.69981638365607,-14.111432235795103],[136.77804738243603,-14.02492523761871],[136.76876704521064,-13.957533496775834],[136.8125958747315,-13.904123307766369],[136.8574240821618,-13.910812489281982],[136.91203479287216,-13.807543310240897],[136.9052248447203,-13.764113579666144],[136.8446666383539,-13.749164427561304],[136.8281361957722,-13.849853767834565],[136.7974243972487,-13.853374236864633]]],[[[136.9485734533989,-15.736408966937876],[137.05489316320177,-15.84115816133457],[137.097252611747,-15.810007452517748],[137.1061323325641,-15.772517142519195],[137.07849231557114,-15.73558730128773],[137.0812019979751,-15.664337030809557],[137.00044251437956,-15.62092789774562],[136.95998299610983,-15.640548386551895],[136.93580341604974,-15.683318856089707],[136.9485734533989,-15.736408966937876]]],[[[136.49726149142256,-11.413061227594431],[136.53455448891384,-11.443536218998767],[136.6240764689058,-11.329471220871008],[136.63339848960305,-11.296168220893305],[136.70938648940628,-11.207712232578634],[136.65247150227742,-11.189750230627821],[136.58824847198053,-11.27926922933757],[136.56853449073333,-11.343107219240725],[136.49726149142256,-11.413061227594431]]],[[[136.61733491958793,-15.555352194717392],[136.60961506113836,-15.523141774215365],[136.5118961362873,-15.543423191291744],[136.51388615251594,-15.652774392223845],[136.5896951882037,-15.645303584555625],[136.61733491958793,-15.555352194717392]]],[[[136.75035459849283,-15.646680929715723],[136.74322515648373,-15.717371240048193],[136.77174501376786,-15.746001201201283],[136.833084362387,-15.679120032669212],[136.79373437594452,-15.644950331111238],[136.75035459849283,-15.646680929715723]]],[[[136.87189371245768,-15.610399123395032],[136.8770032847476,-15.536328742971735],[136.84332356663887,-15.539659131891728],[136.87189371245768,-15.610399123395032]]],[[[136.4987223972255,-13.717300236272782],[136.46933340776366,-13.747305235600493],[136.5191073937381,-13.791904247508391],[136.5386374044644,-13.73890423769309],[136.4987223972255,-13.717300236272782]]],[[[147.9037291547297,-39.98497239933489],[147.95564246208434,-40.08066482408118],[148.00769396891914,-40.10631577843333],[148.01870589776112,-40.172729319716716],[148.05625836046352,-40.24757839319792],[148.1203450849586,-40.273272698548574],[148.18445436621062,-40.25015723362931],[148.21028767688165,-40.21068184550285],[148.28329591042032,-40.231365131594295],[148.33388844405988,-40.20952149561394],[148.29343956526606,-40.111196251713096],[148.26649774010872,-39.96788138865431],[148.1437903895631,-39.91813620834679],[147.957292279703,-39.72792258211088],[147.8784898495735,-39.76177107597612],[147.86970742780653,-39.786837395421315],[147.7482851583464,-39.87448644623247],[147.8044432323321,-39.91652200096757],[147.86024096458553,-39.897681185323755],[147.9037291547297,-39.98497239933489]]],[[[149.8618487870714,-22.169674144320794],[149.87758437174907,-22.20916496602997],[149.91860353869862,-22.204994739595435],[149.92233706618003,-22.128004149280066],[149.8816026356795,-22.06793524520199],[149.8618487870714,-22.169674144320794]]],[[[148.0665593706771,-42.67440467784754],[148.15865929554514,-42.65018888520177],[148.12014673309756,-42.58499780170928],[148.067401545936,-42.570644487346854],[148.0287217358018,-42.62448077450806],[148.0665593706771,-42.67440467784754]]],[[[147.73388924680683,-43.09269431335759],[147.68948973928053,-43.13806206006341],[147.71078871708428,-43.19033407204071],[147.77774568957918,-43.21429906751436],[147.85340568875867,-43.181490083399595],[147.9649218853441,-43.18318837238457],[147.98274520880804,-43.135662153568],[147.92727392851077,-43.014211668437646],[147.99951453110754,-42.964193023996806],[147.99876318871767,-42.914410513666084],[147.95805008348844,-42.871517540145156],[147.89171062141938,-42.842512534644285],[147.8842143552042,-42.89470158432519],[147.8160907291984,-42.894787068859124],[147.84055872951433,-43.060494091717175],[147.77339173430397,-43.054490076306344],[147.6825364430597,-42.987158298696386],[147.61846095317028,-43.008387023720616],[147.62749641183393,-43.072582154783696],[147.68645874517853,-43.102541059631],[147.73388924680683,-43.09269431335759]]],[[[147.2342600814032,-43.361608965436],[147.2272634654245,-43.41255714516282],[147.27984717087708,-43.5043667897441],[147.32041563666644,-43.474878452754126],[147.3485714509999,-43.40522146458556],[147.3203897107985,-43.3106539718785],[147.35220358041443,-43.26784196413742],[147.43274123000734,-43.224136360218885],[147.39386644683756,-43.16461925684841],[147.40071830090275,-43.12708173718431],[147.32674264238534,-43.085199671167395],[147.2845101986603,-43.17119364833233],[147.37775114843913,-43.17661450564953],[147.3457016986892,-43.22059643337604],[147.3549014507937,-43.26140484431413],[147.24257526733072,-43.30906786580296],[147.2342600814032,-43.361608965436]]],[[[148.0223552134465,-40.41662744145012],[148.04608001454605,-40.44871012355815],[148.14360902559017,-40.4532968915001],[148.2860021423992,-40.428110982976605],[148.34573265226348,-40.49161469825032],[148.44716176099422,-40.436710846281876],[148.4396100006671,-40.37824178531405],[148.36698805018221,-40.33597785908141],[148.34622582860615,-40.30354935718328],[148.19409630004154,-40.353470655025085],[148.07917275304237,-40.34265126561576],[147.98573305391452,-40.390604318338475],[148.0223552134465,-40.41662744145012]]],[[[148.11598655251152,-40.51261772960257],[148.1134146757769,-40.56434202969665],[148.1781184295436,-40.593120425129584],[148.23523676739453,-40.5317203194313],[148.17363464375168,-40.49768183420511],[148.11598655251152,-40.51261772960257]]],[[[144.78665367872142,-40.40074683088625],[144.7331716416669,-40.55004883812809],[144.78970867581296,-40.506898831704234],[144.78665367872142,-40.40074683088625]]],[[[144.8357146642713,-40.44431183446534],[144.89307566872367,-40.48335784859381],[144.96978662069859,-40.42643485350736],[144.9408966595798,-40.39776085136515],[144.8357146642713,-40.44431183446534]]],[[[146.24700720339166,-18.29586561179069],[146.1078186278914,-18.233616671186567],[146.10031933442667,-18.284016351073635],[146.15169887859662,-18.3129759250278],[146.20163904960958,-18.38272519923468],[146.2009096253099,-18.437404909645497],[146.25026933776573,-18.48895448366598],[146.32664824274863,-18.485164149198802],[146.3386371879158,-18.410344529439644],[146.27623683098875,-18.300775443958504],[146.29644583370742,-18.24931577499339],[146.2505365378284,-18.237106021548172],[146.24700720339166,-18.29586561179069]]],[[[148.9531781872866,-20.250572740248394],[148.9725572385859,-20.327173982523764],[149.05337005516265,-20.2979855590735],[149.02482020099183,-20.259395876341888],[148.9531781872866,-20.250572740248394]]],[[[146.57978665230974,-18.765282290191593],[146.643679498997,-18.750529804807922],[146.61657949470137,-18.704193812401883],[146.5783335956883,-18.725144379743707],[146.57978665230974,-18.765282290191593]]],[[[148.94855011335085,-20.08348679844236],[148.8893263452074,-20.11140600372129],[148.88329151201847,-20.150317103547067],[148.94594068654308,-20.158036678856533],[148.94855011335085,-20.08348679844236]]],[[[146.83448939987585,-19.179933802706802],[146.88305338205703,-19.111567835782534],[146.78992035848526,-19.115162788813684],[146.83448939987585,-19.179933802706802]]],[[[145.27658425827568,-38.38755550257599],[145.3489006018188,-38.41989175782192],[145.4108569764086,-38.37076885186303],[145.50261876220637,-38.35301986821352],[145.45356481606035,-38.30727791447556],[145.37447283925715,-38.31398289896322],[145.2902778675256,-38.283656862893466],[145.27658425827568,-38.38755550257599]]],[[[145.16088167934586,-38.471857705058824],[145.14388997857802,-38.505716814090285],[145.22170398221078,-38.52810989961761],[145.28714873256862,-38.51031482406221],[145.27698484105025,-38.451123912992614],[145.21454069239556,-38.44881584863655],[145.16088167934586,-38.471857705058824]]],[[[146.5677854673612,-38.74230693809626],[146.50607143045278,-38.72505699337426],[146.49398043661853,-38.77424892277204],[146.54534555542696,-38.79087596671243],[146.5677854673612,-38.74230693809626]]],[[[144.8684556352574,-40.72388785829577],[144.93816762081352,-40.73201186309822],[145.0146436219745,-40.68182385805144],[144.97277962354622,-40.6522808550107],[144.91128560588035,-40.648259860782744],[144.87280365989133,-40.67731884832558],[144.8684556352574,-40.72388785829577]]],[[[113.91717640007846,-25.8591607348927],[113.90991661764662,-25.817999685165137],[113.85583636296337,-25.810690708606234],[113.88005644630982,-25.886920697405547],[113.91717640007846,-25.8591607348927]]],[[[113.01245254034741,-25.516734733028763],[112.9718024117029,-25.480494715626662],[112.92817368034522,-25.528525728820984],[112.92971446931098,-25.63856674921898],[112.9796054431295,-25.749457726326636],[112.97380658743413,-25.79376877692339],[113.02297646761977,-25.860398743887554],[113.06186762034919,-25.944559721637475],[113.15564943895475,-26.052039785803156],[113.1802406618405,-26.119889704460885],[113.23642944330653,-26.09133872056465],[113.19387854058117,-26.001238753003005],[113.13668856488317,-25.97741870673792],[113.12650739146325,-25.922418727172143],[113.1560176753962,-25.887807775026925],[113.07679570418996,-25.768606749823462],[113.00881367413352,-25.557894793464726],[113.01245254034741,-25.516734733028763]]],[[[115.32155040888962,-20.80825734337217],[115.3077911140924,-20.868677554499566],[115.41642080473325,-20.867076568105222],[115.44745991956306,-20.828876566089313],[115.47692881077118,-20.733534613868404],[115.46720881805149,-20.679814614153226],[115.43561912977874,-20.66564470592486],[115.32155040888962,-20.80825734337217]]],[[[124.50364408205556,-15.384641194909317],[124.55541293911942,-15.393862223913564],[124.57192290915408,-15.441982143901754],[124.65475312322245,-15.399692141955702],[124.58704901559265,-15.318784202768578],[124.56832615560536,-15.266946192799082],[124.50456617975203,-15.281606204199118],[124.47338006324279,-15.3552421753359],[124.50364408205556,-15.384641194909317]]],[[[153.31170548712362,-24.955730423636595],[153.27026120864232,-24.89346148892538],[153.25964628954077,-24.812099417182985],[153.2663044525745,-24.69959843693285],[153.18337236574905,-24.737654458861748],[153.1228721934369,-24.803893463306416],[153.17671629408412,-24.83916447902337],[153.23277943804104,-24.927593455411948],[153.22921830188915,-24.980936445488897],[153.16327185604962,-25.080633719644958],[152.9995242762579,-25.20847837422593],[153.0404517203551,-25.224625048462777],[153.05142860463437,-25.34530766054885],[152.9863325283008,-25.449488774867593],[152.9867363208479,-25.51046042540376],[152.95101025930506,-25.551922432164087],[152.99561210298637,-25.731849448089687],[153.04925025980643,-25.796160393991933],[153.08936435054912,-25.757700427712315],[153.08375924569967,-25.638558436182425],[153.1264012569285,-25.51261544945114],[153.2031012708144,-25.338104455767652],[153.35054490414197,-25.03172809820204],[153.3507104119266,-24.967961427696498],[153.31170548712362,-24.955730423636595]]],[[[151.27760364415047,-23.67691625496731],[151.22562462625933,-23.609479249562703],[151.2352348281005,-23.493569239498836],[151.15833561320306,-23.510039232481443],[151.10090663071685,-23.48843923697558],[151.0600476986713,-23.449009232867176],[151.01881869202893,-23.452130259083557],[150.9938976873904,-23.515545217308873],[151.03254763795243,-23.570389271329596],[151.04641771117795,-23.62113917303064],[151.12039663006368,-23.661637220214175],[151.18659264216484,-23.77015222725724],[151.21554166658026,-23.79697424017239],[151.30013165355464,-23.75453720771272],[151.27760364415047,-23.67691625496731]]],[[[153.40061398007174,-27.50036527317343],[153.42166898963063,-27.642041626438544],[153.39313090440402,-27.706667564040945],[153.45310704691664,-27.714462190216757],[153.47377488891965,-27.603955511454647],[153.54225160307422,-27.43695359713674],[153.45392672878464,-27.387894117718346],[153.40061398007174,-27.50036527317343]]],[[[153.3641891114961,-27.127561386508756],[153.3655075219916,-27.20123217722854],[153.41758617715575,-27.274410673111923],[153.42422637947507,-27.172313022977605],[153.46849469314526,-27.028465866349006],[153.3614056302353,-27.06102852569621],[153.3641891114961,-27.127561386508756]]],[[[153.13398534574026,-26.888954541300546],[153.0777120993635,-26.906943455778215],[153.07695208047355,-26.978579446272615],[153.13165450753783,-27.03590870223652],[153.16765244568086,-27.100028316377394],[153.2075637337933,-27.08167016026277],[153.15741015274642,-26.97296574433243],[153.13398534574026,-26.888954541300546]]],[[[150.4720839735546,-22.285851109513956],[150.48296450602595,-22.34932089102528],[150.55464674596314,-22.291659137013728],[150.51966238586624,-22.2250209132952],[150.4720839735546,-22.285851109513956]]],[[[137.0021046131286,-36.02013984406614],[137.1025953363608,-36.018157427598524],[137.13137555068946,-36.03372237871549],[137.19838341263346,-35.974889390754996],[137.37119131237944,-35.99847047716219],[137.46347045276434,-36.0724493910075],[137.53710050299824,-36.026417453464944],[137.60281418296293,-36.00914546582153],[137.60714928736374,-35.919049445436684],[137.66296333004433,-35.88407345732917],[137.80395229843236,-35.85151244250739],[137.88265836422227,-35.87051945566166],[137.93789745535543,-35.86490346777518],[138.04071128590255,-35.90424149204799],[138.11090008755716,-35.8483955044842],[138.11907824790853,-35.81986243463425],[138.04599033462532,-35.74280749126667],[137.90717325913707,-35.71686543567214],[137.8922804291828,-35.758317455348056],[137.79480938098564,-35.83370146204733],[137.74417644102502,-35.80561045993709],[137.80332519394432,-35.758132421912116],[137.7323414670056,-35.73568946905784],[137.60248444852272,-35.73587343414389],[137.5782794837838,-35.7137394531003],[137.64309135637836,-35.65497944517799],[137.51138142148082,-35.59530241987827],[137.31257143515282,-35.579451422472744],[137.2044944405685,-35.62438941884422],[137.14224647058788,-35.62948638664961],[137.06854152072276,-35.66827539427164],[136.9487605502381,-35.67462940011054],[136.78360661630975,-35.70024140457475],[136.6970446186901,-35.73949940187548],[136.5874433864527,-35.74884337825851],[136.56407250533738,-35.848925358085644],[136.53338651914015,-35.87546338722892],[136.60406561301141,-35.96090139009078],[136.65267641463984,-35.9651683717436],[136.72709562805449,-36.0450574047346],[136.85958746721346,-36.01737341909605],[136.91481254656938,-36.043372431161934],[137.0021046131286,-36.02013984406614]]],[[[139.19503253564082,-16.661928469982787],[139.2292651101646,-16.73267735202957],[139.31306074488225,-16.730218695635088],[139.39308940411158,-16.63725844836944],[139.45126897906195,-16.665338071152185],[139.47863799367414,-16.531258211266707],[139.5765567989162,-16.50094779536141],[139.59492111514612,-16.555333376623906],[139.6985155222768,-16.478787130645117],[139.6062159316665,-16.404507825897298],[139.55092011579356,-16.39079836332199],[139.4653975585479,-16.446058489988335],[139.30953515766535,-16.46132537329535],[139.24124314994165,-16.505314350698615],[139.2076991289047,-16.573784369811023],[139.1604651402561,-16.609817358078114],[139.19503253564082,-16.661928469982787]]],[[[139.48468141532462,-17.11837694630815],[139.55188065177524,-17.099816609137598],[139.5435502656154,-17.031336798210877],[139.48662080988098,-17.02034715559806],[139.41256191181245,-17.08216741283746],[139.48468141532462,-17.11837694630815]]],[[[147.25748926364113,-43.10680892588139],[147.27979384058224,-43.02695765718967],[147.35434271603177,-42.951863472607045],[147.35240690745283,-42.87576426204393],[147.45849191036322,-42.91170457056148],[147.4791965853678,-42.985197862588535],[147.53636963993017,-42.94161286686218],[147.4946555134944,-42.90766445338723],[147.52234529940802,-42.82798854513908],[147.58177765148884,-42.79858201967702],[147.61012408581877,-42.865903432288306],[147.68007328635989,-42.90038356803065],[147.8147869503955,-42.88851699872067],[147.90000591435128,-42.743841194773935],[147.94627458750097,-42.72627198840417],[147.96296513252176,-42.669435309439685],[147.93601054778182,-42.60336179690427],[147.99707480041593,-42.50158409127313],[148.0102997766217,-42.441380092010654],[147.98089779761654,-42.407031089445],[148.02456832832326,-42.34235888261796],[148.00095521799386,-42.308866530522685],[148.01342325563567,-42.239658311147025],[148.0662884620206,-42.19204995516383],[148.07222582211253,-42.11505154521653],[148.15809593075195,-42.075732541977054],[148.20852151045213,-42.07747772609941],[148.2506567265699,-42.11470871975162],[148.29190086695135,-42.19167044355911],[148.26150782373387,-42.25437112141758],[148.31459304990958,-42.2758119958888],[148.35571924395487,-42.19331383880932],[148.31699859519026,-42.169740345496116],[148.3436733067379,-42.12343493742915],[148.28353013191264,-42.03414588199347],[148.32359473120025,-41.91718857462436],[148.26786118408586,-41.83631370959905],[148.2892059522312,-41.75189653087173],[148.29349187506915,-41.658190340693054],[148.3203003551848,-41.62137928268376],[148.28617386188418,-41.552472999493304],[148.26845246977757,-41.452863097474584],[148.29562526629437,-41.37127091923518],[148.25918215015375,-41.32416416598051],[148.29928324304637,-41.25021048884178],[148.2726936546473,-41.205211936404524],[148.27203225767795,-41.115214195832586],[148.29838186420753,-41.034238217524496],[148.33985970199052,-40.9942274706974],[148.21590749672245,-40.84616596968708],[148.11444937821315,-40.83078796133407],[148.08292332230602,-40.77320739844014],[147.97299162761453,-40.7416229993634],[147.88452748653057,-40.870262482988984],[147.83582853351018,-40.886963909178824],[147.7099194411077,-40.86150689897465],[147.66133828542704,-40.82497019489983],[147.6032428434763,-40.847160420420984],[147.5725642725784,-40.8964513982785],[147.4907328069094,-40.979336352299946],[147.396418321561,-41.00487081503849],[147.3460458501225,-40.939740250721336],[147.25005404630545,-40.956497543334144],[147.21980653735577,-40.991779151186684],[147.1508376777823,-41.01302530596308],[147.0227002167786,-40.98113904589913],[146.95069514488475,-41.024478750624695],[146.88201949879002,-41.019719525349025],[146.77524412114093,-41.082367987585585],[146.7191582035976,-41.070380633269075],[146.57856945064327,-41.14823456312135],[146.54448441006642,-41.12693843044385],[146.46262927162334,-41.16035695451524],[146.1671778104334,-41.15089416260078],[145.95584743273972,-41.06364111668556],[145.81869057322288,-41.03359942660496],[145.7245773196043,-40.96896890948142],[145.56078436795065,-40.91616204750993],[145.49972726678135,-40.8592784728629],[145.42808992964854,-40.867585237858606],[145.3399903788772,-40.84992972157385],[145.25860354006286,-40.80516752563366],[145.13148081296603,-40.8195140968908],[145.0175491188252,-40.787862288857205],[144.99527850699818,-40.7553617271428],[144.88132763974502,-40.74955185931902],[144.8389036312621,-40.72144383627166],[144.74176664292727,-40.696878849549215],[144.67863669273484,-40.71756783541029],[144.7071266430903,-40.752999837531576],[144.71319465020085,-40.853274828511665],[144.68582865940996,-40.90558982696442],[144.61377763992155,-40.935945832295126],[144.6165656408334,-41.00913383289632],[144.6757646397475,-41.09001583733039],[144.6836766210736,-41.23521384868047],[144.77441558824162,-41.360627845511715],[144.78479157607688,-41.445195846687504],[144.8890095178771,-41.59012085458033],[144.91711576781557,-41.709115267159625],[144.9695621751827,-41.7264807008446],[145.0070575106569,-41.78367885373392],[145.12181267355803,-41.89727700227115],[145.18768339479777,-41.94131686707866],[145.25681039414374,-42.07457688262135],[145.25295119093371,-42.18580360296194],[145.34770590377343,-42.16902549949349],[145.3664278800419,-42.24719742123418],[145.46338272051773,-42.32344648847327],[145.517454137378,-42.339709802383766],[145.54549386503865,-42.39096056464961],[145.51306084606992,-42.43448932258881],[145.310023152256,-42.32042673768211],[145.21291098508803,-42.296936690780825],[145.2525829473457,-42.45176214438496],[145.23587693830402,-42.4712518033265],[145.3017025420234,-42.57096646845968],[145.28103066068093,-42.61481472725189],[145.3666883974303,-42.65789029348134],[145.39248574325896,-42.726266915661554],[145.3798352018156,-42.75772804494172],[145.418864497981,-42.80188473792357],[145.5003150078701,-42.979008664619755],[145.5911002694167,-42.974948001037376],[145.60989926098392,-43.009030012556885],[145.68560790901688,-43.05512230820413],[145.6644175381513,-43.09505667690255],[145.7310975115281,-43.11475223177841],[145.78222490105364,-43.187382715834936],[145.82737865893645,-43.28094587958153],[145.86705155511694,-43.321149122657204],[145.96078729892517,-43.294599699306694],[146.00319065309904,-43.344965252656465],[145.97078821657703,-43.36967019043019],[146.03204917010967,-43.46808469540865],[146.03670600771093,-43.55095026618393],[146.20907751949312,-43.4900879284974],[146.45947391899347,-43.542565267340294],[146.5752885870379,-43.524069935916266],[146.697929196707,-43.624289605687814],[146.80304392752245,-43.602359863543874],[146.8633803804276,-43.63201351829576],[146.92155505282295,-43.599222212568186],[146.88708428666754,-43.55403242969443],[146.95437589570335,-43.5313317147238],[146.93610743544738,-43.490671103109136],[146.9760726354411,-43.432335325863995],[147.0125445994094,-43.4208948986049],[147.05261375016167,-43.35743797135187],[147.04198871890054,-43.312419570293876],[147.07681617757288,-43.27106571275769],[147.16770214675734,-43.283357429851115],[147.2401291141867,-43.265556365380405],[147.2603423471769,-43.21601662668899],[147.23940810721146,-43.177051124850905],[147.25748926364113,-43.10680892588139]]],[[[152.93631125742223,-25.743579422248466],[152.87356325595442,-25.559745224491596],[152.90938639650653,-25.52622004779468],[152.91963750435943,-25.45319423822522],[152.90360840655538,-25.282635415235827],[152.80572370839286,-25.263051455321712],[152.72763933547998,-25.267013367599677],[152.66797545379947,-25.245806381518104],[152.61497447639354,-25.183262415771274],[152.63303817840486,-25.15176934729813],[152.56061628133457,-25.101753369746916],[152.49166842230494,-24.980645401976975],[152.48346148752162,-24.858411370171673],[152.45562542676376,-24.802422376982054],[152.3774573325445,-24.731139388744705],[152.2990684507348,-24.724560371039985],[152.15446656520825,-24.63170537622988],[152.09862336719368,-24.57362838035037],[152.00813340135633,-24.437624320505023],[151.94108347065819,-24.23629531240308],[151.88282361298033,-24.17549632631563],[151.83115457874,-24.166836271300767],[151.78758450773893,-24.122956296778995],[151.76873456102612,-24.020826294139706],[151.72586079394765,-24.02981827013068],[151.6730566533503,-23.989367304778295],[151.6614216889471,-24.038008874074926],[151.55931363636424,-24.055639084551217],[151.5439438207313,-24.029279062882242],[151.4269945561309,-23.9876492815232],[151.35602852833156,-23.93646706444345],[151.32002363015218,-23.859480250438487],[151.28070747417772,-23.855560226731946],[151.23065565312507,-23.815850251735878],[151.1725170684905,-23.815303106321124],[151.15941660712832,-23.74745302454412],[151.12205028875837,-23.672208190454832],[151.04390672092848,-23.625517232834728],[151.0265575883179,-23.571999180789646],[150.93284961972864,-23.54472917192786],[150.84602470845152,-23.536469203888938],[150.8713778621928,-23.480581205751257],[150.8150907541801,-23.416161190061757],[150.7857086681878,-23.31008016649692],[150.82952787021216,-23.254789200046655],[150.7508347599416,-23.135540191865676],[150.7683048356646,-23.06742819289462],[150.78826688427924,-22.876271163128393],[150.83109447095208,-22.684607945447784],[150.72447367773776,-22.61286003511217],[150.72675694796183,-22.514208174496307],[150.74677581345128,-22.446008145750916],[150.70323197785294,-22.43943974172902],[150.67999583775602,-22.364088158984934],[150.5660868324305,-22.316209148253815],[150.53984355105914,-22.350640796169248],[150.53307983125217,-22.45000917638886],[150.59225536416469,-22.564750702699733],[150.54477616859535,-22.56137096837559],[150.446237061111,-22.522521239164497],[150.2982727658431,-22.406201124922802],[150.221875024012,-22.390191107971745],[150.1774303708567,-22.360482873768515],[150.15160480338162,-22.259812140633016],[150.11019037963098,-22.233023456735253],[150.08162794027848,-22.152383113531275],[150.03545054653182,-22.129184149254478],[149.96399234798224,-22.174214513329932],[149.91750433158552,-22.276084570092465],[149.91300519489153,-22.345834460279203],[149.98475566234438,-22.506963697935003],[149.9628364309162,-22.539443796274615],[149.88875188201604,-22.493063139376833],[149.8508820828758,-22.418073065432363],[149.81107748992832,-22.382054991649017],[149.73106402022668,-22.347764064380883],[149.65829003573162,-22.35487593811196],[149.65251489875976,-22.329605127400185],[149.57280479549866,-22.23012504966642],[149.51705931562162,-22.07530751356155],[149.52363383957373,-22.029906093749403],[149.46629308445927,-21.928137047959975],[149.47182197272696,-21.839747067696347],[149.43223313023293,-21.796998053935763],[149.4595409347305,-21.728338045707325],[149.44004607393327,-21.651159173385196],[149.48619456805886,-21.570639086678174],[149.37953592026773,-21.535269897223067],[149.39073532341018,-21.4937899478344],[149.28673198254876,-21.48721901888882],[149.29810114729568,-21.4289190093692],[149.3382299742239,-21.426909042779183],[149.29724001594923,-21.340659058554344],[149.29549006145047,-21.28548905794131],[149.22491100926212,-21.26370007174796],[149.1939409493458,-21.185160038456615],[149.22171026232581,-21.131200070361164],[149.2102691284747,-21.076960048932296],[149.1591592098194,-21.001431053959873],[149.08881312788444,-20.97566902779219],[149.03043113146975,-20.98673305296209],[148.98283123427595,-20.892003008160213],[148.8901869129489,-20.877895140275385],[148.84849723911682,-20.847545496536437],[148.77531635579516,-20.73172430946309],[148.73080534070618,-20.71664401563827],[148.68607369514058,-20.5997853209448],[148.6622253685049,-20.583660998835352],[148.7135711938687,-20.48342058224027],[148.82830415897814,-20.440887981418854],[148.82449319362283,-20.501081971610184],[148.85644535866916,-20.527435054498355],[148.92402309424907,-20.518739970075774],[148.83789527040582,-20.417790032023202],[148.84060320639622,-20.35171300168981],[148.6453802844071,-20.211497954296714],[148.58407121048316,-20.196347969111248],[148.57797136605652,-20.141027928140417],[148.52987142406377,-20.09374895378437],[148.47452841093607,-20.06456980899777],[148.46815229577513,-20.12607892899656],[148.42901308502738,-20.16668899613845],[148.34202414290397,-20.153009978928694],[148.28420417410499,-20.07826993359824],[148.22909539190948,-20.038280938794863],[148.26904927107623,-20.014141951826318],[148.22322418948193,-19.959530937653216],[148.11318428941124,-19.941353938624093],[148.08320615656677,-19.88680192575296],[148.02718618017016,-19.893551921317858],[148.0010973593614,-19.924534959492348],[147.93849118461836,-19.91846390444233],[147.86227630689834,-19.844772907755488],[147.8459773584938,-19.727617915470255],[147.75424534704186,-19.70817090804601],[147.7462551632439,-19.758078957837707],[147.76459633490913,-19.837065909954088],[147.7085433587533,-19.841191885567238],[147.60136849412686,-19.75744291644076],[147.58681120804044,-19.72508187502734],[147.61811929949775,-19.681678917112542],[147.58544644482106,-19.648517884272866],[147.54634830827973,-19.527120920188693],[147.49126036721287,-19.47087786541676],[147.46291651658092,-19.386549922497014],[147.41045229702678,-19.425946868757777],[147.30389551641258,-19.407659850365125],[147.2469083984753,-19.43245386618846],[147.13475135887336,-19.40707286737956],[147.06751318922525,-19.3430087317104],[147.04790444440016,-19.298674849843614],[147.0596366072906,-19.254268950360096],[147.00763330342008,-19.226382636173284],[146.97738313080524,-19.283700594365243],[146.89695552484156,-19.305595878471873],[146.84678168268834,-19.25548325426976],[146.79016726814046,-19.239534869883975],[146.77408139353847,-19.188613858248107],[146.68890153932514,-19.193456501923954],[146.56332231259722,-19.14293983216787],[146.54097796639985,-19.116275320289517],[146.43778042885447,-19.055031912164242],[146.40526540505223,-19.007560839375355],[146.29067144252556,-18.89301292002708],[146.27544130914114,-18.824233138336073],[146.30185019683685,-18.70509327925275],[146.33764908178404,-18.612143461078826],[146.3449485759331,-18.55415371112079],[146.26185154652126,-18.49442778455471],[146.18938011321455,-18.47381483911855],[146.1591698714241,-18.396915296279907],[146.10276996916045,-18.34852598179739],[146.0262654412164,-18.262505785565427],[146.0080393236113,-18.120517783053437],[146.03810367700345,-18.051216754621706],[146.09267712931782,-17.97477810789643],[146.11463608708561,-17.85723848847875],[146.0919186027965,-17.80384775638717],[146.1126226040117,-17.770808777597512],[146.1134049900726,-17.69293899699032],[146.1490533712047,-17.648538799184262],[146.13586961532712,-17.607100757878793],[146.06955408630958,-17.52237959237852],[146.07331323584538,-17.397079961579053],[146.008798655786,-17.322979766315612],[145.97337862404487,-17.245869723122],[145.94792879468298,-17.129320720307692],[145.89198357325162,-17.064261525764785],[145.90610005931734,-16.97375780599501],[145.95484194258103,-16.89154698876583],[145.92819757622493,-16.865859756645104],[145.88139073596665,-16.907398713669092],[145.8397707808134,-16.878179750463932],[145.78121701109376,-16.922599646698973],[145.77465255554102,-16.869662695782154],[145.67206093186027,-16.738930667438105],[145.58209760132382,-16.687363720697448],[145.47005083116554,-16.514365721418624],[145.46601094416658,-16.477395690821872],[145.41328617822464,-16.46605716707477],[145.41817613740722,-16.33828735631824],[145.4770851285418,-16.27521732985695],[145.44532564929386,-16.15597771663283],[145.4748442631229,-16.08069755803183],[145.46362525710265,-16.035967936869824],[145.4043265676623,-15.940318291945973],[145.35780732251897,-15.911368438489653],[145.37720681667935,-15.839405689207588],[145.3524467906889,-15.80442670720143],[145.36128724640577,-15.719578877080222],[145.31749794379266,-15.653139163497455],[145.31767629018267,-15.565597732756187],[145.26961649508257,-15.535947299205699],[145.27119343959296,-15.47277954876975],[145.23981085387985,-15.438225686325577],[145.28816583568505,-15.375948699098068],[145.28332984972968,-15.324091698319682],[145.3541388601543,-15.264045692663041],[145.27077484518583,-15.258664686895726],[145.23872387149078,-15.196279684165892],[145.2346288655589,-15.143226683428475],[145.28900886979943,-15.04348569628722],[145.34735087088987,-14.984663689783181],[145.35196786294424,-14.952979679826734],[145.2808768966631,-14.954925694965079],[145.22256687491492,-14.884474670370656],[145.22971288809254,-14.835081690431368],[145.13493388326327,-14.83411766397263],[145.0904868978758,-14.80308367069252],[145.02244991218512,-14.793904666018669],[145.00315992619076,-14.752131664358826],[144.95352389994983,-14.736582650888952],[144.94370391544714,-14.666329659623637],[144.9103819408733,-14.614560666944577],[144.83878857468224,-14.614324932162935],[144.7816289292099,-14.592914638177522],[144.77503392282387,-14.546229647336947],[144.68440935714338,-14.5528259513989],[144.6189529362116,-14.471720626390704],[144.64041296140923,-14.380409647013233],[144.58889800527578,-14.363217603482388],[144.58019194953044,-14.308047632435686],[144.59579997201752,-14.260267643046147],[144.52373741192747,-14.169919127551575],[144.49573768373457,-14.164439265678446],[144.46487996100487,-14.227494624214282],[144.42947397039512,-14.263135632222088],[144.31401597329452,-14.30831362514848],[144.2444619798797,-14.26411060029877],[144.19537098259852,-14.261393597133477],[144.19465896743515,-14.3387806177541],[144.14191697576044,-14.404707604956679],[144.0606009659291,-14.465974600318376],[143.94924095982378,-14.495660603544719],[143.86082698588476,-14.47450658781995],[143.80563800157097,-14.432176584013472],[143.74468400128515,-14.332429579370046],[143.69833302329633,-14.184781575233758],[143.70198700687362,-14.126789584961934],[143.6780400255635,-14.011569562493536],[143.6363480095827,-13.982077569671022],[143.59138702976887,-13.859051565852173],[143.54741103553988,-13.803345562680388],[143.5308990596455,-13.752011561230315],[143.5609610488474,-13.584915561631853],[143.59676007624532,-13.442109562596125],[143.58009809141484,-13.37382157098679],[143.53791208495377,-13.350043558201545],[143.5167050818086,-13.25820655611637],[143.52017108717433,-13.171176555577983],[143.50215809099842,-13.124262554075734],[143.51454608773244,-13.008942543836412],[143.49773711207925,-12.952600552326443],[143.54315409677403,-12.84559156417232],[143.47354312874393,-12.864761550096953],[143.4487831008407,-12.849478558461588],[143.39801309073104,-12.88818754572052],[143.35015312287337,-12.889066552839303],[143.3569131179032,-12.803778532511506],[143.43708113567732,-12.622111555789472],[143.35378730303975,-12.56390124025351],[143.30150843653146,-12.5451766469478],[143.27483463997606,-12.508781815034013],[143.26659754740788,-12.394791993556709],[143.19318908335867,-12.350412028789895],[143.07731125959288,-12.331142011750272],[143.09693158557903,-12.21928922194509],[143.0929572095185,-12.157611491177741],[143.18559206580227,-11.990804505231294],[143.10592334487035,-11.897124499694577],[143.04001419541962,-11.933324486117185],[142.9702663484843,-11.93092355199957],[142.85636631837127,-11.845504524616535],[142.85949508078662,-11.63587555298878],[142.8355860862566,-11.560475520949632],[142.83248720386234,-11.434965469685531],[142.8682863054601,-11.384385471326379],[142.78316721841415,-11.222656464996419],[142.79861734191735,-11.15346654529075],[142.78606631709658,-11.07416753387946],[142.74561172340023,-10.993517670848847],[142.66785252921065,-10.944637955961845],[142.60930274204674,-10.933838272524108],[142.58924292662937,-10.86813857081368],[142.51610353697,-10.90942862701964],[142.51320364992813,-10.860238696430542],[142.54021350007838,-10.840268647787813],[142.60596172302155,-10.747759380724489],[142.52773302897975,-10.694639385821587],[142.4266972701605,-10.738499480500089],[142.39365827659108,-10.821952479365889],[142.3556792947432,-10.878941467731016],[142.28109427532573,-10.91780746390716],[142.19364425878044,-10.914960849036035],[142.1352039690471,-10.949321536111102],[142.1259438375941,-10.981361675877864],[142.15728922847737,-11.121761488810996],[142.13927844461404,-11.20253142851412],[142.11932937404222,-11.226451467622898],[142.12582811897502,-11.311761458713475],[142.0973402225882,-11.445020418293787],[142.0513203282564,-11.55483049671576],[142.01596113305342,-11.673069435798933],[142.00190132913147,-11.75325944571984],[141.97743212881596,-11.776959494590914],[141.95001306391728,-11.884878484025394],[141.94170321930673,-11.973527414333173],[141.97168325766904,-11.98009741601765],[142.0122434026302,-12.039097448731637],[141.95798666476202,-12.042309935805584],[141.93235326425676,-12.070867464658752],[141.8865085010036,-11.985018211443707],[141.850448292565,-11.984438699493722],[141.82058841122918,-12.031368678288361],[141.7320275044203,-12.223388505184591],[141.70315731339338,-12.264848573998883],[141.68804704055503,-12.328438433736673],[141.59143522192252,-12.564067440622171],[141.62422641945042,-12.582217682510496],[141.68684562778543,-12.561217445655593],[141.70942566910503,-12.518937486498146],[141.75489539611434,-12.536157129072961],[141.82241512944657,-12.601456633251342],[141.88911004574064,-12.613896506954276],[141.83990019502056,-12.666576474747407],[141.8057603159316,-12.678046413008532],[141.75838655994338,-12.824606371715465],[141.71002759916266,-12.878966529593752],[141.62867874089483,-12.916036955584046],[141.58317009858584,-12.99670705386163],[141.61363014533586,-13.029776765752741],[141.62950143743691,-13.159416247693553],[141.67993169181355,-13.217525580865495],[141.69608811842977,-13.264524492124828],[141.63011914589987,-13.367654449491846],[141.58990932251874,-13.464335468181641],[141.55061028210045,-13.50692543646767],[141.50323032615975,-13.657665455249726],[141.4897202405996,-13.771245445500083],[141.46720006663435,-13.864235435104533],[141.47408615208002,-13.940790456111243],[141.57254515059034,-14.057305462275671],[141.59903914592442,-14.116649444177787],[141.5984053880736,-14.258353715339213],[141.5505190938526,-14.379725453830195],[141.52561783922135,-14.487072763420887],[141.5536086618537,-14.592551885784173],[141.56699006289037,-14.740300677733162],[141.59027085507074,-14.857299839948057],[141.6675511222446,-15.009158705330078],[141.6295180787681,-15.108650464140457],[141.62673506595502,-15.161375464434753],[141.5775623360609,-15.209018862225706],[141.5766925033118,-15.258848762597138],[141.5331731487992,-15.38367884134195],[141.46911407418673,-15.532389059213306],[141.4239153460186,-15.726238858462152],[141.41575613028166,-15.837738468964876],[141.39276685745054,-15.913138328391629],[141.42175824496846,-16.105137201505467],[141.34662964258249,-16.230037298622413],[141.3435300205305,-16.27025711879516],[141.28722153536563,-16.42567701716142],[141.3049818123498,-16.4599367083662],[141.27391253968906,-16.542716727442237],[141.23304315975008,-16.587966935705172],[141.22119372672114,-16.65608680565789],[141.18446450547944,-16.7206468943015],[141.1143655560621,-16.791237211292508],[141.08028591739975,-16.806647439680752],[141.0648567049008,-16.87022727941964],[140.97359834535487,-16.96982764561333],[140.9468992832368,-17.040577614848548],[140.95693973982918,-17.09104733577022],[140.94556064688624,-17.15869715575279],[140.91290168506012,-17.231757174709113],[140.87970320891304,-17.38529701430271],[140.82731424845454,-17.458437172280906],[140.70984528359122,-17.509917966866087],[140.6304464354936,-17.574748363484186],[140.51640777027225,-17.630728968368754],[140.4479284443637,-17.64166936513797],[140.37821943713143,-17.679699702088676],[140.09344284444285,-17.722531338926782],[139.98291486293664,-17.704742003631246],[139.9235947810747,-17.623732610230665],[139.8089362111735,-17.578073364601284],[139.75275727511058,-17.575863652027188],[139.71797748885416,-17.54792391022494],[139.65058841396137,-17.537224287099832],[139.53215826676302,-17.438855321010532],[139.41741785758316,-17.37458628542025],[139.34151841269454,-17.374566762097412],[139.24758823123727,-17.327277517637114],[139.20784747602536,-17.281847955556003],[139.15505504502877,-17.163878722336218],[139.14112454014924,-17.07312899100632],[139.1578140910322,-17.030228971372992],[139.08016461792286,-16.991449467748215],[139.0386845642545,-16.912429845350847],[139.00021480768842,-16.892160093563152],[138.8987157246824,-16.88389067924273],[138.67379734320122,-16.796402099267855],[138.62673763748901,-16.768142427128147],[138.539999482511,-16.78194294374073],[138.42791170998353,-16.7772436192292],[138.37171234507647,-16.743184026732266],[138.3148634887571,-16.74317436449753],[138.19509483846556,-16.69630512945817],[138.11674493551794,-16.648005656053453],[138.0419920633654,-16.57376602260385],[137.86202909093825,-16.422696794621608],[137.7296792268179,-16.232237858205156],[137.60155011666663,-16.18488870316583],[137.4092023502025,-16.1443043559785],[137.30846279849553,-16.090075782014342],[137.25058263505306,-16.0098263693643],[137.04810372069912,-15.92223864175315],[136.97799383754088,-15.850939218832398],[136.91376459979327,-15.89809055707264],[136.9062647992314,-15.926990907054755],[136.82400515523622,-15.899672064129888],[136.72950567989835,-15.932383741316048],[136.69163558343848,-15.897073989813986],[136.7129654535801,-15.854993190166224],[136.67050555825685,-15.794133128316512],[136.7225049484682,-15.696101529208972],[136.64407518400913,-15.672432706502079],[136.5849256557987,-15.725033955038707],[136.53848601840198,-15.731234623620887],[136.41207819952564,-15.62614437883986],[136.3207694458123,-15.601674815838471],[136.29001976861986,-15.57197486466558],[136.24155010548634,-15.44860454221784],[136.23971996663852,-15.416074361904387],[136.1646814118352,-15.392325259463345],[135.92517675037917,-15.249198061303016],[135.8627984360419,-15.182729188987954],[135.74291985507372,-15.113700165051757],[135.63974126307576,-15.044431191636548],[135.57669203687482,-15.038751409862144],[135.47047321494458,-14.970212146446416],[135.4093337114247,-14.864363093979069],[135.38208391684634,-14.725723872162948],[135.41785358459927,-14.734103653177238],[135.46501315359438,-14.675773633974742],[135.51912265120563,-14.653273475252226],[135.54428246279014,-14.548683795105418],[135.6183717021519,-14.42869373617478],[135.66775123030294,-14.399153567299612],[135.73015049989738,-14.296663678217953],[135.78894987862432,-14.231923619350408],[135.88145850515576,-14.181263031568243],[135.89114863724433,-14.094303511152074],[135.91317813762907,-14.042483581369243],[135.91755781933853,-13.97791383097982],[135.95692751820596,-13.946693561862597],[136.01504642867638,-13.830933622620783],[136.00642630032146,-13.791583842055848],[136.03426551116866,-13.716463782265025],[135.91298645657542,-13.744704748987488],[135.87783625971298,-13.700385117630088],[135.86517580268642,-13.622255316646067],[135.83529562514434,-13.590815735548077],[135.86596522462133,-13.555725616137005],[135.85784408825998,-13.446836265036245],[135.92074336695813,-13.384385906329015],[135.87990545966377,-13.362128224985511],[135.91872346047558,-13.26988520535468],[136.00034143813315,-13.213484227251845],[136.04903144483774,-13.242963218903157],[136.10774743410062,-13.17235221005635],[136.15227242962249,-13.246694221967225],[136.2008864472061,-13.247170233415657],[136.24313643755107,-13.16935422405387],[136.31019843436928,-13.165979226047945],[136.3085504173969,-13.072466225245428],[136.36473242517573,-13.056448226823719],[136.3663804306425,-13.19660322800269],[136.3870724284944,-13.232073238920886],[136.3198584398229,-13.294859217377487],[136.34521743762977,-13.32433623838529],[136.4013544374792,-13.241808239437031],[136.47239942483898,-13.215050221412117],[136.47964642596423,-13.169182231267067],[136.5291614042715,-13.146649232626192],[136.54643342515178,-13.09371723273901],[136.5354314179679,-13.023547231828628],[136.50776741018592,-12.99632422074634],[136.62759344516638,-12.973356234320425],[136.63529943548485,-12.952426224395118],[136.55902144040925,-12.913627231678984],[136.47798144690648,-12.832200228496584],[136.48847943740245,-12.801329228572683],[136.58215244409757,-12.766725241217314],[136.62898045406263,-12.700478242157187],[136.67843444281525,-12.668073233463438],[136.72890942323986,-12.584329224396424],[136.73962041517052,-12.511314244147663],[136.77913944540333,-12.449909224920178],[136.80575144242013,-12.502641246207684],[136.90424542175901,-12.388813238490277],[136.94568744054766,-12.36914923969207],[136.9268044244107,-12.28067624835101],[136.90009642573474,-12.277012247445183],[136.8744754387748,-12.221005236152203],[136.82131443143388,-12.212525234354851],[136.7820834349813,-12.158596242648882],[136.70291143756464,-12.186938900341268],[136.76201843339507,-12.233188242609216],[136.74067243302653,-12.27313523224845],[136.66334042622125,-12.281690219851749],[136.6464044385022,-12.235265228938477],[136.6001854316234,-12.202925227218103],[136.57747944449656,-12.145513236039644],[136.5890294756843,-12.0930572259764],[136.5544084581711,-12.063361224651457],[136.532191461387,-11.993736213393854],[136.4959214421008,-12.02103122248876],[136.4555014543499,-12.00605721111871],[136.47332247501495,-11.960679231300492],[136.41491345763484,-11.95836922948559],[136.33161647810957,-12.059459217767634],[136.26696648054116,-12.072949215928347],[136.19731148087797,-12.16221420457021],[136.2409504773226,-12.214374226292067],[136.33916946323114,-12.204632219170788],[136.3636004704909,-12.257027210336634],[136.30412244869402,-12.400204229690928],[136.2231304404734,-12.462147217759753],[136.09250045659303,-12.458048203864774],[136.06495846869115,-12.430422212837444],[136.03085545892458,-12.474612222201165],[135.99617148156537,-12.439618210915722],[135.99470648397957,-12.361032210240973],[136.02145547413616,-12.31521020064528],[136.0016954764348,-12.268190219695173],[135.96573048792135,-12.272712208695905],[135.92859047111867,-12.221137197217185],[136.0011755009324,-12.118187198471672],[135.89610546359572,-12.186419216012505],[135.82368848685178,-12.185830203961606],[135.77896547773165,-12.224694213021538],[135.77670648678293,-12.261104213251015],[135.70940147979667,-12.261823211388501],[135.65193650408898,-12.201693199326398],[135.6519674950459,-12.167792199055203],[135.77485948311286,-12.044254201456626],[135.83299548179747,-12.001232212738287],[135.81474548322072,-11.979738212052816],[135.7270844962083,-12.009660199851744],[135.56953951060245,-12.100640196276382],[135.51939950389146,-12.062210204620193],[135.46938150478803,-12.110213183670904],[135.4173795169714,-12.114959192333338],[135.39726849874504,-12.082543201545018],[135.305456511691,-12.12475819949062],[135.26906550184475,-12.180043188994214],[135.26630453077695,-12.224913179281689],[135.17391252491643,-12.225688176931936],[135.05584250929684,-12.262296184266514],[135.00554854277564,-12.21489119264753],[134.97057552577124,-12.158570171342431],[134.9097085286458,-12.152602189816825],[134.84203753263068,-12.113823187883963],[134.84345552386287,-12.06124117749963],[134.79851854614515,-12.049429176337995],[134.77143452956014,-11.958262174974035],[134.68781653303267,-11.966645173087612],[134.6571785432143,-12.015666172768709],[134.60453554472113,-12.05047516183744],[134.52728154773928,-12.068105160226734],[134.41950953258015,-12.065943157810663],[134.34768655636375,-12.039630166031758],[134.2854925703747,-11.983051164242571],[134.22735756166287,-12.041440163464571],[134.1554125559099,-11.992562161565374],[134.1735855757919,-11.960882151695463],[134.10342655985923,-11.914983149874034],[134.0388965739417,-11.855303168080344],[133.9800755856239,-11.897856167225404],[133.9159275679613,-11.920930156125848],[133.87839158980688,-11.911192165307773],[133.8232315836268,-11.84129415367971],[133.89068957126236,-11.813051164777738],[133.92456358069907,-11.768690165098722],[133.79446757717992,-11.725590152213003],[133.7395515784151,-11.783130151612324],[133.69136658049214,-11.783668140703229],[133.66394658099182,-11.819336140467945],[133.604193603208,-11.839446139513901],[133.53435358772177,-11.7609871376191],[133.46039562015594,-11.802602146613069],[133.41341362298323,-11.759380135440889],[133.32134259675905,-11.771111153926366],[133.33535059752876,-11.693852133564304],[133.2289516114243,-11.733016132053912],[133.15688561492436,-11.710221140673472],[133.10442561850994,-11.63124213919642],[133.00925662577023,-11.435690146141365],[132.97187263758363,-11.420355135431885],[132.91721564127255,-11.332014143892204],[132.88293064115723,-11.429706134125512],[132.84972761312892,-11.392421133329295],[132.73414365605686,-11.518111132581556],[132.65948264933436,-11.510043131435108],[132.61839062255476,-11.408210120059065],[132.58575265410497,-11.395368129499433],[132.54768264644525,-11.342676128560232],[132.51898065760588,-11.344934128181908],[132.50671263913924,-11.27201611744871],[132.43594265288283,-11.211838136026197],[132.38304064509947,-11.20823512529785],[132.3577106669124,-11.150165124517379],[132.2657316603216,-11.176177123540146],[132.28228765891183,-11.232532124185216],[132.26852466904393,-11.265969134269342],[132.18341168428404,-11.128469122148083],[132.1446086757887,-11.134333121721195],[132.2002876723841,-11.224467123096833],[132.19230767176765,-11.299237123575708],[132.2373826493769,-11.34009713445042],[132.20704764969426,-11.414335114645898],[132.16719264136918,-11.41399212415314],[132.14624267294255,-11.358143123467652],[132.15637364296634,-11.322417123315041],[132.09926067553363,-11.306368112504227],[132.06714067824717,-11.19184612124146],[132.03613465952876,-11.1908351108713],[131.9816456724569,-11.131128119784796],[131.98742968118052,-11.22010311053587],[131.93207068318017,-11.244075120095214],[131.87906166602082,-11.185570129059174],[131.82945666752732,-11.233253118888308],[131.87170866508,-11.296479119831412],[131.92686768233008,-11.337020120751983],[131.940265661082,-11.396936121362666],[132.0117526576825,-11.431219122440037],[132.06053464557422,-11.436087123045558],[132.04188866569433,-11.491403123253006],[132.10626465248168,-11.531347114321278],[132.19493366923254,-11.490812125086102],[132.23788565786617,-11.455969125351194],[132.30392565495896,-11.465659136262428],[132.35504164313116,-11.441355126734964],[132.46089163843905,-11.459091138275554],[132.55470163311588,-11.555425130306421],[132.54812564262275,-11.609535140634168],[132.5057526540507,-11.636704120260115],[132.503097643513,-11.682932130581465],[132.53858965148936,-11.717659131339028],[132.59283463896642,-11.729990132192286],[132.58045963867,-11.787522142463724],[132.63618462575045,-11.82112513351315],[132.6492306346222,-11.858914143992623],[132.61839364363138,-12.018642144788672],[132.6289686421545,-12.086891135467443],[132.56385961498768,-12.092943134593623],[132.44397149963945,-12.145449283351603],[132.3894017408576,-12.236398853323273],[132.35317224301713,-12.198808702556205],[132.27847138607348,-12.224197511785345],[132.26241134745192,-12.174887271201271],[132.17323130102412,-12.211696430368733],[132.13083210235624,-12.259226390215387],[132.07183303466513,-12.290766149748714],[132.02117413691633,-12.296706309197624],[131.93941644094645,-12.272917068075927],[131.8917877437891,-12.215267187100736],[131.7545488394033,-12.273886776066265],[131.6814490126423,-12.284397335389764],[131.47230410224716,-12.28369792334711],[131.39618382592332,-12.264096692503639],[131.32785348960766,-12.202325301432477],[131.31407394054494,-12.167465041048793],[131.31978404098288,-12.089065100502024],[131.2707043930353,-12.107404960224175],[131.22112417427022,-12.226035100713542],[131.1575640276418,-12.168824909767842],[131.04530496294333,-12.142665218709022],[130.9946355549175,-12.186045438666726],[131.03117548285454,-12.238495389329852],[131.01252584308062,-12.321675569822265],[130.9542059255886,-12.346765819593573],[130.8944056784645,-12.331175839062173],[130.83824784051484,-12.411478799293489],[130.85274753958672,-12.448410099667445],[130.9432769549448,-12.505176920712934],[130.88488709757834,-12.520767180428173],[130.8853475871738,-12.575337820842766],[130.76942757297036,-12.527057589723274],[130.76630693368386,-12.439496809044394],[130.6173586509447,-12.387008687768096],[130.58771879210445,-12.425558597893938],[130.58870881162906,-12.50125865846801],[130.56586938233747,-12.56669922883527],[130.6059393302218,-12.604979219342077],[130.5460108629306,-12.62965018920145],[130.641151757913,-12.71240080034753],[130.60882268940114,-12.723051270244515],[130.52016393376178,-12.703571899619943],[130.45939398700654,-12.638591958824984],[130.35203728197374,-12.670323498557735],[130.35834816103207,-12.807223259609735],[130.33225877189298,-12.895082750149863],[130.26084042517897,-12.941913450195427],[130.22259112702446,-12.949153760095593],[130.17580155947095,-12.910263609626243],[130.14112229108014,-12.93344410967207],[130.1396028708824,-13.006535060210858],[130.1198338115579,-13.088745580752544],[130.1161842514649,-13.164125291300412],[130.16028365921602,-13.17509487154063],[130.23929673480902,-13.281950132641716],[130.19082375681006,-13.394195123285458],[130.14161529908444,-13.457103303568642],[130.10637560089748,-13.456293723436968],[130.0192778451356,-13.528814523687085],[129.96169884809115,-13.53601512356796],[129.87543990265456,-13.497716093053148],[129.8269306751145,-13.51541643306816],[129.83229084473805,-13.556656173385289],[129.79017206667595,-13.66689596410576],[129.79379476623384,-13.778417134936575],[129.7225734498633,-13.847895885305043],[129.7150838401739,-13.893445915626678],[129.74727361840186,-13.91918559587781],[129.74605400835097,-13.975125526287446],[129.71887461973424,-14.014885706527814],[129.61168631545982,-14.053566686636495],[129.59487722631678,-14.091217406889932],[129.51415094072257,-14.070385146642995],[129.47258197288616,-14.175965727379461],[129.42217266560783,-14.23268600775885],[129.4144929559997,-14.282506038118862],[129.37390364820914,-14.354716278626782],[129.35563414920097,-14.418756359087848],[129.40686390633311,-14.432696089212827],[129.4336539948044,-14.476845939552257],[129.4734138425592,-14.49413571970934],[129.5214438298029,-14.546805460141],[129.66934875140322,-14.580474910593788],[129.692388790039,-14.612774740871346],[129.58514365611578,-14.61381514070873],[129.5811335863046,-14.641085140902947],[129.66467241140586,-14.726046281652529],[129.67971942046842,-14.766973981978587],[129.75414934611803,-14.803023802387472],[129.76025955567286,-14.844503582704508],[129.5303858489455,-14.843845162322559],[129.583885835713,-14.942065143107754],[129.62406032335244,-14.955952943268414],[129.6416211321155,-15.079012684195986],[129.6039115542876,-15.107992584348459],[129.52478678904893,-15.028075153661186],[129.4749365120586,-14.936615802942809],[129.36726575833887,-14.903158442625955],[129.35372571913553,-14.876388332425366],[129.2377366058488,-14.839168342139612],[129.23649757594904,-15.067775883801403],[129.24727737531683,-15.095571044002416],[129.21572823718762,-15.153039864423494],[129.16951788988106,-15.05151863370025],[129.1884583287466,-14.986479263221277],[129.06595060581964,-14.891059792601485],[128.9676657815043,-14.878207142614233],[128.9097687948249,-14.856467142538916],[128.83367381923398,-14.859073122687795],[128.73823679471084,-14.839065132741895],[128.69322481720937,-14.799633122564822],[128.5480235954829,-14.770618022762875],[128.43745400199438,-14.810557153421462],[128.4390736220577,-14.851927423712949],[128.4771431200692,-14.9115980840086],[128.41554360366257,-14.914247734246016],[128.3562342069951,-14.885807054267763],[128.35177412761786,-14.97281802490945],[128.28992466124214,-14.974747915175746],[128.23015511485977,-15.00065840562088],[128.19425579743432,-15.096889126472222],[128.22107581601273,-15.130839086592704],[128.22024645640928,-15.203739487117483],[128.19026736832765,-15.231030137449006],[128.12690782186226,-15.183779857413196],[128.11089863294407,-15.208490067668452],[128.12817941234619,-15.291711248176956],[128.11867857356222,-15.415561899106308],[128.08693872581193,-15.476961979701453],[128.0562788376581,-15.47372197983492],[128.08936871520055,-15.390291509072044],[128.0660398461833,-15.312251058634947],[128.09877779344268,-15.16653996742972],[128.07517692452106,-15.107150007125847],[128.1028561526612,-15.064939646684193],[128.10787545174074,-14.946898625816026],[128.17510526703305,-14.789864574365541],[128.18422566613418,-14.714635133783798],[128.13091577892533,-14.664126123679097],[128.08687594134142,-14.646196163772522],[128.03365481402005,-14.583581483604057],[127.9627159080834,-14.59036214404429],[127.93143587965307,-14.556871163984795],[127.94344474876307,-14.522240143667894],[127.85465576354237,-14.486520143942144],[127.78794599662733,-14.387950163659589],[127.779675716715,-14.333210093322702],[127.7112868699652,-14.256093133227552],[127.6701968517613,-14.191553143050829],[127.59739691541228,-14.146013153246798],[127.53791698820413,-14.087554103273225],[127.44912804276225,-14.054045123724512],[127.46493674141303,-13.994865183178423],[127.34740681698953,-13.906565183509812],[127.31442793923843,-13.959916114168415],[127.26372805143457,-13.901466134193258],[127.22502805390471,-13.943416124833636],[127.15925896733428,-13.931786155348926],[127.11411887005822,-13.961647175981208],[127.10285883989732,-13.884287125540425],[127.07053871113854,-13.83557714550463],[126.98619794509459,-13.78339811596329],[126.95751785617679,-13.74167815595714],[126.9256977782195,-13.774968166516533],[126.88204889025609,-13.749208106786792],[126.85673906212003,-13.796488167386052],[126.8007459048833,-13.777342147849062],[126.74310193811272,-13.791745138580207],[126.80948977598946,-13.916779108736707],[126.87353997295368,-13.953928588319002],[126.80999088678675,-13.9899791692465],[126.7478308000151,-13.978339119840403],[126.70125892304533,-14.021997140664332],[126.75520107034772,-14.041859130205905],[126.72049201308984,-14.115260151104652],[126.66040192634071,-14.112380161759821],[126.6453330480375,-14.185111142441581],[126.57547394241637,-14.228691133555479],[126.56341288232329,-14.167382133268042],[126.4991629953817,-14.130272163774487],[126.48627211436576,-13.995002162984008],[126.42704308759926,-13.997062173724874],[126.38533388051835,-14.047142134595413],[126.34160396287268,-14.045362105136718],[126.30105677637944,-14.141303106326587],[126.353735944074,-14.184973175956566],[126.25745899009922,-14.237903167566829],[126.23333789057864,-14.176404107455957],[126.19792797252993,-14.176724137928682],[126.1895550514625,-14.068185137285385],[126.19853383010236,-14.006135166733042],[126.08705407490521,-13.92082613765847],[126.06536478705908,-13.988207178428777],[125.9930868721691,-14.068197110004164],[126.03449696031137,-14.09519611960469],[126.10119596637361,-14.074836128533653],[126.1517467843368,-14.125325138193045],[126.1573080647888,-14.178514138487536],[126.12779887719435,-14.233034179267802],[126.0574599214121,-14.255655130396349],[126.08813985079819,-14.330225170487582],[126.00349302655819,-14.400326162158617],[126.04634205521704,-14.472206192053159],[126.04296197636016,-14.536816132547992],[126.00124196897774,-14.553886153253636],[125.97044181024935,-14.52237616347419],[125.90190288484628,-14.569146194788082],[125.92817313451769,-14.645316174932335],[125.85684308809589,-14.613446165756008],[125.83129282894845,-14.575036155870292],[125.83588281788214,-14.523696195447652],[125.79460415930811,-14.466406155670764],[125.68851502572524,-14.493412197480314],[125.65930279652069,-14.441659127579609],[125.67439295433437,-14.360183116782576],[125.7241118207539,-14.310531205669559],[125.62008084527167,-14.23444214677085],[125.58142292877926,-14.315832197947152],[125.62009303825297,-14.413350168002296],[125.5948228805237,-14.464188118753432],[125.60686416069785,-14.51512514891206],[125.49673512695028,-14.516531200696841],[125.46545506928291,-14.548947141432887],[125.45579593072121,-14.600057151942691],[125.34451593617345,-14.550707183470578],[125.26550603136452,-14.589478185092954],[125.27900713150284,-14.639208145198898],[125.15079819138505,-14.775089158376012],[125.18894809936165,-14.78473913776505],[125.19871812977024,-14.837049207949223],[125.3050480944046,-14.881478156404786],[125.3067480050828,-14.924378196668377],[125.25717816838433,-14.946458777673282],[125.28314787774242,-14.994639127552881],[125.36349802322047,-15.00576814625894],[125.38594800237581,-15.032538206063984],[125.3827281945317,-15.143138126872822],[125.31512917875737,-15.154649218095104],[125.26002904109913,-15.103619128694554],[125.22499885317939,-15.10386915930527],[125.1632491477303,-15.15134919071444],[125.12251908903069,-15.092199211038087],[125.05901909155904,-15.028260161749808],[124.98589010760082,-15.116730153691012],[124.89309113305737,-15.114300145409246],[124.8417111769887,-15.157931156680549],[124.88240090660845,-15.259621186593947],[124.87615096790165,-15.305291137020836],[124.92009112627555,-15.356451186538404],[125.02638109876288,-15.300300184189837],[125.07498003613729,-15.315830133411064],[125.09085998592946,-15.354970143389778],[125.06163085974754,-15.461500174639545],[125.02550199237187,-15.483320225444789],[124.95257101490282,-15.386291216133502],[124.85407216015425,-15.350991167748669],[124.79524204259522,-15.2966811985096],[124.70179215738692,-15.257001200064227],[124.65997207158466,-15.337082201430839],[124.6831531813358,-15.39184217133981],[124.65843305465286,-15.477992232408956],[124.62295289732559,-15.501902163276998],[124.55386315155154,-15.502122224671469],[124.51721299306139,-15.468613155194141],[124.47665393573686,-15.477883156090172],[124.42916419047678,-15.561013187631861],[124.44563489182812,-15.667854168003894],[124.41207500387617,-15.666594168694536],[124.39242512649551,-15.729374209525455],[124.40929505844463,-15.863834210069935],[124.4771752341756,-15.863444158659169],[124.47930497539635,-15.92506417902701],[124.50997519484416,-15.988304208820358],[124.60180400537831,-15.817883165820326],[124.66755404040421,-15.777062134236456],[124.69941401848467,-15.78027216362976],[124.71194416888802,-15.836962173764451],[124.65608406275528,-15.854373144982146],[124.60553394685363,-15.897743156280413],[124.58713506046054,-16.011724187412568],[124.58904525252306,-16.113344168053683],[124.52865524745475,-16.162575169603198],[124.44957515159648,-16.120545170945014],[124.42591519435439,-16.17649520180847],[124.3830759582447,-16.227256183040552],[124.40787598716936,-16.25065619267783],[124.39704606966943,-16.33106623343887],[124.43061570811727,-16.359256502927707],[124.57096494833999,-16.329275689859386],[124.67343464213447,-16.350375197959544],[124.70336468125781,-16.401305387712572],[124.45143563787158,-16.409296572829877],[124.38749600061583,-16.345606203735233],[124.3238962864025,-16.418297215557587],[124.23332709234238,-16.419307187501357],[124.2071871734644,-16.394157237900387],[124.17632723355865,-16.312267228029665],[124.12445697616823,-16.280418198957552],[124.0211780422988,-16.25760816110906],[123.93370918891526,-16.297029243355162],[123.98038896711806,-16.3474292326241],[123.83051015628463,-16.324429205920637],[123.7501902301582,-16.27169919746177],[123.78959905661553,-16.232219256271975],[123.77056803628409,-16.170579246314666],[123.67004919221733,-16.1504402285771],[123.57380931900047,-16.173930211065013],[123.59774930955624,-16.254170171007125],[123.56435031286195,-16.29796021210945],[123.59611024132839,-16.31801922146562],[123.6599400070795,-16.313809209893094],[123.71680131486849,-16.371588228911097],[123.63890127007052,-16.376599250812173],[123.67199208941324,-16.43474617039683],[123.54594099675953,-16.40067019323327],[123.51292104953215,-16.424000174198724],[123.60903208405067,-16.45468719204701],[123.64303226377584,-16.530026211717995],[123.56922218827508,-16.516289233419634],[123.5010810419665,-16.48652020489996],[123.47125108539673,-16.541641255999497],[123.61469126625407,-16.553528252556948],[123.51646024507149,-16.641752205534303],[123.6349790986069,-16.695673192996544],[123.71759797538643,-16.784854181601958],[123.77151913447493,-16.89141418102512],[123.79729911325848,-16.912174210556334],[123.94570730158688,-16.845532176692867],[123.95151697173473,-16.867502166705048],[123.82639896246042,-16.95873320018228],[123.79645815563495,-17.00399321117729],[123.82961201666134,-17.13463521125938],[123.807273289066,-17.169145192005214],[123.76113208016909,-17.087735242554075],[123.70361202294634,-17.04265521362054],[123.66004230584053,-17.039635184641398],[123.64407125584862,-16.99801521475325],[123.58355309088998,-17.033246176446355],[123.58762433217639,-17.09282725673577],[123.62512516229339,-17.195717246498873],[123.59473720863326,-17.357437248285976],[123.57385720034516,-17.36717822885594],[123.58082717301228,-17.486897199464675],[123.54544819505458,-17.47012725021692],[123.45928830788857,-17.350599231561606],[123.39273724158953,-17.316239222999144],[123.38735707014148,-17.249299192700278],[123.3445872807277,-17.162718213217687],[123.29061101291933,-17.10770723423427],[123.27818524177215,-17.035530214084517],[123.235544372873,-16.970725244761166],[123.1482630973692,-16.920194216703607],[123.15789237353432,-16.807362205721013],[123.1106322460398,-16.783903256810635],[123.09345235504072,-16.708433206775887],[123.05062314738932,-16.6907742177987],[123.03262313730767,-16.646265187991062],[122.99461327905198,-16.61935526883602],[122.96991332900558,-16.561406259126976],[122.97634327723371,-16.514936278652858],[123.01095334315356,-16.4523661973164],[123.02209207990742,-16.364876226450793],[122.94621307592584,-16.4019972487374],[122.89981304008604,-16.440617240250383],[122.90578436101622,-16.48567719037851],[122.84388522695671,-16.54910820248533],[122.78003636205207,-16.578739264443985],[122.74180725772744,-16.683389196184013],[122.77569622703237,-16.735459245573594],[122.73738718076667,-16.774469196893236],[122.62390904908102,-16.797802250245578],[122.57750938164583,-16.78009222145748],[122.5377790658977,-16.83127224292735],[122.56947022599475,-16.903253262476632],[122.55170136896062,-16.960133253350815],[122.48552110273178,-16.93726328511712],[122.36354235302048,-17.00085520909665],[122.34460308567039,-17.043395229928013],[122.3039832289927,-17.060536281244275],[122.25624433394489,-17.112716213003477],[122.27887429347503,-17.14612629253782],[122.22638415839364,-17.18643729436907],[122.20248517197398,-17.245567295465005],[122.17321538458934,-17.26357826646539],[122.15002635922168,-17.355358277750867],[122.14517824633215,-17.5603392291938],[122.1751583257776,-17.607769228583198],[122.19965811657191,-17.68480921832904],[122.19882886954152,-17.7734002689133],[122.21214020119801,-17.852929399013927],[122.21078036577187,-17.989210959914015],[122.2472601019375,-17.952930718590427],[122.37260642416638,-17.993699295129343],[122.38096744602713,-18.070650285370043],[122.36255345922669,-18.12832022627532],[122.31911944361104,-18.16544225779131],[122.21462225255331,-18.2040222911508],[122.13760135146698,-18.301542244089887],[122.06352234776935,-18.325802286502988],[122.01742438337972,-18.390513288326684],[121.90839225393933,-18.46145326216045],[121.8393925084847,-18.44371327422169],[121.7923034233579,-18.482484285956907],[121.76476341788846,-18.552814257272132],[121.79401451921163,-18.653554306966125],[121.7393542749663,-18.699415248994914],[121.66945342096956,-18.71899430136498],[121.62188520956046,-18.857815253765626],[121.53658753226019,-19.027597287600454],[121.5111484966455,-19.093858258845312],[121.34190027865917,-19.331239295937188],[121.21014139418055,-19.466288261230666],[121.0712825590849,-19.566206266626335],[120.96150849044297,-19.631968280867234],[120.82113943390017,-19.68683436618586],[120.63101233260626,-19.770031343573972],[120.56800330836907,-19.786202295987174],[120.3229844519964,-19.87572232568838],[120.19594551397334,-19.91389430076782],[120.12950537934955,-19.912955343327262],[119.97277556300772,-19.932986919570983],[119.84057731539805,-19.968869045030008],[119.74508766309387,-19.966430378852056],[119.74260763539797,-20.0129303192254],[119.67223772204802,-20.032331342191544],[119.57461856205236,-20.07572257643691],[119.46982282766936,-20.011242480390138],[119.17362921935816,-19.95768949257173],[119.168109621448,-19.99189941300654],[119.09660897578132,-19.96054962589836],[119.05348901233768,-20.023209738124958],[118.99539959764775,-20.034540350713716],[118.94280113729138,-20.143281423637628],[118.89651176231415,-20.167742475808996],[118.82152362415938,-20.281524379770797],[118.7516137902518,-20.287185382908252],[118.67677481846131,-20.326645446480732],[118.61462839258203,-20.305842289159028],[118.53191461931175,-20.302907062890643],[118.50922512308064,-20.33964751413312],[118.41877547064884,-20.340268468277092],[118.35183560715154,-20.35807938146469],[118.29777579132163,-20.35161950393454],[118.16610738406936,-20.38517986028061],[118.17297682168548,-20.350929439764254],[117.9859785538858,-20.47408185932072],[117.93925792821072,-20.48160253160002],[117.92739781240421,-20.540714442500654],[117.87373806787127,-20.5581846751814],[117.85999969152302,-20.60397543610068],[117.76947087258021,-20.666066430836775],[117.64690132446154,-20.69297720698415],[117.63074095420761,-20.663757487617325],[117.5270010658121,-20.713957473028614],[117.38282104014404,-20.750698790440136],[117.18337188318615,-20.682798950183248],[117.16518980014035,-20.60348148067824],[117.11365162748793,-20.6551796836082],[117.08499175877199,-20.635599504977083],[116.98863782824105,-20.658287480089896],[116.94684226436969,-20.70235259250656],[116.89601283993105,-20.72354344527807],[116.82795268474088,-20.707324258762984],[116.79340185509145,-20.66408450034925],[116.82237482757151,-20.578779498356585],[116.80814682587139,-20.53005449884112],[116.74408083781587,-20.63993050282714],[116.59021419689006,-20.74040606157711],[116.52591901310393,-20.752847485102013],[116.46345000262376,-20.82167749884901],[116.36007077273258,-20.842718524584196],[116.29086006080756,-20.8776798385605],[116.20315998566582,-20.835550563164766],[116.18811199523786,-20.967882514703952],[116.13887189108375,-20.993603527569398],[115.98939243689136,-21.040095796160557],[115.91816232550191,-21.078737450374046],[115.87957242183153,-21.125408382801417],[115.85031325864419,-21.191848114809584],[115.80298404619572,-21.245039527777934],[115.67930600147905,-21.314140285208218],[115.65363591378365,-21.31508058668783],[115.54898498964022,-21.4167616132599],[115.49275693915699,-21.485752556883337],[115.40328906153874,-21.553015852452486],[115.30713705263165,-21.591466558297686],[115.23443719891519,-21.589137632579856],[115.1098058028699,-21.631838010213013],[115.05520619099218,-21.679598893726318],[114.96929578831296,-21.674949678868927],[114.91475566421485,-21.690140362242634],[114.84210600492543,-21.751091576963386],[114.76947601448849,-21.79507260161713],[114.72270626891499,-21.79854264449867],[114.64361606954996,-21.848913669617893],[114.64010715470725,-21.91732473018094],[114.61237814199701,-21.984876672234087],[114.5535480403166,-22.02705859608791],[114.51758908952048,-22.110241628739395],[114.4796602261494,-22.154583651322447],[114.48723065873361,-22.200194571080274],[114.43584030813945,-22.265611614613405],[114.40983034480047,-22.324833686536127],[114.38112018874828,-22.48087324911397],[114.31882016509458,-22.488793623065277],[114.30907999207275,-22.434953643409948],[114.26197995683663,-22.440612966408505],[114.2186202349895,-22.497175129432314],[114.14886016296002,-22.51764582396223],[114.122169102239,-22.47435466544733],[114.12308881761801,-22.412862935083776],[114.18237798705887,-22.343508840966887],[114.12642802001982,-22.31391137437966],[114.1330173555644,-22.261570673699552],[114.08476672479252,-22.191261996429937],[114.08027595261316,-22.156151686542593],[114.14076387148353,-21.943028961618666],[114.14888354516445,-21.866638220719576],[114.19102391759273,-21.814567247777582],[114.16025485829464,-21.786527469594514],[114.07875916772353,-21.815948614944855],[113.99509456958957,-21.875449760611414],[113.9336061323519,-21.97321155506172],[113.86689744163286,-22.151053860259854],[113.83291880397785,-22.27457528307499],[113.7956797232833,-22.353016345883375],[113.74939025171501,-22.408407739173995],[113.74505069540795,-22.451987869671218],[113.69711193633617,-22.537738893226766],[113.6540223038035,-22.583379706275913],[113.68661311735785,-22.66993047456063],[113.67092338118678,-22.700980745740697],[113.74057420752641,-22.738530711366238],[113.77143426817574,-22.785250699581752],[113.8174352932356,-22.909281667195412],[113.82943625130493,-23.030894717010174],[113.81250543684826,-23.08275570836206],[113.7702153043439,-23.12827672133369],[113.76385616882355,-23.179107711994973],[113.79195741409788,-23.28376870067509],[113.77973937953205,-23.470581702375483],[113.75534037614084,-23.52592269423095],[113.70193044502848,-23.57381773794592],[113.61322319810866,-23.630894664032226],[113.56728650203115,-23.752215747636356],[113.53300661708103,-23.77368599999945],[113.51853748300869,-23.831366711230825],[113.47019878311278,-23.899337874753115],[113.47091977830209,-23.966438595025274],[113.41943238309365,-24.089190079024547],[113.44335338798265,-24.181680587875956],[113.39116558680831,-24.2269117615569],[113.40545647068427,-24.294141760924937],[113.39953845056966,-24.41139268187274],[113.40696872558279,-24.48416295172265],[113.48994939435875,-24.575943336658856],[113.61728237388192,-24.73633066903963],[113.64415387118189,-24.86474132788812],[113.67781449240296,-24.924971725974316],[113.66599537131434,-25.0226927372071],[113.69771638300404,-25.086582745440193],[113.73990732176074,-25.12735373288835],[113.80146730758382,-25.156962739037688],[113.83689744799426,-25.210213667000094],[113.860949392118,-25.29582373585385],[113.89134961209076,-25.336993704091835],[113.90541047650851,-25.41300472354745],[113.98630031886637,-25.554945699037102],[113.9901994711603,-25.58990663895323],[114.04518950135218,-25.668990645822262],[114.1195654678638,-25.728171661382795],[114.12015443997578,-25.756373701478868],[114.23335538681141,-25.87565663490681],[114.24505751450111,-25.992537654725254],[114.20915762145681,-26.031598647164436],[114.23928855129779,-26.0726886754658],[114.25384946604824,-26.155358634942722],[114.19118933399173,-26.168319718939046],[114.20404058847515,-26.24478165849037],[114.23799036771621,-26.2838916965424],[114.217281406201,-26.363762728217406],[114.16636264393348,-26.39000268154332],[114.08618237903119,-26.46835372697443],[114.05387238881119,-26.419203648793392],[113.97527249196608,-26.347333683459972],[113.95813146553316,-26.24117365405918],[113.9338905041711,-26.18961373536857],[113.9470596589529,-26.141752734302504],[113.90756943107702,-26.11324269669805],[113.89386857576088,-26.02645174717143],[113.91443752013048,-25.983551725651257],[113.86563739311046,-25.95335167864349],[113.88003847079203,-26.07103270826782],[113.7899905815283,-26.207394684703626],[113.7253105084668,-26.204485708876742],[113.70766939606209,-26.149825739768136],[113.69993441855782,-26.044948739783678],[113.73433745228586,-26.013644667404616],[113.7316486074888,-25.949512737280408],[113.76186734856277,-25.878581754991025],[113.72446733155324,-25.86480167735156],[113.72193677615122,-25.79317516718161],[113.67283646982794,-25.772261700277383],[113.59784562214064,-25.699181714833774],[113.58516460783315,-25.62798072533247],[113.53776450276648,-25.625751698432637],[113.4988423590396,-25.52684071053349],[113.43199361416487,-25.6257117454071],[113.4144854140366,-25.724723707024953],[113.47870654179515,-25.783323693052612],[113.46280641577218,-25.811263744231084],[113.51292737360323,-25.85210368111737],[113.51762754851345,-25.919564711120724],[113.55911866612992,-25.946384708520018],[113.58306045547009,-26.095505717641654],[113.61355967229593,-26.097845705657704],[113.682589631126,-26.178515671531198],[113.69757069291465,-26.221685700757305],[113.80190046398164,-26.254955724155618],[113.88357151170304,-26.340995719298967],[113.88522464429947,-26.50246669994266],[113.78762756345637,-26.60503971669784],[113.71256653210742,-26.607249751564726],[113.66595768039076,-26.64478073476475],[113.63512657134173,-26.61337073662794],[113.6381635120916,-26.502839675921756],[113.57708448919438,-26.505849719924562],[113.5607235474928,-26.46209974079474],[113.55482173923916,-26.35179871067422],[113.49882264428855,-26.337059684283652],[113.44832145980268,-26.21253873703904],[113.44419045651806,-26.166407717099574],[113.38693067813637,-26.10851774062137],[113.38288141611112,-26.2010187613147],[113.31853141634734,-26.239109725762983],[113.27804149715855,-26.194279738255666],[113.19726072441743,-26.17396971356593],[113.27753247539555,-26.29400072874554],[113.29964260691048,-26.34242171749294],[113.2962035019518,-26.399161777981043],[113.35094474044386,-26.455381704597578],[113.50352568417738,-26.588581685128023],[113.58436767177055,-26.671412730207766],[113.73670670019821,-26.866463701192107],[113.83387251133614,-27.019334725625352],[114.01716157431122,-27.322501695305224],[114.10306158830284,-27.499377690678994],[114.16115959748511,-27.701649697947076],[114.12626461698156,-27.76893070045011],[114.10510360592643,-27.849478702151245],[114.14089964019118,-27.956670700385406],[114.16963360762409,-28.093216699201616],[114.2394916166082,-28.186632685253066],[114.32119161015015,-28.23031767036369],[114.4004106183426,-28.329630685909812],[114.43457812940794,-28.396170834105362],[114.49089557645505,-28.44646271087155],[114.55595766528444,-28.53362563728535],[114.60199062676044,-28.62516967489549],[114.61985811254705,-28.727489434274712],[114.60572363797017,-28.774260675347293],[114.6326356421844,-28.87091466415075],[114.68693363019291,-28.932431671139415],[114.8323527923108,-29.06637723299759],[114.87200734118329,-29.11654231085543],[114.91875387552682,-29.249384738674443],[114.91444625824349,-29.277402119058102],[114.9585827594065,-29.365337446836033],[114.9587592722835,-29.40284390699592],[114.99610458404524,-29.48769622516973],[114.95925128287814,-29.66935133817349],[114.95923366057919,-29.76835163862115],[114.98085275371007,-29.84480266768583],[114.98237068938421,-29.920218957935376],[114.9628081561696,-29.97430449933575],[114.95927470249644,-30.049300669881273],[114.98375511155926,-30.078587338564407],[115.0062307848902,-30.15922948759846],[114.99895357091094,-30.223893658317138],[115.03711175813329,-30.25318361619918],[115.05640370517507,-30.50401264618399],[115.13153764667523,-30.652550702443882],[115.18828080926954,-30.784272619722227],[115.25099696765247,-30.873138866478275],[115.32548992730598,-30.999877032741452],[115.38084998881837,-31.117640240084608],[115.4405273428675,-31.276668717377348],[115.55041036918767,-31.42735702180317],[115.57953781035702,-31.49556258045945],[115.63680988793213,-31.568681647558183],[115.68579361754419,-31.653695635187507],[115.73210186035904,-31.776179603141937],[115.7552478666932,-31.90209491240813],[115.7502886967967,-32.024795603223986],[115.73790761086018,-32.05463059404429],[115.7751421353311,-32.182572542534636],[115.71351811865937,-32.36954090677998],[115.74597066697025,-32.408665945143106],[115.7463333320897,-32.47554448541388],[115.72325480261851,-32.567866927098926],[115.77650387684906,-32.59401966425282],[115.76741374080734,-32.62791912490416],[115.68470847492424,-32.65336444961847],[115.72726105658128,-32.75489422768476],[115.69272045266624,-32.7675987696642],[115.64210322805114,-32.61338854182882],[115.60825799719406,-32.66670553395724],[115.63353392687421,-32.837346923273486],[115.65285768856236,-32.89521421244004],[115.68877585094326,-33.12055346139872],[115.67963360529032,-33.2849789826095],[115.62287257828984,-33.34106812602039],[115.57405135461367,-33.45324183923408],[115.44168804612927,-33.59507734730456],[115.38675091752931,-33.632410630583614],[115.30928549109896,-33.653950635097964],[115.20839866627225,-33.65140098088686],[115.12313828697616,-33.62378598570667],[115.08888854760332,-33.568597747468715],[115.00430097723762,-33.53015066224775],[115.02827907227878,-33.634138661275045],[114.97497455614706,-33.70271428467904],[115.00009499997284,-33.79400913358259],[114.9830548698663,-33.88054899493595],[115.00080281853367,-34.01578969445031],[114.99205808713289,-34.10155663531219],[115.03935595821298,-34.20123370295466],[115.02595714499756,-34.25676865396244],[115.1120068380751,-34.33394761926885],[115.26257445224358,-34.3067797704708],[115.36973194678686,-34.32256812441016],[115.54320200723444,-34.41569687497933],[115.59140821079404,-34.4296622423323],[115.6701404826346,-34.48178254815109],[115.80021983054915,-34.58653266137813],[115.95381196748394,-34.72781255354726],[115.96012890915797,-34.76137060334195],[116.02753889443336,-34.83718060999601],[116.1343576279098,-34.844466974267604],[116.27229519897126,-34.884852097069796],[116.47857652503534,-35.00396984670093],[116.5328579663133,-35.00442507387391],[116.65850153957817,-35.05096564756789],[116.77646086780886,-35.01523654137538],[116.88496918271596,-35.047879676005444],[116.96660393737282,-35.01911496177333],[117.14671973096073,-35.056231202959275],[117.20530301862077,-35.017029219904096],[117.323740611384,-35.04377514422188],[117.36916586870215,-34.96947358169685],[117.4803893882225,-35.07500115678001],[117.52440141101849,-35.07411539466646],[117.60660454063671,-35.11618928092836],[117.6757347243765,-35.044316277345764],[117.75167333255682,-35.05145529380338],[117.89238314439828,-35.11965194754185],[117.90906170927002,-35.08437747661757],[117.85395383628072,-35.05609857904915],[117.91847490312765,-35.01685051588972],[118.05033642161686,-35.01486937982592],[118.10210283128656,-34.98600649734271],[118.16870780116282,-34.99599460436985],[118.17937459557784,-34.93806377363485],[118.33076521837583,-34.89665188667129],[118.39077715941733,-34.907941474059335],[118.39579112442779,-34.843738683554186],[118.4245595755084,-34.77769642199169],[118.4761134345393,-34.73614339953933],[118.55545251981654,-34.70515016593256],[118.64574478443495,-34.69102879195373],[118.77747716814925,-34.608456555931596],[118.73954805206121,-34.57403963739723],[118.80627488757453,-34.51237726427312],[118.90266235155276,-34.50162719014525],[118.9084181883761,-34.46482261973645],[118.98449190542956,-34.45099057648319],[119.06909386244412,-34.458794982998924],[119.18045493633805,-34.48586421853536],[119.25810273590884,-34.51865653551787],[119.28472246788866,-34.454807594146516],[119.39109030899785,-34.42127707970714],[119.41370340266478,-34.37423215858606],[119.5076059468944,-34.35923196478128],[119.50373220341044,-34.28800100460622],[119.58155463340067,-34.15286588091043],[119.63929080108288,-34.09571412838277],[119.78135012494468,-34.02699295255517],[119.85049563096483,-33.96991681963763],[119.94562637643084,-33.97629502605428],[119.989496697454,-33.93729694421718],[120.04407002816336,-33.92311932210459],[120.11306301854071,-33.944748389638555],[120.23078129948283,-33.9323864052446],[120.43105608013951,-33.97063004818543],[120.46728699425482,-33.96652058687414],[120.60149198917347,-33.8858721217519],[120.80718398720168,-33.8889493646536],[120.86872702599297,-33.856219422402376],[121.0087280848443,-33.87083917777025],[121.19998896372496,-33.84414326135024],[121.2689270932588,-33.85047138915165],[121.31823193421314,-33.821117347426366],[121.53161291113636,-33.825715340720144],[121.66215390332043,-33.88397037698531],[121.74240192051684,-33.87819432452138],[121.7859640349986,-33.908225353358574],[121.88735185803252,-33.882635160213304],[121.90261210413777,-33.847084939586985],[121.98817177998306,-33.8283249969853],[122.03079161401948,-33.844965045829646],[122.08539166787392,-33.90278483454165],[122.11899210578764,-33.9800153539618],[122.11358273816941,-34.017185774300344],[122.24944173628228,-34.00458515039309],[122.28780132801805,-33.94900424904539],[122.35920079545147,-33.91473367689655],[122.5575800151885,-33.93660293162327],[122.60030960710002,-33.90039260030435],[122.73490899568507,-33.89189195672895],[122.7674688100574,-33.87774169581469],[122.8306186213416,-33.90973171435368],[122.90575827881273,-33.889231122342295],[123.06603727282675,-33.864739948228404],[123.12666711448139,-33.89765996691458],[123.16107705076189,-33.94592049632605],[123.16673751232138,-34.016401186546645],[123.29250667106531,-33.974030153332926],[123.35830549820012,-33.89907925140896],[123.41230519955475,-33.893818940129805],[123.54676507979707,-33.934978527276044],[123.59005418126684,-33.88112736603022],[123.74426326480848,-33.807927092262105],[123.7569433601949,-33.72305540154995],[123.81024284010222,-33.66475537010182],[123.87246148949221,-33.63383466861797],[123.98019955027188,-33.54969254592705],[123.99894984366718,-33.423651374882354],[124.08166952569336,-33.241990992238286],[124.10119829082223,-33.176140171496435],[124.16929625772241,-33.07990849962184],[124.23558484598088,-33.019837157991674],[124.35442313634535,-32.96005524536775],[124.45827207998681,-32.935563793270475],[124.74863964517859,-32.89859005781653],[124.90022755063495,-32.82854764483805],[124.92805678563771,-32.79414702418542],[125.02619508938822,-32.72884530221098],[125.10242440765342,-32.7153843109066],[125.23982225540863,-32.638952058333665],[125.36831066523426,-32.59225015613339],[125.4191802675525,-32.587739525357854],[125.55693858598757,-32.535997513095985],[125.61513136644372,-32.49025987203295],[125.8012346465487,-32.36671098885109],[125.95101938308787,-32.29052863652231],[126.03706137003637,-32.268577285348165],[126.07427088468654,-32.27654618494743],[126.20314846500108,-32.23226300320389],[126.40042468667762,-32.28007032131892],[126.67279768690084,-32.30835679878046],[126.77258758197938,-32.292327507781344],[126.94565138652794,-32.29828391633998],[127.05722161991872,-32.28380499537493],[127.21338038682892,-32.27637353418613],[127.32596900005915,-32.25651224331091],[127.48190660677578,-32.21652011211609],[127.70571410333709,-32.13668809045162],[127.9030549342245,-32.10090686935849],[128.05415035195026,-32.06467543858198],[128.28060806862322,-31.99074410748459],[128.64234363577646,-31.850920866051563],[128.80336172243685,-31.757959735408697],[128.9632289594225,-31.69412710504529],[129.04988878698086,-31.675105794985612],[129.43279409209447,-31.637201735378895],[129.527792668526,-31.62267041554255],[129.83295350487415,-31.60833287652274],[129.9383631499033,-31.588611746864725],[130.12041235387494,-31.586400057759214],[130.2750714818598,-31.57364848856464],[130.48881260112756,-31.593030240070995],[130.56793159988547,-31.585719260590153],[130.79137058770706,-31.60698725245668],[130.84611936998274,-31.597746242858396],[131.02640627496703,-31.537612544088898],[131.12957530122344,-31.464350294615475],[131.2447844344607,-31.492263255932098],[131.4802045795074,-31.587970259039558],[131.68301449900878,-31.68143823197726],[131.80279547075244,-31.74485629384687],[132.00101540984414,-31.87708898724635],[132.07300544868238,-31.917726738477505],[132.17641737176325,-32.018299010546436],[132.27114606772892,-32.032385781999515],[132.43730743442546,-31.993347874245902],[132.47799229952759,-31.946496254581884],[132.59521203283916,-31.934313876352206],[132.66632530204848,-31.95708094764275],[132.74489961086456,-31.949054828887036],[132.84779725493348,-31.993800100901485],[132.9031184659205,-32.03571096211493],[133.05460326223573,-32.10469171521962],[133.13600952872432,-32.17073987711011],[133.17899524243185,-32.17170942790806],[133.25777964003962,-32.20645510959728],[133.33534402941274,-32.18022753090824],[133.40832864827797,-32.19853459243438],[133.39844639134387,-32.1381274118632],[133.4751745611955,-32.10083774313375],[133.53540039063836,-32.16613860474275],[133.58382482427044,-32.14162314556381],[133.6006972034176,-32.08447878554632],[133.6717558724522,-32.10735732714427],[133.68299227837724,-32.19290976791472],[133.75312858783906,-32.203750479442995],[133.7736127831173,-32.263264730247904],[133.82569605625494,-32.23780935119033],[133.90199684270874,-32.31820337333271],[133.9469379333009,-32.41156371489557],[133.86749036471517,-32.42043552323187],[133.84741748506474,-32.50788045335],[133.92085321460598,-32.49534015485399],[133.99083304399448,-32.50482123644299],[134.04161946791362,-32.45919344727939],[134.1185437867569,-32.453810008967324],[134.1831334463476,-32.482255940611616],[134.25017441427676,-32.550410352580485],[134.2943149841284,-32.661941284306344],[134.2642412463863,-32.72990290403364],[134.1990757954601,-32.749297852653],[134.14516830442972,-32.71964785123835],[134.0603307769626,-32.722484619347185],[134.11988931612598,-32.78493960107484],[134.1318321120691,-32.85662377179274],[134.07159240931304,-32.91284220078751],[134.1615190554464,-32.924860042892576],[134.20188694813677,-32.96376939405786],[134.19022658821575,-33.01564998411396],[134.23728255997418,-33.051260615418016],[134.26678126266833,-33.13849775664438],[134.31736314340927,-33.18706983812714],[134.44990648477383,-33.144598191008406],[134.55827157780885,-33.16143396374075],[134.60117918202278,-33.14123642466878],[134.69967572602383,-33.17270583731488],[134.75979800208628,-33.30765841967323],[134.80164334497002,-33.328459100867356],[134.84328418489912,-33.430704972571355],[134.86318444754204,-33.54817068381463],[134.84516913721563,-33.63232591387279],[135.0261049751232,-33.7439313292916],[135.12898396566408,-33.83586632261198],[135.25208957082174,-33.981227156863525],[135.2810935626743,-34.07218308822507],[135.24114952592822,-34.147746027591275],[135.29225900681078,-34.175053949168564],[135.34418977515844,-34.261421871143824],[135.36543086686558,-34.38297233248507],[135.40223829551033,-34.51759139434468],[135.44558010780938,-34.53692877568812],[135.4474635336416,-34.63019252631242],[135.36080433791832,-34.61998428380744],[135.31414442915712,-34.52698424193702],[135.21607328606976,-34.494787049034585],[135.17323463407908,-34.46475451768203],[135.12993227846883,-34.52807401689533],[135.173735080418,-34.55498850824704],[135.2285186221337,-34.54362027967418],[135.32356759430576,-34.60932995270262],[135.34530132790866,-34.68080634374515],[135.40887471693145,-34.6999092056466],[135.474348224587,-34.744094387772556],[135.50176424849641,-34.784269338800414],[135.60451007794026,-34.87865312233833],[135.61921738297428,-34.93906902313404],[135.68433242215585,-34.94568190507963],[135.7124567011045,-34.86525033541774],[135.76337503326874,-34.856692686873735],[135.84705586871158,-34.880882789524144],[135.86361762433137,-34.91934790025796],[135.9288244225013,-34.948283472410274],[135.94141950878654,-34.985585433021726],[136.00306975921876,-34.97649303485416],[135.9600034919747,-34.848035392748216],[135.99413204742868,-34.82701182366493],[135.92994155039383,-34.768053531341394],[135.89705921405314,-34.804460900566184],[135.78601368166179,-34.81014740726333],[135.85361521500502,-34.714730068704384],[135.86050984739876,-34.63547297842544],[135.957636847476,-34.51016534059946],[136.0168944081547,-34.50802515240268],[136.06206753225135,-34.479824103623145],[136.11020740294,-34.51658710534612],[136.13107478749595,-34.34368219492699],[136.1878490389413,-34.33482606665313],[136.2598315506316,-34.268881668520876],[136.32354426462996,-34.18236183001575],[136.36314366368865,-34.06933536058213],[136.44774678351172,-34.00501412291975],[136.57705349641822,-33.94163536676837],[136.5936855158697,-33.89907435705186],[136.69119690237844,-33.86572655009729],[136.79963662866302,-33.80331656337054],[136.8572259200259,-33.798373015307035],[136.99027099312838,-33.72615362944872],[137.06974134230046,-33.698729862057306],[137.1678967276639,-33.690425825478336],[137.20949967265983,-33.66355152679186],[137.27665138726113,-33.56869349859828],[137.3254802754586,-33.45941118966441],[137.36054283121422,-33.438548180804304],[137.38421889078975,-33.37748926127542],[137.38317075512842,-33.2967705107185],[137.43852318086715,-33.21815258223809],[137.44227184373102,-33.15216370195013],[137.53490767281156,-33.09546842500364],[137.59573567689236,-33.03514342687819],[137.61170238771606,-32.97433240708095],[137.6610503816106,-32.9509453687812],[137.72111634058243,-32.99030905130512],[137.78994347434383,-32.91571342343793],[137.81073047466055,-32.85242742382017],[137.79698549046083,-32.78213643283624],[137.81026051035366,-32.747572413118],[137.75156852273543,-32.67741042042191],[137.80370949879247,-32.60770842195275],[137.86705350652002,-32.66332643474619],[137.86002847615094,-32.68938042464643],[137.94234248042147,-32.75620842826372],[137.90312149506863,-32.77714243688159],[137.9123292695689,-32.85347269773606],[137.96554599275285,-33.01685915086602],[138.01879120379058,-33.0356075330667],[138.04805145387644,-33.13582347486597],[137.9768992739929,-33.14539848214374],[137.83842745137792,-33.20699546718522],[137.81721734025288,-33.286396426885176],[137.88259335641797,-33.35927042987019],[137.87061937617023,-33.39680744965058],[137.90916530804847,-33.43845648140841],[137.96480268208154,-33.57430459444437],[137.8790299939044,-33.59676862126249],[137.73650826795694,-33.738005796708876],[137.72662461782062,-33.768366886527566],[137.6010294112472,-33.87743039248778],[137.62926062554223,-33.90242446370577],[137.53087046545602,-34.001139430657474],[137.56740385750652,-34.043597332287234],[137.515860600623,-34.134816430947474],[137.44937655075472,-34.13919537851784],[137.49991155819347,-34.22649042093582],[137.498572333464,-34.31839239146605],[137.47209541338194,-34.39734445098385],[137.48653250662454,-34.48052343204037],[137.4756172962689,-34.519110401878955],[137.50686745788704,-34.58253043343374],[137.45708231916288,-34.889575423509164],[137.37540335882318,-34.95371338090735],[137.2764865179402,-34.89388640694003],[137.15807246582673,-34.91569045282518],[137.01256049899646,-34.92046636771317],[136.9708775318432,-34.995614406721174],[136.93290655645782,-35.02521638558335],[136.96005232878315,-35.08903142692021],[136.88992543528357,-35.184150435073946],[136.84648854205534,-35.18995841361388],[136.82966937173128,-35.250113423405814],[136.85068252668123,-35.28186038432155],[136.94402944142217,-35.28213938754972],[137.0013965151219,-35.2231934291889],[137.1440843008176,-35.24336641435025],[137.1881483043246,-35.23045544584379],[137.21117031308228,-35.18340643637901],[137.25981348648216,-35.15901840797912],[137.33412360393112,-35.16805342072836],[137.35227443282844,-35.13394639117909],[137.4243514531082,-35.097863423596],[137.5548244709084,-35.117441388552194],[137.63750528468643,-35.168187441967945],[137.75911647801152,-35.11434143624794],[137.72688355690028,-35.04912941461378],[137.75727220486598,-34.99824944545552],[137.80007043480026,-34.87753244634036],[137.85835950133688,-34.773930467934754],[137.87681741437598,-34.668396477985745],[137.90738539252416,-34.61543741883664],[137.8761254884411,-34.59849742751963],[137.8854815716874,-34.51482947735467],[137.91598254162378,-34.43079143800639],[138.00710321193915,-34.349018421043134],[138.02126492338576,-34.28466125119065],[138.00151024778907,-34.26159243026982],[138.046031486004,-34.17077947144057],[138.0896375614078,-34.13234047291555],[138.15903217618802,-34.20912044615749],[138.1588863925593,-34.27235742655374],[138.2223605004435,-34.309990479329436],[138.2252298067354,-34.36589446979944],[138.2637163043739,-34.473689192029866],[138.33204889085377,-34.52022887508716],[138.36431677231812,-34.57813503676512],[138.40616208444467,-34.599143548605426],[138.43057353644122,-34.668140610041114],[138.52560326713666,-34.73780345439649],[138.55076826009275,-34.78770546575475],[138.48890919806328,-34.81883005339097],[138.47606718781407,-34.8567524631003],[138.51729939082216,-35.027206435874085],[138.4674394131112,-35.121269474404826],[138.46993709550372,-35.23914346524423],[138.44364738781502,-35.27112145436193],[138.4403612934616,-35.351048484724714],[138.34126015707554,-35.39285042093356],[138.2901502306116,-35.47245047935405],[138.12347132264838,-35.561004443215985],[138.09553714350642,-35.623857462494435],[138.1648561798459,-35.66115643548288],[138.26553630442848,-35.64143940940416],[138.52573523157037,-35.64119544004871],[138.6315291602657,-35.543830463855116],[138.7114991890737,-35.51341443703049],[138.8885321869529,-35.56215753487722],[139.03191649865096,-35.63555137154074],[139.21196424113788,-35.7545455301981],[139.33051690509254,-35.850544476082824],[139.48394706944396,-35.999674483940744],[139.59080189268036,-36.128586519626346],[139.7093300598611,-36.312449516240186],[139.7875220155043,-36.46891551085043],[139.86117372723808,-36.6870920256478],[139.85048385913987,-36.82348851597686],[139.8187959112985,-36.868510554760604],[139.6703251303185,-36.958729728380746],[139.74243090314502,-37.02413253213059],[139.74453296910787,-37.07470858253491],[139.7822498010265,-37.095979524426916],[139.79396380531372,-37.146361545280435],[139.75753002813443,-37.19437149386496],[139.79593589674238,-37.25864355605051],[139.88942784186077,-37.37449651115116],[139.98052079903002,-37.46645654602978],[140.0595069638425,-37.48398249991443],[140.12887498724268,-37.542051603603966],[140.1134378173968,-37.575704583060606],[140.18493992121492,-37.6224885468015],[140.26705985996935,-37.70985958132575],[140.3771895957172,-37.89823253786168],[140.45448766895214,-37.936116601915984],[140.51701281351484,-37.989946615351926],[140.6620107119639,-38.059981553056524],[140.7675486533386,-38.056799618397356],[140.84244160121315,-38.041334542136774],[140.99081053317278,-38.05978563990672],[141.128374263848,-38.116236727427946],[141.2277824314416,-38.170635192993515],[141.35744612926993,-38.27458426051161],[141.40672859221084,-38.36932784371587],[141.4610260530429,-38.36208308659392],[141.55752838035554,-38.42234136217425],[141.57865855956075,-38.387930623118244],[141.64997867629623,-38.392416817035496],[141.5992261717253,-38.3210607138398],[141.66381510412128,-38.27546396709541],[141.7420209320569,-38.25309606125623],[141.88489778524928,-38.26627951924638],[142.01448461743027,-38.316878266798085],[142.14818726675648,-38.389680694786165],[142.2328933112762,-38.392241469624956],[142.2615346786784,-38.36457289109701],[142.37221127020237,-38.34940463736626],[142.47359528709978,-38.401699073550496],[142.5633250090522,-38.42199106890371],[142.7779538669155,-38.56296196239758],[142.8610984377654,-38.60561723760462],[143.02168136671528,-38.626232707373205],[143.12298603340182,-38.676780763815295],[143.2202752974612,-38.76027169025077],[143.3569042932627,-38.75433674861868],[143.46551914789993,-38.81012271568747],[143.51134605472296,-38.857679708827945],[143.5556570069441,-38.85492472158182],[143.61603691206872,-38.79549575501453],[143.6615200251318,-38.78273077780134],[143.68537722568718,-38.73534675902266],[143.84206794319198,-38.679065718628635],[143.97308413134135,-38.56634974634131],[143.9797340737039,-38.53226277656326],[144.03650350943457,-38.47576184988086],[144.10488408789982,-38.469134804265984],[144.13164902662655,-38.435711775800726],[144.25157619022536,-38.3883977933339],[144.32923033306537,-38.32554580804668],[144.43569197888073,-38.2812909648022],[144.49989915652128,-38.29047655911767],[144.5492608396684,-38.27283079229602],[144.61424918608495,-38.29212968675553],[144.66616002575577,-38.210048779733924],[144.71061961923021,-38.19782675264856],[144.71967508322405,-38.14610379294128],[144.63182289285814,-38.107326816800935],[144.56459117995186,-38.151583772576764],[144.48066772337276,-38.164476887069945],[144.43270005446647,-38.13969082373852],[144.3561230681062,-38.138388788674085],[144.39794896756302,-38.0738032110371],[144.48743688135292,-38.078266676990964],[144.59249438076208,-38.00456736353752],[144.6501833509285,-38.0020050273844],[144.74404393124607,-37.93925275331132],[144.79919648338546,-37.92283328693666],[144.80847781635134,-37.88031880730234],[144.9003189544678,-37.84235183330407],[144.96379091197628,-37.85575031771737],[144.98553197051513,-37.926224649640524],[145.03068746527774,-37.99349771315111],[145.09061501244855,-38.014938977403936],[145.12237024941203,-38.08276496001169],[145.1213457639964,-38.133381590252725],[144.97500792841453,-38.32695683138474],[144.8369540681058,-38.37039080224338],[144.774552770371,-38.35945679795028],[144.92440372859235,-38.49738252896746],[145.0256847225214,-38.47966080578989],[145.05019100368014,-38.43000880717024],[145.12994101393386,-38.39043924242288],[145.20358912925116,-38.40500166760897],[145.2182374928148,-38.350010918288916],[145.19442449950637,-38.327829026501185],[145.2550518689135,-38.237419880156565],[145.31061325798498,-38.24762038409055],[145.34417427580397,-38.21443578623108],[145.48827781801026,-38.23613784648372],[145.55245680322966,-38.35455284174553],[145.51886990241715,-38.413696869733016],[145.43287379593983,-38.42869587376447],[145.4236938153108,-38.53646586377783],[145.4932339298076,-38.563850898841],[145.56467480669755,-38.65417788444209],[145.6566605576365,-38.67696787111483],[145.73077116775838,-38.648121766228485],[145.7933296719678,-38.68781645095271],[145.87146917725323,-38.77943013713154],[145.91887681370153,-38.906863101327836],[146.00642537152308,-38.87689759749133],[146.0089816570782,-38.826288977369735],[146.06319994909222,-38.81175955122702],[146.18420764050356,-38.869495600427285],[146.2338548956859,-38.918594744373515],[146.2739206291145,-38.99610312779495],[146.3424783090044,-39.059934243246964],[146.32468499807317,-39.093960102136165],[146.3679533253723,-39.133945085581566],[146.420922516785,-39.1258401794651],[146.4451362256604,-39.01766981061188],[146.43668286190052,-38.97905941974858],[146.4873128217208,-38.906133873077984],[146.46809976914778,-38.87349393144669],[146.47889677626452,-38.79925848179936],[146.43835911598174,-38.77885598865526],[146.41701146128582,-38.848909347494676],[146.29192320699067,-38.90426792856607],[146.265591833648,-38.80529486602185],[146.18561790536066,-38.743428179763434],[146.26749309741848,-38.687896955445915],[146.35113812432877,-38.67297212153431],[146.40683137845156,-38.722364035966564],[146.44385054518696,-38.69490831855119],[146.67064249857418,-38.66469894534986],[146.6928634732821,-38.67569199709249],[146.7857546504231,-38.64630396393715],[146.8155766793999,-38.61177698598787],[146.93197151076973,-38.59600297475643],[147.06725357195384,-38.47510599438435],[147.46716480174408,-38.159134723516694],[147.62856672818214,-38.04570731553866],[147.78839280218796,-37.955234257680914],[147.95001175224033,-37.89467798025666],[148.1791836512474,-37.83162246841118],[148.36620831302383,-37.80393548353276],[148.62603982835017,-37.80812412504383],[148.80873840026527,-37.78640423017507],[149.12423138813796,-37.777273806798995],[149.2516177160195,-37.78178133771381],[149.49476896685192,-37.76845310858821],[149.5469816235021,-37.728974112868165],[149.67472102801514,-37.68583210372482],[149.7392860212374,-37.584500598728184],[149.82237180292157,-37.544529725768584],[149.90661418912615,-37.54285219318385],[149.97399012413342,-37.49830323885751],[149.97525515119932,-37.4461302186343],[149.94983615535327,-37.374656225923786],[149.9721671580743,-37.328510237603325],[149.94294117927524,-37.282511224719585],[150.02096514534432,-37.218269241218195],[150.00516017838666,-37.142876229327676],[149.94951218288125,-37.10392622414542],[149.87224020727726,-37.09123022723817],[149.93940217349387,-37.03888821282904],[149.937854185668,-36.9521502221282],[149.90452688440692,-36.927964859025955],[149.94550824813263,-36.85218022215366],[149.94211123472647,-36.80802522156495],[149.97917924467384,-36.764598224562135],[149.98320724265776,-36.70146122450577],[150.06592425038878,-36.54761623083831],[150.0567632709977,-36.480601239582796],[150.08453528349926,-36.42973623171764],[150.06666624053355,-36.3989822299251],[150.13134625149814,-36.316380235139235],[150.1468782496915,-36.23808823600646],[150.13173728656778,-36.205092234437025],[150.13256530307066,-36.082388243695945],[150.1608182879674,-36.01341924575793],[150.15024833613327,-35.89112623399848],[150.23673632671515,-35.78697523103488],[150.19854534178575,-35.719079237161296],[150.26212931166083,-35.72111825286938],[150.29938431586697,-35.647201245716786],[150.3916493164661,-35.537429243282645],[150.39111835577987,-35.46898231277291],[150.48679135505847,-35.365887260722545],[150.47966134640058,-35.2898182595614],[150.54148434298497,-35.245483274865286],[150.53951236717842,-35.21660125449008],[150.64596734817988,-35.163908273817285],[150.7236533148406,-35.17570928099402],[150.67271536158233,-35.03485027537821],[150.74091235713593,-34.991944291320436],[150.77518534050452,-35.0029502945362],[150.77356433233456,-35.06502228481145],[150.83299833202838,-35.075086290337026],[150.8211333219988,-35.01483228883507],[150.78472337129372,-34.986561295299],[150.78095223909304,-34.93310831458743],[150.75147236924673,-34.89057328159395],[150.7623413775206,-34.81718428208667],[150.8284343741485,-34.7692652878234],[150.860343370274,-34.68878028020454],[150.8562453109272,-34.614219899313795],[150.87023631818417,-34.54494546012353],[150.8153702220213,-34.50202026478173],[150.90000539456295,-34.46493330231298],[150.9255034301192,-34.32122530366894],[150.9932894127543,-34.2279693092853],[151.12206041596016,-34.13959531061972],[151.17176640592962,-34.08649030487937],[151.16522043300407,-34.04094530395098],[151.12541953220435,-34.01512226006336],[151.16803842485194,-33.94976130357592],[151.24943143658487,-33.998655311519514],[151.26565441956328,-33.959293332762236],[151.260978419618,-33.81524531131439],[151.28807678853866,-33.79452744370655],[151.30169545509816,-33.73128232453827],[151.2965804656134,-33.658317323545],[151.21847348219833,-33.54203727541589],[151.14858847236928,-33.5397453388808],[151.15350813871353,-33.486728758964546],[151.30190958844233,-33.556870363328926],[151.40612743756986,-33.528348322919186],[151.4439379044045,-33.43781361584164],[151.48940946691656,-33.371621349664835],[151.43889536811687,-33.34075129467803],[151.4411543620553,-33.30895529466532],[151.51866341768306,-33.26090736164433],[151.57427839869095,-33.19572936644769],[151.63478145314699,-33.174516342040455],[151.61745246546752,-33.100606379866875],[151.52793056002258,-33.15913338179677],[151.51344342923588,-33.10520636004182],[151.58231757438887,-33.07023931631534],[151.5841325141135,-32.995621335954404],[151.67549947486484,-33.04537236499265],[151.7287104521887,-33.010737349816964],[151.72693647681058,-32.978154359414624],[151.7832493119565,-32.88235211410754],[151.95134047835717,-32.812914379739674],[152.0617304472146,-32.78421439018714],[152.11496046887189,-32.792358395400065],[152.17507041591827,-32.75404140095831],[152.1618514737547,-32.70959139935405],[152.09107846082688,-32.72816339262424],[151.97819846915039,-32.70587537155743],[151.97269438625545,-32.65868842068699],[152.04652106406112,-32.67499121793018],[152.18623844411974,-32.68261540152926],[152.214419477795,-32.62756239387331],[152.28289843289386,-32.595730420317295],[152.36431161381213,-32.508697007646234],[152.5150221413688,-32.45211586203694],[152.5449614630187,-32.337876864158616],[152.52679184333877,-32.280031841946986],[152.57086972630015,-32.215584215825224],[152.50619820179287,-32.164651499078396],[152.5480135187152,-32.073258842532084],[152.543807884316,-32.03613075184614],[152.63593406799768,-31.92030103009912],[152.74709595376194,-31.845020570572064],[152.74490851108084,-31.793419439975768],[152.80475150276723,-31.724145365421055],[152.85230754892342,-31.560558448957494],[152.93502998986867,-31.47577584660035],[152.92205939342614,-31.388360904655197],[152.97299777648936,-31.318185539237632],[152.96035637804292,-31.24497252742711],[152.98490190719187,-31.154686279217156],[153.06474256045323,-31.056606486508162],[153.03756057949764,-31.01506547346481],[153.08508657566645,-30.925660487578796],[153.07648857168823,-30.88911247643999],[153.01146861421054,-30.856396479658486],[152.99188061811114,-30.696926476498103],[153.03171663975914,-30.49900446901071],[153.07845762670163,-30.40449546299943],[153.1404942014111,-30.312947518560595],[153.13832990840237,-30.262722587962656],[153.20197510503047,-30.15571254358188],[153.21183165014574,-30.108629614222068],[153.19764257117058,-30.038938862258163],[153.2717740783162,-29.91901385885345],[153.26995069668473,-29.85797648820392],[153.2944225981654,-29.825067060435728],[153.29206258801344,-29.753336349649228],[153.3339799935571,-29.67453856330475],[153.33865843772193,-29.564014712934977],[153.35982788987803,-29.529120644820683],[153.37439658916307,-29.371137395091438],[153.34026869985823,-29.320401681229857],[153.3510341639971,-29.279678672011354],[153.44833772985393,-29.150429260930153],[153.4394012313884,-29.071043459405576],[153.46400445548514,-29.018701361512996],[153.60504579291785,-28.84093152458095],[153.59687780313257,-28.7707425231979],[153.62986983545179,-28.649336515643306],[153.57081583926583,-28.59494350915767],[153.55382784832523,-28.46441250639933],[153.57812885874333,-28.36432850810952],[153.58574088181965,-28.258044508059424],[153.56994989092954,-28.201720515998968],[153.47782990103525,-28.125378495972328],[153.45036700948367,-28.083593112840315],[153.42937752591635,-27.974532509842962],[153.41030774053513,-27.9549436077451],[153.4017540133697,-27.862760926148805],[153.37107679272523,-27.81604890265804],[153.42487994157813,-27.77960209785083],[153.3912719645622,-27.70700057385429],[153.32285505296537,-27.69917443683541],[153.30819700173282,-27.564889474287273],[153.2606838333539,-27.513812829065746],[153.259944607369,-27.48291892874654],[153.1971310352186,-27.47412246232155],[153.15635040358242,-27.363680637329537],[153.08256303526983,-27.333445449656033],[153.06407203352876,-27.283535447400876],[153.11782317434375,-27.23176324239942],[153.02949808034634,-27.178948453097743],[153.06366011486932,-27.114151036014803],[153.1440796112095,-27.075837523806847],[153.07269416700464,-27.00982609609322],[153.0431412280676,-26.946213082616605],[153.10887509862906,-26.88681345875375],[153.13705595984453,-26.77378542069067],[153.1375700715763,-26.67951446998878],[153.10901514562707,-26.670699457041454],[153.0927061546039,-26.531826424287686],[153.11670700098708,-26.380213435487093],[153.06859051815272,-26.361958960499045],[153.06764059024098,-26.265063229624495],[153.09653013105992,-26.153898431634858],[153.14930935320388,-26.012658465811835],[153.16419537949724,-25.949635426804022],[153.08970130346353,-25.89654846887018],[153.0370703803995,-25.964205424128078],[153.00673136914352,-25.917646450707966],[153.0318233714411,-25.878516412908752],[153.01645022964172,-25.824073430925807],[152.9708512278018,-25.794363426115638],[152.93631125742223,-25.743579422248466]]],[[[142.19639247679825,-10.594180476422407],[142.11093243600817,-10.6635804723166],[142.12133135222786,-10.724141483409275],[142.1778711575092,-10.770860476923675],[142.27362142810327,-10.697999451595932],[142.19639247679825,-10.594180476422407]]],[[[144.0491712367439,-40.06780842012951],[144.10302281899132,-40.04541179348963],[144.13559769610225,-39.92457217490451],[144.10581176783765,-39.86867718264347],[144.1279137988098,-39.821761243805724],[144.10419924812956,-39.777187322005],[144.10897495899658,-39.66915146168285],[144.05165504442465,-39.62560332771289],[143.95803292618152,-39.58579463144131],[143.9268175113181,-39.59218110947363],[143.92711823376612,-39.66202750990221],[143.84926844311116,-39.71080268520372],[143.86526047050467,-39.80035209674803],[143.8352829051978,-39.90224778542633],[143.88903490603988,-39.98563477934622],[143.88971689849592,-40.054080789786354],[143.85828792354997,-40.06249578782437],[143.90035886779592,-40.13397477092991],[144.02822984823865,-40.090442788906614],[144.0491712367439,-40.06780842012951]]]]},"properties":{"AUS_CODE21":"AUS","AUS_NAME21":"Australia","CHG_FLAG21":"0","CHG_LBL21":"No change","AREASQKM21":7688094.9379,"LOCI_URI21":"http://linked.data.gov.au/dataset/asgsed3/AUS/AUS"}},
{"type":"Feature","geometry":null,"properties":{"AUS_CODE21":"ZZZ","AUS_NAME21":"Outside Australia","CHG_FLAG21":"1","CHG_LBL21":"New","AREASQKM21":null,"LOCI_URI21":"http://linked.data.gov.au/dataset/asgsed3/AUS/ZZZ"}}
]}