{"type":"FeatureCollection","features":[{"type":"Feature","properties":{"source":"https://simplemaps.com","id":"BIRY","name":"Ruyigi"},"geometry":{"type":"Polygon","coordinates":[[[29.000877,-2.790627],[29.001376,-2.791272],[29.0014,-2.791846],[29.001352,-2.793566],[29.001257,-2.794212],[29.001091,-2.794809],[29.001115,-2.79567],[29.000996,-2.80021],[29.001257,-2.800927],[29.00159,-2.801692],[29.001828,-2.802266],[29.001828,-2.802481],[29.002065,-2.802959],[29.002446,-2.803317],[29.002588,-2.803843],[29.002446,-2.804632],[29.002446,-2.805516],[29.002422,-2.806257],[29.002303,-2.806783],[29.002184,-2.807524],[29.002184,-2.808623],[29.002208,-2.809364],[29.002255,-2.810631],[29.002755,-2.811252],[29.003372,-2.811825],[29.003848,-2.812256],[29.004086,-2.812829],[29.004513,-2.813188],[29.004917,-2.814239],[29.005131,-2.814646],[29.005464,-2.815267],[29.005726,-2.815625],[29.006011,-2.816055],[29.006367,-2.816438],[29.007128,-2.817251],[29.008055,-2.817633],[29.008411,-2.817872],[29.009053,-2.818254],[29.009814,-2.818708],[29.01036,-2.81933],[29.011263,-2.819951],[29.012072,-2.820429],[29.012642,-2.820549],[29.01326,-2.820787],[29.013973,-2.821074],[29.014947,-2.821122],[29.015922,-2.821361],[29.017087,-2.821528],[29.018275,-2.821481],[29.019249,-2.821074],[29.019939,-2.820716],[29.020313,-2.820923],[29.020414,-2.820979],[29.02047,-2.820982],[29.020842,-2.821003],[29.021175,-2.821242],[29.021389,-2.821409],[29.022078,-2.821409],[29.022629,-2.821562],[29.022678,-2.821576],[29.022767,-2.8216],[29.023195,-2.821672],[29.023361,-2.821983],[29.023623,-2.822604],[29.023746,-2.822796],[29.023943,-2.822858],[29.024217,-2.822652],[29.024692,-2.822604],[29.025073,-2.822604],[29.025405,-2.822986],[29.025691,-2.823512],[29.025881,-2.824086],[29.02619,-2.824588],[29.026641,-2.825424],[29.026927,-2.825687],[29.027354,-2.825997],[29.027854,-2.826308],[29.028543,-2.826284],[29.029422,-2.826213],[29.030658,-2.826093],[29.031616,-2.826053],[29.031799,-2.826045],[29.032916,-2.825854],[29.033391,-2.825352],[29.033432,-2.825277],[29.033986,-2.824253],[29.03496,-2.824253],[29.035578,-2.824396],[29.036267,-2.824396],[29.03679,-2.824516],[29.037194,-2.824468],[29.037741,-2.82442],[29.038383,-2.824301],[29.039167,-2.824038],[29.039833,-2.823488],[29.040474,-2.82301],[29.041187,-2.822867],[29.0419,-2.822437],[29.042851,-2.821887],[29.043731,-2.820859],[29.044848,-2.819999],[29.045917,-2.819306],[29.046297,-2.819306],[29.046915,-2.819354],[29.04751,-2.819425],[29.04787,-2.8195],[29.047941,-2.819515],[29.048318,-2.819593],[29.048888,-2.819712],[29.049482,-2.819903],[29.049738,-2.820046],[29.04991,-2.820142],[29.050504,-2.820381],[29.050634,-2.820477],[29.050861,-2.820644],[29.051146,-2.821194],[29.051146,-2.822102],[29.051146,-2.82305],[29.05187,-2.824507],[29.051858,-2.824669],[29.051924,-2.824726],[29.051924,-2.824893],[29.051853,-2.825275],[29.051924,-2.825897],[29.051924,-2.825997],[29.052232,-2.826556],[29.053638,-2.827652],[29.053706,-2.827665],[29.054111,-2.827832],[29.05442,-2.828048],[29.054752,-2.828167],[29.055085,-2.828335],[29.055179,-2.828401],[29.055357,-2.828469],[29.055794,-2.828713],[29.055964,-2.828764],[29.056345,-2.82886],[29.056749,-2.829147],[29.056925,-2.829345],[29.057153,-2.829601],[29.057509,-2.830007],[29.057778,-2.830412],[29.057842,-2.830509],[29.05769,-2.830611],[29.057349,-2.831383],[29.057425,-2.831637],[29.057506,-2.831855],[29.057557,-2.831991],[29.058032,-2.832445],[29.058317,-2.832684],[29.058555,-2.832923],[29.058698,-2.833162],[29.058912,-2.833544],[29.059149,-2.833927],[29.059553,-2.834237],[29.060076,-2.834572],[29.060409,-2.835791],[29.060647,-2.836388],[29.060718,-2.83701],[29.061146,-2.837703],[29.061526,-2.838563],[29.061716,-2.838826],[29.061716,-2.83897],[29.061716,-2.839184],[29.061764,-2.839543],[29.061764,-2.839845],[29.061765,-2.839861],[29.061835,-2.840212],[29.061835,-2.840594],[29.061645,-2.840857],[29.061502,-2.841048],[29.06149,-2.841083],[29.0614,-2.841388],[29.06136,-2.841789],[29.061259,-2.84197],[29.061096,-2.84279],[29.061866,-2.843518],[29.062134,-2.843979],[29.062144,-2.843988],[29.062358,-2.844179],[29.062501,-2.84449],[29.06281,-2.844848],[29.063119,-2.845135],[29.06357,-2.845565],[29.064259,-2.845876],[29.06445,-2.845852],[29.064664,-2.845685],[29.065353,-2.845111],[29.065686,-2.845063],[29.066185,-2.845063],[29.066404,-2.845155],[29.06647,-2.845183],[29.066904,-2.845383],[29.06704,-2.845446],[29.067092,-2.845538],[29.067444,-2.846163],[29.067872,-2.84688],[29.068181,-2.847525],[29.068419,-2.848074],[29.068609,-2.848457],[29.06887,-2.84915],[29.069179,-2.849628],[29.069179,-2.849915],[29.069179,-2.850178],[29.069179,-2.850272],[29.069179,-2.850392],[29.069132,-2.850679],[29.068704,-2.85087],[29.068466,-2.851014],[29.068252,-2.851229],[29.067848,-2.851396],[29.067682,-2.851468],[29.06704,-2.851683],[29.066803,-2.851826],[29.066534,-2.852],[29.066322,-2.85244],[29.066303,-2.852543],[29.066232,-2.852878],[29.066232,-2.853141],[29.066232,-2.853499],[29.066232,-2.854001],[29.066232,-2.854288],[29.066275,-2.854379],[29.066918,-2.855051],[29.067159,-2.855172],[29.067611,-2.85534],[29.067848,-2.855411],[29.068157,-2.855578],[29.068372,-2.855687],[29.068395,-2.855698],[29.06868,-2.855793],[29.069156,-2.855937],[29.069465,-2.856128],[29.069869,-2.856534],[29.070106,-2.857108],[29.07051,-2.857896],[29.07051,-2.8585],[29.07051,-2.858781],[29.07051,-2.859139],[29.069631,-2.859259],[29.069037,-2.859617],[29.068585,-2.860024],[29.068435,-2.860258],[29.068386,-2.860367],[29.068748,-2.861324],[29.06911,-2.862735],[29.069835,-2.864284],[29.070483,-2.86454],[29.070938,-2.86454],[29.071295,-2.864636],[29.071628,-2.864564],[29.071913,-2.864349],[29.072245,-2.86411],[29.072554,-2.863895],[29.072982,-2.863584],[29.07322,-2.863513],[29.073743,-2.863489],[29.074028,-2.863513],[29.074694,-2.863441],[29.075193,-2.863489],[29.07576,-2.863802],[29.07593,-2.863895],[29.076013,-2.864013],[29.076215,-2.864301],[29.076224,-2.864368],[29.076582,-2.864967],[29.077565,-2.867504],[29.077926,-2.867504],[29.078092,-2.867479],[29.078401,-2.86736],[29.078758,-2.86736],[29.078948,-2.867432],[29.079067,-2.867504],[29.079423,-2.867671],[29.07959,-2.867838],[29.079827,-2.867982],[29.080327,-2.868244],[29.080612,-2.868388],[29.081111,-2.868459],[29.081563,-2.868603],[29.08164,-2.868634],[29.082332,-2.868792],[29.084053,-2.869612],[29.085638,-2.872298],[29.086155,-2.873003],[29.086387,-2.873024],[29.086768,-2.873143],[29.087291,-2.873143],[29.087932,-2.872952],[29.088408,-2.87257],[29.088574,-2.872044],[29.088812,-2.871542],[29.089192,-2.870825],[29.09,-2.870825],[29.090421,-2.871114],[29.090523,-2.871184],[29.090638,-2.871299],[29.090832,-2.871494],[29.09085,-2.871554],[29.090951,-2.871877],[29.091046,-2.872331],[29.091379,-2.873072],[29.09145,-2.873741],[29.091664,-2.87429],[29.091616,-2.874434],[29.091925,-2.874744],[29.092306,-2.875055],[29.092591,-2.875342],[29.092852,-2.875605],[29.093161,-2.876107],[29.093161,-2.876341],[29.093161,-2.876537],[29.093114,-2.87711],[29.092722,-2.877401],[29.092883,-2.878172],[29.093698,-2.878719],[29.093744,-2.879766],[29.093744,-2.880677],[29.094468,-2.881542],[29.094559,-2.882316],[29.094445,-2.882472],[29.094445,-2.882822],[29.094112,-2.88318],[29.093898,-2.88373],[29.093518,-2.884256],[29.092567,-2.885331],[29.092496,-2.885833],[29.092211,-2.886406],[29.09183,-2.886956],[29.091307,-2.887386],[29.091052,-2.887736],[29.091042,-2.887758],[29.090856,-2.88839],[29.090856,-2.888987],[29.090666,-2.889537],[29.090216,-2.890037],[29.090184,-2.890136],[29.090166,-2.890196],[29.090024,-2.89066],[29.090119,-2.891736],[29.09019,-2.892285],[29.090499,-2.892787],[29.09054,-2.893466],[29.090547,-2.893576],[29.090427,-2.894097],[29.090337,-2.894165],[29.090121,-2.895614],[29.09,-2.895924],[29.09,-2.896133],[29.089715,-2.896778],[29.089691,-2.89728],[29.089477,-2.897734],[29.089385,-2.898057],[29.089335,-2.898236],[29.089335,-2.898977],[29.089358,-2.899478],[29.089477,-2.899932],[29.089579,-2.900409],[29.08962,-2.900602],[29.089667,-2.901151],[29.090119,-2.901629],[29.090263,-2.902853],[29.091208,-2.906816],[29.091978,-2.907408],[29.092282,-2.908365],[29.092401,-2.908464],[29.092686,-2.909252],[29.092829,-2.909515],[29.092971,-2.910112],[29.092971,-2.910121],[29.094106,-2.91219],[29.095555,-2.914057],[29.096189,-2.917199],[29.096732,-2.918656],[29.096671,-2.919044],[29.096679,-2.91905],[29.097178,-2.9196],[29.097796,-2.919695],[29.098271,-2.919623],[29.098414,-2.919791],[29.098675,-2.919958],[29.098866,-2.920173],[29.099127,-2.920699],[29.099341,-2.920579],[29.099864,-2.920484],[29.099934,-2.920581],[29.100054,-2.920747],[29.100458,-2.921177],[29.10049,-2.921234],[29.100672,-2.921559],[29.100647,-2.921866],[29.101034,-2.922937],[29.101758,-2.923984],[29.102837,-2.92449],[29.10312,-2.924498],[29.103572,-2.924642],[29.104011,-2.924943],[29.104238,-2.925024],[29.104665,-2.925096],[29.105402,-2.924809],[29.105782,-2.923925],[29.106804,-2.922467],[29.107612,-2.92218],[29.108373,-2.92218],[29.108919,-2.922228],[29.109371,-2.922372],[29.109606,-2.92245],[29.110361,-2.922663],[29.11261,-2.92549],[29.112816,-2.925654],[29.114934,-2.926306],[29.115133,-2.926461],[29.115266,-2.926506],[29.115305,-2.926595],[29.116745,-2.927718],[29.117717,-2.928073],[29.117809,-2.928083],[29.118189,-2.928083],[29.118569,-2.928274],[29.11895,-2.928465],[29.119041,-2.928687],[29.119372,-2.928948],[29.11996,-2.929312],[29.120821,-2.929631],[29.122621,-2.930898],[29.123061,-2.93095],[29.123679,-2.930879],[29.124179,-2.930783],[29.124701,-2.930712],[29.125391,-2.930472],[29.126223,-2.930305],[29.126983,-2.929994],[29.12753,-2.929947],[29.127981,-2.93009],[29.128267,-2.930111],[29.128881,-2.93004],[29.129288,-2.930587],[29.129922,-2.931452],[29.131054,-2.932317],[29.131462,-2.933137],[29.131914,-2.934458],[29.132548,-2.936006],[29.133093,-2.936406],[29.133163,-2.936423],[29.133256,-2.936526],[29.133718,-2.936865],[29.133781,-2.936901],[29.134042,-2.936901],[29.134327,-2.936877],[29.134541,-2.936685],[29.134779,-2.936638],[29.13504,-2.936924],[29.135085,-2.936973],[29.135175,-2.936962],[29.136261,-2.938146],[29.137439,-2.938465],[29.138752,-2.939193],[29.14002,-2.939967],[29.140382,-2.940514],[29.140563,-2.942062],[29.142193,-2.945705],[29.142844,-2.946668],[29.143074,-2.946841],[29.143176,-2.946899],[29.14808,-2.948164],[29.148856,-2.948544],[29.149539,-2.948682],[29.150822,-2.948562],[29.15144,-2.947773],[29.151797,-2.947104],[29.152058,-2.946817],[29.152629,-2.946698],[29.152866,-2.946626],[29.153342,-2.946626],[29.153746,-2.946746],[29.153936,-2.946841],[29.154055,-2.947057],[29.154174,-2.947463],[29.154571,-2.948128],[29.155415,-2.94862],[29.157,-2.949212],[29.158766,-2.950624],[29.159536,-2.951845],[29.160092,-2.952146],[29.160306,-2.952433],[29.160542,-2.953319],[29.160668,-2.953493],[29.160985,-2.955041],[29.161664,-2.956817],[29.164109,-2.958593],[29.165531,-2.959457],[29.166034,-2.959626],[29.166557,-2.959769],[29.167175,-2.959721],[29.167817,-2.959674],[29.168221,-2.959674],[29.168482,-2.959817],[29.168268,-2.960319],[29.168007,-2.960725],[29.167806,-2.961027],[29.167664,-2.96131],[29.167579,-2.961537],[29.167389,-2.961896],[29.166913,-2.963019],[29.166554,-2.963532],[29.166462,-2.963664],[29.166414,-2.964166],[29.166486,-2.964692],[29.166462,-2.966245],[29.166604,-2.966818],[29.166913,-2.96744],[29.167294,-2.968133],[29.167983,-2.968682],[29.168125,-2.968849],[29.168316,-2.968993],[29.168476,-2.969092],[29.168625,-2.969184],[29.169148,-2.969447],[29.169171,-2.969972],[29.169124,-2.970355],[29.168934,-2.970594],[29.168007,-2.970594],[29.16746,-2.970785],[29.16708,-2.971024],[29.166604,-2.971454],[29.1665,-2.971588],[29.166554,-2.971662],[29.167279,-2.973529],[29.167822,-2.974486],[29.169452,-2.976489],[29.169599,-2.977791],[29.169664,-2.978022],[29.169908,-2.978145],[29.170288,-2.978527],[29.170383,-2.979053],[29.170645,-2.979698],[29.17078,-2.980516],[29.171229,-2.981251],[29.171818,-2.982252],[29.171812,-2.982318],[29.171881,-2.982398],[29.172095,-2.983067],[29.172119,-2.983928],[29.171976,-2.984501],[29.171714,-2.985027],[29.170906,-2.985767],[29.16929,-2.98713],[29.169148,-2.987536],[29.168577,-2.988085],[29.168577,-2.988539],[29.168265,-2.988979],[29.168221,-2.989041],[29.167555,-2.99026],[29.167555,-2.990576],[29.167555,-2.990666],[29.167555,-2.991216],[29.167436,-2.99155],[29.167008,-2.992052],[29.166414,-2.992673],[29.166277,-2.993067],[29.167516,-2.994135],[29.168241,-2.996548],[29.169418,-2.997322],[29.170142,-2.997367],[29.170731,-2.997367],[29.170754,-2.997347],[29.171096,-2.996448],[29.171596,-2.995947],[29.172309,-2.995421],[29.173117,-2.994872],[29.173521,-2.994537],[29.17383,-2.994202],[29.17459,-2.993844],[29.175042,-2.993366],[29.175494,-2.993175],[29.175993,-2.992936],[29.176563,-2.992649],[29.177181,-2.992339],[29.177561,-2.9921],[29.177942,-2.992434],[29.177942,-2.993031],[29.177942,-2.993241],[29.1787,-2.994272],[29.180421,-2.995546],[29.180846,-2.995718],[29.181198,-2.995851],[29.18125,-2.995882],[29.181554,-2.996066],[29.182077,-2.996281],[29.182458,-2.996377],[29.182767,-2.996879],[29.183076,-2.997357],[29.183385,-2.997691],[29.183503,-2.997858],[29.183694,-2.998121],[29.183907,-2.99836],[29.184121,-2.998766],[29.184383,-2.999077],[29.184692,-2.999698],[29.185001,-3.000009],[29.185191,-3.000343],[29.185511,-3.000666],[29.185571,-3.000726],[29.185648,-3.001133],[29.185666,-3.001228],[29.185672,-3.001449],[29.18569,-3.002088],[29.185429,-3.002351],[29.185334,-3.002637],[29.185072,-3.003091],[29.184763,-3.003569],[29.184454,-3.003999],[29.184264,-3.004477],[29.184193,-3.004979],[29.184243,-3.005301],[29.184497,-3.005881],[29.184623,-3.006609],[29.184644,-3.006652],[29.185025,-3.00713],[29.18512,-3.008037],[29.185014,-3.008109],[29.185131,-3.008522],[29.185426,-3.009072],[29.185529,-3.009151],[29.186127,-3.009432],[29.187878,-3.009356],[29.187948,-3.009041],[29.188613,-3.008946],[29.189398,-3.008874],[29.190301,-3.008802],[29.191204,-3.008778],[29.192298,-3.008778],[29.193391,-3.008731],[29.194151,-3.009328],[29.194365,-3.00983],[29.194365,-3.010403],[29.194365,-3.010953],[29.194365,-3.011717],[29.194389,-3.012267],[29.194398,-3.012387],[29.194866,-3.013301],[29.194876,-3.013332],[29.195269,-3.013772],[29.195506,-3.014537],[29.195744,-3.014943],[29.196005,-3.015469],[29.196005,-3.01597],[29.196314,-3.016664],[29.196505,-3.017047],[29.196552,-3.017142],[29.19679,-3.017333],[29.197122,-3.017595],[29.197645,-3.017978],[29.197923,-3.018164],[29.198073,-3.018265],[29.199024,-3.019196],[29.199285,-3.019507],[29.199571,-3.019841],[29.200046,-3.020104],[29.200331,-3.020391],[29.20064,-3.020821],[29.201163,-3.021395],[29.201543,-3.021658],[29.201995,-3.021968],[29.202229,-3.02224],[29.203424,-3.022771],[29.204239,-3.022817],[29.204692,-3.022498],[29.204964,-3.021952],[29.205014,-3.021424],[29.205023,-3.021324],[29.204704,-3.021156],[29.204514,-3.020869],[29.204704,-3.020726],[29.204871,-3.020535],[29.205251,-3.020367],[29.205703,-3.020678],[29.206059,-3.020989],[29.206392,-3.021251],[29.207034,-3.02192],[29.207207,-3.022095],[29.207318,-3.022179],[29.208043,-3.022361],[29.208379,-3.022402],[29.208626,-3.022374],[29.208983,-3.02235],[29.209553,-3.022231],[29.210147,-3.022159],[29.211098,-3.022159],[29.212191,-3.021992],[29.212786,-3.021944],[29.213166,-3.021634],[29.213926,-3.021132],[29.21433,-3.021108],[29.214806,-3.021108],[29.215329,-3.02118],[29.215685,-3.021466],[29.216089,-3.021658],[29.216493,-3.021873],[29.216969,-3.022135],[29.217682,-3.022374],[29.218252,-3.022494],[29.219702,-3.022494],[29.220558,-3.022398],[29.221437,-3.021992],[29.222483,-3.021681],[29.223719,-3.020821],[29.224384,-3.020295],[29.225525,-3.020224],[29.226024,-3.020224],[29.226309,-3.020367],[29.226761,-3.020654],[29.22707,-3.020917],[29.227498,-3.021371],[29.227854,-3.021896],[29.227949,-3.022231],[29.228045,-3.023019],[29.228187,-3.02376],[29.228306,-3.024453],[29.228377,-3.025003],[29.228639,-3.0256],[29.228643,-3.025605],[29.229043,-3.026048],[29.229447,-3.026197],[29.229803,-3.026197],[29.230374,-3.02615],[29.231063,-3.026006],[29.231657,-3.025983],[29.231943,-3.025983],[29.232489,-3.025863],[29.233582,-3.025552],[29.234153,-3.025552],[29.234913,-3.025313],[29.235365,-3.025003],[29.236031,-3.025003],[29.236601,-3.025337],[29.236981,-3.02572],[29.236981,-3.02603],[29.236791,-3.026365],[29.236601,-3.026914],[29.236428,-3.027244],[29.236363,-3.027368],[29.236126,-3.028204],[29.236126,-3.028826],[29.236126,-3.02908],[29.236126,-3.029495],[29.235912,-3.029853],[29.234818,-3.030785],[29.23401,-3.031382],[29.233178,-3.031502],[29.232228,-3.031693],[29.232156,-3.032219],[29.232156,-3.032577],[29.23218,-3.033031],[29.232217,-3.033238],[29.233575,-3.034959],[29.233796,-3.035158],[29.234224,-3.035492],[29.234747,-3.035803],[29.236744,-3.035803],[29.237433,-3.035779],[29.237718,-3.035779],[29.23798,-3.035875],[29.238193,-3.035898],[29.238716,-3.035898],[29.239216,-3.035922],[29.239833,-3.035994],[29.240428,-3.03597],[29.240832,-3.03597],[29.241069,-3.036185],[29.241147,-3.036341],[29.241331,-3.036711],[29.241666,-3.036968],[29.24183,-3.037093],[29.241854,-3.03769],[29.241664,-3.038312],[29.241022,-3.038813],[29.240451,-3.039554],[29.240071,-3.039936],[29.239768,-3.040874],[29.240037,-3.041512],[29.240214,-3.041705],[29.240713,-3.041944],[29.241473,-3.042469],[29.241616,-3.042613],[29.241973,-3.042804],[29.242258,-3.043019],[29.242971,-3.043521],[29.24328,-3.043712],[29.244017,-3.043712],[29.244777,-3.043855],[29.245062,-3.044285],[29.245671,-3.044991],[29.24568,-3.045002],[29.246037,-3.045504],[29.246298,-3.045958],[29.246584,-3.046364],[29.246886,-3.046502],[29.247368,-3.046722],[29.247534,-3.046866],[29.247867,-3.047129],[29.248105,-3.04732],[29.248556,-3.04763],[29.249008,-3.047965],[29.249436,-3.048252],[29.24965,-3.048467],[29.249959,-3.048634],[29.250386,-3.048897],[29.250862,-3.049112],[29.250981,-3.049184],[29.251218,-3.049327],[29.251646,-3.049542],[29.251955,-3.049876],[29.252359,-3.050235],[29.252716,-3.050689],[29.253167,-3.051262],[29.253328,-3.051515],[29.253714,-3.052122],[29.25407,-3.052553],[29.254261,-3.052935],[29.254262,-3.052967],[29.254284,-3.053508],[29.254118,-3.053962],[29.254118,-3.05444],[29.2535,-3.05499],[29.253001,-3.055372],[29.252319,-3.055806],[29.252288,-3.055826],[29.252122,-3.056137],[29.252122,-3.05671],[29.252098,-3.05769],[29.252098,-3.058239],[29.252098,-3.058669],[29.25201,-3.058933],[29.252003,-3.058956],[29.251789,-3.059338],[29.251123,-3.059697],[29.25022,-3.06039],[29.249968,-3.06062],[29.249791,-3.061332],[29.250244,-3.062835],[29.250862,-3.063521],[29.250957,-3.063544],[29.251385,-3.063782],[29.251717,-3.064022],[29.252454,-3.064404],[29.252573,-3.064476],[29.253215,-3.064643],[29.253312,-3.064683],[29.2535,-3.064762],[29.254356,-3.064762],[29.254895,-3.064809],[29.254902,-3.06481],[29.255639,-3.06481],[29.256447,-3.065121],[29.256946,-3.065575],[29.257255,-3.066172],[29.257398,-3.066984],[29.257327,-3.067247],[29.257184,-3.067773],[29.256804,-3.068299],[29.25677,-3.068539],[29.256732,-3.0688],[29.256709,-3.069589],[29.256923,-3.07021],[29.257422,-3.070807],[29.257542,-3.071192],[29.257683,-3.071643],[29.258159,-3.072097],[29.258515,-3.072456],[29.258539,-3.073005],[29.258586,-3.0742],[29.258182,-3.074487],[29.257137,-3.074367],[29.256732,-3.074367],[29.256115,-3.074391],[29.25571,-3.074559],[29.255707,-3.074564],[29.25552,-3.074845],[29.255283,-3.075204],[29.255069,-3.075634],[29.255069,-3.076067],[29.255069,-3.076135],[29.255069,-3.076876],[29.255401,-3.077497],[29.255853,-3.077856],[29.256067,-3.078214],[29.256352,-3.078907],[29.256352,-3.079433],[29.256328,-3.080078],[29.255734,-3.080866],[29.255413,-3.081211],[29.255994,-3.082001],[29.258032,-3.083777],[29.258032,-3.084733],[29.257979,-3.085249],[29.25842,-3.085263],[29.259252,-3.085024],[29.259442,-3.085454],[29.25968,-3.086147],[29.259513,-3.086577],[29.258919,-3.087198],[29.257945,-3.087389],[29.257422,-3.087819],[29.25729,-3.087958],[29.257035,-3.088229],[29.25697,-3.088297],[29.255924,-3.088799],[29.255354,-3.089372],[29.255045,-3.08985],[29.254379,-3.089707],[29.25369,-3.089707],[29.25312,-3.089802],[29.252549,-3.089994],[29.252433,-3.090332],[29.252825,-3.091289],[29.253407,-3.09248],[29.253499,-3.092587],[29.254046,-3.09359],[29.254212,-3.094187],[29.254188,-3.095119],[29.254022,-3.095478],[29.253452,-3.095454],[29.252263,-3.095119],[29.250528,-3.095143],[29.248674,-3.095215],[29.248104,-3.09543],[29.247034,-3.095812],[29.246987,-3.096242],[29.246987,-3.096485],[29.247025,-3.096768],[29.247272,-3.097078],[29.247628,-3.097437],[29.24846,-3.097819],[29.249292,-3.098153],[29.249768,-3.098321],[29.250172,-3.098536],[29.251217,-3.099229],[29.251883,-3.099707],[29.252501,-3.100089],[29.252905,-3.100399],[29.253261,-3.100758],[29.253646,-3.101083],[29.253713,-3.10114],[29.25426,-3.101546],[29.254264,-3.101572],[29.254426,-3.102645],[29.254236,-3.10341],[29.253594,-3.103959],[29.252834,-3.103983],[29.252491,-3.104038],[29.25193,-3.104127],[29.251598,-3.104342],[29.251336,-3.104844],[29.250813,-3.105632],[29.250718,-3.106444],[29.250908,-3.106683],[29.250935,-3.106712],[29.251265,-3.107066],[29.251598,-3.107448],[29.251716,-3.10783],[29.251455,-3.108117],[29.251454,-3.108119],[29.25201,-3.108726],[29.253076,-3.109861],[29.253119,-3.109861],[29.25357,-3.110052],[29.25426,-3.110291],[29.254759,-3.110745],[29.255757,-3.111247],[29.256066,-3.111748],[29.25628,-3.112704],[29.256408,-3.113119],[29.2569,-3.113643],[29.257061,-3.113733],[29.257872,-3.113755],[29.25918,-3.113827],[29.260416,-3.113875],[29.260796,-3.114185],[29.260845,-3.114299],[29.261057,-3.114783],[29.261023,-3.114873],[29.260867,-3.115284],[29.260439,-3.115404],[29.259988,-3.115165],[29.25937,-3.115022],[29.258443,-3.115308],[29.256922,-3.116288],[29.256277,-3.116896],[29.2561,-3.117167],[29.255828,-3.117889],[29.254973,-3.119633],[29.254936,-3.119799],[29.25483,-3.120278],[29.254772,-3.122855],[29.254759,-3.123456],[29.253832,-3.124626],[29.252643,-3.125319],[29.251051,-3.125247],[29.250338,-3.124865],[29.249482,-3.124101],[29.248365,-3.123265],[29.247628,-3.123217],[29.247248,-3.123575],[29.247111,-3.123975],[29.247165,-3.124842],[29.247618,-3.126071],[29.2497,-3.128393],[29.249723,-3.128557],[29.249934,-3.129023],[29.249815,-3.129739],[29.24953,-3.130122],[29.249031,-3.130647],[29.24865,-3.130456],[29.247819,-3.129309],[29.246987,-3.128306],[29.245846,-3.128115],[29.24565,-3.128115],[29.245263,-3.128894],[29.245127,-3.130214],[29.244549,-3.131068],[29.244634,-3.131364],[29.244634,-3.1322],[29.244396,-3.132535],[29.24423,-3.134159],[29.244001,-3.13458],[29.243905,-3.13636],[29.244448,-3.137635],[29.244493,-3.138454],[29.244443,-3.13846],[29.244443,-3.138699],[29.244158,-3.139153],[29.243802,-3.139511],[29.243231,-3.139774],[29.242495,-3.139583],[29.241948,-3.138985],[29.240973,-3.138818],[29.240526,-3.139028],[29.240373,-3.139319],[29.240328,-3.140412],[29.241052,-3.141686],[29.240505,-3.14269],[29.240522,-3.143119],[29.240213,-3.143859],[29.240201,-3.143946],[29.240554,-3.145101],[29.240466,-3.145198],[29.240355,-3.145842],[29.240141,-3.146105],[29.239852,-3.146396],[29.23969,-3.146559],[29.239666,-3.146965],[29.23969,-3.147491],[29.23959,-3.148793],[29.239571,-3.149044],[29.238906,-3.149522],[29.238359,-3.149808],[29.237812,-3.149808],[29.237289,-3.150167],[29.237099,-3.15031],[29.236077,-3.150429],[29.235531,-3.150637],[29.23503,-3.151019],[29.234849,-3.151702],[29.234668,-3.153296],[29.234109,-3.154183],[29.234081,-3.15473],[29.233874,-3.155041],[29.233795,-3.15516],[29.233576,-3.156182],[29.233534,-3.156379],[29.233154,-3.157095],[29.231062,-3.158959],[29.23042,-3.159054],[29.228899,-3.159102],[29.228565,-3.159349],[29.228509,-3.159487],[29.228419,-3.160899],[29.228691,-3.162583],[29.229884,-3.163739],[29.229944,-3.16378],[29.230611,-3.164239],[29.231799,-3.164669],[29.232417,-3.16529],[29.232678,-3.165744],[29.232678,-3.167177],[29.232678,-3.167532],[29.232678,-3.168133],[29.23294,-3.168587],[29.232821,-3.16916],[29.23187,-3.169471],[29.231038,-3.169781],[29.230302,-3.170211],[29.230164,-3.170319],[29.229868,-3.170687],[29.229913,-3.172326],[29.229596,-3.172736],[29.229551,-3.173692],[29.229494,-3.173876],[29.229565,-3.174369],[29.229303,-3.174751],[29.228733,-3.175109],[29.228543,-3.175563],[29.228044,-3.175754],[29.227283,-3.176065],[29.225595,-3.17714],[29.22512,-3.177785],[29.225027,-3.177973],[29.224615,-3.179064],[29.224661,-3.180385],[29.225184,-3.181699],[29.225524,-3.18187],[29.226903,-3.181799],[29.227901,-3.181512],[29.228685,-3.181512],[29.229327,-3.181679],[29.230159,-3.182085],[29.230872,-3.18273],[29.2313,-3.183256],[29.231358,-3.183587],[29.231442,-3.184068],[29.231442,-3.184648],[29.231442,-3.184857],[29.230991,-3.185502],[29.230492,-3.186505],[29.229826,-3.187126],[29.228899,-3.187747],[29.227402,-3.187628],[29.225667,-3.187532],[29.225323,-3.187678],[29.225249,-3.188352],[29.225068,-3.190901],[29.224719,-3.191691],[29.224502,-3.192597],[29.223955,-3.193816],[29.223831,-3.194056],[29.22371,-3.19468],[29.223302,-3.195545],[29.222623,-3.197867],[29.222759,-3.199187],[29.223393,-3.200689],[29.224479,-3.201327],[29.224923,-3.2015],[29.225191,-3.201508],[29.226023,-3.201508],[29.227045,-3.201174],[29.227782,-3.200648],[29.228519,-3.200935],[29.229066,-3.201245],[29.229137,-3.201795],[29.228471,-3.202321],[29.227785,-3.202722],[29.227785,-3.203421],[29.228192,-3.204331],[29.229522,-3.206272],[29.230088,-3.206621],[29.230241,-3.206754],[29.231157,-3.207553],[29.231823,-3.208102],[29.232251,-3.208699],[29.232583,-3.209177],[29.232987,-3.209511],[29.233486,-3.210037],[29.233534,-3.210658],[29.233795,-3.211375],[29.234413,-3.212689],[29.234651,-3.213334],[29.234646,-3.213346],[29.234342,-3.214122],[29.233677,-3.214648],[29.232607,-3.214791],[29.231989,-3.21503],[29.23194,-3.215078],[29.231362,-3.216396],[29.231498,-3.217807],[29.232041,-3.219537],[29.231857,-3.21976],[29.231918,-3.21988],[29.231775,-3.220597],[29.231276,-3.221098],[29.230634,-3.221457],[29.22859,-3.221743],[29.228044,-3.222006],[29.227742,-3.222241],[29.227151,-3.223179],[29.227015,-3.224318],[29.227423,-3.225865],[29.22699,-3.226895],[29.227212,-3.227381],[29.227069,-3.227739],[29.22657,-3.228432],[29.226321,-3.228995],[29.226291,-3.230008],[29.226608,-3.231192],[29.226427,-3.232285],[29.226381,-3.233286],[29.226958,-3.234223],[29.227117,-3.234309],[29.22716,-3.234342],[29.227687,-3.234739],[29.228044,-3.23536],[29.22802,-3.236459],[29.228067,-3.237916],[29.228162,-3.238323],[29.22859,-3.238896],[29.229184,-3.239493],[29.229422,-3.239851],[29.23004,-3.241094],[29.230349,-3.242025],[29.230682,-3.242909],[29.231157,-3.243626],[29.231157,-3.244605],[29.231089,-3.245196],[29.231086,-3.245227],[29.231038,-3.246039],[29.231038,-3.246445],[29.230682,-3.24697],[29.230499,-3.248053],[29.230492,-3.248093],[29.230444,-3.248834],[29.230135,-3.249383],[29.230135,-3.250267],[29.230135,-3.250721],[29.230349,-3.250912],[29.230991,-3.251151],[29.231181,-3.251724],[29.231469,-3.252062],[29.231609,-3.252226],[29.231751,-3.253564],[29.232037,-3.254018],[29.232298,-3.254495],[29.232464,-3.25538],[29.232773,-3.256263],[29.23313,-3.256884],[29.232726,-3.257601],[29.232393,-3.258151],[29.232441,-3.258509],[29.232441,-3.259035],[29.232702,-3.259608],[29.233106,-3.260038],[29.23351,-3.260444],[29.233582,-3.261113],[29.233938,-3.261638],[29.234413,-3.262666],[29.235293,-3.263048],[29.236125,-3.26343],[29.23679,-3.263836],[29.23786,-3.264911],[29.238525,-3.265676],[29.239001,-3.266512],[29.239761,-3.267993],[29.240427,-3.268614],[29.240835,-3.268862],[29.241211,-3.269092],[29.241758,-3.269259],[29.241437,-3.270775],[29.240734,-3.271255],[29.240283,-3.2715],[29.239769,-3.27179],[29.239318,-3.272153],[29.239138,-3.272289],[29.238921,-3.272742],[29.239002,-3.273358],[29.239201,-3.274029],[29.239561,-3.274618],[29.239895,-3.275071],[29.240346,-3.275615],[29.240725,-3.276231],[29.241004,-3.277282],[29.241004,-3.27759],[29.240522,-3.278247],[29.239336,-3.279367],[29.238371,-3.279892],[29.237686,-3.280101],[29.237027,-3.280255],[29.23489,-3.280681],[29.233646,-3.281361],[29.233231,-3.282013],[29.233051,-3.282367],[29.232573,-3.283074],[29.232212,-3.283336],[29.231554,-3.283681],[29.230472,-3.284116],[29.229633,-3.284442],[29.2293,-3.284768],[29.228966,-3.285221],[29.228777,-3.285756],[29.228714,-3.28717],[29.228641,-3.287949],[29.228659,-3.28958],[29.229038,-3.290994],[29.229823,-3.294728],[29.230283,-3.296079],[29.230715,-3.297619],[29.230905,-3.299631],[29.230815,-3.301453],[29.229913,-3.302957],[29.229074,-3.304253],[29.228443,-3.305631],[29.227875,-3.306755],[29.227442,-3.307615],[29.226991,-3.308739],[29.226315,-3.310126],[29.226351,-3.311385],[29.226685,-3.312011],[29.226919,-3.313117],[29.226595,-3.313978],[29.226026,-3.314965],[29.225567,-3.31584],[29.224908,-3.317675],[29.224412,-3.31898],[29.224638,-3.31995],[29.225206,-3.321572],[29.225197,-3.323085],[29.223853,-3.325125],[29.223312,-3.325523],[29.222501,-3.326013],[29.221743,-3.326466],[29.22122,-3.326765],[29.220436,-3.327272],[29.220165,-3.327626],[29.219922,-3.328088],[29.219778,-3.328668],[29.219823,-3.329411],[29.219922,-3.329819],[29.220147,-3.33068],[29.220355,-3.331477],[29.220445,-3.332302],[29.220346,-3.332773],[29.219741,-3.333317],[29.219264,-3.333516],[29.218578,-3.333716],[29.218037,-3.333987],[29.216594,-3.334876],[29.21618,-3.335392],[29.215584,-3.336289],[29.215242,-3.336525],[29.213772,-3.337903],[29.212789,-3.339063],[29.212555,-3.339425],[29.212191,-3.339678],[29.21321,-3.340637],[29.213855,-3.342243],[29.214393,-3.34347],[29.214133,-3.34525],[29.215581,-3.345024],[29.216074,-3.3447],[29.216224,-3.344237],[29.216149,-3.343731],[29.216385,-3.343407],[29.216835,-3.343041],[29.216846,-3.34261],[29.217189,-3.342201],[29.217468,-3.342115],[29.218058,-3.342696],[29.218369,-3.34289],[29.218894,-3.342933],[29.219173,-3.343192],[29.220202,-3.343375],[29.220535,-3.343472],[29.220846,-3.343709],[29.221017,-3.343698],[29.220964,-3.343052],[29.221264,-3.342707],[29.221232,-3.342115],[29.221815,-3.342385],[29.222044,-3.342218],[29.223142,-3.34253],[29.223561,-3.342743],[29.224135,-3.343124],[29.224469,-3.343194],[29.224474,-3.343465],[29.224612,-3.343586],[29.22502,-3.343401],[29.225261,-3.343511],[29.225543,-3.343846],[29.225761,-3.343944],[29.225922,-3.344025],[29.225962,-3.344233],[29.226192,-3.344383],[29.226558,-3.34372],[29.226786,-3.343597],[29.227111,-3.343494],[29.22745,-3.343188],[29.227795,-3.343211],[29.228163,-3.343569],[29.228231,-3.344112],[29.228415,-3.344602],[29.22872,-3.345001],[29.229133,-3.345266],[29.230104,-3.345451],[29.23038,-3.345959],[29.230678,-3.34634],[29.23131,-3.34664],[29.231955,-3.34725],[29.232367,-3.347523],[29.232746,-3.34784],[29.232746,-3.348129],[29.232976,-3.348209],[29.233246,-3.3484],[29.233562,-3.34836],[29.233936,-3.348176],[29.234102,-3.34832],[29.234338,-3.348251],[29.234562,-3.348343],[29.234596,-3.347922],[29.234866,-3.3475],[29.235113,-3.347471],[29.235027,-3.347339],[29.234407,-3.347038],[29.234039,-3.346923],[29.233895,-3.346761],[29.234206,-3.346761],[29.234654,-3.346871],[29.235326,-3.34716],[29.235648,-3.347327],[29.235757,-3.347223],[29.235228,-3.346727],[29.23482,-3.346178],[29.234797,-3.345624],[29.234705,-3.345381],[29.234578,-3.345006],[29.234544,-3.344637],[29.234544,-3.344325],[29.234751,-3.344106],[29.235239,-3.344077],[29.235658,-3.343962],[29.235969,-3.343921],[29.236043,-3.343783],[29.235819,-3.343621],[29.235643,-3.343551],[29.235348,-3.34361],[29.23505,-3.343638],[29.235205,-3.343379],[29.235457,-3.343223],[29.235768,-3.343269],[29.236204,-3.343402],[29.236572,-3.343777],[29.236917,-3.343978],[29.23744,-3.344146],[29.23864,-3.344602],[29.239088,-3.344619],[29.239266,-3.344464],[29.239232,-3.344273],[29.239347,-3.34414],[29.239852,-3.344129],[29.240168,-3.344233],[29.240564,-3.344239],[29.240679,-3.344388],[29.240995,-3.344406],[29.241282,-3.344244],[29.241581,-3.344302],[29.241863,-3.344279],[29.241926,-3.344054],[29.242385,-3.34399],[29.242715,-3.343767],[29.243069,-3.343528],[29.243436,-3.343454],[29.243672,-3.343586],[29.243971,-3.343552],[29.244327,-3.342969],[29.244431,-3.34298],[29.2445,-3.343344],[29.24477,-3.343373],[29.244879,-3.343038],[29.245034,-3.342957],[29.245298,-3.343055],[29.245947,-3.342986],[29.246768,-3.342703],[29.247194,-3.342715],[29.247504,-3.342472],[29.2479,-3.342547],[29.248302,-3.342374],[29.248733,-3.342305],[29.249175,-3.342259],[29.249474,-3.342264],[29.249939,-3.342074],[29.250364,-3.342103],[29.250778,-3.342328],[29.251249,-3.342496],[29.251415,-3.342478],[29.251806,-3.342265],[29.25226,-3.342357],[29.252685,-3.342426],[29.253087,-3.342369],[29.253639,-3.342369],[29.254305,-3.342836],[29.254954,-3.342934],[29.254966,-3.343159],[29.255408,-3.343454],[29.255787,-3.34339],[29.256557,-3.342848],[29.256867,-3.342634],[29.257229,-3.342672],[29.257603,-3.342715],[29.257919,-3.343067],[29.258217,-3.343373],[29.258505,-3.343679],[29.258677,-3.343863],[29.258808,-3.343958],[29.259004,-3.344192],[29.259228,-3.344435],[29.259435,-3.344585],[29.259711,-3.344683],[29.259941,-3.344746],[29.26001,-3.34496],[29.259969,-3.345306],[29.259935,-3.345554],[29.259978,-3.345771],[29.259981,-3.345999],[29.26003,-3.346252],[29.260061,-3.346576],[29.260073,-3.34713],[29.260038,-3.347587],[29.259809,-3.348256],[29.259533,-3.349197],[29.259246,-3.349815],[29.259113,-3.35049],[29.258907,-3.350888],[29.258608,-3.351258],[29.257821,-3.351535],[29.256867,-3.351881],[29.256103,-3.35221],[29.255425,-3.352492],[29.254495,-3.352671],[29.25353,-3.353099],[29.252049,-3.35345],[29.250853,-3.353624],[29.250462,-3.353688],[29.249543,-3.354046],[29.248492,-3.35408],[29.247487,-3.354184],[29.246516,-3.3543],[29.245648,-3.354155],[29.245068,-3.354253],[29.244304,-3.354109],[29.243654,-3.354087],[29.242937,-3.354074],[29.242414,-3.354109],[29.24197,-3.354215],[29.241176,-3.354215],[29.240629,-3.354085],[29.239761,-3.354075],[29.238763,-3.353988],[29.23767,-3.354021],[29.23679,-3.353827],[29.235815,-3.353741],[29.234742,-3.353945],[29.234271,-3.354021],[29.23381,-3.354042],[29.23293,-3.353891],[29.232319,-3.353762],[29.231847,-3.353881],[29.231504,-3.353665],[29.231193,-3.353514],[29.230818,-3.353331],[29.23056,-3.353396],[29.230174,-3.353072],[29.229123,-3.353213],[29.228909,-3.35331],[29.228727,-3.353148],[29.227622,-3.353277],[29.227354,-3.353471],[29.227022,-3.353342],[29.226057,-3.353266],[29.225446,-3.353439],[29.225317,-3.353708],[29.226014,-3.353838],[29.22625,-3.35415],[29.226475,-3.354376],[29.227472,-3.354484],[29.228491,-3.354797],[29.229349,-3.355109],[29.230089,-3.355508],[29.232169,-3.355637],[29.235246,-3.355906],[29.24049,-3.356079],[29.252145,-3.356003],[29.252467,-3.355949],[29.253872,-3.355939],[29.258021,-3.355971],[29.260423,-3.356057],[29.261818,-3.355982],[29.262761,-3.356197],[29.26364,-3.356488],[29.264413,-3.356682],[29.265356,-3.356951],[29.266235,-3.357318],[29.26616,-3.357512],[29.26586,-3.357404],[29.265731,-3.357468],[29.265892,-3.357641],[29.266289,-3.357652],[29.266815,-3.357673],[29.267458,-3.357771],[29.267962,-3.357512],[29.268187,-3.35693],[29.268595,-3.356338],[29.269088,-3.356025],[29.26941,-3.35567],[29.270675,-3.355907],[29.270761,-3.356672],[29.271179,-3.35762],[29.272262,-3.358234],[29.27268,-3.357878],[29.273013,-3.357684],[29.273356,-3.35763],[29.273688,-3.357598],[29.274385,-3.357598],[29.275211,-3.35763],[29.276144,-3.357771],[29.27714,-3.357856],[29.277906,-3.358057],[29.278888,-3.358341],[29.279639,-3.358675],[29.280497,-3.359149],[29.280507,-3.358955],[29.280325,-3.358557],[29.280293,-3.358137],[29.280593,-3.35804],[29.280958,-3.358018],[29.281215,-3.358374],[29.281601,-3.358611],[29.281162,-3.359009],[29.281183,-3.359397],[29.281515,-3.359516],[29.281698,-3.359343],[29.282052,-3.358761],[29.28218,-3.358223],[29.282094,-3.357652],[29.281708,-3.356941],[29.282105,-3.35651],[29.282598,-3.357232],[29.282781,-3.358115],[29.282952,-3.358805],[29.283317,-3.359667],[29.283617,-3.359957],[29.283917,-3.358977],[29.284314,-3.358945],[29.284496,-3.358611],[29.285109,-3.358419],[29.285504,-3.358158],[29.285976,-3.357986],[29.286131,-3.357364],[29.286496,-3.356987],[29.286791,-3.356682],[29.286019,-3.356563],[29.28558,-3.356294],[29.285386,-3.356531],[29.285193,-3.356563],[29.285226,-3.356294],[29.285054,-3.356229],[29.284893,-3.356563],[29.284582,-3.356887],[29.284303,-3.356876],[29.283982,-3.356467],[29.283703,-3.355928],[29.283628,-3.35568],[29.28411,-3.355734],[29.2841,-3.355551],[29.28381,-3.355432],[29.284282,-3.355044],[29.284271,-3.354732],[29.28455,-3.354398],[29.28484,-3.354193],[29.285655,-3.353525],[29.286137,-3.35318],[29.286523,-3.3529],[29.287124,-3.352545],[29.288099,-3.352415],[29.287885,-3.351607],[29.287263,-3.350918],[29.286706,-3.350552],[29.28617,-3.350422],[29.285773,-3.350207],[29.285291,-3.349754],[29.285258,-3.349248],[29.286277,-3.349657],[29.28721,-3.350422],[29.288454,-3.350993],[29.289462,-3.351263],[29.289719,-3.350638],[29.289858,-3.350077],[29.290201,-3.349927],[29.290555,-3.349754],[29.290909,-3.349215],[29.290995,-3.34817],[29.291595,-3.348095],[29.292303,-3.347858],[29.294523,-3.347567],[29.296925,-3.347707],[29.299057,-3.347838],[29.300915,-3.348131],[29.303903,-3.34879],[29.308702,-3.349692],[29.309325,-3.349808],[29.309827,-3.349918],[29.310332,-3.350131],[29.310859,-3.350243],[29.311629,-3.350511],[29.312175,-3.350731],[29.313013,-3.350804],[29.313729,-3.351102],[29.314269,-3.351249],[29.315057,-3.351496],[29.315728,-3.351627],[29.316281,-3.351774],[29.316886,-3.351958],[29.317729,-3.352306],[29.318265,-3.352507],[29.318784,-3.352631],[29.31931,-3.352797],[29.319591,-3.353037],[29.319998,-3.353152],[29.320711,-3.353344],[29.3222,-3.353945],[29.323397,-3.354431],[29.323779,-3.354572],[29.324402,-3.354763],[29.325586,-3.355326],[29.326171,-3.355646],[29.326821,-3.356221],[29.327304,-3.356682],[29.327444,-3.357372],[29.327457,-3.357948],[29.327546,-3.358332],[29.327686,-3.358638],[29.327877,-3.358766],[29.328106,-3.358766],[29.328361,-3.358779],[29.328602,-3.35869],[29.328933,-3.358408],[29.32915,-3.35805],[29.329366,-3.357871],[29.329773,-3.357628],[29.330232,-3.35759],[29.330957,-3.357718],[29.331822,-3.357884],[29.332548,-3.35805],[29.333312,-3.358319],[29.334215,-3.3586],[29.334953,-3.358894],[29.335513,-3.359099],[29.336023,-3.359329],[29.336493,-3.359495],[29.337015,-3.359687],[29.337715,-3.360071],[29.338326,-3.360314],[29.339243,-3.360902],[29.340057,-3.361414],[29.34048,-3.361738],[29.3409,-3.362247],[29.341016,-3.362547],[29.341047,-3.363355],[29.341187,-3.363674],[29.341339,-3.363821],[29.341223,-3.364164],[29.34126,-3.364323],[29.341394,-3.364556],[29.341297,-3.364856],[29.341169,-3.365076],[29.341071,-3.365187],[29.340754,-3.365205],[29.340589,-3.365395],[29.340565,-3.365689],[29.340736,-3.365787],[29.340961,-3.366216],[29.34112,-3.366761],[29.341107,-3.36703],[29.341089,-3.367631],[29.341101,-3.367906],[29.341199,-3.368096],[29.341187,-3.368274],[29.341022,-3.368537],[29.340931,-3.369058],[29.340882,-3.369321],[29.340784,-3.369529],[29.340778,-3.369744],[29.340553,-3.369921],[29.340089,-3.370117],[29.339864,-3.370485],[29.339651,-3.370858],[29.339413,-3.371213],[29.339072,-3.371397],[29.338889,-3.371636],[29.338413,-3.371611],[29.338194,-3.371409],[29.338054,-3.371189],[29.337895,-3.371195],[29.337761,-3.371348],[29.337724,-3.371636],[29.337865,-3.371838],[29.338175,-3.371991],[29.338371,-3.372071],[29.338163,-3.372126],[29.338182,-3.372273],[29.338596,-3.372426],[29.3392,-3.372585],[29.339748,-3.372591],[29.340053,-3.372401],[29.340553,-3.372401],[29.341089,-3.372567],[29.341607,-3.372843],[29.341882,-3.373081],[29.34212,-3.373247],[29.342321,-3.373394],[29.342857,-3.373767],[29.34318,-3.373963],[29.343461,-3.374196],[29.343509,-3.374576],[29.343637,-3.374846],[29.343759,-3.375158],[29.344009,-3.376021],[29.344076,-3.376088],[29.344582,-3.3758],[29.344704,-3.375029],[29.34513,-3.374796],[29.346569,-3.374134],[29.346977,-3.374747],[29.346362,-3.375133],[29.34563,-3.375623],[29.345088,-3.375892],[29.344728,-3.376266],[29.344265,-3.376505],[29.344192,-3.376664],[29.344259,-3.37678],[29.344314,-3.376952],[29.344338,-3.377215],[29.344168,-3.377491],[29.344162,-3.377791],[29.34443,-3.377987],[29.344509,-3.37841],[29.344753,-3.378452],[29.345332,-3.378367],[29.346027,-3.378832],[29.346697,-3.379353],[29.347362,-3.379898],[29.347843,-3.38037],[29.348233,-3.380823],[29.348654,-3.381227],[29.349013,-3.381705],[29.349349,-3.382293],[29.349599,-3.382826],[29.349836,-3.38345],[29.350044,-3.384081],[29.35019,-3.384614],[29.350281,-3.385184],[29.350233,-3.38557],[29.350202,-3.385692],[29.35008,-3.385778],[29.349873,-3.385949],[29.349983,-3.38625],[29.349958,-3.386654],[29.349928,-3.386844],[29.350007,-3.387279],[29.349842,-3.387438],[29.349861,-3.387946],[29.349653,-3.387848],[29.349574,-3.387885],[29.349617,-3.388081],[29.34997,-3.388485],[29.350251,-3.389085],[29.350348,-3.389673],[29.350257,-3.389833],[29.350257,-3.390188],[29.350306,-3.390727],[29.350214,-3.390917],[29.34997,-3.390911],[29.34966,-3.39099],[29.349501,-3.39115],[29.349562,-3.391438],[29.349568,-3.391774],[29.349074,-3.392644],[29.348892,-3.393012],[29.348666,-3.3933],[29.348526,-3.393146],[29.348489,-3.392975],[29.347959,-3.393153],[29.347959,-3.393753],[29.347404,-3.394861],[29.347551,-3.395651],[29.347642,-3.39616],[29.347666,-3.39736],[29.347983,-3.397697],[29.348123,-3.398083],[29.348148,-3.398316],[29.348038,-3.398536],[29.34805,-3.398837],[29.3483,-3.399639],[29.348465,-3.400166],[29.348587,-3.400619],[29.34869,-3.401048],[29.348727,-3.401636],[29.348404,-3.401734],[29.34827,-3.401954],[29.348331,-3.402395],[29.348166,-3.402775],[29.347916,-3.403075],[29.347855,-3.403461],[29.347612,-3.403798],[29.34741,-3.404018],[29.347319,-3.404129],[29.347325,-3.404416],[29.347142,-3.404827],[29.346813,-3.405127],[29.346685,-3.405599],[29.346216,-3.406101],[29.345954,-3.406144],[29.345911,-3.406327],[29.345557,-3.406481],[29.345241,-3.406481],[29.344771,-3.406389],[29.344345,-3.406309],[29.343961,-3.406113],[29.343619,-3.405991],[29.343546,-3.40566],[29.343327,-3.405528],[29.343299,-3.405628],[29.343336,-3.405784],[29.343199,-3.406068],[29.342971,-3.406415],[29.342826,-3.406992],[29.342662,-3.407367],[29.342507,-3.407578],[29.342607,-3.407972],[29.342789,-3.408274],[29.34278,-3.408622],[29.342643,-3.408795],[29.34268,-3.409098],[29.342725,-3.409455],[29.342944,-3.409793],[29.343108,-3.410196],[29.343099,-3.410635],[29.342571,-3.410965],[29.34258,-3.411313],[29.342625,-3.411725],[29.342598,-3.412],[29.342498,-3.412219],[29.342489,-3.412476],[29.342479,-3.412924],[29.342552,-3.413272],[29.34247,-3.413693],[29.34237,-3.413986],[29.34237,-3.414444],[29.342288,-3.414581],[29.342151,-3.414856],[29.342051,-3.415094],[29.342106,-3.415588],[29.342215,-3.416128],[29.342206,-3.416375],[29.342124,-3.416567],[29.342325,-3.417016],[29.342507,-3.417629],[29.342507,-3.418096],[29.342543,-3.418444],[29.342534,-3.419103],[29.342434,-3.419561],[29.342279,-3.419735],[29.342051,-3.419671],[29.341714,-3.419955],[29.341423,-3.420293],[29.341341,-3.420531],[29.341295,-3.420953],[29.341413,-3.421374],[29.341559,-3.421749],[29.341924,-3.421987],[29.342407,-3.422152],[29.342671,-3.422427],[29.342826,-3.422674],[29.342862,-3.423058],[29.34292,-3.423409],[29.343057,-3.424093],[29.342995,-3.424204],[29.343062,-3.424468],[29.342937,-3.424786],[29.343097,-3.425067],[29.343088,-3.425456],[29.343226,-3.425792],[29.34336,-3.426114],[29.343542,-3.426427],[29.343711,-3.426981],[29.343813,-3.427241],[29.344192,-3.427653],[29.344414,-3.427975],[29.344806,-3.428203],[29.345344,-3.42865],[29.345843,-3.429186],[29.346314,-3.429821],[29.346715,-3.430515],[29.346767,-3.430734],[29.346565,-3.430811],[29.346575,-3.431067],[29.346762,-3.431443],[29.3468,-3.432051],[29.346791,-3.432442],[29.346858,-3.432577],[29.346844,-3.432987],[29.346637,-3.433026],[29.346565,-3.433523],[29.346426,-3.433889],[29.346264,-3.434085],[29.345995,-3.434135],[29.345757,-3.434409],[29.34546,-3.434434],[29.345367,-3.434661],[29.345113,-3.434829],[29.344825,-3.43491],[29.344884,-3.43527],[29.344782,-3.435432],[29.344435,-3.435628],[29.344349,-3.436014],[29.344213,-3.43648],[29.343987,-3.436424],[29.343748,-3.437092],[29.343584,-3.436971],[29.343355,-3.43694],[29.343179,-3.437061],[29.343204,-3.437618],[29.343095,-3.437991],[29.343049,-3.438358],[29.342857,-3.438731],[29.342835,-3.439002],[29.342917,-3.439154],[29.343249,-3.439347],[29.343737,-3.439795],[29.344101,-3.44021],[29.344286,-3.440879],[29.344156,-3.44121],[29.344197,-3.441866],[29.343943,-3.442142],[29.343537,-3.442653],[29.343304,-3.443218],[29.343352,-3.443929],[29.34375,-3.44453],[29.344231,-3.445427],[29.344513,-3.445834],[29.344732,-3.446344],[29.344938,-3.446903],[29.344993,-3.447145],[29.344787,-3.447483],[29.34487,-3.448028],[29.344671,-3.448256],[29.344547,-3.448684],[29.344478,-3.449284],[29.344465,-3.449671],[29.344286,-3.449733],[29.344375,-3.450181],[29.34441,-3.450733],[29.344183,-3.450933],[29.344135,-3.451458],[29.344004,-3.451906],[29.343853,-3.452086],[29.34386,-3.452527],[29.34364,-3.452886],[29.343647,-3.453335],[29.343524,-3.453714],[29.343295,-3.453818],[29.343099,-3.453924],[29.343114,-3.454227],[29.343476,-3.454795],[29.343604,-3.455303],[29.343657,-3.456166],[29.343747,-3.45656],[29.343905,-3.457037],[29.343868,-3.457219],[29.343589,-3.457446],[29.343596,-3.45784],[29.343295,-3.458196],[29.343076,-3.45862],[29.342714,-3.458999],[29.342541,-3.459294],[29.342481,-3.459779],[29.342089,-3.460029],[29.342014,-3.460234],[29.34187,-3.46056],[29.341704,-3.46078],[29.341583,-3.461272],[29.341523,-3.461923],[29.341206,-3.462257],[29.341138,-3.462613],[29.341206,-3.463249],[29.340807,-3.463961],[29.340283,-3.464969],[29.340189,-3.465355],[29.340121,-3.465529],[29.340136,-3.465907],[29.34,-3.466294],[29.340023,-3.466687],[29.339917,-3.467066],[29.340015,-3.467286],[29.339766,-3.467498],[29.339299,-3.468081],[29.338447,-3.469483],[29.33801,-3.46974],[29.337188,-3.469854],[29.336616,-3.469695],[29.336224,-3.469892],[29.335952,-3.470013],[29.335703,-3.470165],[29.335409,-3.470483],[29.335242,-3.470712],[29.33497,-3.470939],[29.334769,-3.470907],[29.334603,-3.470619],[29.334286,-3.470612],[29.333955,-3.470695],[29.333698,-3.470945],[29.333389,-3.471725],[29.332839,-3.471983],[29.332696,-3.47221],[29.332696,-3.472823],[29.332484,-3.473051],[29.332347,-3.473209],[29.332319,-3.473505],[29.332123,-3.473467],[29.33201,-3.473172],[29.331806,-3.473051],[29.331723,-3.472839],[29.331934,-3.472725],[29.331942,-3.472558],[29.331565,-3.472536],[29.33112,-3.472679],[29.331308,-3.472801],[29.331361,-3.473104],[29.331444,-3.473301],[29.331768,-3.473641],[29.332123,-3.473952],[29.33216,-3.4743],[29.331942,-3.474535],[29.332159,-3.474829],[29.332339,-3.475139],[29.332349,-3.475285],[29.332234,-3.47552],[29.332209,-3.475805],[29.332498,-3.476166],[29.332737,-3.476547],[29.333016,-3.477033],[29.333051,-3.477533],[29.332812,-3.477664],[29.332712,-3.477854],[29.332737,-3.478164],[29.332952,-3.47849],[29.332947,-3.478725],[29.333086,-3.47888],[29.333206,-3.479321],[29.33345,-3.479972],[29.33326,-3.480188],[29.333629,-3.480824],[29.333953,-3.48126],[29.334232,-3.482036],[29.334466,-3.482421],[29.334362,-3.482702],[29.334312,-3.483248],[29.334466,-3.483618],[29.334613,-3.484001],[29.334263,-3.484404],[29.33416,-3.484932],[29.33415,-3.485274],[29.334376,-3.485719],[29.334283,-3.48603],[29.334585,-3.48612],[29.334943,-3.486154],[29.335478,-3.486123],[29.335983,-3.48634],[29.336478,-3.486568],[29.336962,-3.486827],[29.337664,-3.487077],[29.338239,-3.48751],[29.338888,-3.487924],[29.339908,-3.488566],[29.340248,-3.488876],[29.340918,-3.489487],[29.341361,-3.490036],[29.341742,-3.490419],[29.341793,-3.490739],[29.34203,-3.49106],[29.342102,-3.491454],[29.342298,-3.491536],[29.342586,-3.491878],[29.342586,-3.492292],[29.342731,-3.492437],[29.342967,-3.492737],[29.34341,-3.493089],[29.343833,-3.49372],[29.344245,-3.494227],[29.344471,-3.494745],[29.344791,-3.495552],[29.34475,-3.49579],[29.344719,-3.496142],[29.344533,-3.496215],[29.344389,-3.496453],[29.344358,-3.497343],[29.344245,-3.497767],[29.343998,-3.49783],[29.343699,-3.498161],[29.343699,-3.49844],[29.343833,-3.498627],[29.343658,-3.49872],[29.34341,-3.498927],[29.343318,-3.499455],[29.343235,-3.500128],[29.342834,-3.500821],[29.342442,-3.501173],[29.342185,-3.501463],[29.342112,-3.501846],[29.341845,-3.502115],[29.341677,-3.502355],[29.341311,-3.502645],[29.340969,-3.503042],[29.340615,-3.503373],[29.340483,-3.50368],[29.340501,-3.504024],[29.340591,-3.504271],[29.340561,-3.504644],[29.340291,-3.50518],[29.340273,-3.50556],[29.340249,-3.505885],[29.340225,-3.50612],[29.339931,-3.506343],[29.339631,-3.50674],[29.339475,-3.507252],[29.339385,-3.50761],[29.339085,-3.5083],[29.338779,-3.508511],[29.338575,-3.508939],[29.338383,-3.509529],[29.338233,-3.509764],[29.338263,-3.510137],[29.338047,-3.510451],[29.337993,-3.511174],[29.338011,-3.511649],[29.337981,-3.511858],[29.337954,-3.512051],[29.337651,-3.512354],[29.337598,-3.512643],[29.33734,-3.512878],[29.33728,-3.513119],[29.337292,-3.513685],[29.337004,-3.514065],[29.336944,-3.514493],[29.337058,-3.514776],[29.33743,-3.515113],[29.337855,-3.515577],[29.338317,-3.51595],[29.338713,-3.516312],[29.339049,-3.516733],[29.339115,-3.517354],[29.339319,-3.517739],[29.339721,-3.518426],[29.340021,-3.519155],[29.340153,-3.519589],[29.340027,-3.519926],[29.340153,-3.520396],[29.340201,-3.520902],[29.340129,-3.521306],[29.339805,-3.521884],[29.339481,-3.522528],[29.339283,-3.522757],[29.339325,-3.523643],[29.339595,-3.524095],[29.339871,-3.524613],[29.339997,-3.525101],[29.340015,-3.525619],[29.339703,-3.526022],[29.339637,-3.526485],[29.339679,-3.526793],[29.339529,-3.527226],[29.339433,-3.527473],[29.339205,-3.527666],[29.339181,-3.527931],[29.339283,-3.528347],[29.339271,-3.528672],[29.338803,-3.529202],[29.338425,-3.529546],[29.338047,-3.529907],[29.337771,-3.530323],[29.337789,-3.530775],[29.337759,-3.531485],[29.337609,-3.532118],[29.337471,-3.532575],[29.337405,-3.532804],[29.337633,-3.533298],[29.338143,-3.533883],[29.338413,-3.534226],[29.338563,-3.534557],[29.338953,-3.534967],[29.338959,-3.535587],[29.339109,-3.535979],[29.339139,-3.536569],[29.339151,-3.536925],[29.339301,-3.53725],[29.339289,-3.537503],[29.339073,-3.537756],[29.339139,-3.538316],[29.339217,-3.538979],[29.339347,-3.539543],[29.339441,-3.539826],[29.339159,-3.540151],[29.338898,-3.540456],[29.338511,-3.54077],[29.33825,-3.541064],[29.338281,-3.541935],[29.33871,-3.542355],[29.339285,-3.542921],[29.339828,-3.543519],[29.340215,-3.544117],[29.3408,-3.544684],[29.340998,-3.54524],[29.341072,-3.545649],[29.34127,-3.54609],[29.341458,-3.546394],[29.341731,-3.54672],[29.34222,-3.547334],[29.342587,-3.547559],[29.34335,-3.548272],[29.344061,-3.549028],[29.344113,-3.549364],[29.343841,-3.550046],[29.343956,-3.55056],[29.344103,-3.551042],[29.344071,-3.551378],[29.343706,-3.551934],[29.343476,-3.552354],[29.343455,-3.55292],[29.343612,-3.553634],[29.343841,-3.554022],[29.344176,-3.554263],[29.344385,-3.554473],[29.345001,-3.55505],[29.346025,-3.555669],[29.34659,-3.556099],[29.34729,-3.556677],[29.34823,-3.557411],[29.348983,-3.558145],[29.349547,-3.558649],[29.349693,-3.559362],[29.349944,-3.559897],[29.349599,-3.561009],[29.349202,-3.561471],[29.349149,-3.561859],[29.349703,-3.562803],[29.349735,-3.56359],[29.349682,-3.56443],[29.349557,-3.564682],[29.349672,-3.56487],[29.349797,-3.565259],[29.349808,-3.565636],[29.349703,-3.565941],[29.349547,-3.566255],[29.349212,-3.56677],[29.34916,-3.567095],[29.349452,-3.567536],[29.349536,-3.568186],[29.349348,-3.568574],[29.349264,-3.569088],[29.349348,-3.569455],[29.349045,-3.570242],[29.348616,-3.570652],[29.348418,-3.570956],[29.348387,-3.571869],[29.347812,-3.572561],[29.347352,-3.573001],[29.346652,-3.573463],[29.34591,-3.573851],[29.345063,-3.574176],[29.344457,-3.574124],[29.344123,-3.574365],[29.34383,-3.574711],[29.343632,-3.575037],[29.343486,-3.575404],[29.343381,-3.575771],[29.343433,-3.57618],[29.343642,-3.576663],[29.343904,-3.577124],[29.343977,-3.577502],[29.344133,-3.578079],[29.344144,-3.578772],[29.343935,-3.579202],[29.343966,-3.579684],[29.343705,-3.580031],[29.343559,-3.58045],[29.343653,-3.581017],[29.3436,-3.581689],[29.343768,-3.582098],[29.343747,-3.582497],[29.343569,-3.582948],[29.343327,-3.583388],[29.343214,-3.583976],[29.343277,-3.584407],[29.343256,-3.585015],[29.343402,-3.585592],[29.343559,-3.586054],[29.344029,-3.586306],[29.344374,-3.586641],[29.344854,-3.587439],[29.345304,-3.588246],[29.345596,-3.588665],[29.346182,-3.589379],[29.346349,-3.589641],[29.346412,-3.590103],[29.346464,-3.590407],[29.346861,-3.591131],[29.347007,-3.591981],[29.346777,-3.59217],[29.346547,-3.592474],[29.346453,-3.592841],[29.34637,-3.59324],[29.347018,-3.594236],[29.346892,-3.594855],[29.346922,-3.595237],[29.34708,-3.595695],[29.347355,-3.596204],[29.347855,-3.59671],[29.348233,-3.597081],[29.348603,-3.597496],[29.349085,-3.598037],[29.349277,-3.598413],[29.349242,-3.598657],[29.348998,-3.59891],[29.34872,-3.599325],[29.348524,-3.599534],[29.348468,-3.600006],[29.348812,-3.600653],[29.348951,-3.601094],[29.349277,-3.601557],[29.349525,-3.601862],[29.349521,-3.60215],[29.349264,-3.602613],[29.349234,-3.602945],[29.34909,-3.603281],[29.348842,-3.603752],[29.34879,-3.60421],[29.348833,-3.604516],[29.34892,-3.604804],[29.348807,-3.605302],[29.348155,-3.606223],[29.347546,-3.607027],[29.347133,-3.60742],[29.346981,-3.608145],[29.346698,-3.608455],[29.346356,-3.608979],[29.346118,-3.609752],[29.346223,-3.610201],[29.346736,-3.611003],[29.347183,-3.611786],[29.347678,-3.612654],[29.347687,-3.613427],[29.347221,-3.613943],[29.346556,-3.614449],[29.345605,-3.615136],[29.344768,-3.615527],[29.344274,-3.615833],[29.343494,-3.616186],[29.343292,-3.61668],[29.342781,-3.617112],[29.342525,-3.617437],[29.342443,-3.617989],[29.342468,-3.618535],[29.342287,-3.619041],[29.342429,-3.619499],[29.342667,-3.619861],[29.342952,-3.620291],[29.342829,-3.620787],[29.342734,-3.621198],[29.342591,-3.621675],[29.342496,-3.62241],[29.342544,-3.622668],[29.342563,-3.623346],[29.342924,-3.623938],[29.342838,-3.624262],[29.342601,-3.624806],[29.34222,-3.625618],[29.342103,-3.626052],[29.342035,-3.626472],[29.342002,-3.627049],[29.34183,-3.627364],[29.34184,-3.627679],[29.34184,-3.628443],[29.341602,-3.62851],[29.341384,-3.629484],[29.341346,-3.630333],[29.340918,-3.631278],[29.340908,-3.631708],[29.340775,-3.632309],[29.340785,-3.632719],[29.341174,-3.633693],[29.341089,-3.634332],[29.340861,-3.635048],[29.340442,-3.635277],[29.339938,-3.635726],[29.33991,-3.636194],[29.340252,-3.636794],[29.340205,-3.638294],[29.339977,-3.639239],[29.339635,-3.639907],[29.339549,-3.640518],[29.339017,-3.640929],[29.338712,-3.641177],[29.338113,-3.64174],[29.337486,-3.64237],[29.337087,-3.642914],[29.337182,-3.644566],[29.336982,-3.644928],[29.336602,-3.645157],[29.336507,-3.645415],[29.336231,-3.645921],[29.336022,-3.646532],[29.335889,-3.647133],[29.336278,-3.647658],[29.336312,-3.648562],[29.336457,-3.648957],[29.336786,-3.649588],[29.337107,-3.650026],[29.337493,-3.650528],[29.337729,-3.650944],[29.337858,-3.651324],[29.337872,-3.651733],[29.337465,-3.652307],[29.336657,-3.652809],[29.336364,-3.65286],[29.336136,-3.653175],[29.336064,-3.653426],[29.33615,-3.653677],[29.336293,-3.653943],[29.336357,-3.654273],[29.336229,-3.654947],[29.336115,-3.655019],[29.335943,-3.655657],[29.335579,-3.65603],[29.335279,-3.656274],[29.335143,-3.656848],[29.334757,-3.658061],[29.334557,-3.658678],[29.334242,-3.658893],[29.333971,-3.659309],[29.333713,-3.659711],[29.33332,-3.660371],[29.333306,-3.660737],[29.333156,-3.661074],[29.333049,-3.661404],[29.332991,-3.661813],[29.332798,-3.662272],[29.33227,-3.663155],[29.332398,-3.664439],[29.331891,-3.665013],[29.331812,-3.665207],[29.331705,-3.665795],[29.331812,-3.666283],[29.331727,-3.666728],[29.331762,-3.667417],[29.331569,-3.668077],[29.331491,-3.668801],[29.331505,-3.669432],[29.331498,-3.670071],[29.331412,-3.670516],[29.331398,-3.670968],[29.331805,-3.671592],[29.331319,-3.67223],[29.330926,-3.673099],[29.330426,-3.673486],[29.330247,-3.673773],[29.330019,-3.67401],[29.329554,-3.674196],[29.329611,-3.674426],[29.329454,-3.674799],[29.329318,-3.67533],[29.32924,-3.675804],[29.329225,-3.676334],[29.328954,-3.676693],[29.328775,-3.67703],[29.328589,-3.677203],[29.328375,-3.67777],[29.327904,-3.678172],[29.327532,-3.678423],[29.327296,-3.678767],[29.327268,-3.679083],[29.327439,-3.679477],[29.327825,-3.680252],[29.328025,-3.680554],[29.327989,-3.680862],[29.327732,-3.681364],[29.327604,-3.681946],[29.327018,-3.682634],[29.326825,-3.68295],[29.326089,-3.683954],[29.32611,-3.684356],[29.32636,-3.685052],[29.326403,-3.685497],[29.326332,-3.685906],[29.32596,-3.686351],[29.325195,-3.686903],[29.325124,-3.687233],[29.32486,-3.687491],[29.324374,-3.687793],[29.324216,-3.688144],[29.324452,-3.688833],[29.324259,-3.689271],[29.324009,-3.689852],[29.323859,-3.690576],[29.32373,-3.691408],[29.32328,-3.69181],[29.322901,-3.69204],[29.322329,-3.692284],[29.321693,-3.692492],[29.321415,-3.692786],[29.321279,-3.692979],[29.321193,-3.693388],[29.320972,-3.693668],[29.320943,-3.693977],[29.320779,-3.694278],[29.3207,-3.694694],[29.320536,-3.695024],[29.3204,-3.695275],[29.320364,-3.695627],[29.320372,-3.6961],[29.320279,-3.69643],[29.320179,-3.696897],[29.320207,-3.69722],[29.320243,-3.697542],[29.320114,-3.697743],[29.320036,-3.698059],[29.319993,-3.698375],[29.32,-3.698669],[29.319893,-3.699006],[29.319829,-3.699509],[29.319886,-3.699853],[29.319864,-3.700133],[29.320154,-3.700901],[29.3204,-3.701361],[29.320465,-3.702019],[29.320621,-3.702578],[29.320482,-3.703013],[29.320662,-3.704255],[29.320498,-3.704789],[29.320228,-3.705298],[29.319679,-3.705825],[29.319147,-3.70663],[29.318525,-3.707164],[29.317624,-3.708019],[29.317231,-3.708455],[29.316609,-3.709022],[29.316036,-3.709334],[29.315217,-3.709622],[29.314415,-3.709934],[29.314154,-3.710156],[29.313843,-3.710501],[29.31363,-3.711003],[29.313384,-3.711471],[29.312909,-3.712022],[29.312598,-3.712425],[29.312377,-3.712975],[29.312082,-3.714044],[29.311903,-3.714874],[29.311542,-3.715383],[29.311174,-3.715597],[29.310781,-3.715761],[29.310527,-3.716057],[29.310495,-3.716279],[29.31065,-3.716542],[29.310691,-3.716863],[29.310847,-3.717298],[29.311338,-3.717882],[29.311289,-3.718326],[29.311223,-3.719526],[29.311215,-3.720208],[29.311354,-3.720643],[29.311248,-3.721169],[29.311428,-3.721465],[29.311559,-3.721975],[29.311608,-3.722682],[29.311739,-3.723035],[29.311845,-3.723545],[29.311919,-3.7238],[29.311824,-3.724243],[29.311886,-3.724539],[29.311845,-3.724926],[29.31182,-3.725427],[29.311739,-3.725904],[29.311362,-3.72638],[29.311035,-3.726578],[29.311022,-3.726694],[29.311206,-3.726816],[29.311567,-3.727087],[29.311755,-3.727457],[29.312017,-3.727827],[29.312,-3.728189],[29.312033,-3.728484],[29.312203,-3.728942],[29.312267,-3.72933],[29.31208,-3.729666],[29.312045,-3.730042],[29.312121,-3.730442],[29.311998,-3.731007],[29.312051,-3.73133],[29.312171,-3.731394],[29.316617,-3.732858],[29.317556,-3.733236],[29.318668,-3.733974],[29.319038,-3.734406],[29.319217,-3.734982],[29.319713,-3.735637],[29.319791,-3.735907],[29.320204,-3.736339],[29.320216,-3.736513],[29.320096,-3.736675],[29.319929,-3.736639],[29.319549,-3.736434],[29.319589,-3.736686],[29.320282,-3.737034],[29.320969,-3.737286],[29.321991,-3.737862],[29.322446,-3.738031],[29.322912,-3.738379],[29.323982,-3.739117],[29.324358,-3.739315],[29.325075,-3.739807],[29.325535,-3.740185],[29.325583,-3.740503],[29.325667,-3.741469],[29.325733,-3.741751],[29.325739,-3.742219],[29.325888,-3.742903],[29.326229,-3.743671],[29.327233,-3.744319],[29.327926,-3.744973],[29.32829,-3.745141],[29.328517,-3.745309],[29.328768,-3.745891],[29.329109,-3.746119],[29.329444,-3.746534],[29.329982,-3.747062],[29.330179,-3.747806],[29.330663,-3.74843],[29.330759,-3.7487],[29.330759,-3.748856],[29.330567,-3.749192],[29.33034,-3.749588],[29.330239,-3.749996],[29.32985,-3.750416],[29.329856,-3.751286],[29.330041,-3.751658],[29.330365,-3.752276],[29.330413,-3.753033],[29.330656,-3.753325],[29.330727,-3.753569],[29.331254,-3.75397],[29.331746,-3.754381],[29.331926,-3.75461],[29.332208,-3.754933],[29.33238,-3.75558],[29.332427,-3.755832],[29.33231,-3.75625],[29.332372,-3.756479],[29.332655,-3.756723],[29.332694,-3.757456],[29.332514,-3.758016],[29.332498,-3.758584],[29.332858,-3.758939],[29.332937,-3.759191],[29.333085,-3.759388],[29.333101,-3.759554],[29.33296,-3.759893],[29.332991,-3.760594],[29.333117,-3.760918],[29.333117,-3.761146],[29.33361,-3.761746],[29.333642,-3.762093],[29.333861,-3.762353],[29.333799,-3.7627],[29.334002,-3.763638],[29.33423,-3.764159],[29.334292,-3.764498],[29.334269,-3.76501],[29.334339,-3.765444],[29.334386,-3.765972],[29.334543,-3.766508],[29.33459,-3.766903],[29.33452,-3.767242],[29.334292,-3.767699],[29.333979,-3.768149],[29.333493,-3.768724],[29.332858,-3.769268],[29.332325,-3.769663],[29.331565,-3.770096],[29.331189,-3.770372],[29.330915,-3.770609],[29.330711,-3.770869],[29.330656,-3.771287],[29.330821,-3.771736],[29.330962,-3.771997],[29.331142,-3.772194],[29.3313,-3.772388],[29.331769,-3.772888],[29.331651,-3.77329],[29.332145,-3.773771],[29.332756,-3.774378],[29.332795,-3.774678],[29.33325,-3.77523],[29.333728,-3.775632],[29.334199,-3.776038],[29.334141,-3.776261],[29.334208,-3.776462],[29.334425,-3.776742],[29.334589,-3.776948],[29.334713,-3.777224],[29.335089,-3.777679],[29.335493,-3.778045],[29.335931,-3.77833],[29.335949,-3.778669],[29.336186,-3.778719],[29.33652,-3.778977],[29.336441,-3.77911],[29.336388,-3.779315],[29.336503,-3.77944],[29.336786,-3.77936],[29.336995,-3.779454],[29.33709,-3.779804],[29.337331,-3.779849],[29.338089,-3.780401],[29.338957,-3.781155],[29.338997,-3.781345],[29.338838,-3.781554],[29.338794,-3.781991],[29.339059,-3.78233],[29.339163,-3.782645],[29.339063,-3.782867],[29.33932,-3.783194],[29.339393,-3.783511],[29.339299,-3.783785],[29.339566,-3.784255],[29.339729,-3.784909],[29.339892,-3.785727],[29.34017,-3.786228],[29.340044,-3.786957],[29.339803,-3.787194],[29.339771,-3.787453],[29.339572,-3.787643],[29.33954,-3.787891],[29.339582,-3.788123],[29.339551,-3.788297],[29.339703,-3.788419],[29.339692,-3.788567],[29.339587,-3.788699],[29.339871,-3.7891],[29.339907,-3.789496],[29.33995,-3.790297],[29.33984,-3.790519],[29.339793,-3.790714],[29.339974,-3.790884],[29.339962,-3.791378],[29.340322,-3.791873],[29.340214,-3.792162],[29.340274,-3.792693],[29.340358,-3.793465],[29.340681,-3.793875],[29.341077,-3.794526],[29.341412,-3.795443],[29.341664,-3.79572],[29.342251,-3.796046],[29.342886,-3.796504],[29.343318,-3.796854],[29.343965,-3.797372],[29.34418,-3.797782],[29.344204,-3.798265],[29.344037,-3.798542],[29.344025,-3.798843],[29.34466,-3.799651],[29.344624,-3.800315],[29.344469,-3.80064],[29.344445,-3.800942],[29.3446,-3.801147],[29.344648,-3.801545],[29.345116,-3.802268],[29.345463,-3.802594],[29.345895,-3.803113],[29.345955,-3.803607],[29.346182,-3.80415],[29.346601,-3.804789],[29.346673,-3.805247],[29.346625,-3.805657],[29.346577,-3.8062],[29.346637,-3.806489],[29.346601,-3.807237],[29.346601,-3.808298],[29.34617,-3.808587],[29.346254,-3.809082],[29.346398,-3.809419],[29.346817,-3.810107],[29.347356,-3.810674],[29.347344,-3.811035],[29.347058,-3.811671],[29.346781,-3.812169],[29.346116,-3.812822],[29.345487,-3.813206],[29.345149,-3.813661],[29.345028,-3.814585],[29.345475,-3.815072],[29.345451,-3.815485],[29.345391,-3.816069],[29.346188,-3.816969],[29.346176,-3.817565],[29.34643,-3.817991],[29.346732,-3.818392],[29.346853,-3.81872],[29.347482,-3.819341],[29.34788,-3.819985],[29.347965,-3.820788],[29.347747,-3.821274],[29.347711,-3.821603],[29.348303,-3.821822],[29.348775,-3.822515],[29.34985,-3.823074],[29.350842,-3.823464],[29.352002,-3.823877],[29.352715,-3.823986],[29.354407,-3.824778],[29.354866,-3.825094],[29.354903,-3.82541],[29.355616,-3.825945],[29.356595,-3.826529],[29.356933,-3.826857],[29.357018,-3.82738],[29.357356,-3.827916],[29.357839,-3.828402],[29.358009,-3.828974],[29.357839,-3.829375],[29.35796,-3.829813],[29.357948,-3.830409],[29.357888,-3.831905],[29.358323,-3.832355],[29.358275,-3.832586],[29.358734,-3.833084],[29.358806,-3.83379],[29.359131,-3.834435],[29.359535,-3.835236],[29.359363,-3.835505],[29.359471,-3.835906],[29.359496,-3.836283],[29.35981,-3.837232],[29.360728,-3.837548],[29.361478,-3.837974],[29.362046,-3.838412],[29.362505,-3.838898],[29.362566,-3.839859],[29.362517,-3.84082],[29.362626,-3.841683],[29.362722,-3.842778],[29.363049,-3.844201],[29.364112,-3.844979],[29.364825,-3.845685],[29.365116,-3.846074],[29.365128,-3.846415],[29.365442,-3.846986],[29.365696,-3.847692],[29.365345,-3.848652],[29.365164,-3.850112],[29.364983,-3.851219],[29.364656,-3.851948],[29.364209,-3.85252],[29.363835,-3.852824],[29.363835,-3.853189],[29.364427,-3.854028],[29.36508,-3.854649],[29.366034,-3.855172],[29.366167,-3.855427],[29.366989,-3.855962],[29.367183,-3.856339],[29.366977,-3.85651],[29.367074,-3.856826],[29.367219,-3.857093],[29.367122,-3.857483],[29.367026,-3.857908],[29.367291,-3.858188],[29.368283,-3.858577],[29.369262,-3.858942],[29.370047,-3.859198],[29.3707,-3.859404],[29.371558,-3.859854],[29.372295,-3.860487],[29.372392,-3.860852],[29.372295,-3.861204],[29.372501,-3.861752],[29.373081,-3.862263],[29.373093,-3.8627],[29.37348,-3.863077],[29.37377,-3.863576],[29.373903,-3.864087],[29.373782,-3.864525],[29.374157,-3.864963],[29.374193,-3.865121],[29.373951,-3.86534],[29.374108,-3.865595],[29.37487,-3.866057],[29.375861,-3.866945],[29.376719,-3.867541],[29.377021,-3.868259],[29.377287,-3.868757],[29.377203,-3.869061],[29.377819,-3.869645],[29.378049,-3.870496],[29.378041,-3.870616],[29.377919,-3.870709],[29.377886,-3.870875],[29.378264,-3.871221],[29.378991,-3.871889],[29.379083,-3.872343],[29.379166,-3.872675],[29.379093,-3.873349],[29.378943,-3.873539],[29.378933,-3.873715],[29.379224,-3.874027],[29.379855,-3.874667],[29.380291,-3.875086],[29.380325,-3.87553],[29.380446,-3.875765],[29.380704,-3.876292],[29.38082,-3.876736],[29.380718,-3.876955],[29.380369,-3.877214],[29.380607,-3.877306],[29.380713,-3.877458],[29.380752,-3.878121],[29.381266,-3.878678],[29.381397,-3.87901],[29.381615,-3.879249],[29.381547,-3.879488],[29.382095,-3.879864],[29.382676,-3.880422],[29.382766,-3.880833],[29.383016,-3.881199],[29.382789,-3.881461],[29.383152,-3.881758],[29.383334,-3.882283],[29.383821,-3.882979],[29.384559,-3.883653],[29.385307,-3.884349],[29.38533,-3.8846],[29.385716,-3.885159],[29.386657,-3.886061],[29.387017,-3.886883],[29.386799,-3.887186],[29.387242,-3.88758],[29.387531,-3.887971],[29.387484,-3.888244],[29.387756,-3.888761],[29.388069,-3.889326],[29.388169,-3.889695],[29.388281,-3.890022],[29.387886,-3.89061],[29.387602,-3.891169],[29.387738,-3.891614],[29.387957,-3.891888],[29.388299,-3.892691],[29.38853,-3.893178],[29.388612,-3.89407],[29.389126,-3.89407],[29.389439,-3.894587],[29.389953,-3.895074],[29.390096,-3.895431],[29.390025,-3.895794],[29.390244,-3.896281],[29.390084,-3.896608],[29.390161,-3.896941],[29.39071,-3.897387],[29.390811,-3.897637],[29.391443,-3.897964],[29.392246,-3.898303],[29.392932,-3.898534],[29.393404,-3.898683],[29.393818,-3.898873],[29.394379,-3.899058],[29.395631,-3.899575],[29.396317,-3.89983],[29.396771,-3.900193],[29.396807,-3.900377],[29.397067,-3.900484],[29.397126,-3.9003],[29.397622,-3.900431],[29.398101,-3.900716],[29.398124,-3.9009],[29.398101,-3.901132],[29.398951,-3.901893],[29.399234,-3.902267],[29.399229,-3.902493],[29.399489,-3.902874],[29.399719,-3.903129],[29.399754,-3.903504],[29.39963,-3.903831],[29.399654,-3.904128],[29.399624,-3.904342],[29.399494,-3.904515],[29.399813,-3.904842],[29.400351,-3.905347],[29.400729,-3.905799],[29.401107,-3.906399],[29.401255,-3.906821],[29.401284,-3.907255],[29.401261,-3.907601],[29.401137,-3.908124],[29.400971,-3.908605],[29.400918,-3.909152],[29.400747,-3.909634],[29.400546,-3.910086],[29.400304,-3.910466],[29.40018,-3.910674],[29.400186,-3.910983],[29.400351,-3.911471],[29.400434,-3.911632],[29.400476,-3.912131],[29.400724,-3.912827],[29.401049,-3.913338],[29.40135,-3.913748],[29.401539,-3.914063],[29.401592,-3.914337],[29.401492,-3.914753],[29.401746,-3.914913],[29.401769,-3.915169],[29.401876,-3.915365],[29.402254,-3.915567],[29.402697,-3.915989],[29.403081,-3.916358],[29.403205,-3.916619],[29.403405,-3.916827],[29.403612,-3.916988],[29.403819,-3.917445],[29.404237,-3.917821],[29.405585,-3.918985],[29.406082,-3.919568],[29.406353,-3.920222],[29.406643,-3.92037],[29.406767,-3.920644],[29.406997,-3.920887],[29.407068,-3.92106],[29.406796,-3.921251],[29.407003,-3.921619],[29.407222,-3.922035],[29.407931,-3.922653],[29.408309,-3.923099],[29.408534,-3.923741],[29.408746,-3.923907],[29.408811,-3.924436],[29.409154,-3.925221],[29.409184,-3.925834],[29.409207,-3.926345],[29.408982,-3.927165],[29.408944,-3.927587],[29.408829,-3.928105],[29.408799,-3.92842],[29.408433,-3.929032],[29.408037,-3.929656],[29.407748,-3.929977],[29.408132,-3.930019],[29.408279,-3.930185],[29.408283,-3.930494],[29.408241,-3.930793],[29.408057,-3.931044],[29.408128,-3.93159],[29.408189,-3.932155],[29.408349,-3.93271],[29.408651,-3.932805],[29.408793,-3.932995],[29.40883,-3.933204],[29.408873,-3.93355],[29.408986,-3.93392],[29.409014,-3.93421],[29.408835,-3.934409],[29.40884,-3.934646],[29.409014,-3.934917],[29.409062,-3.93571],[29.409231,-3.936118],[29.409552,-3.936754],[29.409661,-3.9372],[29.409646,-3.937447],[29.409392,-3.937774],[29.409354,-3.938073],[29.409519,-3.938334],[29.409241,-3.938605],[29.40926,-3.938757],[29.409458,-3.938818],[29.409481,-3.938961],[29.409274,-3.939089],[29.409241,-3.939179],[29.409552,-3.93944],[29.409453,-3.939749],[29.40925,-3.939777],[29.409213,-3.940038],[29.409453,-3.94029],[29.409288,-3.94076],[29.409132,-3.940869],[29.409033,-3.941087],[29.409203,-3.941628],[29.409467,-3.941676],[29.409604,-3.941823],[29.409666,-3.942255],[29.409779,-3.942426],[29.410024,-3.943312],[29.410397,-3.94393],[29.410755,-3.944997],[29.411293,-3.946269],[29.411661,-3.946953],[29.412099,-3.947508],[29.412028,-3.948045],[29.412245,-3.949023],[29.412278,-3.949578],[29.412429,-3.94991],[29.4125,-3.95028],[29.412651,-3.950958],[29.412901,-3.951813],[29.413141,-3.952098],[29.413297,-3.952382],[29.413382,-3.952767],[29.413368,-3.953208],[29.413566,-3.953659],[29.413547,-3.954072],[29.41374,-3.954086],[29.413901,-3.954205],[29.413995,-3.954153],[29.413783,-3.95373],[29.413759,-3.953503],[29.413651,-3.953384],[29.413646,-3.953137],[29.413561,-3.952933],[29.413646,-3.952615],[29.413566,-3.952273],[29.413283,-3.952003],[29.413042,-3.951746],[29.413042,-3.951277],[29.413127,-3.951224],[29.413231,-3.951272],[29.413401,-3.951599],[29.41366,-3.951917],[29.413934,-3.952387],[29.414334,-3.953014],[29.414709,-3.953407],[29.414837,-3.953758],[29.414923,-3.954259],[29.414942,-3.954668],[29.414971,-3.955318],[29.414961,-3.95553],[29.414765,-3.955824],[29.414511,-3.95593],[29.414463,-3.956257],[29.414286,-3.956445],[29.414219,-3.956609],[29.41398,-3.957066],[29.413769,-3.957081],[29.413401,-3.956749],[29.413291,-3.956498],[29.413678,-3.956243],[29.413645,-3.956132],[29.413769,-3.955949],[29.413583,-3.955915],[29.413391,-3.956007],[29.413114,-3.956397],[29.413023,-3.956672],[29.413262,-3.957293],[29.413209,-3.957697],[29.413434,-3.958155],[29.41363,-3.958646],[29.413779,-3.958954],[29.414817,-3.959393],[29.41577,-3.959845],[29.416779,-3.96038],[29.417148,-3.960703],[29.417694,-3.961098],[29.417684,-3.961367],[29.418105,-3.961439],[29.418326,-3.961675],[29.418608,-3.961804],[29.418938,-3.962017],[29.418957,-3.962359],[29.419187,-3.962562],[29.419733,-3.963053],[29.420015,-3.963014],[29.420149,-3.963313],[29.420426,-3.963404],[29.420623,-3.963274],[29.42069,-3.963024],[29.421106,-3.962788],[29.421642,-3.9626],[29.422125,-3.962619],[29.422776,-3.962749],[29.42347,-3.962826],[29.424389,-3.963009],[29.425313,-3.963375],[29.425858,-3.963679],[29.425858,-3.964141],[29.426729,-3.964738],[29.42782,-3.965417],[29.428696,-3.965961],[29.429275,-3.9664],[29.429935,-3.966871],[29.430725,-3.967512],[29.431055,-3.967931],[29.43106,-3.968436],[29.431338,-3.968908],[29.431385,-3.969236],[29.431974,-3.969833],[29.433352,-3.971562],[29.434004,-3.972415],[29.434602,-3.973725],[29.435157,-3.97515],[29.435362,-3.975997],[29.435506,-3.977153],[29.435506,-3.978198],[29.435391,-3.979248],[29.435085,-3.979734],[29.434865,-3.980486],[29.434425,-3.981459],[29.433673,-3.982692],[29.432931,-3.984102],[29.432323,-3.984762],[29.431965,-3.985044],[29.431706,-3.985374],[29.431084,-3.985441],[29.431515,-3.985566],[29.431486,-3.986134],[29.431208,-3.986616],[29.431036,-3.986558],[29.431108,-3.986356],[29.43095,-3.986178],[29.430802,-3.986159],[29.430648,-3.986433],[29.430711,-3.986699],[29.430773,-3.987011],[29.430835,-3.98731],[29.430945,-3.9877],[29.430481,-3.987662],[29.430275,-3.987628],[29.430199,-3.987835],[29.429931,-3.988095],[29.429902,-3.988355],[29.429763,-3.98822],[29.429758,-3.98797],[29.429768,-3.987719],[29.429715,-3.987503],[29.429888,-3.987488],[29.429959,-3.987382],[29.429835,-3.987209],[29.429404,-3.987233],[29.429189,-3.987382],[29.429261,-3.98808],[29.429184,-3.988244],[29.429079,-3.98875],[29.428883,-3.988942],[29.428906,-3.989361],[29.429152,-3.989899],[29.429188,-3.990526],[29.428935,-3.991426],[29.428827,-3.992293],[29.428655,-3.993052],[29.428412,-3.993579],[29.428019,-3.993924],[29.42727,-3.994664],[29.42632,-3.995879],[29.426074,-3.996199],[29.426233,-3.9966],[29.426281,-3.996992],[29.426161,-3.997432],[29.426042,-3.997792],[29.426169,-3.998096],[29.426249,-3.998408],[29.426066,-3.998832],[29.42613,-3.999257],[29.426415,-3.999961],[29.426503,-4.000313],[29.426313,-4.000729],[29.426551,-4.000985],[29.426811,-4.002286],[29.427029,-4.00258],[29.427224,-4.003086],[29.427269,-4.003449],[29.42739,-4.003698],[29.427405,-4.00397],[29.427149,-4.004113],[29.427029,-4.004325],[29.426773,-4.004544],[29.426645,-4.004929],[29.426397,-4.005443],[29.426201,-4.005669],[29.426036,-4.0061],[29.425953,-4.006689],[29.426163,-4.007029],[29.426276,-4.007368],[29.426306,-4.007746],[29.426261,-4.00801],[29.426382,-4.008244],[29.426705,-4.008426],[29.427096,-4.00866],[29.427307,-4.008894],[29.427548,-4.009113],[29.427638,-4.009324],[29.427977,-4.009423],[29.428488,-4.009551],[29.428714,-4.009823],[29.429293,-4.009974],[29.429948,-4.010019],[29.431061,-4.010042],[29.431746,-4.010193],[29.432348,-4.010306],[29.432867,-4.010465],[29.433281,-4.010623],[29.434192,-4.010819],[29.43514,-4.011182],[29.435945,-4.011582],[29.436728,-4.011952],[29.437856,-4.012601],[29.438639,-4.013326],[29.439466,-4.014104],[29.440249,-4.014807],[29.440956,-4.015456],[29.441423,-4.015849],[29.441791,-4.016211],[29.441889,-4.016566],[29.442213,-4.016891],[29.442638,-4.017354],[29.442852,-4.017646],[29.442829,-4.017911],[29.443063,-4.018266],[29.443123,-4.01859],[29.443469,-4.018991],[29.443506,-4.019225],[29.443379,-4.019519],[29.443785,-4.020033],[29.444116,-4.020773],[29.44398,-4.021173],[29.444462,-4.022011],[29.445102,-4.022706],[29.445493,-4.023325],[29.445794,-4.023887],[29.446302,-4.024836],[29.446836,-4.025833],[29.446975,-4.0266],[29.447278,-4.027194],[29.447608,-4.027594],[29.447429,-4.027801],[29.447801,-4.028602],[29.44831,-4.029775],[29.448832,-4.030728],[29.449355,-4.031128],[29.449534,-4.031446],[29.449327,-4.031639],[29.449356,-4.031891],[29.449556,-4.032303],[29.449938,-4.032691],[29.450285,-4.032784],[29.450427,-4.033015],[29.450378,-4.033324],[29.450632,-4.033432],[29.45071,-4.033736],[29.450696,-4.034163],[29.450794,-4.034632],[29.450965,-4.035169],[29.451126,-4.035381],[29.451336,-4.035461],[29.451752,-4.035788],[29.452464,-4.03655],[29.453092,-4.03701],[29.456147,-4.039949],[29.456548,-4.040475],[29.456607,-4.040887],[29.456998,-4.041294],[29.457536,-4.041858],[29.457938,-4.042629],[29.458037,-4.043065],[29.458053,-4.043575],[29.458304,-4.043838],[29.458482,-4.044237],[29.458398,-4.044521],[29.458744,-4.044989],[29.459126,-4.045494],[29.459336,-4.046219],[29.459346,-4.046566],[29.459121,-4.046702],[29.459126,-4.046844],[29.459242,-4.046934],[29.459231,-4.047969],[29.459153,-4.048526],[29.459184,-4.048837],[29.459498,-4.049604],[29.459462,-4.049793],[29.459682,-4.050103],[29.459771,-4.050371],[29.45976,-4.050918],[29.459891,-4.051344],[29.46015,-4.052107],[29.46015,-4.052786],[29.460212,-4.053674],[29.460493,-4.054426],[29.46041,-4.054885],[29.460837,-4.056484],[29.461492,-4.057821],[29.462169,-4.058824],[29.462408,-4.059566],[29.462336,-4.060015],[29.462086,-4.060537],[29.462325,-4.061572],[29.462231,-4.06199],[29.462284,-4.062794],[29.462658,-4.063588],[29.463324,-4.064267],[29.464011,-4.064717],[29.464417,-4.06504],[29.464959,-4.065479],[29.465521,-4.065866],[29.466322,-4.065876],[29.467571,-4.066075],[29.46855,-4.066461],[29.469976,-4.067057],[29.470934,-4.067715],[29.471683,-4.068258],[29.472152,-4.068875],[29.472381,-4.06922],[29.472641,-4.069408],[29.472818,-4.069815],[29.473026,-4.070244],[29.473151,-4.070964],[29.47339,-4.071414],[29.473338,-4.071727],[29.473859,-4.072939],[29.474077,-4.073284],[29.474109,-4.07458],[29.474369,-4.075102],[29.474577,-4.07529],[29.474671,-4.075541],[29.474827,-4.075666],[29.474879,-4.076],[29.474567,-4.076189],[29.474481,-4.076374],[29.474616,-4.076925],[29.474864,-4.077535],[29.474984,-4.077799],[29.475285,-4.078191],[29.47545,-4.078605],[29.47545,-4.07911],[29.475593,-4.079352],[29.475675,-4.079804],[29.47578,-4.080324],[29.475645,-4.080573],[29.475698,-4.080806],[29.475885,-4.08055],[29.475976,-4.080852],[29.476043,-4.081123],[29.476494,-4.081183],[29.477207,-4.0815],[29.478071,-4.081914],[29.478475,-4.082292],[29.478604,-4.08254],[29.478394,-4.082556],[29.478394,-4.082669],[29.479032,-4.08343],[29.47949,-4.083958],[29.480399,-4.084787],[29.481,-4.085359],[29.481338,-4.085736],[29.48151,-4.086008],[29.481713,-4.085864],[29.481871,-4.08594],[29.482321,-4.086377],[29.482374,-4.086694],[29.48299,-4.087244],[29.483478,-4.087674],[29.483913,-4.088247],[29.484084,-4.088505],[29.484326,-4.088548],[29.484454,-4.088427],[29.484585,-4.088596],[29.484567,-4.088782],[29.484341,-4.088857],[29.484619,-4.089106],[29.484859,-4.088932],[29.485092,-4.089234],[29.485364,-4.089586],[29.4854,-4.08989],[29.485288,-4.090229],[29.485708,-4.090771],[29.486256,-4.091472],[29.486722,-4.092],[29.487248,-4.092437],[29.487646,-4.09298],[29.488397,-4.094224],[29.488779,-4.094962],[29.48908,-4.095655],[29.48923,-4.096213],[29.48935,-4.09711],[29.489448,-4.097705],[29.489718,-4.098655],[29.490169,-4.099741],[29.490281,-4.100057],[29.490454,-4.100932],[29.490522,-4.101701],[29.490394,-4.101874],[29.490229,-4.101693],[29.490109,-4.101211],[29.490034,-4.101294],[29.489981,-4.102093],[29.490176,-4.102304],[29.490184,-4.102658],[29.490379,-4.102778],[29.490319,-4.103283],[29.490462,-4.103299],[29.490522,-4.103148],[29.4908,-4.103216],[29.491768,-4.104143],[29.492242,-4.104738],[29.492587,-4.105145],[29.493075,-4.105869],[29.493601,-4.106841],[29.494046,-4.108183],[29.494052,-4.108507],[29.49439,-4.109404],[29.494555,-4.110226],[29.4946,-4.110776],[29.494795,-4.11113],[29.49475,-4.1115],[29.494615,-4.111733],[29.494832,-4.112102],[29.494915,-4.112758],[29.494922,-4.113338],[29.495073,-4.113775],[29.495133,-4.114265],[29.495103,-4.115109],[29.49496,-4.115569],[29.495058,-4.115938],[29.495088,-4.116391],[29.495073,-4.116881],[29.495216,-4.117401],[29.496164,-4.118998],[29.49668,-4.119866],[29.496793,-4.120341],[29.497634,-4.121826],[29.497641,-4.122406],[29.497912,-4.12285],[29.49828,-4.123197],[29.498325,-4.123604],[29.499196,-4.124524],[29.499684,-4.125006],[29.499823,-4.12534],[29.499992,-4.125821],[29.499964,-4.126443],[29.500603,-4.12716],[29.500969,-4.127613],[29.501223,-4.128216],[29.501364,-4.128584],[29.501533,-4.12915],[29.501298,-4.13015],[29.501355,-4.131178],[29.501665,-4.131828],[29.501815,-4.132177],[29.501815,-4.133083],[29.501843,-4.133394],[29.502836,-4.134517],[29.503948,-4.135658],[29.504587,-4.136724],[29.505301,-4.137799],[29.505518,-4.138308],[29.505753,-4.139204],[29.505654,-4.140025],[29.505619,-4.140524],[29.506147,-4.140909],[29.506251,-4.141134],[29.506648,-4.141524],[29.506679,-4.141808],[29.506973,-4.142043],[29.507257,-4.142453],[29.507491,-4.142757],[29.507511,-4.143252],[29.507595,-4.143487],[29.507986,-4.144015],[29.508232,-4.144431],[29.508401,-4.145246],[29.508392,-4.14589],[29.508148,-4.147164],[29.508436,-4.147859],[29.5087,-4.149247],[29.508909,-4.150397],[29.508989,-4.151671],[29.508989,-4.152685],[29.508899,-4.153699],[29.509178,-4.154754],[29.509646,-4.156253],[29.50984,-4.157976],[29.50988,-4.159975],[29.509626,-4.160394],[29.509606,-4.160659],[29.509432,-4.160889],[29.509297,-4.161298],[29.509198,-4.161713],[29.508939,-4.162073],[29.508491,-4.162473],[29.508541,-4.163167],[29.50871,-4.163442],[29.508625,-4.163612],[29.508252,-4.164376],[29.508202,-4.164626],[29.508436,-4.164831],[29.508481,-4.165136],[29.50865,-4.165386],[29.508675,-4.165611],[29.508466,-4.165771],[29.508616,-4.166055],[29.508765,-4.16627],[29.50878,-4.166525],[29.50888,-4.166804],[29.509377,-4.167234],[29.509522,-4.167499],[29.510483,-4.168543],[29.510931,-4.168763],[29.511394,-4.169113],[29.511468,-4.169548],[29.511607,-4.169893],[29.512255,-4.170417],[29.512484,-4.170822],[29.512892,-4.171022],[29.51332,-4.171496],[29.513365,-4.171891],[29.513847,-4.17249],[29.514211,-4.17294],[29.514261,-4.173185],[29.51444,-4.173165],[29.51439,-4.17338],[29.514405,-4.173634],[29.514744,-4.174139],[29.515057,-4.174524],[29.515007,-4.174809],[29.515107,-4.174974],[29.51544,-4.175073],[29.515445,-4.175618],[29.515291,-4.175693],[29.515227,-4.175933],[29.515376,-4.176178],[29.515595,-4.176153],[29.515864,-4.176377],[29.515898,-4.176646],[29.516008,-4.176667],[29.516093,-4.176507],[29.516347,-4.176612],[29.516287,-4.176902],[29.51691,-4.177458],[29.517357,-4.177936],[29.517616,-4.178241],[29.517556,-4.178451],[29.517523,-4.178654],[29.517611,-4.178895],[29.517939,-4.179465],[29.518124,-4.179715],[29.518316,-4.179916],[29.518528,-4.180288],[29.51894,-4.180199],[29.519039,-4.180329],[29.519023,-4.180691],[29.519258,-4.180794],[29.519647,-4.181024],[29.519786,-4.181279],[29.520364,-4.181589],[29.520488,-4.181798],[29.520722,-4.181838],[29.52122,-4.182203],[29.521172,-4.182441],[29.521496,-4.182698],[29.524221,-4.184039],[29.526838,-4.185284],[29.529913,-4.186733],[29.531465,-4.18741],[29.531964,-4.187748],[29.533488,-4.18856],[29.534784,-4.18937],[29.536118,-4.19047],[29.536874,-4.19135],[29.537149,-4.192199],[29.537467,-4.19249],[29.537828,-4.192731],[29.538214,-4.1928],[29.538821,-4.192846],[29.539727,-4.192893],[29.540791,-4.193071],[29.542136,-4.193221],[29.543387,-4.193605],[29.544087,-4.193793],[29.544675,-4.19413],[29.545478,-4.194524],[29.546001,-4.194805],[29.546571,-4.195273],[29.547187,-4.195752],[29.547346,-4.196408],[29.54729,-4.197457],[29.547327,-4.198113],[29.547402,-4.198601],[29.547644,-4.199425],[29.547841,-4.200053],[29.547757,-4.20054],[29.547728,-4.200859],[29.547794,-4.201047],[29.548009,-4.201356],[29.547999,-4.201674],[29.547906,-4.202096],[29.547878,-4.202565],[29.548009,-4.203024],[29.547944,-4.203607],[29.547859,-4.204907],[29.547822,-4.20547],[29.547943,-4.205948],[29.548093,-4.206566],[29.54813,-4.207053],[29.548065,-4.207756],[29.547925,-4.208356],[29.547925,-4.208862],[29.547887,-4.209481],[29.547869,-4.209996],[29.547439,-4.21083],[29.54714,-4.211337],[29.546785,-4.21174],[29.546505,-4.212274],[29.546347,-4.21293],[29.545954,-4.213314],[29.545796,-4.213707],[29.545908,-4.214701],[29.54588,-4.215263],[29.54573,-4.215835],[29.545413,-4.216463],[29.545375,-4.216753],[29.54517,-4.217044],[29.545179,-4.217522],[29.545319,-4.217915],[29.545282,-4.218243],[29.545291,-4.218459],[29.545347,-4.218674],[29.545235,-4.218955],[29.545347,-4.21933],[29.545534,-4.219471],[29.545637,-4.219714],[29.545665,-4.219986],[29.54588,-4.220258],[29.546393,-4.220839],[29.547009,-4.221636],[29.547271,-4.221908],[29.547271,-4.222114],[29.547149,-4.222292],[29.549222,-4.225422],[29.549775,-4.226658],[29.549758,-4.227333],[29.549726,-4.228616],[29.549267,-4.229981],[29.548463,-4.231429],[29.547873,-4.232301],[29.546906,-4.234193],[29.5463,-4.234966],[29.546005,-4.235674],[29.545906,-4.236151],[29.545857,-4.236743],[29.546169,-4.237826],[29.547447,-4.239112],[29.548054,-4.239309],[29.549004,-4.239654],[29.549496,-4.240115],[29.550152,-4.241152],[29.550676,-4.242172],[29.551135,-4.242583],[29.553053,-4.24334],[29.553905,-4.243702],[29.55461,-4.244031],[29.554938,-4.244294],[29.555364,-4.244853],[29.555938,-4.245248],[29.5572,-4.246647],[29.557331,-4.24714],[29.5572,-4.248111],[29.557134,-4.248884],[29.557462,-4.249345],[29.557954,-4.250612],[29.557839,-4.250875],[29.55779,-4.251961],[29.557697,-4.25238],[29.557792,-4.253216],[29.558222,-4.2547],[29.558248,-4.255347],[29.559593,-4.256183],[29.561474,-4.257235],[29.562859,-4.258125],[29.564283,-4.259528],[29.565466,-4.260512],[29.566111,-4.261362],[29.566541,-4.262104],[29.566407,-4.262495],[29.566447,-4.262846],[29.566568,-4.263142],[29.56685,-4.26414],[29.566998,-4.265016],[29.566823,-4.26592],[29.566662,-4.266662],[29.566178,-4.267646],[29.565789,-4.268846],[29.565627,-4.269251],[29.565412,-4.269372],[29.565278,-4.269804],[29.564972,-4.271663],[29.564456,-4.273889],[29.564324,-4.274753],[29.564149,-4.2754],[29.564095,-4.275899],[29.563517,-4.277409],[29.563329,-4.277841],[29.563383,-4.278475],[29.563343,-4.278879],[29.563033,-4.279594],[29.56298,-4.279823],[29.563141,-4.280174],[29.563141,-4.280713],[29.563249,-4.281024],[29.563517,-4.281428],[29.563423,-4.281981],[29.563517,-4.282413],[29.563988,-4.282993],[29.564606,-4.284071],[29.564875,-4.284651],[29.564915,-4.28515],[29.564618,-4.285757],[29.564606,-4.286283],[29.564969,-4.287268],[29.56638,-4.2896],[29.566487,-4.2901],[29.566971,-4.290976],[29.567549,-4.291853],[29.568013,-4.292342],[29.568551,-4.293247],[29.568526,-4.294197],[29.568329,-4.294954],[29.567966,-4.295507],[29.567966,-4.296263],[29.568437,-4.297552],[29.569362,-4.299176],[29.56971,-4.299785],[29.569619,-4.300093],[29.569808,-4.300349],[29.570224,-4.300686],[29.570708,-4.301253],[29.570782,-4.301668],[29.571205,-4.302197],[29.571635,-4.302547],[29.571885,-4.303603],[29.572509,-4.30395],[29.57345,-4.304638],[29.574592,-4.305352],[29.575251,-4.305892],[29.575721,-4.306337],[29.575842,-4.306714],[29.576622,-4.307267],[29.580317,-4.310274],[29.58107,-4.311097],[29.581688,-4.31169],[29.582078,-4.312378],[29.582871,-4.313187],[29.583919,-4.314495],[29.584524,-4.315304],[29.584994,-4.315938],[29.585263,-4.316815],[29.585505,-4.317422],[29.585532,-4.318285],[29.585304,-4.31819],[29.585008,-4.318487],[29.585142,-4.319148],[29.585196,-4.319444],[29.5849,-4.31962],[29.584739,-4.319566],[29.584737,-4.320032],[29.584995,-4.320057],[29.585253,-4.320566],[29.58535,-4.320857],[29.585285,-4.321132],[29.585309,-4.321747],[29.585253,-4.322289],[29.585285,-4.323082],[29.584987,-4.32381],[29.584818,-4.32461],[29.584705,-4.324894],[29.584761,-4.325225],[29.584261,-4.325678],[29.583838,-4.325976],[29.583407,-4.32643],[29.583528,-4.326625],[29.583786,-4.326374],[29.583939,-4.326438],[29.583988,-4.326673],[29.58406,-4.326689],[29.584326,-4.326519],[29.584544,-4.326786],[29.584673,-4.327215],[29.584665,-4.327644],[29.5846,-4.327935],[29.584697,-4.328186],[29.5846,-4.328509],[29.584641,-4.328622],[29.584858,-4.328679],[29.584826,-4.329011],[29.585052,-4.329253],[29.584947,-4.329496],[29.584987,-4.329994],[29.585205,-4.329925],[29.585423,-4.329941],[29.585681,-4.329836],[29.5861,-4.33007],[29.586463,-4.330248],[29.586498,-4.330416],[29.586371,-4.330567],[29.586503,-4.331002],[29.586773,-4.331046],[29.587193,-4.331356],[29.587224,-4.331602],[29.586927,-4.331767],[29.58688,-4.33195],[29.586745,-4.33196],[29.586612,-4.331718],[29.586194,-4.331743],[29.586238,-4.331888],[29.586444,-4.332133],[29.586581,-4.332536],[29.586646,-4.332872],[29.58693,-4.333355],[29.586903,-4.333618],[29.587082,-4.334282],[29.587469,-4.334637],[29.587803,-4.33495],[29.588066,-4.335],[29.588764,-4.335461],[29.589248,-4.335785],[29.589498,-4.33581],[29.589825,-4.336061],[29.589932,-4.336504],[29.59031,-4.33678],[29.590791,-4.337138],[29.591511,-4.337023],[29.591695,-4.337096],[29.591472,-4.337306],[29.591518,-4.337512],[29.591695,-4.337731],[29.591876,-4.338049],[29.591883,-4.338384],[29.591758,-4.338698],[29.591818,-4.338958],[29.592599,-4.33952],[29.593672,-4.340165],[29.593707,-4.34035],[29.594012,-4.340509],[29.593879,-4.340656],[29.593905,-4.340789],[29.594032,-4.340805],[29.594164,-4.34073],[29.594424,-4.340877],[29.59456,-4.34115],[29.594881,-4.341608],[29.595105,-4.342038],[29.595202,-4.34247],[29.595559,-4.342903],[29.595747,-4.343092],[29.595998,-4.343606],[29.596073,-4.344551],[29.595983,-4.345039],[29.595497,-4.345279],[29.594824,-4.345917],[29.594719,-4.346165],[29.594256,-4.34681],[29.593912,-4.347103],[29.594637,-4.347853],[29.594689,-4.348513],[29.594884,-4.348731],[29.594981,-4.349256],[29.59522,-4.349466],[29.595594,-4.349256],[29.595916,-4.349414],[29.596215,-4.349338],[29.596626,-4.348933],[29.596771,-4.349111],[29.597277,-4.348963],[29.59772,-4.348834],[29.598291,-4.34878],[29.599,-4.349051],[29.600565,-4.349752],[29.601727,-4.350225],[29.604981,-4.351835],[29.607449,-4.352964],[29.611244,-4.354744],[29.616505,-4.357282],[29.618263,-4.358103],[29.619343,-4.3588],[29.622536,-4.360549],[29.625066,-4.361926],[29.62863,-4.364085],[29.631267,-4.365679],[29.633412,-4.36708],[29.634183,-4.367505],[29.634137,-4.367815],[29.634499,-4.368125],[29.634615,-4.368063],[29.635841,-4.368667],[29.635918,-4.369031],[29.636861,-4.369575],[29.63736,-4.369897],[29.638054,-4.370323],[29.638625,-4.370648],[29.638664,-4.370965],[29.639088,-4.371182],[29.639265,-4.371546],[29.640144,-4.372227],[29.641502,-4.373125],[29.642142,-4.373705],[29.64262,-4.373999],[29.642937,-4.373837],[29.643392,-4.374115],[29.643453,-4.374355],[29.647237,-4.377435],[29.648828,-4.378724],[29.649672,-4.379455],[29.649997,-4.379686],[29.649978,-4.380071],[29.650975,-4.38111],[29.65185,-4.381986],[29.652513,-4.382523],[29.652534,-4.382781],[29.653422,-4.38365],[29.654246,-4.38526],[29.655647,-4.386731],[29.656546,-4.387471],[29.657316,-4.388148],[29.658525,-4.389264],[29.658642,-4.389554],[29.659595,-4.390284],[29.659905,-4.390745],[29.660418,-4.391206],[29.660889,-4.392097],[29.661445,-4.392795],[29.66182,-4.393364],[29.662269,-4.39433],[29.662312,-4.395049],[29.662098,-4.395414],[29.662633,-4.396176],[29.662975,-4.396649],[29.662996,-4.397443],[29.66274,-4.398624],[29.662761,-4.3993],[29.662975,-4.399901],[29.663093,-4.400245],[29.663339,-4.400567],[29.663713,-4.401243],[29.663959,-4.401715],[29.663959,-4.401962],[29.663799,-4.402134],[29.663777,-4.40237],[29.663435,-4.402595],[29.66358,-4.403027],[29.663585,-4.403604],[29.664013,-4.404495],[29.665179,-4.405987],[29.666398,-4.408091],[29.666933,-4.409347],[29.666965,-4.409637],[29.667201,-4.410216],[29.667236,-4.4113],[29.667274,-4.412998],[29.667446,-4.413816],[29.667463,-4.414473],[29.667346,-4.414668],[29.667324,-4.415186],[29.667145,-4.415903],[29.667058,-4.416198],[29.666998,-4.416563],[29.666831,-4.416751],[29.666847,-4.416891],[29.666891,-4.417118],[29.666768,-4.417401],[29.666923,-4.417532],[29.666939,-4.417883],[29.666704,-4.418114],[29.666367,-4.418249],[29.666228,-4.418078],[29.665906,-4.418428],[29.665759,-4.418381],[29.665617,-4.418281],[29.665164,-4.418727],[29.665202,-4.418977],[29.664787,-4.419452],[29.664791,-4.419715],[29.664803,-4.420137],[29.664704,-4.420301],[29.66468,-4.420496],[29.664517,-4.421177],[29.664116,-4.421555],[29.664037,-4.422141],[29.663711,-4.422292],[29.663624,-4.422507],[29.663465,-4.422547],[29.663306,-4.422711],[29.663263,-4.423812],[29.663285,-4.424343],[29.66321,-4.42518],[29.663069,-4.425575],[29.663166,-4.426519],[29.662885,-4.426885],[29.663512,-4.428156],[29.663969,-4.429627],[29.664123,-4.430797],[29.665089,-4.433847],[29.665961,-4.43622],[29.666306,-4.438052],[29.666417,-4.439662],[29.666265,-4.441175],[29.665753,-4.44241],[29.665048,-4.44327],[29.664121,-4.444603],[29.663946,-4.444833],[29.665766,-4.446133],[29.668441,-4.447222],[29.670196,-4.447661],[29.670434,-4.4475],[29.672561,-4.446835],[29.673885,-4.447045],[29.679775,-4.450193],[29.681164,-4.450337],[29.682595,-4.451265],[29.683647,-4.45135],[29.684825,-4.450674],[29.685329,-4.450928],[29.686886,-4.452194],[29.689494,-4.450717],[29.690966,-4.450506],[29.692439,-4.451434],[29.692842,-4.451723],[29.6938,-4.45069],[29.696474,-4.448312],[29.698257,-4.447619],[29.70004,-4.448906],[29.700535,-4.451779],[29.700932,-4.455543],[29.701328,-4.457623],[29.702814,-4.457425],[29.7043,-4.455048],[29.706479,-4.450194],[29.708262,-4.447421],[29.709946,-4.447123],[29.712125,-4.447321],[29.713611,-4.448312],[29.717276,-4.452076],[29.721139,-4.457029],[29.723715,-4.459208],[29.725993,-4.459406],[29.729262,-4.458317],[29.731739,-4.457326],[29.733423,-4.457227],[29.734,-4.457481],[29.735899,-4.458317],[29.735922,-4.458331],[29.739762,-4.460694],[29.743964,-4.465087],[29.744121,-4.465251],[29.745041,-4.466414],[29.745066,-4.466414],[29.746748,-4.466541],[29.747169,-4.467342],[29.748137,-4.468693],[29.749273,-4.469326],[29.750156,-4.469072],[29.751418,-4.469748],[29.753774,-4.470001],[29.756859,-4.468981],[29.757989,-4.466836],[29.759475,-4.464755],[29.759632,-4.46453],[29.759978,-4.464014],[29.760121,-4.463878],[29.762563,-4.461561],[29.765262,-4.45829],[29.767626,-4.453964],[29.767695,-4.451427],[29.767699,-4.45127],[29.766921,-4.44967],[29.766905,-4.449674],[29.766537,-4.448918],[29.765368,-4.447918],[29.764355,-4.44705],[29.764007,-4.446669],[29.7639,-4.446552],[29.763249,-4.445838],[29.763009,-4.444257],[29.764135,-4.440824],[29.764272,-4.437665],[29.764046,-4.437037],[29.763925,-4.436701],[29.7639,-4.436633],[29.763601,-4.435804],[29.763331,-4.434131],[29.763431,-4.432521],[29.762757,-4.431341],[29.762699,-4.430411],[29.763635,-4.427999],[29.76386,-4.425987],[29.764606,-4.424845],[29.765504,-4.42395],[29.766065,-4.422683],[29.766568,-4.42061],[29.767389,-4.41991],[29.770656,-4.417128],[29.772325,-4.416423],[29.772949,-4.414722],[29.77392,-4.411444],[29.775313,-4.410303],[29.776389,-4.411237],[29.778297,-4.412299],[29.779463,-4.412135],[29.78086,-4.411938],[29.782623,-4.4108],[29.783035,-4.410288],[29.784733,-4.408176],[29.786218,-4.407316],[29.788229,-4.405899],[29.788917,-4.403827],[29.78929,-4.403253],[29.7896,-4.402777],[29.790961,-4.402102],[29.791648,-4.400215],[29.792633,-4.400684],[29.793838,-4.400349],[29.793975,-4.400069],[29.794429,-4.399143],[29.794869,-4.397349],[29.796178,-4.394646],[29.79767,-4.391569],[29.798352,-4.390921],[29.798673,-4.390039],[29.798914,-4.389375],[29.799817,-4.387273],[29.800996,-4.38576],[29.801037,-4.383376],[29.801427,-4.381818],[29.801634,-4.380993],[29.802691,-4.379016],[29.803345,-4.377655],[29.804893,-4.376299],[29.805988,-4.372835],[29.806859,-4.371011],[29.80788,-4.370334],[29.809245,-4.368729],[29.80945,-4.368246],[29.809743,-4.367555],[29.810893,-4.365701],[29.811364,-4.363814],[29.812573,-4.362487],[29.815045,-4.361475],[29.815567,-4.361973],[29.815709,-4.362186],[29.816518,-4.363402],[29.818027,-4.363997],[29.818833,-4.363589],[29.819604,-4.363198],[29.82032,-4.361745],[29.821439,-4.35983],[29.822273,-4.359586],[29.823109,-4.358722],[29.823878,-4.359438],[29.825268,-4.359041],[29.825914,-4.359415],[29.826868,-4.360132],[29.828194,-4.360075],[29.828499,-4.360944],[29.828032,-4.362026],[29.828213,-4.36274],[29.828244,-4.362863],[29.828898,-4.363085],[29.829354,-4.363239],[29.829943,-4.362406],[29.830529,-4.362532],[29.830551,-4.362857],[29.830587,-4.3634],[29.830338,-4.363987],[29.830242,-4.364668],[29.831445,-4.364735],[29.832433,-4.364677],[29.832923,-4.365609],[29.834835,-4.365771],[29.835263,-4.365785],[29.837149,-4.365843],[29.837886,-4.36659],[29.838157,-4.366731],[29.838902,-4.367121],[29.839789,-4.366691],[29.84017,-4.366507],[29.842238,-4.36636],[29.844522,-4.366153],[29.845168,-4.36662],[29.844918,-4.367301],[29.84433,-4.367763],[29.843588,-4.367977],[29.843309,-4.368471],[29.843369,-4.368781],[29.843663,-4.36893],[29.843985,-4.369094],[29.844601,-4.369406],[29.844831,-4.370002],[29.844936,-4.370275],[29.847055,-4.372854],[29.848221,-4.374191],[29.848126,-4.374934],[29.847453,-4.374931],[29.847494,-4.374945],[29.848423,-4.376306],[29.84883,-4.3763],[29.849606,-4.375095],[29.850281,-4.375934],[29.850029,-4.377203],[29.84987,-4.378442],[29.850179,-4.378889],[29.850493,-4.379343],[29.850514,-4.379374],[29.852026,-4.379194],[29.853479,-4.378705],[29.854467,-4.378554],[29.855454,-4.378651],[29.855512,-4.379395],[29.855941,-4.380078],[29.856806,-4.379989],[29.858354,-4.378787],[29.859498,-4.377987],[29.860144,-4.378578],[29.861131,-4.378613],[29.862212,-4.378431],[29.862518,-4.378928],[29.863474,-4.379118],[29.863999,-4.379028],[29.865266,-4.378475],[29.866004,-4.379129],[29.866306,-4.380834],[29.866747,-4.380808],[29.867293,-4.380776],[29.869272,-4.379762],[29.870265,-4.378589],[29.870302,-4.377041],[29.872058,-4.377544],[29.873063,-4.377713],[29.87372,-4.377824],[29.873754,-4.377829],[29.873768,-4.377795],[29.87416,-4.376778],[29.873824,-4.375971],[29.873102,-4.375803],[29.872467,-4.375656],[29.872298,-4.37537],[29.872231,-4.375257],[29.872192,-4.37519],[29.871394,-4.374041],[29.871186,-4.372243],[29.871255,-4.370354],[29.872342,-4.368779],[29.872626,-4.367169],[29.873521,-4.36708],[29.874878,-4.367179],[29.875684,-4.36647],[29.87652,-4.365637],[29.877876,-4.366045],[29.878895,-4.365987],[29.87961,-4.364721],[29.88029,-4.364259],[29.880565,-4.365034],[29.881207,-4.366369],[29.881972,-4.367983],[29.882744,-4.3678],[29.882965,-4.366562],[29.883279,-4.3652],[29.883346,-4.364055],[29.88301,-4.363062],[29.882675,-4.362131],[29.883116,-4.361473],[29.883358,-4.361112],[29.884568,-4.359475],[29.883527,-4.357612],[29.884827,-4.356441],[29.886342,-4.355765],[29.886256,-4.354155],[29.886629,-4.353881],[29.88768,-4.353107],[29.888265,-4.353264],[29.88814,-4.353729],[29.887798,-4.354378],[29.888445,-4.354535],[29.889247,-4.3546],[29.890608,-4.353832],[29.890618,-4.353814],[29.891168,-4.352781],[29.891016,-4.352161],[29.891698,-4.35142],[29.891546,-4.350738],[29.891981,-4.349965],[29.89272,-4.350433],[29.893458,-4.351118],[29.894324,-4.350688],[29.894817,-4.350721],[29.895185,-4.351249],[29.895772,-4.351158],[29.895773,-4.350848],[29.895715,-4.349888],[29.896271,-4.349766],[29.897008,-4.350606],[29.897374,-4.351785],[29.897923,-4.35315],[29.898786,-4.353556],[29.899186,-4.353805],[29.900455,-4.352819],[29.900769,-4.35152],[29.900339,-4.350929],[29.900834,-4.35056],[29.901637,-4.350563],[29.902316,-4.350349],[29.902998,-4.34967],[29.903709,-4.349301],[29.904635,-4.349212],[29.90587,-4.349094],[29.906732,-4.349438],[29.907445,-4.348852],[29.908035,-4.34774],[29.908348,-4.346657],[29.908906,-4.346009],[29.909702,-4.346474],[29.909707,-4.346476],[29.909887,-4.347685],[29.910128,-4.349049],[29.910773,-4.349888],[29.911244,-4.34989],[29.911914,-4.349893],[29.913304,-4.349558],[29.91275,-4.349215],[29.911488,-4.348435],[29.912509,-4.347758],[29.912913,-4.347016],[29.914117,-4.346959],[29.914826,-4.34721],[29.915385,-4.346345],[29.915817,-4.346161],[29.916217,-4.34641],[29.916492,-4.347217],[29.917046,-4.347436],[29.917573,-4.347004],[29.917794,-4.345797],[29.918473,-4.345676],[29.918872,-4.346266],[29.919858,-4.346425],[29.920877,-4.346243],[29.921495,-4.346029],[29.922823,-4.345756],[29.924647,-4.344989],[29.925977,-4.344282],[29.926937,-4.343356],[29.927039,-4.341003],[29.928306,-4.340605],[29.929383,-4.341136],[29.930248,-4.340923],[29.931175,-4.340648],[29.932103,-4.340032],[29.932595,-4.34053],[29.934117,-4.340467],[29.934663,-4.340445],[29.935933,-4.339087],[29.936801,-4.33813],[29.93767,-4.336926],[29.9394,-4.336313],[29.941004,-4.336382],[29.941835,-4.336943],[29.942145,-4.336603],[29.941933,-4.335766],[29.942768,-4.33515],[29.943388,-4.33444],[29.944225,-4.333576],[29.945275,-4.333239],[29.947101,-4.331977],[29.948249,-4.330309],[29.949119,-4.328825],[29.949708,-4.328177],[29.95033,-4.326971],[29.951317,-4.326944],[29.952087,-4.327443],[29.952673,-4.327384],[29.953692,-4.327171],[29.95456,-4.326183],[29.955086,-4.325844],[29.956166,-4.325725],[29.956752,-4.325944],[29.957585,-4.325917],[29.958172,-4.325702],[29.959255,-4.325118],[29.960341,-4.323511],[29.961132,-4.322207],[29.961428,-4.321719],[29.961852,-4.321356],[29.962543,-4.320763],[29.963332,-4.319651],[29.963442,-4.319497],[29.964437,-4.317611],[29.965092,-4.316034],[29.964417,-4.314947],[29.96476,-4.314112],[29.965227,-4.312799],[29.965321,-4.312534],[29.965016,-4.311758],[29.965203,-4.311233],[29.965852,-4.310987],[29.966843,-4.310217],[29.967155,-4.309196],[29.967098,-4.307987],[29.967349,-4.306997],[29.967694,-4.305543],[29.967946,-4.304212],[29.968724,-4.302542],[29.968711,-4.302281],[29.968667,-4.301457],[29.969101,-4.300871],[29.970305,-4.300658],[29.971267,-4.299392],[29.972505,-4.298468],[29.97377,-4.298411],[29.974912,-4.298446],[29.976577,-4.298701],[29.977936,-4.298211],[29.978773,-4.297347],[29.978864,-4.297657],[29.979139,-4.298494],[29.980126,-4.298498],[29.981208,-4.297883],[29.982075,-4.297298],[29.982631,-4.297114],[29.983003,-4.296558],[29.983284,-4.295722],[29.983966,-4.295013],[29.984739,-4.294551],[29.985603,-4.294617],[29.986315,-4.293938],[29.987148,-4.294065],[29.987763,-4.294625],[29.988717,-4.295063],[29.989174,-4.296551],[29.98911,-4.298647],[29.989103,-4.298875],[29.989287,-4.298972],[29.990397,-4.299561],[29.990921,-4.299501],[29.991047,-4.298882],[29.990648,-4.298416],[29.990681,-4.297951],[29.991053,-4.29755],[29.991332,-4.297055],[29.99115,-4.296435],[29.991244,-4.295909],[29.990848,-4.294545],[29.991532,-4.293246],[29.992678,-4.292228],[29.993239,-4.290898],[29.99429,-4.29019],[29.994813,-4.290781],[29.994932,-4.291772],[29.994894,-4.293693],[29.994913,-4.293796],[29.995378,-4.296235],[29.995388,-4.296247],[29.996145,-4.297137],[29.996701,-4.297067],[29.997102,-4.297016],[29.99797,-4.296152],[29.998562,-4.294637],[29.999859,-4.294301],[30.000631,-4.294087],[30.000729,-4.29291],[30.000086,-4.291483],[30.001137,-4.291053],[30.001393,-4.291172],[30.001392,-4.291152],[30.00143,-4.29069],[30.001397,-4.288169],[30.001698,-4.28611],[30.002272,-4.285154],[30.002358,-4.285063],[30.002271,-4.285048],[30.001256,-4.284362],[30.001567,-4.283682],[30.001541,-4.282319],[30.002099,-4.281825],[30.002905,-4.280744],[30.002665,-4.278947],[30.003348,-4.277834],[30.004861,-4.277716],[30.006093,-4.278217],[30.007445,-4.279678],[30.008986,-4.28018],[30.010773,-4.280868],[30.011942,-4.281771],[30.012683,-4.281712],[30.014259,-4.281068],[30.015193,-4.27881],[30.014585,-4.276484],[30.01456,-4.274997],[30.016106,-4.274198],[30.017309,-4.274202],[30.01842,-4.274145],[30.018669,-4.273681],[30.019227,-4.272971],[30.019875,-4.27288],[30.019475,-4.272569],[30.018797,-4.272504],[30.018521,-4.271976],[30.019294,-4.271701],[30.019881,-4.271486],[30.020556,-4.272418],[30.021108,-4.273257],[30.022587,-4.273696],[30.024097,-4.274322],[30.024,-4.27556],[30.023846,-4.276925],[30.023808,-4.277263],[30.02401,-4.278271],[30.02402,-4.278318],[30.024699,-4.278134],[30.024827,-4.277082],[30.024954,-4.276215],[30.025664,-4.276063],[30.025882,-4.275506],[30.026349,-4.274485],[30.026717,-4.274982],[30.027363,-4.27548],[30.028042,-4.27539],[30.028877,-4.274898],[30.029712,-4.274374],[30.029902,-4.27326],[30.029973,-4.270782],[30.030592,-4.270443],[30.030868,-4.270878],[30.031731,-4.271005],[30.032995,-4.271351],[30.03361,-4.271787],[30.034595,-4.27238],[30.035949,-4.2735],[30.035977,-4.274089],[30.035914,-4.274615],[30.036685,-4.274494],[30.037398,-4.273815],[30.038138,-4.273849],[30.038722,-4.274471],[30.039032,-4.27407],[30.03922,-4.273451],[30.040174,-4.274043],[30.040681,-4.274109],[30.040681,-4.274109],[30.040913,-4.274139],[30.041439,-4.273862],[30.042277,-4.272533],[30.041726,-4.271478],[30.042253,-4.270798],[30.041453,-4.270176],[30.041364,-4.269246],[30.042075,-4.269001],[30.042139,-4.26835],[30.041584,-4.268193],[30.041062,-4.267634],[30.041588,-4.267109],[30.042175,-4.26708],[30.042392,-4.266647],[30.042336,-4.266375],[30.042337,-4.266375],[30.042181,-4.265624],[30.042031,-4.264539],[30.042958,-4.26414],[30.043022,-4.26349],[30.042808,-4.263024],[30.04247,-4.262589],[30.042873,-4.262095],[30.043862,-4.261882],[30.044697,-4.261173],[30.045008,-4.260524],[30.045541,-4.258543],[30.045614,-4.25818],[30.045855,-4.256995],[30.045025,-4.256186],[30.044971,-4.256148],[30.043763,-4.255283],[30.043241,-4.254754],[30.042285,-4.254689],[30.042566,-4.253791],[30.043368,-4.253763],[30.043958,-4.252836],[30.045254,-4.252749],[30.046364,-4.252877],[30.046515,-4.253838],[30.047407,-4.254584],[30.048916,-4.255458],[30.04993,-4.256546],[30.050361,-4.256827],[30.050887,-4.25624],[30.051751,-4.256398],[30.052461,-4.256308],[30.052638,-4.255607],[30.05269,-4.255401],[30.052743,-4.255194],[30.052008,-4.253766],[30.051239,-4.252957],[30.051519,-4.25237],[30.052322,-4.252156],[30.052879,-4.251755],[30.053031,-4.251036],[30.053212,-4.250184],[30.05268,-4.249397],[30.051285,-4.248359],[30.050656,-4.24745],[30.050426,-4.247116],[30.04969,-4.245916],[30.049611,-4.245089],[30.05056,-4.244308],[30.050775,-4.243636],[30.05096,-4.243057],[30.051101,-4.242617],[30.05094,-4.241748],[30.049665,-4.24162],[30.048388,-4.241904],[30.047823,-4.241931],[30.047645,-4.241939],[30.046784,-4.24198],[30.0465,-4.240947],[30.046997,-4.24004],[30.047412,-4.238926],[30.048197,-4.238268],[30.0484,-4.238765],[30.048932,-4.239551],[30.049921,-4.239307],[30.050787,-4.238691],[30.051073,-4.239188],[30.051564,-4.239851],[30.051853,-4.239645],[30.052268,-4.238697],[30.053666,-4.238744],[30.05449,-4.238499],[30.054522,-4.238227],[30.05466,-4.237054],[30.054596,-4.23701],[30.053922,-4.236555],[30.053513,-4.235728],[30.053682,-4.234613],[30.053973,-4.233953],[30.0541,-4.232797],[30.055049,-4.232181],[30.055462,-4.231852],[30.055464,-4.23115],[30.054889,-4.230817],[30.054398,-4.230154],[30.055142,-4.229331],[30.05521,-4.229242],[30.055803,-4.228466],[30.055518,-4.227763],[30.055261,-4.227394],[30.054331,-4.226065],[30.054317,-4.225392],[30.054297,-4.224412],[30.053476,-4.223748],[30.053476,-4.223748],[30.053351,-4.223475],[30.053107,-4.222944],[30.05266,-4.221969],[30.053118,-4.220525],[30.053699,-4.219329],[30.055222,-4.219046],[30.056252,-4.218678],[30.056335,-4.218306],[30.056052,-4.217149],[30.05564,-4.217147],[30.056095,-4.216571],[30.055892,-4.215909],[30.056101,-4.215001],[30.056515,-4.214301],[30.057052,-4.213683],[30.057056,-4.212733],[30.057598,-4.210793],[30.058298,-4.210507],[30.059039,-4.210345],[30.059042,-4.209642],[30.059582,-4.208405],[30.060204,-4.206962],[30.060499,-4.205021],[30.061243,-4.204281],[30.061412,-4.202959],[30.061909,-4.202094],[30.060716,-4.202007],[30.062201,-4.201104],[30.062326,-4.200485],[30.062248,-4.199369],[30.061675,-4.198623],[30.062417,-4.198254],[30.06324,-4.198257],[30.063901,-4.197434],[30.064725,-4.197106],[30.063617,-4.196441],[30.063783,-4.195905],[30.064688,-4.19595],[30.065182,-4.195786],[30.065473,-4.195168],[30.065841,-4.195665],[30.066416,-4.195873],[30.066624,-4.195255],[30.066957,-4.194347],[30.067944,-4.194475],[30.06923,-4.194581],[30.069659,-4.193726],[30.069819,-4.193408],[30.06873,-4.191421],[30.069753,-4.191498],[30.070194,-4.191133],[30.069832,-4.190103],[30.068734,-4.190172],[30.068957,-4.189219],[30.069914,-4.187533],[30.070947,-4.185187],[30.071901,-4.184236],[30.07187,-4.183521],[30.071834,-4.182694],[30.071705,-4.182431],[30.071108,-4.181222],[30.070381,-4.179971],[30.071847,-4.179095],[30.073096,-4.177558],[30.073952,-4.177218],[30.074494,-4.177002],[30.074561,-4.176976],[30.075074,-4.176757],[30.075003,-4.176023],[30.073032,-4.175281],[30.073548,-4.173961],[30.074279,-4.174037],[30.074355,-4.173303],[30.074432,-4.172422],[30.074436,-4.171394],[30.074295,-4.169705],[30.075756,-4.170371],[30.076779,-4.170448],[30.076125,-4.169344],[30.076713,-4.168612],[30.077083,-4.167438],[30.077381,-4.165897],[30.078045,-4.164431],[30.079805,-4.163189],[30.081122,-4.162974],[30.080832,-4.162165],[30.081346,-4.161579],[30.082517,-4.161364],[30.083032,-4.160557],[30.083987,-4.159313],[30.084433,-4.157478],[30.086045,-4.156677],[30.086624,-4.158221],[30.086919,-4.157634],[30.087502,-4.158224],[30.088601,-4.157641],[30.089991,-4.157426],[30.090797,-4.156988],[30.091678,-4.156036],[30.093348,-4.155986],[30.093224,-4.154418],[30.094135,-4.154291],[30.096219,-4.153124],[30.097263,-4.152214],[30.097288,-4.152162],[30.098048,-4.15065],[30.098696,-4.151436],[30.099477,-4.151178],[30.100003,-4.149352],[30.101825,-4.149097],[30.102703,-4.14894],[30.104687,-4.148585],[30.107806,-4.148989],[30.11091,-4.147803],[30.111191,-4.147696],[30.111715,-4.146522],[30.112375,-4.143783],[30.113296,-4.140914],[30.114734,-4.138569],[30.116824,-4.135966],[30.118247,-4.137929],[30.118788,-4.138076],[30.120195,-4.138459],[30.121946,-4.137806],[30.122278,-4.137683],[30.122196,-4.13737],[30.121765,-4.135723],[30.122293,-4.133636],[30.125549,-4.13195],[30.128805,-4.130526],[30.131406,-4.130274],[30.133625,-4.127802],[30.137015,-4.125072],[30.141443,-4.122999],[30.145616,-4.11962],[30.147186,-4.116753],[30.152596,-4.114805],[30.152031,-4.115569],[30.151453,-4.11631],[30.151446,-4.118201],[30.152653,-4.117934],[30.152995,-4.117471],[30.153042,-4.117408],[30.153809,-4.116369],[30.154306,-4.115381],[30.156116,-4.115139],[30.157268,-4.114731],[30.15719,-4.11341],[30.158178,-4.113083],[30.15933,-4.112757],[30.160156,-4.111604],[30.159256,-4.110363],[30.159917,-4.109622],[30.161478,-4.109958],[30.162221,-4.10897],[30.161401,-4.108224],[30.163297,-4.106993],[30.163794,-4.105756],[30.164949,-4.104687],[30.164873,-4.102954],[30.165287,-4.102047],[30.16636,-4.100813],[30.166828,-4.100508],[30.167041,-4.100369],[30.168502,-4.099417],[30.169328,-4.098429],[30.170315,-4.09835],[30.170402,-4.096865],[30.169419,-4.096036],[30.170491,-4.094884],[30.170495,-4.093893],[30.172551,-4.09357],[30.173539,-4.093079],[30.174857,-4.092423],[30.175763,-4.091848],[30.175438,-4.090857],[30.177003,-4.090037],[30.177663,-4.089213],[30.17857,-4.088474],[30.179148,-4.087898],[30.179235,-4.086577],[30.178514,-4.086575],[30.178166,-4.086574],[30.177744,-4.086497],[30.176769,-4.086321],[30.177017,-4.085098],[30.17702,-4.085084],[30.176817,-4.084819],[30.176447,-4.084339],[30.177026,-4.08335],[30.177849,-4.083188],[30.178181,-4.082116],[30.178925,-4.080963],[30.180159,-4.08072],[30.179586,-4.080222],[30.179916,-4.079728],[30.179838,-4.078655],[30.180823,-4.078906],[30.182061,-4.077672],[30.183129,-4.077841],[30.182476,-4.076518],[30.183219,-4.075447],[30.183225,-4.073714],[30.181995,-4.072884],[30.181835,-4.071728],[30.182578,-4.07074],[30.182828,-4.06975],[30.183982,-4.068846],[30.184152,-4.067361],[30.185387,-4.066705],[30.184898,-4.06563],[30.184406,-4.06505],[30.185967,-4.065303],[30.186544,-4.064893],[30.186794,-4.063903],[30.186769,-4.063868],[30.186668,-4.063733],[30.186058,-4.06291],[30.187046,-4.062583],[30.18713,-4.061923],[30.186393,-4.061095],[30.187548,-4.060026],[30.188128,-4.059375],[30.187189,-4.057401],[30.18851,-4.055919],[30.190242,-4.054357],[30.191439,-4.052745],[30.191366,-4.052598],[30.190591,-4.052646],[30.190757,-4.051974],[30.190779,-4.051884],[30.191977,-4.051098],[30.193269,-4.050074],[30.193833,-4.049479],[30.194256,-4.048765],[30.194564,-4.04852],[30.195366,-4.04645],[30.196058,-4.046286],[30.196147,-4.046265],[30.197422,-4.045962],[30.199313,-4.045968],[30.199717,-4.046284],[30.20103,-4.04731],[30.201117,-4.047378],[30.202259,-4.047904],[30.202922,-4.04821],[30.203118,-4.048211],[30.203991,-4.048214],[30.203829,-4.04747],[30.202516,-4.046805],[30.202932,-4.04532],[30.205232,-4.045824],[30.205363,-4.045052],[30.205449,-4.044546],[30.205484,-4.044339],[30.205979,-4.043845],[30.206725,-4.042032],[30.208537,-4.041269],[30.208574,-4.040959],[30.209149,-4.040495],[30.209528,-4.039647],[30.210556,-4.03937],[30.211338,-4.039158],[30.211363,-4.039149],[30.212408,-4.038749],[30.212414,-4.037181],[30.213733,-4.035947],[30.215302,-4.033889],[30.215554,-4.032404],[30.21638,-4.031168],[30.217125,-4.029602],[30.216394,-4.027123],[30.218448,-4.027295],[30.218452,-4.026222],[30.218538,-4.025067],[30.219856,-4.024411],[30.221086,-4.02524],[30.222975,-4.025742],[30.223802,-4.024342],[30.224053,-4.023022],[30.224057,-4.021618],[30.223488,-4.019965],[30.223985,-4.018729],[30.224256,-4.018134],[30.224259,-4.018128],[30.224399,-4.017822],[30.226127,-4.01725],[30.227364,-4.016264],[30.227531,-4.015356],[30.22803,-4.013624],[30.228407,-4.013364],[30.228722,-4.013147],[30.229101,-4.012885],[30.229598,-4.011814],[30.227216,-4.011228],[30.223765,-4.010803],[30.221965,-4.008403],[30.220901,-4.006996],[30.220328,-4.006333],[30.219566,-4.005794],[30.219508,-4.005753],[30.219464,-4.005705],[30.218607,-4.004759],[30.218037,-4.003189],[30.215859,-3.997531],[30.216038,-3.995853],[30.216765,-3.989022],[30.216866,-3.988676],[30.218834,-3.981985],[30.219892,-3.979659],[30.222367,-3.974219],[30.228298,-3.967777],[30.228967,-3.96705],[30.2347,-3.957089],[30.240877,-3.945076],[30.243975,-3.936133],[30.244433,-3.930118],[30.248702,-3.920739],[30.248862,-3.920191],[30.250032,-3.916194],[30.250918,-3.913115],[30.250966,-3.912912],[30.251101,-3.91234],[30.251377,-3.91117],[30.251726,-3.909691],[30.251956,-3.908715],[30.252182,-3.908319],[30.25252,-3.90773],[30.253271,-3.906421],[30.253719,-3.905639],[30.253987,-3.904105],[30.254463,-3.901385],[30.255646,-3.89728],[30.25575,-3.897114],[30.255901,-3.896872],[30.257115,-3.894936],[30.258877,-3.893584],[30.259019,-3.893475],[30.259358,-3.892863],[30.259553,-3.892513],[30.259436,-3.890346],[30.257774,-3.889598],[30.257533,-3.887925],[30.257536,-3.886935],[30.256825,-3.884403],[30.256805,-3.884332],[30.257506,-3.883912],[30.257732,-3.883777],[30.258963,-3.884277],[30.260038,-3.884509],[30.260584,-3.884418],[30.26085,-3.884349],[30.260629,-3.883787],[30.260388,-3.881929],[30.260556,-3.881238],[30.260777,-3.880334],[30.260825,-3.880134],[30.261813,-3.879642],[30.262491,-3.87983],[30.262627,-3.880054],[30.263514,-3.880165],[30.264149,-3.879775],[30.264314,-3.879975],[30.26428,-3.879526],[30.265516,-3.878478],[30.265884,-3.877878],[30.266393,-3.87705],[30.266693,-3.876562],[30.268115,-3.875328],[30.269594,-3.875457],[30.270514,-3.876822],[30.271499,-3.877383],[30.272389,-3.876016],[30.272121,-3.875713],[30.272866,-3.874106],[30.274224,-3.873553],[30.274714,-3.874359],[30.275144,-3.87498],[30.275974,-3.875075],[30.276141,-3.874614],[30.27607,-3.874302],[30.276135,-3.873497],[30.277,-3.872942],[30.278046,-3.873256],[30.278965,-3.874293],[30.279119,-3.874314],[30.279278,-3.873631],[30.27928,-3.873012],[30.279373,-3.872578],[30.279482,-3.872063],[30.27953,-3.871836],[30.280457,-3.87122],[30.281013,-3.871036],[30.280337,-3.870229],[30.280709,-3.869549],[30.281694,-3.869862],[30.282196,-3.869808],[30.282244,-3.869716],[30.282191,-3.868811],[30.282809,-3.868194],[30.283979,-3.868693],[30.284426,-3.868975],[30.284468,-3.868965],[30.284412,-3.868323],[30.284168,-3.867393],[30.284489,-3.866438],[30.284541,-3.86628],[30.284552,-3.866274],[30.285097,-3.865972],[30.287694,-3.863689],[30.288252,-3.862577],[30.288439,-3.861834],[30.289363,-3.862085],[30.289919,-3.861715],[30.289492,-3.860413],[30.290049,-3.859672],[30.290973,-3.859737],[30.291279,-3.860481],[30.292138,-3.861846],[30.292755,-3.861476],[30.294733,-3.859873],[30.296217,-3.858639],[30.296219,-3.857772],[30.295791,-3.856719],[30.296348,-3.856101],[30.297332,-3.856661],[30.297886,-3.856973],[30.298444,-3.856108],[30.298695,-3.854499],[30.298576,-3.853198],[30.298394,-3.852393],[30.297657,-3.851461],[30.298275,-3.850968],[30.299447,-3.850724],[30.300374,-3.849922],[30.300254,-3.848869],[30.300073,-3.847816],[30.301244,-3.847881],[30.301302,-3.849058],[30.301546,-3.849864],[30.302348,-3.849495],[30.302659,-3.848753],[30.3018,-3.847512],[30.302111,-3.846646],[30.302727,-3.846648],[30.303093,-3.847949],[30.303831,-3.848323],[30.305005,-3.847522],[30.305625,-3.846595],[30.306552,-3.845793],[30.307416,-3.845486],[30.308157,-3.844869],[30.308284,-3.843694],[30.308043,-3.841897],[30.309154,-3.841467],[30.310293,-3.841113],[30.310453,-3.840047],[30.31021,-3.838932],[30.311076,-3.837944],[30.310772,-3.836643],[30.310221,-3.835403],[30.309793,-3.834225],[30.309057,-3.833232],[30.308782,-3.832581],[30.308747,-3.832498],[30.30869,-3.832364],[30.309186,-3.831313],[30.310606,-3.830512],[30.31172,-3.829277],[30.313517,-3.826187],[30.31445,-3.823589],[30.315751,-3.821426],[30.316991,-3.819015],[30.318107,-3.817099],[30.319654,-3.815123],[30.320952,-3.814012],[30.321818,-3.813024],[30.322498,-3.812407],[30.322746,-3.811974],[30.321453,-3.811661],[30.320282,-3.811595],[30.321086,-3.810607],[30.323368,-3.810367],[30.323924,-3.809749],[30.322817,-3.809126],[30.321336,-3.809369],[30.321275,-3.809121],[30.321252,-3.809024],[30.321093,-3.808378],[30.321035,-3.807139],[30.321468,-3.806584],[30.323194,-3.806527],[30.323874,-3.806096],[30.323198,-3.805474],[30.322953,-3.804792],[30.323634,-3.803804],[30.3245,-3.803002],[30.325611,-3.802572],[30.324564,-3.802321],[30.32364,-3.80207],[30.323518,-3.801575],[30.323521,-3.800584],[30.324694,-3.800092],[30.325371,-3.800218],[30.325497,-3.799599],[30.324882,-3.79904],[30.323217,-3.799345],[30.32229,-3.799837],[30.321674,-3.799711],[30.321739,-3.798721],[30.322665,-3.798166],[30.324084,-3.797861],[30.324949,-3.797245],[30.324458,-3.796624],[30.323102,-3.796372],[30.324404,-3.794085],[30.325392,-3.793531],[30.326997,-3.792607],[30.327926,-3.791495],[30.326817,-3.791058],[30.326758,-3.790439],[30.327685,-3.789513],[30.328674,-3.788526],[30.329231,-3.787784],[30.330033,-3.787849],[30.330404,-3.787478],[30.33016,-3.786611],[30.329238,-3.785493],[30.329179,-3.784874],[30.330104,-3.784629],[30.331213,-3.784942],[30.33189,-3.78513],[30.332572,-3.783894],[30.333499,-3.78303],[30.334051,-3.783898],[30.335037,-3.784087],[30.335472,-3.783097],[30.33517,-3.78093],[30.335173,-3.779877],[30.337145,-3.780255],[30.338006,-3.780629],[30.338132,-3.779824],[30.337457,-3.779017],[30.336965,-3.778334],[30.338075,-3.778338],[30.339059,-3.779146],[30.339923,-3.778901],[30.339495,-3.777661],[30.339621,-3.776856],[30.340913,-3.777542],[30.342024,-3.777173],[30.343258,-3.776744],[30.343874,-3.776807],[30.344246,-3.776189],[30.344803,-3.775386],[30.345052,-3.774458],[30.345914,-3.774709],[30.346592,-3.774958],[30.347212,-3.773722],[30.348507,-3.773478],[30.350787,-3.773733],[30.351524,-3.774788],[30.35294,-3.775163],[30.354173,-3.775353],[30.355529,-3.775233],[30.356637,-3.775732],[30.357869,-3.775983],[30.358608,-3.776233],[30.358111,-3.777594],[30.357924,-3.778275],[30.356936,-3.778705],[30.357303,-3.779573],[30.358204,-3.780689],[30.358373,-3.78079],[30.358594,-3.780815],[30.359457,-3.780942],[30.360139,-3.779644],[30.360885,-3.777665],[30.362428,-3.776864],[30.364156,-3.776312],[30.366008,-3.775451],[30.368104,-3.775148],[30.370138,-3.775154],[30.372481,-3.774975],[30.373959,-3.775537],[30.374576,-3.775415],[30.375748,-3.775295],[30.377779,-3.776106],[30.379566,-3.776545],[30.38129,-3.777169],[30.382398,-3.777792],[30.383938,-3.77792],[30.385476,-3.77904],[30.386213,-3.779847],[30.38592,-3.780276],[30.385316,-3.78116],[30.385285,-3.781206],[30.384479,-3.782442],[30.385153,-3.784054],[30.385518,-3.785541],[30.386192,-3.786968],[30.387485,-3.787591],[30.389456,-3.788092],[30.390318,-3.788343],[30.391426,-3.788903],[30.391915,-3.790143],[30.392281,-3.791692],[30.394011,-3.790211],[30.394753,-3.789594],[30.396169,-3.790156],[30.397092,-3.790654],[30.396845,-3.790901],[30.397146,-3.793317],[30.39665,-3.79412],[30.395602,-3.794241],[30.395844,-3.795728],[30.396309,-3.7961],[30.396407,-3.796177],[30.397012,-3.796661],[30.397628,-3.796848],[30.398064,-3.795301],[30.399359,-3.795243],[30.399671,-3.795367],[30.401239,-3.794739],[30.401272,-3.794706],[30.400943,-3.794377],[30.400874,-3.793414],[30.400187,-3.792865],[30.400015,-3.791674],[30.400931,-3.789933],[30.401664,-3.789658],[30.402397,-3.790025],[30.403313,-3.78975],[30.403772,-3.78865],[30.403733,-3.788565],[30.403313,-3.787642],[30.402764,-3.78691],[30.403588,-3.785993],[30.403863,-3.78526],[30.403497,-3.784619],[30.405054,-3.783703],[30.407161,-3.782512],[30.408902,-3.780954],[30.408627,-3.777198],[30.408902,-3.774541],[30.408169,-3.771792],[30.407345,-3.770418],[30.407803,-3.765653],[30.408514,-3.764143],[30.408536,-3.764096],[30.408444,-3.762905],[30.40839,-3.76284],[30.407986,-3.762355],[30.406978,-3.761714],[30.405512,-3.760889],[30.404371,-3.760419],[30.403955,-3.760248],[30.403313,-3.759148],[30.402764,-3.758049],[30.402306,-3.7564],[30.402764,-3.755117],[30.403039,-3.753651],[30.403405,-3.752094],[30.403582,-3.751149],[30.40368,-3.750628],[30.402122,-3.748154],[30.402036,-3.748],[30.401298,-3.746688],[30.401316,-3.746567],[30.400955,-3.746373],[30.401066,-3.745427],[30.400457,-3.744842],[30.400235,-3.744202],[30.400319,-3.744181],[30.400107,-3.743756],[30.39974,-3.742382],[30.399649,-3.741557],[30.399649,-3.741557],[30.399127,-3.740973],[30.398961,-3.740222],[30.398739,-3.739888],[30.397908,-3.739498],[30.397686,-3.738997],[30.397798,-3.738534],[30.397633,-3.738534],[30.39741,-3.737938],[30.397083,-3.737068],[30.397083,-3.735602],[30.397816,-3.734594],[30.398549,-3.734686],[30.398592,-3.734679],[30.398379,-3.734516],[30.398397,-3.733472],[30.397816,-3.732762],[30.397541,-3.731387],[30.397594,-3.730493],[30.397633,-3.72983],[30.397633,-3.728914],[30.396533,-3.728914],[30.395801,-3.728364],[30.395617,-3.727814],[30.394518,-3.727814],[30.393144,-3.727722],[30.391403,-3.726623],[30.390584,-3.726057],[30.390212,-3.725799],[30.389728,-3.724922],[30.388746,-3.723142],[30.388104,-3.721217],[30.387921,-3.719935],[30.388104,-3.718377],[30.388654,-3.716911],[30.390028,-3.716453],[30.390853,-3.715262],[30.390853,-3.71492],[30.390853,-3.713796],[30.390355,-3.713464],[30.389479,-3.71288],[30.389476,-3.71288],[30.387371,-3.712788],[30.386547,-3.711781],[30.387646,-3.711231],[30.388471,-3.710498],[30.387921,-3.709673],[30.388471,-3.708666],[30.390028,-3.708024],[30.391029,-3.706022],[30.391128,-3.705825],[30.391428,-3.705331],[30.392685,-3.70326],[30.393785,-3.701977],[30.395434,-3.70216],[30.396625,-3.70216],[30.397266,-3.701244],[30.397541,-3.700053],[30.397175,-3.699229],[30.397083,-3.698495],[30.398183,-3.697854],[30.399465,-3.697671],[30.399649,-3.697121],[30.398366,-3.69703],[30.397999,-3.696297],[30.398641,-3.694922],[30.399465,-3.694556],[30.400473,-3.694373],[30.401481,-3.692998],[30.402214,-3.691716],[30.402672,-3.69025],[30.402214,-3.689883],[30.401298,-3.689608],[30.401115,-3.688692],[30.401664,-3.687593],[30.401939,-3.687043],[30.401756,-3.686127],[30.402855,-3.685944],[30.403588,-3.685669],[30.404046,-3.684752],[30.404596,-3.683286],[30.405604,-3.682737],[30.406154,-3.683561],[30.407436,-3.684752],[30.408444,-3.685027],[30.408811,-3.683928],[30.408811,-3.683605],[30.408811,-3.683103],[30.408261,-3.681821],[30.407528,-3.680355],[30.406612,-3.679439],[30.406435,-3.67931],[30.405604,-3.678705],[30.405146,-3.677881],[30.405329,-3.676507],[30.40652,-3.675957],[30.407436,-3.676049],[30.407528,-3.676598],[30.408444,-3.676598],[30.409086,-3.675957],[30.410093,-3.67614],[30.410826,-3.675682],[30.410846,-3.675492],[30.411003,-3.674006],[30.41101,-3.673941],[30.410826,-3.672933],[30.410002,-3.671925],[30.40936,-3.670643],[30.409138,-3.67037],[30.408169,-3.669177],[30.407894,-3.667528],[30.408719,-3.666978],[30.409727,-3.665512],[30.410002,-3.664321],[30.411101,-3.664321],[30.411926,-3.663863],[30.411559,-3.662672],[30.412384,-3.662397],[30.413117,-3.662947],[30.414491,-3.662947],[30.415224,-3.661756],[30.414308,-3.660565],[30.414583,-3.658824],[30.415041,-3.657724],[30.415089,-3.657246],[30.415132,-3.656808],[30.414858,-3.656258],[30.414766,-3.655525],[30.415407,-3.654609],[30.415407,-3.653327],[30.415407,-3.652502],[30.415865,-3.651861],[30.41669,-3.651036],[30.417515,-3.650486],[30.418431,-3.649753],[30.418797,-3.648471],[30.418797,-3.64728],[30.419347,-3.64563],[30.419988,-3.643981],[30.420721,-3.641966],[30.420905,-3.640133],[30.420905,-3.639034],[30.422462,-3.637843],[30.424386,-3.637751],[30.425486,-3.638026],[30.426493,-3.638484],[30.427043,-3.637751],[30.426585,-3.63656],[30.426428,-3.635672],[30.42631,-3.635002],[30.427226,-3.634453],[30.429242,-3.633903],[30.429425,-3.633078],[30.428967,-3.632071],[30.428692,-3.631063],[30.430067,-3.631521],[30.430708,-3.631521],[30.431166,-3.630971],[30.432174,-3.629963],[30.432357,-3.628955],[30.432449,-3.627948],[30.43253,-3.627381],[30.432537,-3.627328],[30.432632,-3.626665],[30.432632,-3.625565],[30.430525,-3.624833],[30.4302,-3.624535],[30.429425,-3.623825],[30.428967,-3.622359],[30.42915,-3.621076],[30.430708,-3.620435],[30.432907,-3.618694],[30.435106,-3.617503],[30.436114,-3.616587],[30.437121,-3.616587],[30.438404,-3.617136],[30.439962,-3.617503],[30.440786,-3.618053],[30.441886,-3.61732],[30.442802,-3.616495],[30.443535,-3.614938],[30.444942,-3.614078],[30.445184,-3.61393],[30.44665,-3.612647],[30.4461,-3.610998],[30.4461,-3.60944],[30.446925,-3.608799],[30.447841,-3.609898],[30.448574,-3.610631],[30.449307,-3.610082],[30.449857,-3.609074],[30.450315,-3.608341],[30.450956,-3.608157],[30.451506,-3.607608],[30.451139,-3.606692],[30.450406,-3.60605],[30.450773,-3.605042],[30.452239,-3.605134],[30.453705,-3.605226],[30.455262,-3.604126],[30.455118,-3.60355],[30.454987,-3.603027],[30.454804,-3.601744],[30.454722,-3.600346],[30.454713,-3.600187],[30.454438,-3.599637],[30.453705,-3.599728],[30.453247,-3.599087],[30.454071,-3.598629],[30.454987,-3.598079],[30.455904,-3.597071],[30.456087,-3.595789],[30.45596,-3.595662],[30.455446,-3.595147],[30.454254,-3.594781],[30.454621,-3.59414],[30.455904,-3.593498],[30.45664,-3.592577],[30.457003,-3.592124],[30.45682,-3.590933],[30.455904,-3.58965],[30.454796,-3.589219],[30.454254,-3.589009],[30.453693,-3.589356],[30.45233,-3.5902],[30.450498,-3.5902],[30.450498,-3.588367],[30.451048,-3.586902],[30.452514,-3.586444],[30.45343,-3.585802],[30.453705,-3.584061],[30.454254,-3.582687],[30.454713,-3.581496],[30.455537,-3.58113],[30.455629,-3.580213],[30.455079,-3.579847],[30.454529,-3.579022],[30.455171,-3.577831],[30.455995,-3.576548],[30.455629,-3.575266],[30.455673,-3.575062],[30.452596,-3.574427],[30.45241,-3.574513],[30.452239,-3.574899],[30.451903,-3.574947],[30.450956,-3.575083],[30.449124,-3.574808],[30.44809,-3.573615],[30.447933,-3.573433],[30.447311,-3.571776],[30.447108,-3.571234],[30.446192,-3.568486],[30.446108,-3.568117],[30.446102,-3.568088],[30.446056,-3.56789],[30.445734,-3.56647],[30.445367,-3.565004],[30.446283,-3.565004],[30.446833,-3.564088],[30.446833,-3.563447],[30.447933,-3.562347],[30.449124,-3.561706],[30.449673,-3.560423],[30.450681,-3.55969],[30.451781,-3.559324],[30.451506,-3.558408],[30.450956,-3.558041],[30.452422,-3.556758],[30.454438,-3.556117],[30.456362,-3.55575],[30.456637,-3.554743],[30.457186,-3.554193],[30.458194,-3.554193],[30.459385,-3.554376],[30.460668,-3.55401],[30.460851,-3.553002],[30.460803,-3.552933],[30.46021,-3.552086],[30.459752,-3.55062],[30.459843,-3.549246],[30.461309,-3.548238],[30.463233,-3.54723],[30.464516,-3.545764],[30.466074,-3.543382],[30.467173,-3.541916],[30.468272,-3.540175],[30.469555,-3.537243],[30.470746,-3.536693],[30.472029,-3.536419],[30.473403,-3.53596],[30.475602,-3.534953],[30.475807,-3.534809],[30.477435,-3.53367],[30.478992,-3.532387],[30.479946,-3.531394],[30.48339,-3.527806],[30.483842,-3.527505],[30.484764,-3.52689],[30.486047,-3.526066],[30.487513,-3.525149],[30.488337,-3.523958],[30.488887,-3.521851],[30.489162,-3.520293],[30.490353,-3.519744],[30.490536,-3.518736],[30.490811,-3.516812],[30.490994,-3.515437],[30.49246,-3.514888],[30.494384,-3.514888],[30.4964,-3.515346],[30.497774,-3.515346],[30.499057,-3.51498],[30.500615,-3.514888],[30.502355,-3.515254],[30.503546,-3.51617],[30.505196,-3.516537],[30.508311,-3.516995],[30.509685,-3.518094],[30.510418,-3.52011],[30.511151,-3.522676],[30.511151,-3.524599],[30.51113,-3.52464],[30.511327,-3.525607],[30.511248,-3.527099],[30.511935,-3.527168],[30.512913,-3.526804],[30.514133,-3.526167],[30.515061,-3.525266],[30.515883,-3.523807],[30.518955,-3.520248],[30.520392,-3.518582],[30.522116,-3.514922],[30.522196,-3.514758],[30.522673,-3.513781],[30.523919,-3.513304],[30.524848,-3.511952],[30.525219,-3.510121],[30.525159,-3.509382],[30.525477,-3.509064],[30.525655,-3.508797],[30.526584,-3.507404],[30.526731,-3.507337],[30.527845,-3.506806],[30.529701,-3.505798],[30.530814,-3.504152],[30.531584,-3.503014],[30.532566,-3.501289],[30.533335,-3.500282],[30.534263,-3.499698],[30.534608,-3.499062],[30.534528,-3.498293],[30.534661,-3.497417],[30.535138,-3.497046],[30.535377,-3.497036],[30.536411,-3.496993],[30.536968,-3.497682],[30.537956,-3.498199],[30.538135,-3.498293],[30.539753,-3.498239],[30.541398,-3.497444],[30.542671,-3.496065],[30.544129,-3.495322],[30.545562,-3.494606],[30.547789,-3.493837],[30.551476,-3.492856],[30.554155,-3.492139],[30.554738,-3.491688],[30.555799,-3.491582],[30.557046,-3.491582],[30.557921,-3.490999],[30.558796,-3.490468],[30.558892,-3.49043],[30.559804,-3.490071],[30.560626,-3.489593],[30.561042,-3.488761],[30.562562,-3.489461],[30.563676,-3.489885],[30.565347,-3.485456],[30.567655,-3.484289],[30.571659,-3.484209],[30.572959,-3.484262],[30.573477,-3.482564],[30.575187,-3.480311],[30.575481,-3.480069],[30.575505,-3.480072],[30.575903,-3.480443],[30.57593,-3.48153],[30.576487,-3.482644],[30.577187,-3.482685],[30.577866,-3.482724],[30.579537,-3.482512],[30.581869,-3.482485],[30.581871,-3.482485],[30.583303,-3.482167],[30.585345,-3.480231],[30.58576,-3.479941],[30.588687,-3.477897],[30.58921,-3.477517],[30.592082,-3.47543],[30.593912,-3.473043],[30.594999,-3.471479],[30.595885,-3.470992],[30.596352,-3.470736],[30.598023,-3.470311],[30.601364,-3.468614],[30.604627,-3.466625],[30.605555,-3.46575],[30.606351,-3.465988],[30.607279,-3.466227],[30.607889,-3.465697],[30.60826,-3.465034],[30.608658,-3.464662],[30.609666,-3.464874],[30.61131,-3.465458],[30.613538,-3.464901],[30.617304,-3.463734],[30.617308,-3.463732],[30.628337,-3.457581],[30.633748,-3.452701],[30.635578,-3.451799],[30.63823,-3.446786],[30.638946,-3.445487],[30.640166,-3.44432],[30.640947,-3.443747],[30.644834,-3.440899],[30.64876,-3.439546],[30.649555,-3.43881],[30.651597,-3.43692],[30.654626,-3.434283],[30.657751,-3.431562],[30.660164,-3.430024],[30.662883,-3.424884],[30.663241,-3.424269],[30.664999,-3.422154],[30.665203,-3.421909],[30.665821,-3.420675],[30.665893,-3.420662],[30.668015,-3.419946],[30.669739,-3.41862],[30.671516,-3.415278],[30.67202,-3.412705],[30.673001,-3.410716],[30.672842,-3.408727],[30.672232,-3.406552],[30.672205,-3.405412],[30.676343,-3.399418],[30.676581,-3.398701],[30.676422,-3.397853],[30.676343,-3.396686],[30.676767,-3.395784],[30.676237,-3.395147],[30.675468,-3.394697],[30.674937,-3.394219],[30.674592,-3.39353],[30.674168,-3.392761],[30.673637,-3.391514],[30.673268,-3.390915],[30.672868,-3.390268],[30.671754,-3.38979],[30.6708,-3.389445],[30.670604,-3.389785],[30.670402,-3.390135],[30.669739,-3.390214],[30.669473,-3.389923],[30.669739,-3.388915],[30.66933,-3.388322],[30.669208,-3.388146],[30.667086,-3.386608],[30.661888,-3.384459],[30.658652,-3.382921],[30.656186,-3.382125],[30.654674,-3.381091],[30.653613,-3.380905],[30.652299,-3.381311],[30.651279,-3.381966],[30.648494,-3.382258],[30.646877,-3.382629],[30.646812,-3.382655],[30.646213,-3.382894],[30.64563,-3.382231],[30.645497,-3.381489],[30.645489,-3.379802],[30.645948,-3.379128],[30.646134,-3.37759],[30.646717,-3.37698],[30.646479,-3.376078],[30.645736,-3.374354],[30.645361,-3.3732],[30.644675,-3.372817],[30.644258,-3.372135],[30.640778,-3.366751],[30.640708,-3.365975],[30.640198,-3.365552],[30.638876,-3.365341],[30.638018,-3.36473],[30.637252,-3.36459],[30.636347,-3.362685],[30.635862,-3.361776],[30.635141,-3.360428],[30.634376,-3.360052],[30.634584,-3.359464],[30.634746,-3.358594],[30.635094,-3.35824],[30.635673,-3.357605],[30.636276,-3.356734],[30.637165,-3.355289],[30.636459,-3.354246],[30.637256,-3.352052],[30.638295,-3.350566],[30.63945,-3.348911],[30.641544,-3.347466],[30.642441,-3.347167],[30.643738,-3.347515],[30.648439,-3.342149],[30.659941,-3.329019],[30.659492,-3.327773],[30.659791,-3.326177],[30.661087,-3.325479],[30.662633,-3.322987],[30.665973,-3.316954],[30.667469,-3.316755],[30.674399,-3.316904],[30.677889,-3.315708],[30.68098,-3.315608],[30.688607,-3.312118],[30.69803,-3.308878],[30.699825,-3.308279],[30.70152,-3.307182],[30.703763,-3.307182],[30.705758,-3.306833],[30.709098,-3.304341],[30.712488,-3.302047],[30.714732,-3.301449],[30.718969,-3.300003],[30.720461,-3.298575],[30.721313,-3.29776],[30.721811,-3.293921],[30.722409,-3.292176],[30.723905,-3.291129],[30.724453,-3.289484],[30.725899,-3.287639],[30.728193,-3.285994],[30.72899,-3.279961],[30.72924,-3.276571],[30.728891,-3.272732],[30.730237,-3.270489],[30.734175,-3.269193],[30.73617,-3.266052],[30.737615,-3.263459],[30.740656,-3.261914],[30.742651,-3.262412],[30.744097,-3.264307],[30.744446,-3.268495],[30.744894,-3.270987],[30.744906,-3.271289],[30.745193,-3.278665],[30.745588,-3.279652],[30.745792,-3.280161],[30.746739,-3.283252],[30.748584,-3.286044],[30.750279,-3.28719],[30.752921,-3.287938],[30.756211,-3.288836],[30.760449,-3.288237],[30.765684,-3.286642],[30.77057,-3.283701],[30.773862,-3.282345],[30.778768,-3.280325],[30.781588,-3.279164],[30.78492,-3.27817],[30.788258,-3.277174],[30.790113,-3.276621],[30.790983,-3.276597],[30.793358,-3.27653],[30.795651,-3.276466],[30.797242,-3.276422],[30.798168,-3.275159],[30.799492,-3.27335],[30.799835,-3.272882],[30.80138,-3.269691],[30.801438,-3.269681],[30.804224,-3.269195],[30.804521,-3.269143],[30.807504,-3.268277],[30.809158,-3.267797],[30.814044,-3.263958],[30.817534,-3.262811],[30.8198,-3.262533],[30.823217,-3.262113],[30.830019,-3.258151],[30.832889,-3.256479],[30.838476,-3.25327],[30.837285,-3.253174],[30.832532,-3.250663],[30.831947,-3.250118],[30.831508,-3.249426],[30.830704,-3.248771],[30.827633,-3.247207],[30.826317,-3.246552],[30.82544,-3.245206],[30.824516,-3.243624],[30.822669,-3.240974],[30.822612,-3.240923],[30.821138,-3.239593],[30.820625,-3.23913],[30.819528,-3.238531],[30.819079,-3.237684],[30.819328,-3.236687],[30.81893,-3.235241],[30.814143,-3.228012],[30.811052,-3.221232],[30.811002,-3.220584],[30.812099,-3.220584],[30.814492,-3.220534],[30.815739,-3.219786],[30.816237,-3.217842],[30.816536,-3.214451],[30.817883,-3.212357],[30.821123,-3.210862],[30.823217,-3.210912],[30.824862,-3.21141],[30.826607,-3.211011],[30.832341,-3.208668],[30.833737,-3.207621],[30.839171,-3.205228],[30.840567,-3.20463],[30.845901,-3.20458],[30.845901,-3.20432],[30.845244,-3.203445],[30.842561,-3.200641],[30.839769,-3.196653],[30.839173,-3.194682],[30.839121,-3.194509],[30.837326,-3.191219],[30.837326,-3.188128],[30.838273,-3.18389],[30.841614,-3.177558],[30.842373,-3.172889],[30.843259,-3.167438],[30.844291,-3.164083],[30.845054,-3.161605],[30.845148,-3.161168],[30.842062,-3.157073],[30.842135,-3.155653],[30.84172,-3.154682],[30.837875,-3.149889],[30.837615,-3.148938],[30.837386,-3.148098],[30.837346,-3.148083],[30.836797,-3.147501],[30.835979,-3.145872],[30.83588,-3.1458],[30.834883,-3.145202],[30.834217,-3.143406],[30.833737,-3.142111],[30.832889,-3.141613],[30.832865,-3.14162],[30.831742,-3.141962],[30.826358,-3.144504],[30.821273,-3.148293],[30.820126,-3.148243],[30.818979,-3.147097],[30.818266,-3.146183],[30.817733,-3.145501],[30.818581,-3.14266],[30.822768,-3.136876],[30.828302,-3.1288],[30.831742,-3.119477],[30.833126,-3.11251],[30.833138,-3.112447],[30.833042,-3.111112],[30.832727,-3.106756],[30.832563,-3.104486],[30.83249,-3.103473],[30.832348,-3.099662],[30.832291,-3.098139],[30.833288,-3.096394],[30.835232,-3.094449],[30.834135,-3.09071],[30.832789,-3.088816],[30.832185,-3.086164],[30.830137,-3.083965],[30.828748,-3.083674],[30.821345,-3.082566],[30.819755,-3.082458],[30.816612,-3.081785],[30.814345,-3.081204],[30.813753,-3.079893],[30.813745,-3.079892],[30.811271,-3.076904],[30.811102,-3.076701],[30.810951,-3.076439],[30.809258,-3.07351],[30.808024,-3.070888],[30.807662,-3.07012],[30.805949,-3.069085],[30.805269,-3.068674],[30.802235,-3.066546],[30.801929,-3.066331],[30.799938,-3.061408],[30.799187,-3.059551],[30.797242,-3.05616],[30.79634,-3.053807],[30.795846,-3.052521],[30.796345,-3.04938],[30.798389,-3.048782],[30.800583,-3.047984],[30.80138,-3.047236],[30.802029,-3.047635],[30.803524,-3.047386],[30.805469,-3.044494],[30.80831,-3.04245],[30.810023,-3.040462],[30.811102,-3.03921],[30.811912,-3.036598],[30.812199,-3.03567],[30.812398,-3.031781],[30.814922,-3.030183],[30.81539,-3.029887],[30.816038,-3.028889],[30.816038,-3.026795],[30.81519,-3.02515],[30.816885,-3.023106],[30.818481,-3.022159],[30.820026,-3.020514],[30.820625,-3.018968],[30.820026,-3.017722],[30.820974,-3.017024],[30.82222,-3.016525],[30.82222,-3.015079],[30.823167,-3.014082],[30.824015,-3.01154],[30.824812,-3.008548],[30.825702,-3.007236],[30.825859,-3.007003],[30.828751,-3.005757],[30.834584,-2.999275],[30.836828,-2.997132],[30.837027,-2.995287],[30.836977,-2.993941],[30.837421,-2.992955],[30.837426,-2.992944],[30.837177,-2.991697],[30.836927,-2.990202],[30.840268,-2.985565],[30.841763,-2.985515],[30.84291,-2.985565],[30.843259,-2.984867],[30.84286,-2.984069],[30.84306,-2.983172],[30.843469,-2.982885],[30.844057,-2.982474],[30.844156,-2.981826],[30.843857,-2.981128],[30.846051,-2.979583],[30.848344,-2.978236],[30.848626,-2.978035],[30.848672,-2.978002],[30.849626,-2.977321],[30.849595,-2.977325],[30.848253,-2.97682],[30.846986,-2.976779],[30.846371,-2.977202],[30.845297,-2.976968],[30.844569,-2.976156],[30.843608,-2.976695],[30.843069,-2.97735],[30.84211,-2.977117],[30.840884,-2.976072],[30.839773,-2.974835],[30.838315,-2.974523],[30.836702,-2.974867],[30.835127,-2.975173],[30.833706,-2.975556],[30.832631,-2.975747],[30.831818,-2.975672],[30.831887,-2.976135],[30.829633,-2.976885],[30.826218,-2.978319],[30.825125,-2.978398],[30.825194,-2.978729],[30.823965,-2.97907],[30.820552,-2.979475],[30.816388,-2.979947],[30.815135,-2.980072],[30.813244,-2.981492],[30.811663,-2.983441],[30.809841,-2.984657],[30.807052,-2.983797],[30.803899,-2.983303],[30.800623,-2.98354],[30.797951,-2.984755],[30.794552,-2.985968],[30.792486,-2.98755],[30.789451,-2.988275],[30.787874,-2.988272],[30.787329,-2.987966],[30.786661,-2.988392],[30.783991,-2.988874],[30.781684,-2.989723],[30.77974,-2.990817],[30.777554,-2.992033],[30.77464,-2.993125],[30.772698,-2.993852],[30.771978,-2.99342],[30.771848,-2.993851],[30.766027,-2.992741],[30.765521,-2.992903],[30.762628,-2.993832],[30.75935,-2.994679],[30.75571,-2.99516],[30.754495,-2.995889],[30.753927,-2.995496],[30.75341,-2.996016],[30.75241,-2.996107],[30.751626,-2.996535],[30.747894,-2.99735],[30.743982,-2.997251],[30.742166,-2.995143],[30.738987,-2.992209],[30.735259,-2.991286],[30.731895,-2.989998],[30.728438,-2.989534],[30.726957,-2.989717],[30.726617,-2.989759],[30.725526,-2.989894],[30.724074,-2.987787],[30.72144,-2.98586],[30.71744,-2.984022],[30.714259,-2.982185],[30.712629,-2.978706],[30.712471,-2.977562],[30.710814,-2.97614],[30.708907,-2.974215],[30.706636,-2.972564],[30.705274,-2.97128],[30.704245,-2.970306],[30.703637,-2.970727],[30.700815,-2.971819],[30.700667,-2.971838],[30.696446,-2.972359],[30.693838,-2.973079],[30.693367,-2.973209],[30.692167,-2.973539],[30.688525,-2.975179],[30.686155,-2.977003],[30.685422,-2.979746],[30.68296,-2.982211],[30.679955,-2.983485],[30.677675,-2.985951],[30.674577,-2.987957],[30.671115,-2.990236],[30.667656,-2.990961],[30.667531,-2.990538],[30.667474,-2.990686],[30.665657,-2.989767],[30.663516,-2.987681],[30.663024,-2.9872],[30.662866,-2.986354],[30.662661,-2.986559],[30.661648,-2.985219],[30.661289,-2.984744],[30.66003,-2.983077],[30.658933,-2.980526],[30.658745,-2.980332],[30.656553,-2.978314],[30.655502,-2.97758],[30.653265,-2.976755],[30.651621,-2.976617],[30.650022,-2.975563],[30.648416,-2.972665],[30.647045,-2.970791],[30.645506,-2.967403],[30.644787,-2.963193],[30.645068,-2.959169],[30.645713,-2.955419],[30.64614,-2.952538],[30.644679,-2.951486],[30.642488,-2.950798],[30.640936,-2.949606],[30.636872,-2.944918],[30.635639,-2.943597],[30.634733,-2.9423],[30.634016,-2.941274],[30.633462,-2.940482],[30.632737,-2.939382],[30.632666,-2.939107],[30.631021,-2.936971],[30.630524,-2.93649],[30.62824,-2.935022],[30.626642,-2.934059],[30.626048,-2.932913],[30.625578,-2.932287],[30.625473,-2.932232],[30.623567,-2.930398],[30.622779,-2.928867],[30.622389,-2.928109],[30.620031,-2.924719],[30.615667,-2.922971],[30.611211,-2.922504],[30.608213,-2.920577],[30.606488,-2.918744],[30.603395,-2.918463],[30.600663,-2.919738],[30.598471,-2.919027],[30.598391,-2.919001],[30.597214,-2.916162],[30.595866,-2.913513],[30.595583,-2.912957],[30.592949,-2.911122],[30.589402,-2.910383],[30.588247,-2.909993],[30.588039,-2.909922],[30.587827,-2.909208],[30.587573,-2.90983],[30.58669,-2.907701],[30.586287,-2.905025],[30.586152,-2.904132],[30.584791,-2.90262],[30.582063,-2.901997],[30.581082,-2.901653],[30.58029,-2.901375],[30.579885,-2.899522],[30.579277,-2.896708],[30.57771,-2.893846],[30.577095,-2.89329],[30.574172,-2.892831],[30.57029,-2.892923],[30.566522,-2.893927],[30.565061,-2.894749],[30.56461,-2.895962],[30.56434,-2.897815],[30.565396,-2.899865],[30.561947,-2.902551],[30.556808,-2.907358],[30.553268,-2.911313],[30.548361,-2.917821],[30.546601,-2.920366],[30.545827,-2.921002],[30.545545,-2.922274],[30.543715,-2.92496],[30.54287,-2.925526],[30.542589,-2.926021],[30.542589,-2.92694],[30.539492,-2.932666],[30.538788,-2.932807],[30.536394,-2.931323],[30.53379,-2.930333],[30.531819,-2.930404],[30.530622,-2.931181],[30.528933,-2.933585],[30.527454,-2.935423],[30.526258,-2.935776],[30.526047,-2.936695],[30.524428,-2.940018],[30.522809,-2.941644],[30.520063,-2.941714],[30.518374,-2.942421],[30.517388,-2.943411],[30.51598,-2.943411],[30.51232,-2.94737],[30.511475,-2.948571],[30.509997,-2.950127],[30.5088,-2.950975],[30.507885,-2.950197],[30.507533,-2.950197],[30.506829,-2.951611],[30.505562,-2.952954],[30.504436,-2.953166],[30.502888,-2.952883],[30.501125,-2.951015],[30.499617,-2.950753],[30.498834,-2.950869],[30.495637,-2.949985],[30.4943,-2.948501],[30.493103,-2.948147],[30.492118,-2.94843],[30.490569,-2.947652],[30.488176,-2.947652],[30.48719,-2.948289],[30.484656,-2.946663],[30.483248,-2.946239],[30.481981,-2.944047],[30.48172,-2.943261],[30.480259,-2.940844],[30.479716,-2.93954],[30.479381,-2.936863],[30.478225,-2.935009],[30.478246,-2.934485],[30.478168,-2.934495],[30.477346,-2.933919],[30.47615,-2.932667],[30.475428,-2.932667],[30.474631,-2.932267],[30.474257,-2.931966],[30.474184,-2.931141],[30.473433,-2.930796],[30.472821,-2.92992],[30.472364,-2.92853],[30.472059,-2.927448],[30.471783,-2.926655],[30.471449,-2.925698],[30.470735,-2.924667],[30.469559,-2.924407],[30.469492,-2.924422],[30.468176,-2.924713],[30.467049,-2.925328],[30.466487,-2.925223],[30.466233,-2.924297],[30.466735,-2.923248],[30.466798,-2.923115],[30.46721,-2.922344],[30.466956,-2.921314],[30.465781,-2.920334],[30.464549,-2.919728],[30.46389,-2.919403],[30.462559,-2.919915],[30.461482,-2.921096],[30.460207,-2.92147],[30.459741,-2.921606],[30.459025,-2.921348],[30.458292,-2.921268],[30.458053,-2.921242],[30.456877,-2.920777],[30.45601,-2.91954],[30.456115,-2.918254],[30.456577,-2.917689],[30.457806,-2.917229],[30.459443,-2.917233],[30.460723,-2.916875],[30.461595,-2.91626],[30.461546,-2.915025],[30.461394,-2.91374],[30.461345,-2.913326],[30.460785,-2.912039],[30.459561,-2.910596],[30.458283,-2.909718],[30.457568,-2.909202],[30.457579,-2.909144],[30.456983,-2.908409],[30.456099,-2.907172],[30.455144,-2.907102],[30.453915,-2.90751],[30.452618,-2.907988],[30.451389,-2.908328],[30.450227,-2.909491],[30.449691,-2.910063],[30.449201,-2.910587],[30.448313,-2.910928],[30.448042,-2.910172],[30.447732,-2.908528],[30.447705,-2.908388],[30.447026,-2.906877],[30.446638,-2.906207],[30.446618,-2.906259],[30.445732,-2.906051],[30.443958,-2.906047],[30.443918,-2.906049],[30.442798,-2.906113],[30.442186,-2.90522],[30.441901,-2.904406],[30.441441,-2.903091],[30.440556,-2.902266],[30.439804,-2.902676],[30.43851,-2.901919],[30.438479,-2.901894],[30.437216,-2.900887],[30.436056,-2.900884],[30.435649,-2.899991],[30.435721,-2.898071],[30.436815,-2.89725],[30.437089,-2.896496],[30.436571,-2.895798],[30.436558,-2.895781],[30.436069,-2.895122],[30.43505,-2.893198],[30.434985,-2.891621],[30.435605,-2.889015],[30.435269,-2.886956],[30.435069,-2.884967],[30.435481,-2.883596],[30.435552,-2.883416],[30.435413,-2.883389],[30.434461,-2.882084],[30.433099,-2.880915],[30.43208,-2.879266],[30.431947,-2.877756],[30.432564,-2.876249],[30.433316,-2.875359],[30.433597,-2.874981],[30.433649,-2.874229],[30.43366,-2.874056],[30.433594,-2.873164],[30.433322,-2.872354],[30.433312,-2.872363],[30.432039,-2.871995],[30.430585,-2.871442],[30.429405,-2.870342],[30.427952,-2.869333],[30.427136,-2.868142],[30.427047,-2.867844],[30.426681,-2.868141],[30.425319,-2.86704],[30.423863,-2.86722],[30.422133,-2.868222],[30.420127,-2.870596],[30.418851,-2.871599],[30.417857,-2.872211],[30.417667,-2.872328],[30.416758,-2.871868],[30.416217,-2.869946],[30.416115,-2.869323],[30.415823,-2.869073],[30.415026,-2.869423],[30.414602,-2.869223],[30.414254,-2.868722],[30.41395,-2.868112],[30.412765,-2.868109],[30.411764,-2.86829],[30.410674,-2.867556],[30.410678,-2.865544],[30.410956,-2.863349],[30.411506,-2.861521],[30.411794,-2.860849],[30.412329,-2.859602],[30.413423,-2.858507],[30.413518,-2.856586],[30.413339,-2.855306],[30.412545,-2.854681],[30.412522,-2.854663],[30.411431,-2.854204],[30.411072,-2.852099],[30.411712,-2.850546],[30.412805,-2.850182],[30.414261,-2.849545],[30.415028,-2.848778],[30.415173,-2.848633],[30.415085,-2.84726],[30.414683,-2.846331],[30.414452,-2.845796],[30.413547,-2.843507],[30.413733,-2.841861],[30.415008,-2.841132],[30.41601,-2.840403],[30.416286,-2.839123],[30.417195,-2.839308],[30.417374,-2.840497],[30.418557,-2.840317],[30.419613,-2.839745],[30.418865,-2.839815],[30.419003,-2.839129],[30.418733,-2.837756],[30.419008,-2.837002],[30.420371,-2.837417],[30.420509,-2.836663],[30.420239,-2.83529],[30.420038,-2.833712],[30.421062,-2.833303],[30.420997,-2.831862],[30.420524,-2.830215],[30.421139,-2.82953],[30.42264,-2.829533],[30.4238,-2.829056],[30.423871,-2.828095],[30.423805,-2.827203],[30.423125,-2.825967],[30.423469,-2.824527],[30.423602,-2.824457],[30.423447,-2.82439],[30.423858,-2.823774],[30.424201,-2.822814],[30.424408,-2.821648],[30.425297,-2.820621],[30.425846,-2.819319],[30.425849,-2.817878],[30.425763,-2.817084],[30.425715,-2.816643],[30.425525,-2.816451],[30.424898,-2.815818],[30.423466,-2.815747],[30.423123,-2.816638],[30.422643,-2.817734],[30.422028,-2.818282],[30.421346,-2.818212],[30.420937,-2.818005],[30.420871,-2.817044],[30.42135,-2.816222],[30.421966,-2.815194],[30.423811,-2.813758],[30.424632,-2.812868],[30.425589,-2.811841],[30.426206,-2.810745],[30.426071,-2.809922],[30.426073,-2.80903],[30.427166,-2.808415],[30.428325,-2.808417],[30.429211,-2.808968],[30.429754,-2.810341],[30.430299,-2.810343],[30.430914,-2.810001],[30.431257,-2.809247],[30.43126,-2.807738],[30.431058,-2.806708],[30.431332,-2.805955],[30.432355,-2.806094],[30.43297,-2.805615],[30.432903,-2.804929],[30.432359,-2.804173],[30.432089,-2.803006],[30.432909,-2.802254],[30.433662,-2.801226],[30.433118,-2.800608],[30.432231,-2.800537],[30.431277,-2.799849],[30.431552,-2.799026],[30.433395,-2.798344],[30.435101,-2.79828],[30.436395,-2.798968],[30.436461,-2.800272],[30.436421,-2.800745],[30.436621,-2.800721],[30.437185,-2.801084],[30.437483,-2.800686],[30.437894,-2.799966],[30.437212,-2.799793],[30.437556,-2.798491],[30.437697,-2.796433],[30.437905,-2.795062],[30.438521,-2.794171],[30.439477,-2.793419],[30.440229,-2.792872],[30.44064,-2.792118],[30.440642,-2.79102],[30.439895,-2.789578],[30.439147,-2.78841],[30.439627,-2.787108],[30.440858,-2.785739],[30.441065,-2.784573],[30.440318,-2.783199],[30.440797,-2.78224],[30.442232,-2.781214],[30.442855,-2.780759],[30.442917,-2.779912],[30.44142,-2.778194],[30.440672,-2.776957],[30.440949,-2.775243],[30.442113,-2.77305],[30.443139,-2.77168],[30.443607,-2.771162],[30.443413,-2.771201],[30.44362,-2.770172],[30.444852,-2.768391],[30.44506,-2.766745],[30.444518,-2.765235],[30.443566,-2.763724],[30.442342,-2.761663],[30.441907,-2.76094],[30.440141,-2.760123],[30.439124,-2.759501],[30.438638,-2.758923],[30.437817,-2.757882],[30.436826,-2.757261],[30.435534,-2.755817],[30.434856,-2.753895],[30.435472,-2.752662],[30.437725,-2.75198],[30.439431,-2.751367],[30.440252,-2.750202],[30.439983,-2.748624],[30.439713,-2.746977],[30.439793,-2.746803],[30.439055,-2.746244],[30.438546,-2.744647],[30.438856,-2.743362],[30.440392,-2.742902],[30.441978,-2.742957],[30.444024,-2.743115],[30.445407,-2.742244],[30.44766,-2.741426],[30.450424,-2.740763],[30.452421,-2.739892],[30.453497,-2.739071],[30.454727,-2.737891],[30.455713,-2.737075],[30.455599,-2.737018],[30.456777,-2.736094],[30.458161,-2.73512],[30.459595,-2.734042],[30.460774,-2.733067],[30.461848,-2.733172],[30.462769,-2.733277],[30.46318,-2.732609],[30.46313,-2.731683],[30.462724,-2.730447],[30.462113,-2.728954],[30.46191,-2.728079],[30.462107,-2.727952],[30.461605,-2.727461],[30.460788,-2.726533],[30.460587,-2.724577],[30.461409,-2.72319],[30.462025,-2.722265],[30.462999,-2.721238],[30.463509,-2.721857],[30.464379,-2.721961],[30.46438,-2.72119],[30.463975,-2.719491],[30.46362,-2.717895],[30.464542,-2.717228],[30.465463,-2.71723],[30.466741,-2.717747],[30.467508,-2.717903],[30.467459,-2.717029],[30.468381,-2.716207],[30.469198,-2.717032],[30.470222,-2.716726],[30.471349,-2.715956],[30.471608,-2.714568],[30.472735,-2.713541],[30.474577,-2.71339],[30.477032,-2.713961],[30.478308,-2.715302],[30.480348,-2.718342],[30.481623,-2.720248],[30.481763,-2.720496],[30.482595,-2.720405],[30.483569,-2.719429],[30.484953,-2.718197],[30.486336,-2.717325],[30.487617,-2.716196],[30.48849,-2.71486],[30.489157,-2.713575],[30.490285,-2.712806],[30.491615,-2.71286],[30.491743,-2.71294],[30.491922,-2.712604],[30.492692,-2.711525],[30.493717,-2.710704],[30.49403,-2.710714],[30.493922,-2.710447],[30.495406,-2.71009],[30.495664,-2.708958],[30.495821,-2.707209],[30.497053,-2.705462],[30.498233,-2.703921],[30.499463,-2.70274],[30.500845,-2.702126],[30.501973,-2.701305],[30.502231,-2.699865],[30.502695,-2.698528],[30.5028,-2.697036],[30.502598,-2.695647],[30.503367,-2.694928],[30.504542,-2.695702],[30.50587,-2.696682],[30.507424,-2.697321],[30.507507,-2.696686],[30.507052,-2.694266],[30.506648,-2.691384],[30.50798,-2.690512],[30.509616,-2.691287],[30.510741,-2.691701],[30.512124,-2.690624],[30.512843,-2.689493],[30.515042,-2.689806],[30.516117,-2.689603],[30.516273,-2.687957],[30.517044,-2.686466],[30.519348,-2.68575],[30.519965,-2.685342],[30.519962,-2.68534],[30.519403,-2.683795],[30.519253,-2.681994],[30.519461,-2.680194],[30.520435,-2.679218],[30.522328,-2.679222],[30.523609,-2.678453],[30.523765,-2.677167],[30.523256,-2.675879],[30.523669,-2.674028],[30.524439,-2.672537],[30.524861,-2.67233],[30.524746,-2.672281],[30.52521,-2.670789],[30.525724,-2.66935],[30.526597,-2.667911],[30.527164,-2.665751],[30.52732,-2.664516],[30.527575,-2.664298],[30.527731,-2.663488],[30.527069,-2.661892],[30.525742,-2.660603],[30.525386,-2.659316],[30.525185,-2.657617],[30.525802,-2.655921],[30.526221,-2.655302],[30.525856,-2.65484],[30.52564,-2.653559],[30.525348,-2.653644],[30.523132,-2.655819],[30.520194,-2.65499],[30.518699,-2.655249],[30.515555,-2.655301],[30.511534,-2.656389],[30.507308,-2.661412],[30.505916,-2.663432],[30.503906,-2.66509],[30.501535,-2.666643],[30.49968,-2.666592],[30.4987,-2.667368],[30.497773,-2.668352],[30.495556,-2.669751],[30.493804,-2.670321],[30.492876,-2.670735],[30.492464,-2.671771],[30.490763,-2.672599],[30.489114,-2.673998],[30.48731,-2.67405],[30.486588,-2.674568],[30.486176,-2.675396],[30.478393,-2.678193],[30.477362,-2.679281],[30.475558,-2.679125],[30.472723,-2.680368],[30.470816,-2.681767],[30.46927,-2.684512],[30.467981,-2.685703],[30.464476,-2.687723],[30.462415,-2.689173],[30.460095,-2.690778],[30.459116,-2.691141],[30.4569,-2.690778],[30.45293,-2.68881],[30.451121,-2.687151],[30.449943,-2.68634],[30.447955,-2.683248],[30.44525,-2.679898],[30.443816,-2.678199],[30.44377,-2.678146],[30.443107,-2.677476],[30.441778,-2.676907],[30.439579,-2.676542],[30.437226,-2.676332],[30.435027,-2.676173],[30.433746,-2.676839],[30.432261,-2.67771],[30.431237,-2.678274],[30.430725,-2.678479],[30.430513,-2.67801],[30.43013,-2.677757],[30.429346,-2.677241],[30.427204,-2.674355],[30.425569,-2.673168],[30.425508,-2.672481],[30.425417,-2.672602],[30.424755,-2.67116],[30.423786,-2.669872],[30.422613,-2.667811],[30.422218,-2.666899],[30.422186,-2.666919],[30.420188,-2.665543],[30.4191,-2.663894],[30.418419,-2.663351],[30.418429,-2.658892],[30.422083,-2.650729],[30.427001,-2.644722],[30.427067,-2.644642],[30.426959,-2.644561],[30.427214,-2.644515],[30.428239,-2.643899],[30.429419,-2.642101],[30.431726,-2.639636],[30.433829,-2.636862],[30.435366,-2.635579],[30.435367,-2.63527],[30.437112,-2.632496],[30.438038,-2.629874],[30.438963,-2.627612],[30.439836,-2.626379],[30.439944,-2.626362],[30.439786,-2.625659],[30.440504,-2.624888],[30.441738,-2.621804],[30.44323,-2.617331],[30.44477,-2.614864],[30.444897,-2.614962],[30.444822,-2.614144],[30.447952,-2.609623],[30.44799,-2.609689],[30.448003,-2.609417],[30.448978,-2.608236],[30.450773,-2.605924],[30.451086,-2.606058],[30.451029,-2.605616],[30.451952,-2.604434],[30.453389,-2.602379],[30.454521,-2.59914],[30.455601,-2.596261],[30.456525,-2.594359],[30.458216,-2.592974],[30.459702,-2.591536],[30.461395,-2.589378],[30.463086,-2.587787],[30.463176,-2.587807],[30.463274,-2.587293],[30.464197,-2.586111],[30.465019,-2.584621],[30.465279,-2.58246],[30.465356,-2.582507],[30.46528,-2.581997],[30.465281,-2.581071],[30.465796,-2.579734],[30.466413,-2.578141],[30.466889,-2.577187],[30.466825,-2.576598],[30.467594,-2.575776],[30.468158,-2.5748],[30.468261,-2.57487],[30.468261,-2.574388],[30.469389,-2.573465],[30.470618,-2.572695],[30.472155,-2.571515],[30.473435,-2.570591],[30.474614,-2.569359],[30.474666,-2.569381],[30.474666,-2.568947],[30.474924,-2.567867],[30.475644,-2.566119],[30.476057,-2.564216],[30.47652,-2.562622],[30.477292,-2.560617],[30.478421,-2.558562],[30.479447,-2.557226],[30.481136,-2.556354],[30.48303,-2.555895],[30.483133,-2.555903],[30.483289,-2.554455],[30.483394,-2.552757],[30.483399,-2.550133],[30.483045,-2.548229],[30.483177,-2.548282],[30.483097,-2.547714],[30.483869,-2.545349],[30.483977,-2.542365],[30.483521,-2.540049],[30.483064,-2.53835],[30.483172,-2.535675],[30.48335,-2.534435],[30.483082,-2.533881],[30.483135,-2.533212],[30.482932,-2.532389],[30.48305,-2.532437],[30.48283,-2.532132],[30.482371,-2.531153],[30.482649,-2.531227],[30.482167,-2.530741],[30.482116,-2.530689],[30.482016,-2.529763],[30.482263,-2.529689],[30.482221,-2.529661],[30.481916,-2.528785],[30.481714,-2.527293],[30.48187,-2.52611],[30.482124,-2.526134],[30.482074,-2.526007],[30.483564,-2.522923],[30.485051,-2.521074],[30.487557,-2.520873],[30.490627,-2.520724],[30.494004,-2.520422],[30.495078,-2.520218],[30.495133,-2.51816],[30.49524,-2.513806],[30.495173,-2.513644],[30.495518,-2.511655],[30.496594,-2.508996],[30.496683,-2.508776],[30.498051,-2.506789],[30.499231,-2.505804],[30.499281,-2.505625],[30.500168,-2.50501],[30.501308,-2.504821],[30.500991,-2.502389],[30.500751,-2.500926],[30.500318,-2.49917],[30.500274,-2.497073],[30.500569,-2.494586],[30.501352,-2.490638],[30.502182,-2.487616],[30.502525,-2.485569],[30.503013,-2.484204],[30.503094,-2.484139],[30.502934,-2.484109],[30.502901,-2.484007],[30.503292,-2.48235],[30.504413,-2.479183],[30.504496,-2.479191],[30.504462,-2.479085],[30.504608,-2.4785],[30.505484,-2.476746],[30.506752,-2.472994],[30.50765,-2.470817],[30.50758,-2.470557],[30.507873,-2.46968],[30.508703,-2.466415],[30.508655,-2.466317],[30.508802,-2.465245],[30.50963,-2.463393],[30.510993,-2.46008],[30.513277,-2.457012],[30.516095,-2.453555],[30.518059,-2.450293],[30.518041,-2.449999],[30.51911,-2.448489],[30.520571,-2.444981],[30.521815,-2.441964],[30.521741,-2.441277],[30.522229,-2.439815],[30.524464,-2.437039],[30.525826,-2.434311],[30.525891,-2.434332],[30.525864,-2.434262],[30.526987,-2.432877],[30.529492,-2.429848],[30.532602,-2.425259],[30.535026,-2.419542],[30.537276,-2.414257],[30.538825,-2.409137],[30.538626,-2.408566],[30.536108,-2.405402],[30.53481,-2.404412],[30.533315,-2.403898],[30.531702,-2.403898],[30.527769,-2.403226],[30.526313,-2.403305],[30.524504,-2.403226],[30.523127,-2.403661],[30.520963,-2.403938],[30.51821,-2.40287],[30.516203,-2.401208],[30.514748,-2.400496],[30.513292,-2.40014],[30.512073,-2.400615],[30.511483,-2.400654],[30.510735,-2.400061],[30.510696,-2.399032],[30.510185,-2.397608],[30.510683,-2.394205],[30.488454,-2.383781],[30.434142,-2.339236],[30.428406,-2.331381],[30.425734,-2.324113],[30.423238,-2.317325],[30.418484,-2.311847],[30.415073,-2.313088],[30.413243,-2.312651],[30.405658,-2.310842],[30.404955,-2.311325],[30.403854,-2.311563],[30.401454,-2.311088],[30.399762,-2.311444],[30.398386,-2.312116],[30.396891,-2.312354],[30.395081,-2.311958],[30.393586,-2.311998],[30.391187,-2.312828],[30.389967,-2.314332],[30.389062,-2.315519],[30.387214,-2.31722],[30.387017,-2.317853],[30.386742,-2.319712],[30.385089,-2.320068],[30.38387,-2.322758],[30.382414,-2.323312],[30.381431,-2.324143],[30.379975,-2.32529],[30.379582,-2.326042],[30.379857,-2.327031],[30.379425,-2.32798],[30.379267,-2.329128],[30.379149,-2.329919],[30.378284,-2.330077],[30.377615,-2.330512],[30.377418,-2.332451],[30.37789,-2.333321],[30.37793,-2.334112],[30.377536,-2.334864],[30.377497,-2.336249],[30.377104,-2.336961],[30.376986,-2.338345],[30.376435,-2.338583],[30.37612,-2.338939],[30.375884,-2.339493],[30.376081,-2.3406],[30.375727,-2.341075],[30.374979,-2.340838],[30.374311,-2.341352],[30.373861,-2.342427],[30.37311,-2.343182],[30.372427,-2.345173],[30.372359,-2.346478],[30.373587,-2.348537],[30.372398,-2.354759],[30.372354,-2.354991],[30.372222,-2.355677],[30.363075,-2.357256],[30.359183,-2.358217],[30.343141,-2.362199],[30.329829,-2.365288],[30.315152,-2.368584],[30.300953,-2.372085],[30.295423,-2.373389],[30.286754,-2.374488],[30.277879,-2.375106],[30.272213,-2.374831],[30.262656,-2.373389],[30.26013,-2.373321],[30.255488,-2.373252],[30.252962,-2.372565],[30.250573,-2.371261],[30.250236,-2.370224],[30.25001,-2.368862],[30.249785,-2.367897],[30.249051,-2.366534],[30.248543,-2.363696],[30.247244,-2.36273],[30.246285,-2.361765],[30.24476,-2.359892],[30.243349,-2.35904],[30.24126,-2.358813],[30.239002,-2.357053],[30.23697,-2.355804],[30.234994,-2.353931],[30.232962,-2.351206],[30.23189,-2.350298],[30.229857,-2.34956],[30.228107,-2.349049],[30.22647,-2.349049],[30.224946,-2.349616],[30.223873,-2.34973],[30.223365,-2.350752],[30.222406,-2.351774],[30.220261,-2.353817],[30.219188,-2.355577],[30.21947,-2.356429],[30.218285,-2.358927],[30.218228,-2.359324],[30.218652,-2.362447],[30.218002,-2.366308],[30.217099,-2.36784],[30.214277,-2.369997],[30.214841,-2.371416],[30.214728,-2.373403],[30.21439,-2.375561],[30.213825,-2.377094],[30.213656,-2.378399],[30.213297,-2.379978],[30.213047,-2.382113],[30.211514,-2.382794],[30.210747,-2.382991],[30.209142,-2.38387],[30.208535,-2.384139],[30.207947,-2.384821],[30.206502,-2.385448],[30.2057,-2.385986],[30.205022,-2.38622],[30.203506,-2.386632],[30.201991,-2.387063],[30.201046,-2.38726],[30.200243,-2.387385],[30.198959,-2.387152],[30.198281,-2.388605],[30.197925,-2.390237],[30.197568,-2.39255],[30.197746,-2.393877],[30.19846,-2.395724],[30.198763,-2.397321],[30.198567,-2.398271],[30.198085,-2.399634],[30.197479,-2.401123],[30.196908,-2.404494],[30.196338,-2.406754],[30.196338,-2.408135],[30.196231,-2.409318],[30.195803,-2.410843],[30.195036,-2.412206],[30.193235,-2.41486],[30.189704,-2.419434],[30.188687,-2.420657],[30.18683,-2.423201],[30.186094,-2.424199],[30.185069,-2.426517],[30.183917,-2.427965],[30.181868,-2.429318],[30.17937,-2.429897],[30.177962,-2.429736],[30.175465,-2.428609],[30.172231,-2.427257],[30.169478,-2.426678],[30.166565,-2.426388],[30.16458,-2.426871],[30.161891,-2.428481],[30.15933,-2.430283],[30.155968,-2.431861],[30.153151,-2.431861],[30.149981,-2.431925],[30.148413,-2.432312],[30.1463,-2.433149],[30.144155,-2.434533],[30.14137,-2.436529],[30.139129,-2.437141],[30.135895,-2.437688],[30.131702,-2.437785],[30.128596,-2.437399],[30.125299,-2.436626],[30.121937,-2.435113],[30.118288,-2.43302],[30.114933,-2.430808],[30.093853,-2.422642],[30.072975,-2.408792],[30.056542,-2.394426],[30.025536,-2.357736],[30.013341,-2.348331],[30.002542,-2.34452],[30.002236,-2.344515],[30.00045,-2.344253],[29.992308,-2.34399],[29.983885,-2.344817],[29.976134,-2.34368],[29.95852,-2.328533],[29.95755,-2.327699],[29.957171,-2.327961],[29.956146,-2.328688],[29.955423,-2.329082],[29.955152,-2.329809],[29.954971,-2.33087],[29.955092,-2.33193],[29.955212,-2.333233],[29.955182,-2.334476],[29.955604,-2.335324],[29.955514,-2.335991],[29.95464,-2.337233],[29.95461,-2.339263],[29.954941,-2.340203],[29.955634,-2.341324],[29.955785,-2.34196],[29.955936,-2.343657],[29.956448,-2.344779],[29.956689,-2.346415],[29.956387,-2.347778],[29.956116,-2.349142],[29.955664,-2.349506],[29.953887,-2.350445],[29.953465,-2.351111],[29.953374,-2.35199],[29.953013,-2.352687],[29.95232,-2.354293],[29.951868,-2.354748],[29.951115,-2.355445],[29.95,-2.356566],[29.948855,-2.357566],[29.947619,-2.358172],[29.947408,-2.358687],[29.947378,-2.359263],[29.947137,-2.360262],[29.946113,-2.360747],[29.94548,-2.361475],[29.94551,-2.362293],[29.945088,-2.362717],[29.944215,-2.363081],[29.943672,-2.363505],[29.943522,-2.36399],[29.943732,-2.364838],[29.94316,-2.366262],[29.94313,-2.366868],[29.943672,-2.368262],[29.94325,-2.36908],[29.942829,-2.37008],[29.9431,-2.37105],[29.943612,-2.373171],[29.944154,-2.373746],[29.94557,-2.374504],[29.947228,-2.375958],[29.947439,-2.377443],[29.94997,-2.379534],[29.95009,-2.381049],[29.950542,-2.382322],[29.951687,-2.383413],[29.951868,-2.383897],[29.951627,-2.385685],[29.952681,-2.387564],[29.954128,-2.389321],[29.954067,-2.390837],[29.954339,-2.39217],[29.954429,-2.393564],[29.954158,-2.395715],[29.954399,-2.39723],[29.955303,-2.3992],[29.956086,-2.401412],[29.957563,-2.40426],[29.958858,-2.406169],[29.95931,-2.40826],[29.959792,-2.409805],[29.959762,-2.410563],[29.959973,-2.412017],[29.961449,-2.414563],[29.961208,-2.41529],[29.960817,-2.416623],[29.960425,-2.419138],[29.960877,-2.420381],[29.960726,-2.420866],[29.960817,-2.421926],[29.96148,-2.423017],[29.960907,-2.423623],[29.960455,-2.424805],[29.960877,-2.426168],[29.960998,-2.426865],[29.960696,-2.428138],[29.961118,-2.429441],[29.96157,-2.43138],[29.9616,-2.431986],[29.9616,-2.433017],[29.962022,-2.434229],[29.962203,-2.434895],[29.961932,-2.436138],[29.962263,-2.436804],[29.962685,-2.43835],[29.963016,-2.438744],[29.96395,-2.438956],[29.964312,-2.439532],[29.96377,-2.440077],[29.963679,-2.440713],[29.96398,-2.44141],[29.964493,-2.441956],[29.965125,-2.442349],[29.965638,-2.442743],[29.965909,-2.443562],[29.96621,-2.444864],[29.966783,-2.445531],[29.967054,-2.446137],[29.966692,-2.447076],[29.965939,-2.447682],[29.965306,-2.448288],[29.964945,-2.449682],[29.965095,-2.450258],[29.965638,-2.451046],[29.96615,-2.452015],[29.966783,-2.452834],[29.967656,-2.452894],[29.967596,-2.453591],[29.967897,-2.454864],[29.967867,-2.455682],[29.967536,-2.456409],[29.967415,-2.457106],[29.967837,-2.4585],[29.96856,-2.459894],[29.969796,-2.461258],[29.96856,-2.462227],[29.968199,-2.463015],[29.967566,-2.464954],[29.967566,-2.466591],[29.967054,-2.467621],[29.966873,-2.468288],[29.966391,-2.469863],[29.96606,-2.471196],[29.966632,-2.472712],[29.966783,-2.474196],[29.967867,-2.475136],[29.968048,-2.475984],[29.967807,-2.477166],[29.966873,-2.47859],[29.967114,-2.479529],[29.967114,-2.479533],[29.967114,-2.480681],[29.967024,-2.481953],[29.966722,-2.482559],[29.966572,-2.483408],[29.967024,-2.484165],[29.966963,-2.485286],[29.96624,-2.486226],[29.965427,-2.486499],[29.964643,-2.486741],[29.964342,-2.487953],[29.963739,-2.488559],[29.963046,-2.488862],[29.962293,-2.488983],[29.960998,-2.488377],[29.960063,-2.48862],[29.958768,-2.489377],[29.957773,-2.489559],[29.95702,-2.489468],[29.956387,-2.488983],[29.955574,-2.488953],[29.954941,-2.489953],[29.954067,-2.49071],[29.952681,-2.491074],[29.952229,-2.492135],[29.951506,-2.492983],[29.950843,-2.494165],[29.950301,-2.495528],[29.949608,-2.495953],[29.948192,-2.495953],[29.946655,-2.496347],[29.945661,-2.496498],[29.944486,-2.49665],[29.943974,-2.497225],[29.942798,-2.497862],[29.942015,-2.498437],[29.942226,-2.499831],[29.942256,-2.50068],[29.941141,-2.501649],[29.940689,-2.50271],[29.940402,-2.504663],[29.939636,-2.506],[29.938991,-2.507054],[29.938829,-2.508959],[29.938426,-2.510499],[29.937459,-2.511553],[29.937338,-2.51212],[29.937942,-2.512931],[29.938184,-2.514633],[29.937338,-2.516578],[29.936209,-2.518605],[29.935564,-2.519253],[29.934153,-2.519334],[29.933629,-2.519861],[29.933508,-2.520712],[29.934758,-2.523468],[29.934999,-2.525049],[29.934919,-2.527683],[29.934233,-2.529142],[29.933951,-2.530439],[29.933709,-2.531371],[29.933871,-2.532708],[29.933871,-2.533478],[29.932177,-2.536477],[29.931371,-2.537409],[29.930565,-2.538909],[29.929517,-2.539557],[29.928831,-2.540287],[29.92863,-2.541016],[29.928468,-2.541705],[29.928428,-2.542556],[29.928751,-2.543934],[29.928992,-2.545596],[29.927138,-2.546771],[29.925727,-2.547866],[29.925082,-2.549041],[29.92488,-2.550662],[29.924276,-2.55281],[29.923792,-2.553296],[29.922623,-2.553945],[29.922179,-2.554431],[29.922018,-2.555282],[29.921655,-2.556012],[29.920446,-2.556782],[29.920284,-2.557471],[29.920284,-2.558808],[29.920284,-2.560267],[29.920526,-2.561402],[29.921252,-2.561564],[29.921816,-2.562375],[29.921695,-2.563753],[29.921333,-2.564888],[29.921091,-2.565617],[29.921937,-2.566792],[29.92359,-2.568251],[29.92355,-2.569021],[29.924155,-2.570278],[29.923953,-2.570967],[29.924235,-2.571899],[29.924759,-2.573601],[29.925969,-2.575465],[29.925485,-2.576033],[29.925082,-2.5766],[29.92488,-2.577492],[29.925122,-2.5781],[29.926614,-2.578667],[29.927581,-2.579397],[29.928347,-2.58118],[29.929154,-2.581504],[29.929355,-2.582558],[29.929758,-2.583774],[29.930404,-2.584868],[29.930202,-2.585841],[29.930121,-2.58734],[29.931089,-2.589245],[29.931049,-2.590501],[29.93125,-2.591312],[29.93121,-2.592325],[29.930283,-2.593784],[29.930202,-2.594676],[29.930202,-2.595446],[29.930847,-2.597067],[29.930928,-2.599134],[29.930686,-2.599945],[29.930847,-2.600431],[29.930605,-2.601201],[29.930121,-2.602052],[29.92992,-2.602741],[29.929879,-2.603268],[29.930524,-2.604767],[29.930404,-2.605537],[29.930524,-2.606834],[29.929638,-2.607888],[29.929476,-2.608618],[29.92992,-2.609144],[29.930242,-2.609915],[29.930283,-2.610806],[29.930162,-2.612468],[29.929839,-2.614048],[29.929839,-2.615629],[29.929557,-2.616642],[29.929517,-2.617533],[29.92996,-2.618425],[29.930242,-2.619762],[29.929879,-2.620978],[29.929557,-2.621829],[29.929799,-2.622356],[29.930484,-2.622843],[29.92996,-2.623613],[29.929476,-2.624464],[29.929275,-2.625517],[29.929113,-2.626288],[29.929396,-2.627706],[29.929073,-2.628395],[29.928509,-2.628962],[29.928267,-2.629692],[29.928186,-2.630543],[29.927985,-2.631799],[29.927985,-2.633299],[29.92863,-2.634961],[29.929879,-2.63642],[29.930726,-2.636663],[29.932258,-2.636825],[29.934113,-2.638446],[29.934758,-2.639662],[29.935362,-2.641445],[29.935282,-2.642296],[29.934919,-2.643593],[29.934879,-2.644242],[29.934717,-2.644687],[29.934153,-2.647443],[29.933145,-2.650483],[29.932137,-2.651699],[29.931411,-2.652955],[29.93121,-2.654657],[29.930565,-2.655063],[29.928952,-2.656279],[29.928106,-2.657454],[29.928347,-2.658548],[29.928065,-2.65948],[29.927823,-2.66021],[29.928468,-2.66179],[29.929436,-2.662358],[29.929879,-2.662885],[29.929678,-2.664425],[29.92871,-2.665519],[29.928186,-2.666451],[29.928025,-2.668275],[29.927702,-2.669612],[29.927823,-2.671558],[29.927622,-2.67253],[29.926775,-2.674638],[29.926191,-2.675899],[29.92607,-2.677277],[29.925546,-2.677966],[29.92478,-2.680195],[29.924377,-2.681573],[29.924739,-2.682141],[29.923812,-2.683073],[29.924014,-2.683843],[29.92353,-2.684289],[29.923248,-2.686599],[29.922603,-2.688098],[29.921675,-2.688949],[29.919942,-2.691016],[29.919055,-2.692313],[29.91841,-2.694948],[29.917966,-2.695799],[29.917886,-2.697379],[29.917362,-2.698716],[29.917644,-2.699446],[29.918007,-2.700864],[29.917765,-2.702242],[29.917241,-2.703012],[29.91587,-2.704188],[29.914781,-2.705525],[29.913451,-2.706863],[29.912282,-2.707511],[29.911838,-2.708403],[29.911596,-2.709051],[29.911153,-2.710429],[29.91075,-2.711929],[29.910347,-2.712496],[29.909863,-2.714117],[29.909178,-2.714847],[29.907525,-2.715779],[29.906799,-2.716468],[29.905831,-2.718048],[29.904823,-2.718373],[29.904057,-2.718899],[29.902606,-2.720602],[29.901719,-2.720561],[29.901437,-2.721169],[29.901598,-2.722547],[29.901114,-2.723479],[29.901356,-2.724736],[29.900711,-2.725262],[29.90059,-2.726032],[29.899905,-2.727613],[29.898776,-2.729113],[29.897244,-2.729315],[29.89676,-2.730166],[29.895873,-2.730977],[29.895148,-2.731828],[29.895349,-2.732922],[29.895148,-2.733773],[29.894301,-2.733773],[29.893616,-2.734057],[29.893011,-2.734706],[29.892809,-2.736043],[29.892164,-2.73657],[29.891721,-2.737299],[29.891559,-2.737867],[29.891922,-2.738434],[29.893172,-2.739691],[29.89285,-2.740582],[29.892446,-2.742609],[29.891237,-2.743176],[29.89035,-2.744311],[29.89035,-2.745202],[29.890874,-2.745729],[29.892043,-2.745851],[29.89285,-2.746135],[29.891922,-2.746905],[29.89164,-2.747634],[29.890471,-2.748728],[29.889541,-2.7498],[29.8891,-2.750309],[29.888697,-2.749458],[29.887205,-2.749417],[29.885472,-2.750309],[29.88394,-2.750714],[29.882408,-2.751525],[29.881481,-2.751808],[29.880553,-2.751363],[29.879021,-2.751484],[29.8781,-2.752341],[29.878064,-2.75333],[29.878719,-2.754943],[29.879921,-2.756299],[29.878574,-2.757398],[29.878282,-2.758241],[29.877663,-2.759487],[29.876206,-2.75923],[29.875295,-2.759634],[29.874603,-2.760256],[29.873874,-2.760806],[29.872126,-2.76066],[29.86943,-2.760183],[29.867172,-2.759157],[29.865642,-2.759524],[29.863201,-2.759927],[29.861526,-2.76044],[29.860906,-2.760989],[29.860105,-2.762455],[29.859413,-2.762968],[29.857701,-2.763188],[29.856316,-2.762968],[29.855296,-2.762345],[29.854677,-2.761869],[29.853912,-2.762419],[29.852965,-2.763518],[29.852273,-2.765167],[29.852419,-2.7659],[29.850706,-2.766266],[29.84965,-2.766743],[29.848011,-2.767146],[29.844769,-2.767293],[29.844186,-2.767293],[29.840908,-2.769088],[29.840762,-2.768575],[29.840361,-2.768025],[29.839123,-2.767989],[29.83854,-2.768282],[29.837993,-2.769968],[29.837483,-2.770554],[29.836172,-2.771397],[29.835407,-2.772313],[29.835131,-2.772898],[29.834715,-2.773779],[29.833549,-2.773889],[29.832384,-2.774329],[29.832274,-2.775904],[29.832165,-2.776527],[29.831582,-2.77737],[29.83089,-2.77836],[29.831218,-2.779532],[29.829725,-2.779202],[29.828923,-2.778579],[29.827648,-2.776417],[29.826519,-2.775098],[29.826264,-2.774365],[29.824515,-2.773889],[29.824297,-2.774622],[29.821711,-2.774768],[29.820946,-2.775135],[29.818906,-2.773669],[29.817776,-2.773302],[29.817011,-2.773376],[29.815919,-2.772386],[29.815117,-2.77202],[29.814134,-2.772386],[29.813733,-2.769711],[29.812968,-2.769161],[29.81315,-2.767806],[29.812895,-2.766743],[29.812349,-2.76568],[29.812232,-2.765648],[29.803379,-2.767324],[29.778523,-2.7666],[29.770651,-2.764231],[29.770604,-2.764251],[29.76911,-2.765314],[29.768455,-2.76612],[29.768054,-2.768429],[29.767471,-2.769345],[29.766998,-2.770554],[29.766852,-2.771507],[29.767216,-2.773229],[29.767872,-2.774878],[29.767945,-2.775648],[29.767799,-2.776527],[29.76707,-2.777737],[29.765868,-2.778286],[29.764484,-2.778726],[29.764156,-2.779129],[29.763865,-2.780632],[29.763792,-2.781731],[29.76412,-2.78338],[29.763865,-2.784113],[29.762918,-2.785066],[29.762371,-2.786166],[29.762371,-2.789574],[29.76259,-2.791333],[29.762371,-2.791846],[29.762043,-2.793971],[29.761315,-2.795217],[29.759931,-2.79661],[29.759348,-2.798076],[29.758182,-2.799028],[29.757636,-2.800054],[29.757745,-2.800787],[29.758037,-2.80229],[29.757162,-2.802693],[29.756834,-2.803023],[29.75596,-2.806394],[29.754649,-2.8083],[29.753447,-2.809582],[29.752619,-2.809942],[29.751844,-2.810279],[29.750642,-2.810389],[29.750203,-2.809826],[29.749629,-2.808701],[29.748973,-2.807933],[29.747825,-2.807796],[29.747333,-2.80678],[29.746349,-2.806643],[29.744955,-2.806561],[29.743971,-2.806835],[29.742605,-2.808399],[29.74091,-2.80936],[29.739489,-2.810073],[29.736947,-2.810814],[29.735335,-2.810622],[29.734406,-2.810265],[29.733476,-2.810101],[29.731755,-2.81054],[29.730334,-2.811144],[29.729459,-2.812379],[29.728584,-2.812818],[29.727847,-2.814107],[29.727054,-2.814547],[29.725906,-2.814409],[29.725113,-2.814848],[29.723966,-2.816001],[29.723255,-2.817428],[29.723392,-2.816605],[29.723255,-2.816028],[29.722954,-2.81537],[29.722025,-2.814931],[29.720823,-2.814794],[29.719948,-2.815178],[29.718554,-2.817373],[29.718035,-2.817099],[29.71716,-2.816001],[29.716012,-2.815342],[29.71481,-2.815287],[29.713963,-2.815452],[29.713826,-2.81633],[29.713279,-2.816879],[29.711804,-2.817263],[29.710656,-2.81784],[29.710109,-2.817593],[29.709535,-2.81773],[29.70836,-2.818992],[29.708032,-2.818224],[29.706666,-2.816495],[29.70519,-2.815178],[29.70519,-2.814464],[29.705736,-2.813065],[29.705764,-2.811885],[29.704698,-2.811308],[29.704479,-2.810842],[29.70396,-2.810238],[29.701555,-2.810073],[29.70109,-2.809606],[29.700899,-2.80914],[29.700052,-2.808591],[29.699095,-2.808701],[29.698348,-2.808151],[29.697546,-2.808251],[29.693574,-2.807642],[29.693178,-2.807581],[29.678684,-2.805357],[29.661132,-2.799564],[29.637087,-2.791629],[29.636377,-2.791394],[29.636127,-2.791878],[29.635772,-2.793086],[29.634924,-2.793799],[29.634596,-2.794842],[29.633886,-2.795144],[29.633039,-2.795665],[29.633066,-2.796351],[29.633175,-2.797751],[29.633011,-2.798712],[29.632219,-2.800029],[29.631535,-2.800523],[29.630551,-2.801511],[29.629458,-2.802911],[29.627927,-2.803295],[29.626998,-2.803899],[29.62555,-2.804942],[29.624675,-2.805106],[29.623637,-2.805518],[29.62309,-2.805106],[29.621614,-2.804777],[29.620548,-2.804475],[29.620138,-2.804887],[29.61981,-2.80571],[29.619455,-2.806341],[29.618608,-2.80571],[29.618061,-2.806259],[29.617624,-2.807082],[29.617023,-2.808015],[29.616285,-2.808646],[29.614946,-2.809168],[29.613579,-2.809497],[29.613087,-2.809936],[29.612377,-2.810512],[29.611912,-2.810211],[29.611284,-2.809552],[29.610464,-2.809415],[29.609616,-2.80925],[29.609398,-2.808921],[29.609097,-2.807713],[29.608687,-2.807055],[29.607867,-2.806972],[29.606965,-2.806835],[29.606091,-2.805957],[29.605271,-2.805847],[29.602593,-2.806149],[29.601281,-2.80689],[29.600324,-2.806835],[29.599286,-2.806122],[29.598274,-2.805436],[29.597372,-2.80549],[29.596498,-2.80711],[29.59576,-2.806945],[29.595049,-2.806753],[29.594175,-2.80711],[29.593819,-2.806231],[29.593246,-2.806039],[29.591852,-2.807137],[29.591141,-2.807302],[29.590567,-2.807027],[29.590048,-2.806341],[29.590103,-2.805518],[29.590021,-2.803213],[29.589501,-2.802307],[29.587533,-2.80228],[29.58573,-2.803377],[29.584281,-2.804228],[29.582614,-2.804228],[29.581193,-2.804969],[29.57999,-2.805847],[29.579006,-2.806863],[29.577968,-2.807137],[29.577148,-2.807796],[29.576683,-2.808509],[29.576465,-2.809031],[29.575918,-2.809223],[29.574743,-2.809607],[29.574442,-2.810375],[29.573814,-2.811089],[29.572994,-2.811144],[29.572174,-2.811006],[29.571354,-2.810759],[29.569004,-2.810869],[29.566954,-2.811088],[29.564822,-2.811472],[29.562554,-2.812021],[29.55952,-2.813448],[29.555339,-2.815562],[29.553754,-2.816248],[29.551786,-2.817208],[29.550255,-2.817318],[29.548315,-2.817291],[29.54621,-2.816742],[29.544516,-2.816412],[29.543204,-2.816495],[29.542029,-2.817345],[29.541373,-2.817894],[29.541209,-2.818663],[29.542193,-2.821517],[29.542794,-2.824097],[29.542767,-2.826374],[29.542576,-2.828488],[29.542248,-2.828927],[29.541865,-2.828899],[29.540744,-2.828296],[29.539323,-2.82835],[29.538531,-2.827884],[29.537875,-2.827115],[29.537219,-2.827225],[29.536836,-2.827911],[29.53588,-2.827966],[29.535525,-2.827335],[29.53476,-2.826923],[29.533284,-2.827006],[29.531999,-2.826978],[29.530933,-2.826868],[29.530223,-2.827115],[29.528884,-2.827994],[29.527927,-2.828296],[29.525795,-2.828296],[29.52503,-2.828899],[29.52421,-2.829174],[29.522488,-2.829393],[29.521149,-2.828954],[29.519728,-2.828707],[29.518143,-2.828597],[29.51664,-2.827911],[29.5153,-2.826539],[29.513714,-2.823622],[29.504121,-2.826855],[29.480867,-2.813729],[29.444675,-2.806989],[29.430302,-2.804313],[29.430214,-2.804296],[29.428964,-2.804667],[29.426723,-2.805628],[29.42522,-2.806149],[29.423908,-2.806396],[29.422487,-2.806753],[29.420956,-2.807768],[29.419918,-2.808262],[29.418715,-2.808372],[29.41836,-2.809689],[29.417868,-2.810073],[29.417185,-2.810128],[29.416283,-2.810458],[29.415982,-2.811363],[29.415627,-2.81183],[29.414998,-2.812351],[29.414233,-2.812653],[29.413495,-2.81279],[29.412976,-2.813229],[29.412211,-2.813833],[29.411254,-2.813696],[29.410379,-2.813943],[29.40945,-2.814958],[29.40863,-2.814958],[29.407428,-2.814217],[29.406417,-2.814986],[29.406061,-2.815809],[29.405241,-2.81666],[29.40423,-2.817428],[29.402536,-2.81784],[29.402372,-2.818388],[29.401388,-2.818663],[29.400513,-2.819349],[29.400103,-2.82009],[29.40024,-2.820968],[29.399611,-2.821325],[29.397972,-2.819898],[29.396933,-2.819569],[29.396386,-2.818937],[29.39655,-2.817757],[29.396222,-2.81655],[29.395621,-2.815946],[29.394856,-2.816193],[29.392779,-2.817867],[29.391713,-2.818169],[29.390866,-2.818032],[29.389254,-2.818059],[29.388488,-2.818553],[29.388434,-2.820035],[29.386794,-2.820145],[29.38663,-2.820776],[29.3851,-2.820996],[29.384416,-2.821489],[29.382913,-2.823877],[29.382585,-2.825386],[29.381219,-2.826155],[29.380809,-2.827417],[29.380453,-2.829887],[29.379606,-2.830793],[29.378841,-2.831287],[29.377447,-2.830683],[29.376709,-2.83093],[29.375971,-2.831451],[29.375917,-2.831973],[29.376326,-2.832549],[29.376299,-2.833208],[29.376272,-2.834223],[29.376518,-2.834772],[29.376873,-2.835595],[29.377064,-2.836363],[29.376846,-2.837187],[29.376299,-2.837571],[29.375397,-2.837763],[29.374277,-2.837544],[29.373183,-2.837544],[29.371899,-2.8379],[29.370915,-2.839272],[29.370259,-2.838531],[29.369139,-2.836638],[29.369002,-2.835733],[29.36851,-2.833455],[29.368018,-2.831946],[29.367608,-2.831479],[29.366761,-2.831452],[29.365585,-2.83222],[29.364929,-2.832247],[29.36329,-2.832028],[29.362552,-2.83233],[29.362224,-2.831781],[29.362606,-2.831122],[29.364683,-2.828625],[29.364902,-2.827033],[29.364192,-2.826457],[29.361711,-2.824406],[29.339687,-2.826441],[29.33085,-2.807425],[29.329661,-2.794919],[29.32036,-2.774145],[29.318086,-2.762569],[29.321497,-2.752131],[29.335346,-2.735181],[29.337516,-2.723812],[29.331418,-2.71141],[29.309714,-2.691049],[29.309481,-2.690127],[29.306045,-2.67658],[29.307337,-2.664798],[29.306614,-2.660147],[29.294418,-2.651052],[29.276125,-2.640613],[29.254989,-2.635549],[29.222454,-2.631487],[29.221807,-2.631406],[29.220648,-2.631261],[29.220107,-2.631194],[29.212769,-2.630278],[29.190445,-2.623456],[29.139611,-2.601306],[29.140194,-2.601936],[29.140839,-2.602714],[29.140903,-2.60359],[29.13955,-2.603719],[29.13897,-2.605178],[29.138132,-2.605178],[29.137713,-2.60453],[29.136167,-2.603914],[29.134846,-2.604173],[29.132558,-2.605405],[29.131559,-2.606573],[29.130109,-2.60787],[29.129658,-2.608453],[29.127886,-2.609685],[29.12737,-2.608972],[29.127274,-2.608096],[29.126694,-2.607578],[29.125534,-2.607253],[29.124761,-2.607318],[29.125276,-2.605827],[29.125212,-2.604627],[29.124342,-2.603395],[29.123665,-2.602909],[29.122344,-2.60346],[29.121732,-2.603265],[29.121087,-2.602617],[29.120121,-2.600477],[29.119412,-2.599893],[29.11822,-2.599634],[29.117865,-2.598791],[29.117286,-2.598175],[29.116061,-2.598564],[29.116996,-2.597332],[29.116029,-2.596327],[29.114063,-2.596489],[29.113387,-2.596813],[29.112678,-2.59678],[29.111776,-2.595905],[29.111196,-2.595613],[29.110648,-2.596035],[29.109746,-2.595581],[29.109329,-2.594892],[29.10658,-2.595072],[29.0995,-2.595537],[29.097501,-2.595669],[29.096114,-2.59576],[29.0778,-2.596964],[29.075496,-2.59892],[29.074594,-2.600023],[29.074046,-2.600606],[29.073241,-2.601255],[29.073048,-2.601741],[29.072822,-2.602746],[29.072274,-2.603168],[29.071566,-2.60333],[29.069439,-2.602746],[29.067731,-2.601903],[29.066281,-2.601287],[29.065669,-2.601223],[29.064767,-2.601385],[29.064026,-2.601676],[29.062673,-2.601255],[29.061771,-2.601579],[29.061352,-2.602325],[29.061384,-2.604011],[29.060997,-2.604854],[29.060321,-2.605956],[29.05987,-2.606864],[29.059966,-2.60761],[29.058227,-2.609069],[29.057711,-2.610334],[29.057776,-2.612182],[29.058807,-2.613219],[29.057937,-2.614549],[29.058001,-2.615295],[29.057582,-2.615813],[29.057486,-2.616592],[29.058001,-2.61711],[29.057647,-2.617856],[29.057034,-2.617305],[29.056229,-2.617305],[29.054844,-2.617921],[29.053394,-2.61844],[29.05291,-2.618959],[29.053136,-2.619996],[29.053812,-2.619996],[29.053555,-2.620807],[29.052491,-2.621747],[29.052008,-2.623174],[29.051944,-2.624665],[29.052395,-2.625379],[29.052008,-2.626416],[29.051976,-2.627486],[29.05233,-2.628329],[29.052878,-2.628135],[29.053426,-2.628945],[29.05349,-2.630145],[29.053426,-2.631604],[29.053361,-2.632415],[29.054135,-2.632707],[29.054006,-2.634295],[29.053587,-2.634749],[29.054328,-2.635819],[29.053909,-2.6365],[29.05436,-2.637408],[29.054392,-2.637927],[29.05349,-2.639289],[29.053426,-2.640067],[29.054231,-2.640715],[29.054972,-2.641331],[29.055198,-2.641494],[29.055713,-2.642888],[29.056261,-2.643309],[29.056938,-2.643147],[29.057292,-2.644023],[29.057776,-2.644963],[29.059032,-2.645676],[29.059258,-2.646811],[29.059032,-2.648335],[29.059419,-2.649567],[29.060643,-2.649665],[29.060289,-2.650637],[29.058484,-2.651805],[29.056938,-2.652421],[29.056132,-2.652486],[29.054876,-2.651708],[29.054231,-2.651934],[29.053941,-2.653037],[29.053845,-2.65401],[29.054328,-2.655566],[29.054135,-2.656344],[29.052491,-2.65615],[29.051847,-2.656247],[29.051622,-2.657187],[29.050977,-2.658355],[29.050913,-2.66017],[29.049366,-2.661338],[29.048915,-2.662181],[29.048399,-2.663283],[29.047562,-2.664386],[29.047465,-2.665683],[29.048142,-2.667271],[29.048786,-2.668406],[29.047336,-2.669379],[29.04637,-2.670352],[29.04608,-2.670935],[29.046305,-2.671811],[29.047723,-2.671908],[29.047916,-2.671357],[29.048271,-2.671973],[29.049141,-2.672362],[29.049688,-2.672686],[29.050687,-2.674016],[29.050945,-2.674502],[29.050784,-2.675442],[29.051525,-2.675702],[29.051557,-2.676545],[29.052105,-2.676772],[29.05262,-2.676642],[29.053232,-2.676804],[29.053909,-2.67661],[29.054328,-2.677388],[29.056487,-2.676447],[29.056938,-2.677939],[29.056841,-2.680144],[29.056873,-2.681214],[29.056422,-2.682284],[29.056003,-2.682965],[29.05523,-2.682835],[29.05465,-2.683289],[29.054425,-2.68397],[29.052749,-2.684359],[29.052298,-2.684586],[29.051815,-2.685072],[29.051331,-2.684618],[29.050752,-2.684618],[29.050107,-2.685039],[29.049592,-2.684553],[29.048915,-2.684423],[29.047304,-2.686077],[29.047143,-2.68705],[29.047368,-2.687828],[29.048335,-2.688152],[29.050075,-2.688606],[29.050784,-2.688606],[29.051686,-2.689644],[29.052846,-2.68906],[29.053426,-2.689417],[29.054102,-2.68906],[29.054296,-2.689644],[29.054489,-2.691103],[29.054876,-2.691654],[29.054489,-2.69227],[29.053716,-2.692627],[29.05291,-2.692432],[29.052524,-2.691946],[29.051106,-2.692108],[29.05001,-2.692854],[29.049624,-2.693988],[29.049721,-2.69441],[29.051074,-2.695934],[29.05175,-2.697069],[29.051557,-2.697458],[29.051944,-2.698333],[29.051493,-2.699144],[29.050848,-2.69989],[29.049366,-2.700214],[29.049205,-2.701933],[29.049753,-2.70297],[29.0503,-2.70404],[29.050494,-2.704786],[29.0532,-2.705921],[29.054779,-2.706115],[29.05407,-2.707315],[29.054715,-2.708061],[29.054747,-2.709001],[29.055327,-2.709423],[29.055133,-2.71072],[29.054747,-2.711693],[29.054263,-2.712147],[29.053136,-2.712536],[29.052427,-2.713995],[29.051364,-2.714741],[29.051267,-2.715648],[29.050752,-2.716686],[29.048528,-2.719248],[29.047014,-2.719572],[29.046499,-2.720091],[29.046466,-2.721063],[29.045468,-2.722554],[29.045017,-2.723592],[29.044694,-2.724403],[29.043985,-2.72463],[29.043921,-2.723787],[29.043373,-2.723333],[29.041859,-2.724532],[29.041698,-2.725148],[29.041794,-2.725764],[29.041182,-2.726316],[29.040763,-2.72677],[29.040796,-2.727386],[29.041923,-2.727937],[29.042052,-2.728164],[29.040635,-2.728618],[29.040602,-2.729623],[29.041021,-2.729882],[29.040602,-2.730336],[29.041279,-2.731601],[29.041376,-2.733125],[29.041569,-2.734228],[29.040892,-2.734325],[29.040731,-2.735006],[29.040892,-2.735816],[29.040635,-2.736595],[29.040248,-2.737665],[29.041215,-2.738573],[29.040055,-2.739189],[29.039861,-2.741134],[29.040216,-2.742334],[29.040115,-2.744209],[29.040142,-2.744237],[29.040546,-2.744787],[29.040617,-2.746842],[29.040451,-2.74775],[29.040332,-2.74799],[29.040213,-2.748492],[29.03969,-2.749161],[29.039357,-2.749639],[29.039357,-2.750595],[29.039167,-2.752339],[29.038929,-2.752817],[29.038668,-2.753654],[29.038668,-2.754634],[29.038502,-2.755064],[29.038359,-2.756402],[29.038359,-2.757932],[29.038573,-2.75841],[29.038811,-2.758792],[29.038882,-2.759247],[29.03862,-2.760418],[29.038193,-2.761039],[29.037242,-2.760609],[29.036053,-2.760083],[29.035174,-2.760107],[29.034437,-2.760107],[29.033962,-2.759772],[29.033724,-2.759581],[29.033347,-2.759395],[29.032464,-2.75896],[29.031942,-2.759247],[29.030777,-2.759963],[29.029707,-2.760107],[29.028234,-2.760107],[29.026974,-2.760442],[29.026618,-2.760824],[29.024978,-2.762091],[29.024658,-2.762356],[29.023599,-2.763238],[29.021603,-2.765699],[29.020723,-2.766775],[29.019963,-2.768113],[29.019606,-2.768663],[29.019083,-2.769571],[29.018037,-2.770527],[29.017467,-2.770718],[29.017039,-2.771268],[29.015827,-2.771746],[29.01547,-2.772081],[29.014543,-2.772391],[29.014021,-2.772798],[29.013236,-2.773061],[29.011929,-2.773563],[29.011549,-2.77428],[29.010812,-2.774805],[29.010194,-2.775045],[29.009457,-2.77569],[29.009219,-2.776263],[29.00891,-2.776837],[29.008815,-2.777219],[29.008435,-2.77808],[29.008269,-2.778462],[29.007698,-2.779155],[29.006367,-2.779753],[29.00525,-2.78023],[29.004297,-2.780811],[29.003468,-2.781473],[29.002683,-2.782166],[29.002493,-2.782406],[29.002374,-2.782764],[29.002374,-2.783433],[29.001923,-2.783887],[29.001352,-2.785536],[29.000924,-2.786922],[29.000901,-2.789384],[29.000877,-2.790627]]]}}]}