{
"type": "FeatureCollection",
"name": "liberia-outline_EPSG4326",
"crs": { "type": "name", "properties": { "name": "urn:ogc:def:crs:OGC:1.3:CRS84" } },
"features": [
{ "type": "Feature", "properties": { "iso2": "LR", "iso3": "LBR", "adm0_name": "Liberia", "adm0_name1": null, "adm0_name2": null, "adm0_name3": null, "adm0_pcode": "LR", "valid_on": "2019-11-04", "valid_to": null, "area_sqkm": 95953.207854449996, "version": "v01", "lang": "en", "lang1": null, "lang2": null, "lang3": null, "center_lat": 6.452693, "center_lon": -9.684965 }, "geometry": { "type": "MultiPolygon", "coordinates": [ [ [ [ -9.731802, 8.532153000000164 ], [ -9.73111299999988, 8.531829000000187 ], [ -9.728867, 8.530125 ], [ -9.728363999999885, 8.529588 ], [ -9.725116, 8.525933000000123 ], [ -9.724946999999872, 8.525626000000102 ], [ -9.724913999999899, 8.525329 ], [ -9.725101, 8.521037 ], [ -9.725333, 8.519151000000136 ], [ -9.725926, 8.515541 ], [ -9.726030999999864, 8.515184 ], [ -9.726144, 8.514887000000101 ], [ -9.726265, 8.514641 ], [ -9.727364, 8.513669 ], [ -9.727802, 8.513348000000121 ], [ -9.730204, 8.511770000000126 ], [ -9.730418, 8.511635000000126 ], [ -9.730794, 8.511594000000116 ], [ -9.731084, 8.511715 ], [ -9.731408, 8.511852 ], [ -9.731663, 8.512125 ], [ -9.735456, 8.512314 ], [ -9.739552, 8.511968 ], [ -9.739929, 8.511876 ], [ -9.740288, 8.511708000000169 ], [ -9.742028999999889, 8.510611000000154 ], [ -9.743292, 8.50941 ], [ -9.743915, 8.506590000000188 ], [ -9.743942999999888, 8.506106000000102 ], [ -9.743872, 8.503624 ], [ -9.741421, 8.495647000000133 ], [ -9.740477999999882, 8.493016 ], [ -9.738265, 8.48691 ], [ -9.736462, 8.480815 ], [ -9.734539, 8.473232 ], [ -9.734169, 8.472142 ], [ -9.733770999999876, 8.471494000000121 ], [ -9.731309884999916, 8.468919240000048 ], [ -9.726278, 8.463655 ], [ -9.725337, 8.463769 ], [ -9.725063, 8.463921 ], [ -9.724693999999886, 8.464157 ], [ -9.724307, 8.464546 ], [ -9.723945999999899, 8.464936 ], [ -9.723516, 8.465435 ], [ -9.723267, 8.465680000000134 ], [ -9.722941999999875, 8.46579800000012 ], [ -9.722412, 8.465829 ], [ -9.722061999999823, 8.465658 ], [ -9.719549, 8.462789 ], [ -9.716876999999897, 8.459274000000164 ], [ -9.71664, 8.458831 ], [ -9.715449999999862, 8.456300000000113 ], [ -9.71535, 8.455824000000121 ], [ -9.715311, 8.453716000000156 ], [ -9.715328999999883, 8.453427 ], [ -9.715544, 8.453215000000114 ], [ -9.715783999999871, 8.453072000000191 ], [ -9.716093, 8.452929 ], [ -9.716282, 8.452649000000179 ], [ -9.717094, 8.451072 ], [ -9.717173, 8.450732000000187 ], [ -9.717975, 8.440323 ], [ -9.71790099999987, 8.439931 ], [ -9.717725, 8.439268 ], [ -9.717238999999893, 8.439053 ], [ -9.716813, 8.438932000000136 ], [ -9.7163, 8.438870000000179 ], [ -9.713471, 8.439102000000162 ], [ -9.713102, 8.43941500000011 ], [ -9.712723, 8.439915 ], [ -9.712170999999898, 8.440737 ], [ -9.710758, 8.442872 ], [ -9.710627, 8.443305000000123 ], [ -9.710608, 8.443764000000101 ], [ -9.710579999999879, 8.444087 ], [ -9.710339, 8.444460000000106 ], [ -9.70922, 8.445831 ], [ -9.708996, 8.44609400000013 ], [ -9.706761, 8.448523 ], [ -9.706502999999884, 8.448802 ], [ -9.70622, 8.449005000000113 ], [ -9.70586, 8.449232 ], [ -9.705328999999892, 8.449451 ], [ -9.704522, 8.45005 ], [ -9.703587, 8.45078500000011 ], [ -9.700504, 8.453321000000187 ], [ -9.700135, 8.45371 ], [ -9.698632, 8.456499 ], [ -9.698442, 8.456906000000117 ], [ -9.698389, 8.457238 ], [ -9.698479, 8.457952 ], [ -9.698647, 8.458437000000174 ], [ -9.698797999999897, 8.458795000000123 ], [ -9.698994, 8.459051000000159 ], [ -9.699775, 8.459914 ], [ -9.701235, 8.461638000000164 ], [ -9.701345, 8.461834 ], [ -9.701461999999879, 8.462242 ], [ -9.701654, 8.464547000000152 ], [ -9.701641, 8.465329 ], [ -9.701534, 8.466094 ], [ -9.700501, 8.470517 ], [ -9.699427, 8.474499 ], [ -9.699309, 8.47727 ], [ -9.699197, 8.480304 ], [ -9.699196, 8.480567000000121 ], [ -9.699047999999891, 8.481026 ], [ -9.697927, 8.484234000000129 ], [ -9.697764, 8.484411 ], [ -9.697489, 8.484614000000136 ], [ -9.69724, 8.484791 ], [ -9.696871999999871, 8.4849 ], [ -9.696162999999842, 8.484947 ], [ -9.695419999999899, 8.484816 ], [ -9.695043999999882, 8.484798 ], [ -9.694728, 8.484830000000102 ], [ -9.693263, 8.48535 ], [ -9.691653, 8.48606500000011 ], [ -9.689253999999892, 8.487158000000136 ], [ -9.688482, 8.487537 ], [ -9.686931, 8.48832 ], [ -9.685412999999869, 8.489358 ], [ -9.68264, 8.491529000000128 ], [ -9.680391, 8.493184 ], [ -9.667762999999866, 8.500194000000135 ], [ -9.662908, 8.500264 ], [ -9.662579, 8.498052 ], [ -9.662521, 8.497788000000185 ], [ -9.662411, 8.49756600000012 ], [ -9.662223999999867, 8.497336 ], [ -9.655615, 8.492075 ], [ -9.655095, 8.491733000000124 ], [ -9.65418099999988, 8.491711 ], [ -9.653266, 8.491732 ], [ -9.652188, 8.49194800000015 ], [ -9.651795, 8.492039 ], [ -9.651409, 8.492233000000112 ], [ -9.650997, 8.492503 ], [ -9.650578, 8.492645 ], [ -9.650192999999888, 8.492754 ], [ -9.649944999999889, 8.492727000000116 ], [ -9.648035, 8.491995000000145 ], [ -9.647668, 8.491806000000111 ], [ -9.647362, 8.491541 ], [ -9.647099, 8.491268 ], [ -9.646938999999861, 8.490944 ], [ -9.64935899999989, 8.484674000000155 ], [ -9.651944, 8.47968 ], [ -9.652908, 8.478375000000142 ], [ -9.653132, 8.478156000000126 ], [ -9.653287, 8.477927 ], [ -9.654064999999889, 8.474836 ], [ -9.654146, 8.474165000000141 ], [ -9.652987, 8.473666 ], [ -9.652791, 8.473614 ], [ -9.645552, 8.473791000000119 ], [ -9.642351, 8.47448 ], [ -9.64052, 8.47499 ], [ -9.640229, 8.475056000000166 ], [ -9.639946999999893, 8.475038 ], [ -9.637436, 8.474711 ], [ -9.629890999999816, 8.473227000000179 ], [ -9.629653, 8.472946 ], [ -9.62945, 8.472596000000181 ], [ -9.629435, 8.472231 ], [ -9.629445999999859, 8.471933 ], [ -9.629793, 8.471025 ], [ -9.63002699999987, 8.470372 ], [ -9.630149999999844, 8.469786 ], [ -9.630355999999836, 8.468299000000115 ], [ -9.630291, 8.467627000000107 ], [ -9.629741, 8.46672400000017 ], [ -9.629182, 8.465956 ], [ -9.628238999999894, 8.464897000000178 ], [ -9.627258, 8.464696 ], [ -9.626318999999853, 8.464505 ], [ -9.625671, 8.464195000000188 ], [ -9.623072, 8.461606000000188 ], [ -9.622546, 8.460856 ], [ -9.620411999999874, 8.456212000000107 ], [ -9.620021, 8.45426300000014 ], [ -9.619990999999857, 8.453574000000117 ], [ -9.620081, 8.452844000000141 ], [ -9.620950999999877, 8.451641 ], [ -9.621122999999898, 8.451472000000138 ], [ -9.621439, 8.451465 ], [ -9.621713, 8.451517000000138 ], [ -9.622165, 8.451554000000158 ], [ -9.622584, 8.451471 ], [ -9.622857999999837, 8.451396 ], [ -9.625572999999861, 8.448859 ], [ -9.625813999999878, 8.44859700000012 ], [ -9.626624, 8.447462 ], [ -9.62684, 8.447132 ], [ -9.627047, 8.446776 ], [ -9.62887099999989, 8.443172000000118 ], [ -9.628568999999857, 8.442320000000166 ], [ -9.628511, 8.441861000000188 ], [ -9.628531999999893, 8.441181 ], [ -9.628559999999823, 8.440867 ], [ -9.6287, 8.440383000000111 ], [ -9.630291, 8.438546 ], [ -9.630635, 8.438174000000117 ], [ -9.632852, 8.436 ], [ -9.63323899999989, 8.435679000000107 ], [ -9.636664, 8.43301 ], [ -9.638919, 8.431662 ], [ -9.639886999999817, 8.431241 ], [ -9.640966, 8.430762 ], [ -9.641739, 8.430197 ], [ -9.642383, 8.42968100000013 ], [ -9.642691999999897, 8.429317 ], [ -9.643356999999867, 8.428216 ], [ -9.644476999999881, 8.426555000000121 ], [ -9.644821, 8.426234 ], [ -9.645060999999885, 8.426116 ], [ -9.645444999999881, 8.426109000000167 ], [ -9.646324, 8.426326000000188 ], [ -9.647049, 8.426627 ], [ -9.647943999999882, 8.426997 ], [ -9.648924, 8.42731700000013 ], [ -9.64914599999986, 8.427386000000126 ], [ -9.649728, 8.427312 ], [ -9.650045, 8.427135 ], [ -9.650475, 8.426577000000179 ], [ -9.65081199999986, 8.426034000000186 ], [ -9.651148, 8.425441000000149 ], [ -9.654308999999898, 8.41977 ], [ -9.654495, 8.415648 ], [ -9.654618, 8.415019 ], [ -9.654758, 8.414425000000108 ], [ -9.654993, 8.41378 ], [ -9.655328, 8.413450000000125 ], [ -9.655799, 8.413180000000125 ], [ -9.656657, 8.412692000000106 ], [ -9.657317, 8.412261000000115 ], [ -9.657703, 8.411974 ], [ -9.658012999999869, 8.411627 ], [ -9.658298, 8.411144 ], [ -9.659162, 8.407910000000186 ], [ -9.658839999999827, 8.406097000000102 ], [ -9.658688, 8.405782000000158 ], [ -9.658484, 8.405467 ], [ -9.658221, 8.405227 ], [ -9.65765, 8.4049270000001 ], [ -9.656013, 8.404392 ], [ -9.65534799999989, 8.404210000000148 ], [ -9.654442, 8.404171 ], [ -9.653997, 8.404314 ], [ -9.653211, 8.404344 ], [ -9.652441999999894, 8.404314 ], [ -9.65126599999985, 8.403713 ], [ -9.650756, 8.403303 ], [ -9.650441999999885, 8.402893 ], [ -9.648765, 8.40042 ], [ -9.648242, 8.399244000000124 ], [ -9.647218, 8.399145 ], [ -9.639995, 8.402501000000143 ], [ -9.631816999999899, 8.405766 ], [ -9.624902999999847, 8.406012 ], [ -9.621619999999893, 8.406301 ], [ -9.616628, 8.40674300000012 ], [ -9.616175, 8.406707000000154 ], [ -9.615876999999898, 8.406671000000188 ], [ -9.615434, 8.406312000000128 ], [ -9.614822999999888, 8.405697 ], [ -9.614279999999837, 8.405124 ], [ -9.613888, 8.404825 ], [ -9.613598, 8.404713000000186 ], [ -9.612616999999887, 8.404478 ], [ -9.609286999999881, 8.404172000000187 ], [ -9.608808, 8.404161000000158 ], [ -9.608534999999847, 8.404254 ], [ -9.60814, 8.404566000000102 ], [ -9.607761, 8.404947000000163 ], [ -9.607271, 8.405582000000152 ], [ -9.606883, 8.406047 ], [ -9.606582999999887, 8.406352 ], [ -9.606342, 8.406529000000148 ], [ -9.599078, 8.409705 ], [ -9.594138, 8.411397 ], [ -9.593821, 8.411523 ], [ -9.593587999999897, 8.411836000000164 ], [ -9.593399, 8.412141000000133 ], [ -9.593278, 8.412362000000144 ], [ -9.592466999999886, 8.415018 ], [ -9.592388, 8.41538300000019 ], [ -9.592394, 8.415834000000189 ], [ -9.592493999999874, 8.416166 ], [ -9.593032, 8.419195000000116 ], [ -9.593540999999846, 8.422572 ], [ -9.593582, 8.422913 ], [ -9.593554, 8.423380000000122 ], [ -9.593499999999892, 8.423813000000109 ], [ -9.593343999999888, 8.424119000000189 ], [ -9.593181, 8.424313 ], [ -9.592598, 8.424591 ], [ -9.592067, 8.42481800000013 ], [ -9.591391, 8.424916 ], [ -9.590911999999832, 8.424939000000165 ], [ -9.590682, 8.424878 ], [ -9.590452, 8.424792 ], [ -9.590129999999874, 8.424349 ], [ -9.58886799999982, 8.422548 ], [ -9.588706999999886, 8.422292 ], [ -9.588505999999882, 8.421645000000126 ], [ -9.588378999999861, 8.421330000000182 ], [ -9.587997, 8.420946000000185 ], [ -9.584945, 8.418380000000184 ], [ -9.583395, 8.417479 ], [ -9.582858, 8.41723 ], [ -9.581754999999873, 8.417428 ], [ -9.58007, 8.417734000000166 ], [ -9.579172, 8.417857 ], [ -9.578369, 8.417827 ], [ -9.577584999999829, 8.417423 ], [ -9.573690468999928, 8.414338520000058 ], [ -9.569795999999826, 8.411254 ], [ -9.567748, 8.409432 ], [ -9.567674999999838, 8.408735 ], [ -9.567937, 8.407767 ], [ -9.562484, 8.3976550000001 ], [ -9.560724999999877, 8.391762 ], [ -9.560006999999871, 8.391758000000152 ], [ -9.559388999999896, 8.391983 ], [ -9.559029, 8.392167 ], [ -9.558553999999845, 8.392293000000166 ], [ -9.557865, 8.392375000000186 ], [ -9.557318999999893, 8.392401 ], [ -9.557004, 8.392271000000108 ], [ -9.55646, 8.392039000000125 ], [ -9.555959, 8.391765 ], [ -9.555429999999888, 8.39142 ], [ -9.554758999999819, 8.390888 ], [ -9.554418, 8.390358000000106 ], [ -9.554248, 8.389957000000152 ], [ -9.554238, 8.389186000000109 ], [ -9.554441999999881, 8.388644 ], [ -9.554602999999872, 8.388159 ], [ -9.554633, 8.387916 ], [ -9.554637, 8.38726 ], [ -9.553113, 8.382924000000173 ], [ -9.552873, 8.382366 ], [ -9.552516999999852, 8.38185 ], [ -9.552117, 8.381576 ], [ -9.55173, 8.381388 ], [ -9.54596, 8.379016 ], [ -9.544529999999895, 8.378913000000125 ], [ -9.534535999999889, 8.378769 ], [ -9.53410499999984, 8.378824 ], [ -9.53284, 8.379018 ], [ -9.51765099999983, 8.379465000000152 ], [ -9.515584, 8.379525000000115 ], [ -9.515096, 8.379480000000115 ], [ -9.514508, 8.379377000000147 ], [ -9.514222, 8.379232 ], [ -9.51385, 8.379016 ], [ -9.508589, 8.37548900000013 ], [ -9.506803, 8.374165 ], [ -9.505902, 8.373675000000162 ], [ -9.504112, 8.373036 ], [ -9.503538999999876, 8.372876000000133 ], [ -9.502878999999893, 8.37283 ], [ -9.502031999999872, 8.372825 ], [ -9.500293999999883, 8.373016000000177 ], [ -9.498153, 8.373276 ], [ -9.497521, 8.373458000000142 ], [ -9.49709, 8.373527 ], [ -9.496846, 8.373454 ], [ -9.496373999999889, 8.373109 ], [ -9.496061, 8.372779 ], [ -9.495833999999888, 8.372363000000121 ], [ -9.495779, 8.371849 ], [ -9.49587, 8.371078 ], [ -9.49609, 8.370379000000128 ], [ -9.496483, 8.369496 ], [ -9.496731, 8.368912 ], [ -9.496978, 8.368328 ], [ -9.497139, 8.367828 ], [ -9.497212999999874, 8.367529 ], [ -9.497244, 8.367101000000162 ], [ -9.497189, 8.366772 ], [ -9.497032999999817, 8.366528000000187 ], [ -9.496833, 8.366327 ], [ -9.496661, 8.366212000000132 ], [ -9.491633, 8.364415000000122 ], [ -9.487659, 8.363359000000173 ], [ -9.486183, 8.359818 ], [ -9.482957999999826, 8.356696 ], [ -9.480939, 8.355843000000164 ], [ -9.480758999999864, 8.355787 ], [ -9.479681, 8.355146 ], [ -9.478978, 8.35448 ], [ -9.478772, 8.354161 ], [ -9.477596999999889, 8.349173 ], [ -9.477598999999884, 8.348759 ], [ -9.477657, 8.348346000000163 ], [ -9.478714, 8.343563000000188 ], [ -9.478813, 8.343150000000151 ], [ -9.479633, 8.340670000000102 ], [ -9.47983, 8.340202 ], [ -9.480122999999821, 8.339983000000132 ], [ -9.4804, 8.339970000000108 ], [ -9.480649, 8.340068 ], [ -9.480898, 8.340208 ], [ -9.480978, 8.340733000000171 ], [ -9.48111, 8.341768000000172 ], [ -9.48130099999986, 8.342211 ], [ -9.481522, 8.342488 ], [ -9.481783, 8.342752 ], [ -9.485251999999889, 8.344661 ], [ -9.485667, 8.344815 ], [ -9.486138, 8.344873 ], [ -9.48661, 8.344793 ], [ -9.486958, 8.344588000000101 ], [ -9.487459999999885, 8.344176000000118 ], [ -9.488061, 8.343421 ], [ -9.488553, 8.342333 ], [ -9.488738, 8.341617 ], [ -9.489343, 8.34025400000013 ], [ -9.489847, 8.339539000000116 ], [ -9.490153, 8.339361000000167 ], [ -9.490514, 8.339239 ], [ -9.491290999999876, 8.339216 ], [ -9.492067, 8.33922 ], [ -9.492593999999883, 8.339264000000128 ], [ -9.49344, 8.339282 ], [ -9.494036999999878, 8.339203 ], [ -9.494772, 8.339083 ], [ -9.495217, 8.338919 ], [ -9.495551, 8.338714 ], [ -9.495816, 8.338467 ], [ -9.496794, 8.337341 ], [ -9.497562, 8.336434000000111 ], [ -9.498540999999875, 8.335225 ], [ -9.498848, 8.334854000000121 ], [ -9.499922, 8.333922 ], [ -9.501858, 8.332511 ], [ -9.504572999999823, 8.330759 ], [ -9.508817, 8.328409 ], [ -9.517603, 8.320397000000128 ], [ -9.518258, 8.319738000000143 ], [ -9.518803, 8.319189 ], [ -9.519054, 8.318832000000157 ], [ -9.519167, 8.318515 ], [ -9.519213, 8.31788 ], [ -9.519183, 8.317227 ], [ -9.519141, 8.316875 ], [ -9.518449999999859, 8.314152000000149 ], [ -9.518352, 8.313931 ], [ -9.51822, 8.313743 ], [ -9.514768, 8.310367000000156 ], [ -9.514713943999823, 8.310325620000128 ], [ -9.510451999999873, 8.307063 ], [ -9.510187, 8.306952 ], [ -9.50736, 8.306298 ], [ -9.501368999999841, 8.305362000000116 ], [ -9.499948, 8.305325 ], [ -9.499296, 8.305431000000112 ], [ -9.496703, 8.305257 ], [ -9.496024, 8.305004000000167 ], [ -9.495715, 8.304704000000186 ], [ -9.495587999999884, 8.304314 ], [ -9.495445, 8.298314000000119 ], [ -9.495496999999887, 8.297926000000189 ], [ -9.496421999999882, 8.295758 ], [ -9.497275, 8.293929 ], [ -9.497618999999872, 8.293373 ], [ -9.498033, 8.292787 ], [ -9.498952, 8.29150600000014 ], [ -9.499407, 8.290901000000133 ], [ -9.499628, 8.290733000000102 ], [ -9.500443, 8.290029000000118 ], [ -9.501702, 8.288870000000145 ], [ -9.501913999999886, 8.288642 ], [ -9.502044999999896, 8.288463 ], [ -9.502157, 8.288225 ], [ -9.502189, 8.287896 ], [ -9.502579999999853, 8.28143 ], [ -9.502385, 8.28057200000012 ], [ -9.501697, 8.278456 ], [ -9.501449, 8.278175 ], [ -9.501129999999876, 8.277874 ], [ -9.500681, 8.277543000000151 ], [ -9.49952, 8.277467 ], [ -9.49719, 8.277046 ], [ -9.491323, 8.27524 ], [ -9.491103, 8.275159 ], [ -9.490934, 8.275009000000125 ], [ -9.490845, 8.274869 ], [ -9.490598, 8.274329000000137 ], [ -9.489795, 8.271355 ], [ -9.48899, 8.267334000000119 ], [ -9.488971, 8.267015000000185 ], [ -9.489101, 8.265601 ], [ -9.489273, 8.265223 ], [ -9.489364, 8.265044 ], [ -9.489535999999816, 8.264856 ], [ -9.489887999999894, 8.264588000000117 ], [ -9.490228, 8.264610000000175 ], [ -9.490399, 8.264551 ], [ -9.490970999999888, 8.26424500000013 ], [ -9.491193, 8.264037 ], [ -9.491625999999883, 8.263621 ], [ -9.501894, 8.253212000000133 ], [ -9.504404, 8.249614000000179 ], [ -9.50469, 8.248622000000125 ], [ -9.505033, 8.247961 ], [ -9.505399, 8.24744800000019 ], [ -9.505616, 8.247265000000141 ], [ -9.509199, 8.244891000000166 ], [ -9.509656999999834, 8.244674 ], [ -9.510034999999846, 8.244571000000178 ], [ -9.510424, 8.24449 ], [ -9.510607, 8.244399000000158 ], [ -9.510813, 8.244217 ], [ -9.511888, 8.242244 ], [ -9.511749999999893, 8.24172 ], [ -9.506777, 8.240257 ], [ -9.503912999999898, 8.239429000000143 ], [ -9.503409, 8.239316 ], [ -9.502571999999816, 8.239203 ], [ -9.502057, 8.239238000000171 ], [ -9.501068, 8.235536 ], [ -9.503081999999893, 8.233038 ], [ -9.505392, 8.229822000000183 ], [ -9.50582699999984, 8.229013 ], [ -9.506101, 8.22842 ], [ -9.506364, 8.227668000000108 ], [ -9.506478, 8.227155000000153 ], [ -9.506557, 8.226790000000165 ], [ -9.506591, 8.226323 ], [ -9.506602, 8.226084000000185 ], [ -9.504753999999878, 8.222212 ], [ -9.503511, 8.216358000000128 ], [ -9.503711999999894, 8.21033000000017 ], [ -9.503824999999836, 8.209726000000103 ], [ -9.50394, 8.20935 ], [ -9.504351, 8.208495 ], [ -9.50458, 8.208176 ], [ -9.504877, 8.207788000000164 ], [ -9.505208999999866, 8.207526000000144 ], [ -9.505564, 8.207274 ], [ -9.505907, 8.207035 ], [ -9.506238999999823, 8.206875000000139 ], [ -9.50664, 8.206715 ], [ -9.507018, 8.206441 ], [ -9.507371999999862, 8.20611 ], [ -9.510725, 8.202722 ], [ -9.511011, 8.202391 ], [ -9.515709999999899, 8.19433 ], [ -9.515801, 8.194170000000156 ], [ -9.515835, 8.193771 ], [ -9.515499, 8.189340000000186 ], [ -9.515417999999897, 8.189112 ], [ -9.515257, 8.188668000000177 ], [ -9.511656999999843, 8.184947 ], [ -9.510179, 8.184288000000151 ], [ -9.509561, 8.184050000000184 ], [ -9.508196999999825, 8.183755000000133 ], [ -9.507784999999842, 8.183721000000162 ], [ -9.507006, 8.183745 ], [ -9.502861, 8.184559 ], [ -9.502357, 8.184697 ], [ -9.501853, 8.184880000000135 ], [ -9.501556, 8.185017 ], [ -9.49932699999988, 8.185803 ], [ -9.498293999999873, 8.186106000000109 ], [ -9.496006, 8.186692000000107 ], [ -9.495043999999893, 8.186935000000176 ], [ -9.49474, 8.186915000000113 ], [ -9.494436, 8.186704 ], [ -9.494132, 8.186443000000111 ], [ -9.49393, 8.186161 ], [ -9.493798, 8.185698000000116 ], [ -9.493371, 8.183081000000129 ], [ -9.4933, 8.182517000000189 ], [ -9.49331, 8.182004000000177 ], [ -9.493683, 8.179325 ], [ -9.493803999999898, 8.178862 ], [ -9.493976, 8.177231000000177 ], [ -9.493813, 8.175711000000149 ], [ -9.493468999999891, 8.175520000000176 ], [ -9.492983, 8.175470000000132 ], [ -9.492506999999875, 8.175481000000104 ], [ -9.486734, 8.175798 ], [ -9.4864, 8.17594 ], [ -9.486198, 8.176101 ], [ -9.48614, 8.176239000000123 ], [ -9.486137, 8.177100000000166 ], [ -9.486027, 8.177441000000101 ], [ -9.485807, 8.177915 ], [ -9.485514, 8.178267 ], [ -9.485086999999851, 8.178608 ], [ -9.484561, 8.178864 ], [ -9.480344999999886, 8.18088500000016 ], [ -9.480088, 8.180934 ], [ -9.479746, 8.18091 ], [ -9.47933, 8.180752000000155 ], [ -9.478718999999899, 8.18051 ], [ -9.470589, 8.179788000000144 ], [ -9.468181, 8.179984 ], [ -9.462533, 8.177048000000127 ], [ -9.462251, 8.176514000000168 ], [ -9.459422, 8.161679000000163 ], [ -9.459494, 8.159905 ], [ -9.46074401899989, 8.147485002999986 ], [ -9.462395999999899, 8.140703 ], [ -9.462958, 8.140484000000129 ], [ -9.463361, 8.140252 ], [ -9.463763999999856, 8.139802 ], [ -9.463885999999889, 8.139523000000167 ], [ -9.463984, 8.13917 ], [ -9.464008, 8.137736000000132 ], [ -9.463837, 8.137251000000106 ], [ -9.46369, 8.136862 ], [ -9.46336, 8.1364 ], [ -9.462993, 8.136060000000157 ], [ -9.46265, 8.135745 ], [ -9.462296, 8.135575000000188 ], [ -9.456856, 8.133769000000143 ], [ -9.454839, 8.133345 ], [ -9.454289, 8.133273000000145 ], [ -9.45347, 8.133286000000169 ], [ -9.453102999999885, 8.133444 ], [ -9.452479999999866, 8.133760000000109 ], [ -9.451978999999881, 8.134053 ], [ -9.451465999999812, 8.134296 ], [ -9.450794, 8.134527000000162 ], [ -9.450305, 8.134297000000117 ], [ -9.449339, 8.133739000000162 ], [ -9.449168, 8.133544 ], [ -9.449033, 8.133204 ], [ -9.44896, 8.132876000000181 ], [ -9.448983999999882, 8.13248700000014 ], [ -9.449105999999858, 8.131989000000146 ], [ -9.449265, 8.131394000000114 ], [ -9.449509, 8.130652000000168 ], [ -9.449717, 8.130056 ], [ -9.449972999999829, 8.129558 ], [ -9.450242, 8.129157000000134 ], [ -9.450718, 8.128695 ], [ -9.45172, 8.128147 ], [ -9.452295, 8.127843 ], [ -9.452698, 8.127624 ], [ -9.453419, 8.12693 ], [ -9.453749, 8.126602000000105 ], [ -9.454016999999851, 8.126237000000117 ], [ -9.454335, 8.12576300000012 ], [ -9.455262999999832, 8.124207000000183 ], [ -9.45541, 8.123867000000132 ], [ -9.45563, 8.123089 ], [ -9.455897999999877, 8.120622 ], [ -9.456652, 8.113087 ], [ -9.456628, 8.112504000000172 ], [ -9.456322, 8.110997000000168 ], [ -9.455991, 8.109904000000142 ], [ -9.454254, 8.104716 ], [ -9.454143999999872, 8.1044 ], [ -9.453972, 8.104109000000108 ], [ -9.451172, 8.100223 ], [ -9.448507, 8.097126000000173 ], [ -9.448017999999877, 8.096774 ], [ -9.447639, 8.096374000000139 ], [ -9.447271999999884, 8.0959 ], [ -9.446892999999875, 8.095378000000153 ], [ -9.446733999999879, 8.095013000000165 ], [ -9.446721, 8.094673 ], [ -9.446732999999881, 8.094126000000131 ], [ -9.446855999999855, 8.093737 ], [ -9.447051, 8.093178 ], [ -9.447356, 8.09268 ], [ -9.447807999999839, 8.091488 ], [ -9.447941999999898, 8.090941 ], [ -9.447929999999872, 8.090407 ], [ -9.44782, 8.089982 ], [ -9.447648, 8.089666 ], [ -9.445471999999825, 8.086788000000126 ], [ -9.445153999999889, 8.086411 ], [ -9.444725999999832, 8.086071000000118 ], [ -9.444311, 8.08578 ], [ -9.443601999999885, 8.085416000000123 ], [ -9.442783, 8.085052000000189 ], [ -9.442110999999898, 8.084761 ], [ -9.44167, 8.08453 ], [ -9.441292, 8.084263 ], [ -9.441035, 8.084033 ], [ -9.440876, 8.083559 ], [ -9.440814999999873, 8.083146 ], [ -9.440888, 8.082186 ], [ -9.441339, 8.08063 ], [ -9.441547, 8.080156000000102 ], [ -9.44444099999987, 8.074369 ], [ -9.447567999999876, 8.068279 ], [ -9.456166, 8.05582800000019 ], [ -9.456459, 8.055439000000149 ], [ -9.45722899999987, 8.05468500000012 ], [ -9.457657, 8.054539 ], [ -9.460295, 8.052507 ], [ -9.460600999999883, 8.052203 ], [ -9.460833, 8.051839 ], [ -9.46104, 8.051510000000121 ], [ -9.461553, 8.050282 ], [ -9.461626, 8.049979000000121 ], [ -9.461833, 8.048180000000116 ], [ -9.461846, 8.04784 ], [ -9.461771999999883, 8.047378 ], [ -9.461285, 8.04503300000016 ], [ -9.460161, 8.043175 ], [ -9.459753, 8.042769 ], [ -9.459354, 8.042475 ], [ -9.458925, 8.042323 ], [ -9.458219999999869, 8.042313000000149 ], [ -9.457678999999871, 8.042456 ], [ -9.457261, 8.04267 ], [ -9.45676, 8.043036 ], [ -9.456310999999857, 8.043422 ], [ -9.455974, 8.043737 ], [ -9.455168, 8.045485 ], [ -9.455014999999889, 8.045881000000122 ], [ -9.454943999999898, 8.046348 ], [ -9.454923, 8.04709 ], [ -9.454852, 8.04761800000017 ], [ -9.454689, 8.048024000000169 ], [ -9.454372, 8.048492000000181 ], [ -9.453973999999846, 8.048990000000174 ], [ -9.453505, 8.049457 ], [ -9.453035, 8.049823000000174 ], [ -9.452401999999893, 8.05021 ], [ -9.449298, 8.051837 ], [ -9.436595, 8.058378000000118 ], [ -9.436135, 8.058611 ], [ -9.422083, 8.064746000000127 ], [ -9.42144, 8.064930000000118 ], [ -9.420989999999847, 8.065042000000119 ], [ -9.420132, 8.065063 ], [ -9.4143, 8.063137 ], [ -9.413646, 8.062894 ], [ -9.41002, 8.060906 ], [ -9.410297, 8.060229000000163 ], [ -9.4107, 8.059802000000161 ], [ -9.411297, 8.05913 ], [ -9.41144, 8.058795 ], [ -9.411543999999878, 8.05833 ], [ -9.411568999999815, 8.057774 ], [ -9.411556, 8.05732200000017 ], [ -9.411296, 8.056625 ], [ -9.411114999999882, 8.05629 ], [ -9.409348, 8.053993 ], [ -9.409023, 8.053657000000101 ], [ -9.408529999999871, 8.053231 ], [ -9.40814, 8.052999 ], [ -9.407737, 8.052844 ], [ -9.407490999999879, 8.052573000000166 ], [ -9.40649, 8.051231000000143 ], [ -9.40614, 8.050741 ], [ -9.405854, 8.050199 ], [ -9.405698, 8.049734 ], [ -9.405619999999885, 8.049269000000152 ], [ -9.405542, 8.048456 ], [ -9.405567, 8.047771000000182 ], [ -9.406253999999876, 8.039584000000104 ], [ -9.406382999999892, 8.038641 ], [ -9.406474, 8.038034000000152 ], [ -9.406811, 8.036988 ], [ -9.407305, 8.036006 ], [ -9.40759, 8.035657 ], [ -9.407772, 8.03536 ], [ -9.408057, 8.034624 ], [ -9.408121999999878, 8.03434 ], [ -9.408743999999842, 8.029652000000112 ], [ -9.40877, 8.02918700000015 ], [ -9.408704999999884, 8.028787 ], [ -9.408549, 8.028542 ], [ -9.408186, 8.028232 ], [ -9.406562, 8.026968 ], [ -9.406069, 8.026619000000153 ], [ -9.40564, 8.026348 ], [ -9.405276, 8.02622 ], [ -9.404716999999891, 8.021106000000145 ], [ -9.404704, 8.020383 ], [ -9.405300999999895, 8.019440000000145 ], [ -9.405729, 8.01882 ], [ -9.406015, 8.018471 ], [ -9.40643, 8.018071 ], [ -9.410026, 8.015434 ], [ -9.410506, 8.015085 ], [ -9.41077899999982, 8.01493 ], [ -9.41222, 8.014115000000118 ], [ -9.412947, 8.013779 ], [ -9.413596, 8.013766 ], [ -9.41407699999985, 8.013752 ], [ -9.414388, 8.013687 ], [ -9.414648, 8.013623 ], [ -9.414908, 8.013416000000177 ], [ -9.415089, 8.013145000000122 ], [ -9.415336, 8.012667 ], [ -9.415530999999874, 8.01224 ], [ -9.417334, 8.008146 ], [ -9.418398, 8.005394 ], [ -9.418449999999893, 8.005097 ], [ -9.422577999999874, 8.0002 ], [ -9.42569, 7.99754200000018 ], [ -9.428181, 7.997334 ], [ -9.429794, 7.996977000000186 ], [ -9.430675, 7.996543000000145 ], [ -9.43177999999989, 7.995307 ], [ -9.437566999999888, 7.988037000000134 ], [ -9.438269999999875, 7.98669 ], [ -9.438899999999876, 7.985343000000171 ], [ -9.442273999999884, 7.977405 ], [ -9.442572, 7.976531 ], [ -9.442543, 7.975144 ], [ -9.442135, 7.96916 ], [ -9.442321999999876, 7.96160900000018 ], [ -9.442106999999851, 7.960842000000127 ], [ -9.441344, 7.959671 ], [ -9.439705, 7.958095 ], [ -9.438466, 7.956959 ], [ -9.437775999999872, 7.955971000000147 ], [ -9.436417, 7.949982 ], [ -9.436644999999828, 7.948451 ], [ -9.438309999999831, 7.94506500000017 ], [ -9.439523999999892, 7.944086 ], [ -9.440810999999883, 7.943033 ], [ -9.441768, 7.942089000000124 ], [ -9.442469, 7.940998 ], [ -9.442951, 7.939869000000158 ], [ -9.443626, 7.936881 ], [ -9.443489999999883, 7.934947 ], [ -9.443097, 7.933157 ], [ -9.442406999999889, 7.932096 ], [ -9.440947999999878, 7.93103200000013 ], [ -9.439782, 7.930151 ], [ -9.43942, 7.9293100000001 ], [ -9.439389, 7.928325000000143 ], [ -9.440018, 7.926978 ], [ -9.440906, 7.925268000000131 ], [ -9.440877, 7.923845 ], [ -9.440698999999881, 7.922895 ], [ -9.440193, 7.921653000000163 ], [ -9.439466, 7.920811000000128 ], [ -9.437826, 7.919417 ], [ -9.43521, 7.915757 ], [ -9.434701, 7.914989000000162 ], [ -9.434339, 7.914367 ], [ -9.435059, 7.909664000000134 ], [ -9.435873, 7.90820900000017 ], [ -9.436574999999891, 7.90697200000011 ], [ -9.436949, 7.90555 ], [ -9.439692999999863, 7.892101 ], [ -9.43959, 7.890897 ], [ -9.438195999999891, 7.884616000000108 ], [ -9.435635, 7.877564000000177 ], [ -9.435161, 7.877160000000117 ], [ -9.433109999999886, 7.87737 ], [ -9.431939999999884, 7.877073 ], [ -9.431324, 7.876085 ], [ -9.431221, 7.874808 ], [ -9.431631, 7.873423 ], [ -9.432258, 7.872478000000172 ], [ -9.433067999999878, 7.871642 ], [ -9.433146, 7.870694000000185 ], [ -9.432921, 7.864893000000166 ], [ -9.432144999999821, 7.859599000000173 ], [ -9.431528, 7.858502 ], [ -9.429989999999862, 7.858678 ], [ -9.428967, 7.858381000000122 ], [ -9.428434, 7.855387 ], [ -9.428187, 7.853599 ], [ -9.427354, 7.851953 ], [ -9.426736999999889, 7.851039000000185 ], [ -9.426192, 7.850343000000123 ], [ -9.423776, 7.850259000000108 ], [ -9.418243, 7.844726 ], [ -9.417226, 7.843226000000129 ], [ -9.416723, 7.841509 ], [ -9.416626999999892, 7.838991 ], [ -9.416623, 7.833008 ], [ -9.416409999999871, 7.831876 ], [ -9.415682, 7.831070000000125 ], [ -9.413266, 7.831205 ], [ -9.409978, 7.830096 ], [ -9.409104, 7.829217 ], [ -9.408015, 7.827607000000114 ], [ -9.406891, 7.825668 ], [ -9.405835, 7.824642 ], [ -9.404959, 7.824200000000133 ], [ -9.402981, 7.82441 ], [ -9.402361999999812, 7.823969 ], [ -9.40142, 7.822214 ], [ -9.400841, 7.820934 ], [ -9.400746, 7.818198000000166 ], [ -9.400938, 7.81663 ], [ -9.401129, 7.815172 ], [ -9.401173, 7.813713000000178 ], [ -9.400814, 7.812507 ], [ -9.397333999999887, 7.806362 ], [ -9.394571, 7.803103 ], [ -9.393661, 7.802187 ], [ -9.392379999999889, 7.802072000000123 ], [ -9.386072, 7.804487000000108 ], [ -9.38552, 7.805141 ], [ -9.384229, 7.806996 ], [ -9.383048, 7.808705 ], [ -9.381760999999869, 7.809721 ], [ -9.380369, 7.810079 ], [ -9.379089, 7.8097810000001 ], [ -9.378544, 7.80908600000015 ], [ -9.378513999999882, 7.808028 ], [ -9.378633, 7.806204 ], [ -9.37809099999987, 7.804961 ], [ -9.375117, 7.800205 ], [ -9.373806999999886, 7.798703000000103 ], [ -9.370587999999827, 7.798506000000145 ], [ -9.370043, 7.797774000000118 ], [ -9.369573, 7.796641 ], [ -9.368381999999826, 7.793753000000152 ], [ -9.366973999999857, 7.790208000000121 ], [ -9.36665, 7.789367 ], [ -9.366656, 7.788164000000108 ], [ -9.367373, 7.784300000000144 ], [ -9.368096, 7.779305 ], [ -9.368248, 7.778248000000133 ], [ -9.367665, 7.77788 ], [ -9.366344, 7.778422000000148 ], [ -9.364581, 7.779581000000121 ], [ -9.36315, 7.780267 ], [ -9.362163, 7.78019 ], [ -9.361396, 7.779894 ], [ -9.360488, 7.778613000000121 ], [ -9.359122, 7.767699 ], [ -9.359274, 7.766605000000141 ], [ -9.3599, 7.765988 ], [ -9.360854, 7.765482 ], [ -9.360569324999972, 7.763609444000053 ], [ -9.360077, 7.760371 ], [ -9.357402, 7.754558 ], [ -9.356418, 7.75386 ], [ -9.354773, 7.753560000000107 ], [ -9.353567999999882, 7.752935 ], [ -9.352878, 7.752165000000105 ], [ -9.352119, 7.750447 ], [ -9.353192, 7.748227 ], [ -9.35434, 7.745861 ], [ -9.355263, 7.74440600000014 ], [ -9.356402999999887, 7.743463 ], [ -9.357542, 7.742483000000163 ], [ -9.358096999999873, 7.741537 ], [ -9.359915, 7.736949 ], [ -9.363654, 7.729159000000152 ], [ -9.364688999999885, 7.727303 ], [ -9.367968, 7.723305 ], [ -9.369293, 7.721889 ], [ -9.36955399999988, 7.721014 ], [ -9.369426376999968, 7.720657717999984 ], [ -9.369122, 7.719808 ], [ -9.368141999999864, 7.718345000000113 ], [ -9.368222999999887, 7.716959 ], [ -9.368630999999823, 7.716012 ], [ -9.372085, 7.713328000000161 ], [ -9.372751, 7.711945000000128 ], [ -9.372981, 7.710195000000112 ], [ -9.373180999999875, 7.707131 ], [ -9.374323, 7.705714 ], [ -9.376972, 7.702990000000113 ], [ -9.379178, 7.701067 ], [ -9.380316, 7.693885000000137 ], [ -9.380041, 7.690637000000152 ], [ -9.379965, 7.68454400000013 ], [ -9.380829, 7.680499000000111 ], [ -9.381208, 7.671489000000179 ], [ -9.380920999999887, 7.670394000000158 ], [ -9.381497, 7.665581 ], [ -9.3833, 7.663655000000176 ], [ -9.383636, 7.662417 ], [ -9.383387, 7.661248000000114 ], [ -9.382297999999878, 7.659711000000129 ], [ -9.381611, 7.658248 ], [ -9.381837999999846, 7.656827 ], [ -9.382579, 7.65518800000018 ], [ -9.382919, 7.653183 ], [ -9.382670999999846, 7.651723 ], [ -9.380116, 7.644123 ], [ -9.377471999999898, 7.639332 ], [ -9.37653, 7.637686000000144 ], [ -9.371189, 7.630985000000123 ], [ -9.369915, 7.629775 ], [ -9.368273, 7.629038000000151 ], [ -9.366905, 7.629217 ], [ -9.365642999999864, 7.62976 ], [ -9.364538, 7.63054 ], [ -9.363672, 7.630693000000122 ], [ -9.362769999999898, 7.630257 ], [ -9.360124, 7.625107000000128 ], [ -9.360366, 7.624010000000112 ], [ -9.361616, 7.618564 ], [ -9.363123, 7.616375 ], [ -9.364589, 7.614421 ], [ -9.366407, 7.612665 ], [ -9.368433999999866, 7.608909000000153 ], [ -9.369832, 7.604994 ], [ -9.369526, 7.603384 ], [ -9.36946, 7.60126600000018 ], [ -9.372032, 7.598258000000158 ], [ -9.375594, 7.594196000000125 ], [ -9.376776, 7.59377 ], [ -9.378469999999879, 7.593229 ], [ -9.380128, 7.59217800000016 ], [ -9.381589999999846, 7.590929000000187 ], [ -9.382541, 7.589600000000189 ], [ -9.382744, 7.588425000000143 ], [ -9.382198, 7.587559 ], [ -9.38173, 7.586851 ], [ -9.381777, 7.585400000000107 ], [ -9.382299999999873, 7.58336300000019 ], [ -9.383340999999859, 7.579956 ], [ -9.386599, 7.573853 ], [ -9.387553, 7.572093000000109 ], [ -9.390479, 7.569086 ], [ -9.391192, 7.568188000000134 ], [ -9.391433, 7.567247 ], [ -9.391407, 7.564816000000178 ], [ -9.393522, 7.559296000000131 ], [ -9.39392, 7.558317000000159 ], [ -9.395196, 7.555225000000121 ], [ -9.397137, 7.552606000000139 ], [ -9.397735, 7.55115700000016 ], [ -9.398732, 7.548613000000159 ], [ -9.398857, 7.547201 ], [ -9.398944, 7.545751000000109 ], [ -9.39907, 7.54434 ], [ -9.399192, 7.543516000000125 ], [ -9.399627999999893, 7.542969 ], [ -9.400376999999878, 7.542659 ], [ -9.401832999999897, 7.54243 ], [ -9.402778, 7.54216 ], [ -9.404519, 7.540207 ], [ -9.405233, 7.539034000000186 ], [ -9.408213, 7.533322000000112 ], [ -9.408455999999887, 7.53210700000011 ], [ -9.408542999999895, 7.530499 ], [ -9.408788, 7.528853 ], [ -9.410030999999833, 7.524467000000186 ], [ -9.410948, 7.522118000000148 ], [ -9.411074999999869, 7.520432 ], [ -9.410609, 7.519488000000138 ], [ -9.410455999999897, 7.518664000000172 ], [ -9.410915999999872, 7.513529 ], [ -9.411119999999869, 7.512314 ], [ -9.412979, 7.510244 ], [ -9.413884, 7.510052 ], [ -9.414355, 7.510250000000156 ], [ -9.41596, 7.511591 ], [ -9.417019, 7.511988 ], [ -9.417886, 7.511599 ], [ -9.418597, 7.511053000000175 ], [ -9.423154999999895, 7.50425 ], [ -9.423832999999888, 7.502567 ], [ -9.42368, 7.501664000000119 ], [ -9.422819999999888, 7.500915000000134 ], [ -9.416134, 7.500132000000178 ], [ -9.416098, 7.499823 ], [ -9.416163999999867, 7.495641 ], [ -9.416239, 7.49485900000019 ], [ -9.416295, 7.494350000000168 ], [ -9.419811, 7.48572200000018 ], [ -9.420634, 7.48397800000015 ], [ -9.421073, 7.483179000000121 ], [ -9.421456, 7.48258 ], [ -9.423593, 7.479531 ], [ -9.424395, 7.478660000000104 ], [ -9.425271, 7.477844000000118 ], [ -9.425709, 7.477190000000178 ], [ -9.425946999999894, 7.476718 ], [ -9.426003, 7.476154 ], [ -9.425841, 7.475627 ], [ -9.425406999999893, 7.474589 ], [ -9.425045, 7.473861 ], [ -9.424954999999898, 7.473425 ], [ -9.425065, 7.47297 ], [ -9.425431, 7.472444 ], [ -9.425741, 7.472026 ], [ -9.429792, 7.46709 ], [ -9.430320999999878, 7.466746 ], [ -9.430667, 7.466601000000139 ], [ -9.431066999999871, 7.466566 ], [ -9.431504, 7.466658 ], [ -9.432030999999881, 7.466841000000102 ], [ -9.432521999999835, 7.466951000000108 ], [ -9.432993999999894, 7.466989 ], [ -9.433504, 7.46686300000016 ], [ -9.434743, 7.466175 ], [ -9.435053, 7.465884000000131 ], [ -9.438885, 7.461402 ], [ -9.441147999999885, 7.458698 ], [ -9.441348, 7.458408 ], [ -9.441477, 7.457990000000166 ], [ -9.441440999999884, 7.45764400000013 ], [ -9.441279999999892, 7.456826 ], [ -9.441372, 7.45628 ], [ -9.441665, 7.455754 ], [ -9.442229999999881, 7.455173000000116 ], [ -9.442886, 7.454684000000157 ], [ -9.446968, 7.452021000000116 ], [ -9.449371, 7.451281000000165 ], [ -9.449807, 7.451591 ], [ -9.450879, 7.451939 ], [ -9.451407, 7.451976000000116 ], [ -9.455666, 7.450822000000187 ], [ -9.455975999999851, 7.450605000000166 ], [ -9.456286, 7.450278000000139 ], [ -9.457711, 7.447991 ], [ -9.459905, 7.443650000000105 ], [ -9.464053, 7.436168 ], [ -9.467596999999898, 7.430394 ], [ -9.467926, 7.429831000000149 ], [ -9.46811, 7.428977 ], [ -9.468923, 7.423997 ], [ -9.472115, 7.413131 ], [ -9.471970999999883, 7.412658000000135 ], [ -9.471553999999855, 7.412021 ], [ -9.470866, 7.410801000000163 ], [ -9.47017899999986, 7.409199000000115 ], [ -9.470058999999878, 7.406508 ], [ -9.470059999999876, 7.405835000000138 ], [ -9.47028, 7.405236000000116 ], [ -9.470919, 7.404455000000155 ], [ -9.471594, 7.403548 ], [ -9.47196, 7.402858 ], [ -9.473332, 7.399733 ], [ -9.475875, 7.393848 ], [ -9.476113, 7.392976 ], [ -9.476317, 7.391703 ], [ -9.476246, 7.390976 ], [ -9.475993, 7.390139000000147 ], [ -9.476086, 7.389539 ], [ -9.476251999999874, 7.388594000000182 ], [ -9.476842, 7.385486 ], [ -9.478215, 7.381853 ], [ -9.478617, 7.38129 ], [ -9.479656, 7.380074 ], [ -9.481533, 7.378896000000168 ], [ -9.482252, 7.375043 ], [ -9.482507999999882, 7.367007 ], [ -9.482394608999925, 7.366809847000127 ], [ -9.482375379999951, 7.366776414000128 ], [ -9.482309, 7.366661 ], [ -9.481764999999882, 7.366133 ], [ -9.481256999999857, 7.365732 ], [ -9.480838999999889, 7.365549 ], [ -9.476216999999849, 7.366447 ], [ -9.47538, 7.366646000000173 ], [ -9.474943, 7.366972000000146 ], [ -9.474668, 7.367571000000169 ], [ -9.474447, 7.368789 ], [ -9.474169, 7.370825 ], [ -9.473855, 7.372715000000142 ], [ -9.473763, 7.373151000000178 ], [ -9.473324, 7.374078000000111 ], [ -9.472887, 7.37444 ], [ -9.472376999999824, 7.374566000000186 ], [ -9.471720999999889, 7.37491 ], [ -9.471157, 7.375327 ], [ -9.470645, 7.376053000000127 ], [ -9.470243, 7.37678 ], [ -9.468284, 7.382012 ], [ -9.467329, 7.385701 ], [ -9.467145, 7.386500000000126 ], [ -9.467215, 7.387537000000123 ], [ -9.467359, 7.388101 ], [ -9.467577, 7.388411000000133 ], [ -9.468257999999878, 7.39230300000014 ], [ -9.468271999999899, 7.394012000000146 ], [ -9.468214999999873, 7.394721000000175 ], [ -9.467813, 7.395339000000149 ], [ -9.467248, 7.395828000000108 ], [ -9.463478999999893, 7.397547 ], [ -9.455849999999884, 7.400493 ], [ -9.449417, 7.405461000000116 ], [ -9.445413, 7.406488 ], [ -9.441478999999845, 7.408388000000173 ], [ -9.440514, 7.408895 ], [ -9.439512, 7.40951 ], [ -9.438399999999888, 7.410362 ], [ -9.436121, 7.41243 ], [ -9.435847, 7.412811 ], [ -9.435791, 7.413502000000165 ], [ -9.435933, 7.414648000000113 ], [ -9.435895, 7.415429 ], [ -9.435656999999878, 7.415829000000144 ], [ -9.434981999999877, 7.416573 ], [ -9.434143, 7.417389 ], [ -9.433613999999864, 7.417897 ], [ -9.433195999999896, 7.418041000000187 ], [ -9.432814999999835, 7.417750000000126 ], [ -9.432306, 7.417276000000129 ], [ -9.431962, 7.416729 ], [ -9.431690999999887, 7.416183000000103 ], [ -9.431637, 7.415765 ], [ -9.431620999999893, 7.415292000000136 ], [ -9.431458, 7.415001000000188 ], [ -9.430984999999851, 7.414709000000187 ], [ -9.430422, 7.414398 ], [ -9.429912999999885, 7.414270000000101 ], [ -9.429422, 7.414360000000102 ], [ -9.427037, 7.415372000000161 ], [ -9.426381, 7.415662000000168 ], [ -9.425833999999895, 7.416133 ], [ -9.425177, 7.416859000000102 ], [ -9.424593, 7.417821000000117 ], [ -9.424026, 7.418947 ], [ -9.423714, 7.419874000000164 ], [ -9.423583999999892, 7.420946 ], [ -9.423248999999885, 7.4238 ], [ -9.423084, 7.424436000000128 ], [ -9.422117, 7.425579 ], [ -9.421496999999874, 7.426014000000123 ], [ -9.414488999999833, 7.427943 ], [ -9.412732, 7.424939 ], [ -9.413042, 7.42463 ], [ -9.413079999999866, 7.424158 ], [ -9.413120999999876, 7.422449 ], [ -9.412710999999888, 7.419429 ], [ -9.412548, 7.418974000000105 ], [ -9.412259, 7.418374 ], [ -9.407655, 7.41230800000011 ], [ -9.407364, 7.412125000000117 ], [ -9.406782, 7.412142 ], [ -9.4062, 7.412268 ], [ -9.40578099999982, 7.412576000000115 ], [ -9.405342, 7.413266 ], [ -9.405087, 7.413538000000131 ], [ -9.404687, 7.41361 ], [ -9.404069, 7.41331700000012 ], [ -9.403488, 7.412752000000125 ], [ -9.403017, 7.412078000000122 ], [ -9.402872999999886, 7.411478 ], [ -9.402874999999881, 7.410932000000173 ], [ -9.402949, 7.410551 ], [ -9.403992, 7.408244000000138 ], [ -9.40412, 7.408008000000166 ], [ -9.402568, 7.403168000000107 ], [ -9.402169999999899, 7.402658 ], [ -9.402079999999842, 7.402148 ], [ -9.402155, 7.401476 ], [ -9.402266, 7.400567 ], [ -9.402413999999851, 7.399767 ], [ -9.402669999999887, 7.3991860000001 ], [ -9.403072, 7.398641000000168 ], [ -9.40391099999988, 7.397552000000132 ], [ -9.404953, 7.395864 ], [ -9.407163999999852, 7.391905 ], [ -9.407311, 7.391306 ], [ -9.407257999999899, 7.390669000000116 ], [ -9.407023, 7.390123 ], [ -9.406715, 7.389831 ], [ -9.40339, 7.388551000000177 ], [ -9.402899, 7.388422000000162 ], [ -9.40108, 7.388727000000188 ], [ -9.400679, 7.389017 ], [ -9.39964, 7.389923 ], [ -9.399019, 7.390686 ], [ -9.398672, 7.391158 ], [ -9.398544, 7.391666 ], [ -9.398686, 7.392776 ], [ -9.398903, 7.393176 ], [ -9.399084, 7.393577 ], [ -9.399118999999871, 7.393941 ], [ -9.398918999999864, 7.39414 ], [ -9.396514, 7.395553 ], [ -9.395876999999871, 7.395605000000103 ], [ -9.391148, 7.395739 ], [ -9.38853, 7.395151 ], [ -9.385677999999871, 7.393962000000101 ], [ -9.384767999999895, 7.394251 ], [ -9.384312, 7.394577 ], [ -9.383947, 7.394976000000156 ], [ -9.383837, 7.395376 ], [ -9.383503999999846, 7.397593000000143 ], [ -9.38342699999987, 7.399157 ], [ -9.383072, 7.402302000000191 ], [ -9.382831, 7.404101 ], [ -9.381656, 7.408008000000166 ], [ -9.381545999999844, 7.408262 ], [ -9.381017, 7.409006000000147 ], [ -9.380616, 7.40933200000012 ], [ -9.372326, 7.41433000000012 ], [ -9.372017, 7.41433000000012 ], [ -9.371617, 7.414183 ], [ -9.370527, 7.413653 ], [ -9.369855, 7.413397 ], [ -9.368672999999831, 7.413248000000124 ], [ -9.364852999999869, 7.413166 ], [ -9.364362, 7.413347000000101 ], [ -9.363906, 7.413691 ], [ -9.363505, 7.414126000000124 ], [ -9.363231, 7.414471 ], [ -9.362846999999874, 7.415234000000112 ], [ -9.362718, 7.415652 ], [ -9.362771999999893, 7.415925 ], [ -9.36299, 7.416071000000102 ], [ -9.363408, 7.416163 ], [ -9.363626, 7.416272 ], [ -9.365132, 7.417622000000165 ], [ -9.365658, 7.418132 ], [ -9.366927, 7.419608 ], [ -9.36709, 7.419990000000155 ], [ -9.367812, 7.421974 ], [ -9.36781, 7.422447 ], [ -9.365735, 7.429715000000101 ], [ -9.365534, 7.430078000000151 ], [ -9.364930999999899, 7.430985 ], [ -9.364438999999891, 7.431275 ], [ -9.362125, 7.432597 ], [ -9.360377, 7.433374000000185 ], [ -9.360013, 7.433464000000185 ], [ -9.358739, 7.433516 ], [ -9.358031, 7.433259 ], [ -9.357413, 7.432858000000124 ], [ -9.357087, 7.432384000000184 ], [ -9.356544, 7.431292 ], [ -9.356218, 7.430982000000142 ], [ -9.355817999999886, 7.43096300000019 ], [ -9.349141, 7.43143700000013 ], [ -9.345253, 7.429517 ], [ -9.344653999999878, 7.429298 ], [ -9.343654, 7.42907700000012 ], [ -9.342235, 7.428928 ], [ -9.331612999999891, 7.428628 ], [ -9.328719, 7.429257 ], [ -9.326311, 7.43179600000019 ], [ -9.322553, 7.435459 ], [ -9.321933, 7.435949 ], [ -9.321224, 7.435947000000112 ], [ -9.312114, 7.43485 ], [ -9.311714, 7.434795000000179 ], [ -9.311278, 7.434503000000177 ], [ -9.308511, 7.428822000000139 ], [ -9.308168, 7.428021000000115 ], [ -9.308152, 7.427439000000106 ], [ -9.30819, 7.426912000000186 ], [ -9.3083, 7.426567 ], [ -9.308318999999813, 7.426167 ], [ -9.308012, 7.42533 ], [ -9.307667999999865, 7.424893000000111 ], [ -9.307032999999876, 7.42425400000019 ], [ -9.306525, 7.423853 ], [ -9.306107, 7.423652000000118 ], [ -9.305416, 7.423614000000157 ], [ -9.304743, 7.423667000000137 ], [ -9.30263, 7.424679 ], [ -9.301918999999884, 7.425168000000156 ], [ -9.301444, 7.425876 ], [ -9.300877999999898, 7.426566 ], [ -9.299838, 7.42754500000018 ], [ -9.299401, 7.427707 ], [ -9.297473, 7.42792 ], [ -9.296090999999876, 7.427626000000146 ], [ -9.29541799999987, 7.42746 ], [ -9.294892, 7.427113000000134 ], [ -9.294292999999868, 7.426694000000111 ], [ -9.294058, 7.426257 ], [ -9.291867, 7.420301000000165 ], [ -9.291789999999878, 7.420027 ], [ -9.291777, 7.419857 ], [ -9.291843, 7.419687000000124 ], [ -9.292184, 7.41927 ], [ -9.292473, 7.418801 ], [ -9.292641, 7.415001000000188 ], [ -9.292628, 7.414726 ], [ -9.292591, 7.414269 ], [ -9.29232, 7.412806000000103 ], [ -9.29214, 7.411943000000122 ], [ -9.292010999999889, 7.41142 ], [ -9.291880999999876, 7.411094 ], [ -9.291739, 7.41074 ], [ -9.291542999999876, 7.410479000000123 ], [ -9.291074, 7.410086000000149 ], [ -9.290683, 7.409837000000152 ], [ -9.290187, 7.409587 ], [ -9.289716999999882, 7.409481 ], [ -9.289234, 7.409402 ], [ -9.288581, 7.409335000000169 ], [ -9.288098, 7.409229 ], [ -9.287929, 7.409019000000114 ], [ -9.287812, 7.408797 ], [ -9.287829999999815, 7.407073 ], [ -9.288005999999882, 7.404853 ], [ -9.288138999999887, 7.404122000000143 ], [ -9.288498, 7.40221600000018 ], [ -9.288564, 7.401982 ], [ -9.290953, 7.393564 ], [ -9.291203999999823, 7.392807 ], [ -9.291349, 7.392403 ], [ -9.292465999999877, 7.389872 ], [ -9.29357, 7.38785 ], [ -9.291053, 7.386224 ], [ -9.288267, 7.382913 ], [ -9.287454, 7.379684000000168 ], [ -9.287338, 7.379227000000185 ], [ -9.286897, 7.378142000000139 ], [ -9.286741, 7.377789 ], [ -9.28622, 7.377095000000168 ], [ -9.285829, 7.376807000000156 ], [ -9.285372999999822, 7.37661 ], [ -9.28198, 7.375308000000132 ], [ -9.281561999999894, 7.375202 ], [ -9.280987, 7.3752 ], [ -9.280582, 7.375225000000171 ], [ -9.280575003999957, 7.375226592000104 ], [ -9.280569078999974, 7.375227940000059 ], [ -9.280125, 7.375329 ], [ -9.279615, 7.375471000000118 ], [ -9.279013, 7.375744000000111 ], [ -9.278372, 7.376134 ], [ -9.277808999999877, 7.376446000000101 ], [ -9.277142, 7.376757000000111 ], [ -9.274317, 7.37761200000017 ], [ -9.273873, 7.377702000000113 ], [ -9.273363, 7.377727 ], [ -9.272907, 7.377595000000156 ], [ -9.272372, 7.377358 ], [ -9.27185, 7.377174000000139 ], [ -9.271105, 7.377015000000142 ], [ -9.270438999999897, 7.377000000000123 ], [ -9.269851, 7.377012 ], [ -9.269471999999894, 7.37705 ], [ -9.269119, 7.377153 ], [ -9.268661, 7.377413 ], [ -9.26446, 7.380105000000185 ], [ -9.261854, 7.381966000000148 ], [ -9.261697, 7.382214 ], [ -9.260792, 7.383321 ], [ -9.260609, 7.383451 ], [ -9.260058999999899, 7.383724000000143 ], [ -9.255744, 7.38494 ], [ -9.252778, 7.384997000000112 ], [ -9.250115, 7.384493 ], [ -9.249632, 7.384420000000148 ], [ -9.248066999999878, 7.384287 ], [ -9.247848, 7.38427600000017 ], [ -9.247661, 7.38444 ], [ -9.24753, 7.384637000000168 ], [ -9.247211, 7.385249 ], [ -9.246882, 7.386004000000128 ], [ -9.246608, 7.386475000000189 ], [ -9.246322, 7.386824000000104 ], [ -9.246005, 7.387065000000177 ], [ -9.241983999999889, 7.389588 ], [ -9.241786, 7.389643000000149 ], [ -9.238862999999867, 7.390154000000109 ], [ -9.234559999999817, 7.390663000000131 ], [ -9.233563999999831, 7.390684 ], [ -9.227150999999878, 7.389298000000167 ], [ -9.226822, 7.389188000000161 ], [ -9.226625999999897, 7.388838000000135 ], [ -9.226494999999886, 7.388334 ], [ -9.226407999999878, 7.387831000000119 ], [ -9.226321999999868, 7.387371 ], [ -9.226201999999887, 7.387075 ], [ -9.226038, 7.386812 ], [ -9.225741999999855, 7.386593000000175 ], [ -9.225369999999884, 7.386461000000111 ], [ -9.225030999999888, 7.386373000000106 ], [ -9.224517, 7.386274 ], [ -9.217391, 7.385544 ], [ -9.213471, 7.386218 ], [ -9.213022, 7.386359 ], [ -9.212595, 7.386556000000155 ], [ -9.212375999999892, 7.386785 ], [ -9.212199999999882, 7.387157000000116 ], [ -9.212046, 7.387562 ], [ -9.211849, 7.387803000000133 ], [ -9.211618999999871, 7.387934000000143 ], [ -9.207435, 7.389308000000142 ], [ -9.207238, 7.389340000000118 ], [ -9.206986, 7.389340000000118 ], [ -9.202525, 7.38581100000016 ], [ -9.202361, 7.385646000000179 ], [ -9.202241, 7.3853620000001 ], [ -9.201588999999899, 7.382329 ], [ -9.2016, 7.381881 ], [ -9.202204999999879, 7.380163 ], [ -9.202348, 7.379824 ], [ -9.202544999999873, 7.379496 ], [ -9.202994999999873, 7.379103 ], [ -9.203344999999899, 7.378939000000173 ], [ -9.203696, 7.378797000000134 ], [ -9.203904, 7.378578000000118 ], [ -9.204002999999886, 7.378371 ], [ -9.204488, 7.376303 ], [ -9.204554, 7.37594200000018 ], [ -9.204562, 7.37012 ], [ -9.203451, 7.366988 ], [ -9.201984, 7.359392 ], [ -9.201985, 7.359063000000162 ], [ -9.202687, 7.357849000000101 ], [ -9.202939, 7.357478000000128 ], [ -9.206897, 7.353565000000174 ], [ -9.205502, 7.349525 ], [ -9.205108, 7.349108000000172 ], [ -9.204726, 7.348583 ], [ -9.204464, 7.348177 ], [ -9.204082, 7.347509 ], [ -9.203841999999895, 7.346984000000134 ], [ -9.203689, 7.346557000000132 ], [ -9.203591, 7.34622800000011 ], [ -9.201870999999869, 7.340032000000122 ], [ -9.201566, 7.338718 ], [ -9.201523, 7.338489000000152 ], [ -9.201491, 7.337832000000162 ], [ -9.201513, 7.337449 ], [ -9.201569, 7.337088 ], [ -9.201678999999899, 7.336727 ], [ -9.202999, 7.332296 ], [ -9.202665999999851, 7.327656000000161 ], [ -9.202507, 7.32406600000013 ], [ -9.202508, 7.323595 ], [ -9.203078999999832, 7.322228000000109 ], [ -9.203178, 7.322009 ], [ -9.198216999999886, 7.316466000000162 ], [ -9.19799, 7.31459400000017 ], [ -9.197673999999893, 7.313598000000184 ], [ -9.197511, 7.313160000000153 ], [ -9.197358, 7.31297300000017 ], [ -9.192265, 7.307769000000178 ], [ -9.186438, 7.303658 ], [ -9.182685, 7.302712 ], [ -9.182356, 7.302843 ], [ -9.182083, 7.302908000000116 ], [ -9.181754, 7.302897 ], [ -9.179752, 7.30227 ], [ -9.179523, 7.302029 ], [ -9.178618, 7.299949 ], [ -9.178542, 7.299314 ], [ -9.178380999999831, 7.297322000000122 ], [ -9.178339999999878, 7.29521 ], [ -9.175116, 7.292328000000111 ], [ -9.174854, 7.292316 ], [ -9.173781, 7.292151 ], [ -9.173497, 7.292074 ], [ -9.173235, 7.291778 ], [ -9.171618, 7.289806000000169 ], [ -9.170885999999882, 7.288875 ], [ -9.169707, 7.287002000000143 ], [ -9.169543, 7.286706 ], [ -9.168593999999871, 7.284888 ], [ -9.168354, 7.284264000000121 ], [ -9.168202, 7.283826 ], [ -9.168158, 7.283399 ], [ -9.168159, 7.283038 ], [ -9.16837, 7.281288 ], [ -9.167421999999817, 7.278539 ], [ -9.155492, 7.272089000000108 ], [ -9.149003, 7.271216 ], [ -9.148587, 7.271193 ], [ -9.139284, 7.271881000000121 ], [ -9.138835, 7.271935000000155 ], [ -9.138419, 7.272055000000137 ], [ -9.137815999999873, 7.272361 ], [ -9.137225, 7.272743 ], [ -9.136513, 7.273202 ], [ -9.135921, 7.273463000000106 ], [ -9.135604, 7.273529 ], [ -9.131608, 7.2743 ], [ -9.126189, 7.27507 ], [ -9.125729, 7.275069 ], [ -9.125182, 7.274992000000111 ], [ -9.124832, 7.274871 ], [ -9.124559, 7.274652 ], [ -9.12428599999987, 7.274323 ], [ -9.124089, 7.274060000000134 ], [ -9.123751, 7.273545000000126 ], [ -9.123544, 7.27291 ], [ -9.123358999999823, 7.272264 ], [ -9.123305, 7.271794 ], [ -9.122954999999877, 7.265358 ], [ -9.122967, 7.264822000000152 ], [ -9.125371, 7.26036 ], [ -9.127127, 7.25728700000019 ], [ -9.121620999999891, 7.25149000000016 ], [ -9.120255, 7.250120000000152 ], [ -9.119876, 7.249927000000127 ], [ -9.119674, 7.249859 ], [ -9.115775, 7.249890000000107 ], [ -9.11307, 7.250068000000113 ], [ -9.112242, 7.250009 ], [ -9.111962999999889, 7.249883 ], [ -9.111723, 7.249594000000116 ], [ -9.111165999999855, 7.248775 ], [ -9.111069999999813, 7.248467000000119 ], [ -9.111167, 7.248178 ], [ -9.112432, 7.246304 ], [ -9.11369, 7.242516 ], [ -9.113738, 7.242179 ], [ -9.11372, 7.24189 ], [ -9.112364, 7.23578700000013 ], [ -9.11223, 7.235286 ], [ -9.112009, 7.234988000000101 ], [ -9.111700999999869, 7.234756 ], [ -9.110748999999885, 7.234388 ], [ -9.110364, 7.234349000000122 ], [ -9.110074999999824, 7.234406 ], [ -9.109969, 7.234531000000118 ], [ -9.10995899999989, 7.234704 ], [ -9.110045, 7.234897 ], [ -9.11018, 7.235042 ], [ -9.110487, 7.235187 ], [ -9.110949, 7.235390000000109 ], [ -9.111217999999894, 7.235592000000111 ], [ -9.111391, 7.235843000000102 ], [ -9.111447999999825, 7.236199000000113 ], [ -9.1114, 7.236516 ], [ -9.111158999999873, 7.23674700000015 ], [ -9.11086, 7.236967 ], [ -9.109838, 7.237572000000171 ], [ -9.109385, 7.237792 ], [ -9.109038999999882, 7.237897 ], [ -9.105899, 7.238776000000144 ], [ -9.105668, 7.238805 ], [ -9.105427, 7.238737000000128 ], [ -9.105062, 7.238553 ], [ -9.104812, 7.238255 ], [ -9.104658, 7.237956000000167 ], [ -9.10449599999987, 7.237398 ], [ -9.104363, 7.236349 ], [ -9.104393, 7.235916000000145 ], [ -9.104567, 7.235329 ], [ -9.104683, 7.235156000000131 ], [ -9.105136, 7.23481 ], [ -9.105385999999896, 7.234599 ], [ -9.10546399999987, 7.234397 ], [ -9.105688, 7.233012 ], [ -9.105707999999879, 7.232695 ], [ -9.10513, 7.227382 ], [ -9.103816, 7.224618 ], [ -9.103086, 7.223548000000164 ], [ -9.102624999999875, 7.222999000000186 ], [ -9.102183, 7.222517 ], [ -9.101857, 7.221852000000126 ], [ -9.10157, 7.221188 ], [ -9.101416, 7.220725000000186 ], [ -9.101417, 7.220446 ], [ -9.101485, 7.220129 ], [ -9.104325, 7.214448 ], [ -9.104557, 7.214063000000124 ], [ -9.104865, 7.213766 ], [ -9.105443, 7.213517 ], [ -9.106224, 7.213210000000117 ], [ -9.107196999999815, 7.21283700000015 ], [ -9.107476, 7.212645 ], [ -9.107852, 7.21221300000019 ], [ -9.108345, 7.211444 ], [ -9.109234, 7.209502 ], [ -9.110364, 7.206935000000101 ], [ -9.111013, 7.20506 ], [ -9.111188, 7.204223 ], [ -9.111207999999863, 7.203723 ], [ -9.11118, 7.203001 ], [ -9.111008, 7.202414000000147 ], [ -9.110317, 7.200911000000133 ], [ -9.109752, 7.199784 ], [ -9.108489, 7.195278 ], [ -9.10876, 7.194615 ], [ -9.108875999999896, 7.193903 ], [ -9.108849, 7.193162 ], [ -9.108725, 7.192229000000168 ], [ -9.10835795499986, 7.191438625000046 ], [ -9.108112, 7.190909 ], [ -9.107356, 7.191062 ], [ -9.106884, 7.191279 ], [ -9.106615, 7.191564 ], [ -9.106446, 7.191967000000147 ], [ -9.10629299999988, 7.193244000000107 ], [ -9.105695, 7.198469 ], [ -9.105744, 7.199410000000114 ], [ -9.105943, 7.20063800000014 ], [ -9.105976, 7.201209000000119 ], [ -9.105789999999843, 7.201595 ], [ -9.102152, 7.205587000000151 ], [ -9.096175, 7.210382 ], [ -9.095822, 7.21065 ], [ -9.095519, 7.210666000000117 ], [ -9.095184, 7.21043 ], [ -9.091926999999885, 7.207735 ], [ -9.091559, 7.207095 ], [ -9.091124, 7.205515 ], [ -9.091209999999876, 7.204826 ], [ -9.091249226999935, 7.20457033200006 ], [ -9.091294999999889, 7.204272 ], [ -9.091397, 7.203449 ], [ -9.09123, 7.202944000000116 ], [ -9.090894, 7.202691000000186 ], [ -9.090575, 7.202590000000157 ], [ -9.08983499999988, 7.202504000000147 ], [ -9.089395717999878, 7.202534860000014 ], [ -9.087044999999875, 7.2027 ], [ -9.084102, 7.20298 ], [ -9.079342999999881, 7.203828000000101 ], [ -9.074558, 7.200793000000147 ], [ -9.073568, 7.199631000000124 ], [ -9.070191, 7.198499 ], [ -9.069821, 7.198582 ], [ -9.069585, 7.198918000000106 ], [ -9.06943299999989, 7.199337000000128 ], [ -9.06943299999989, 7.199791 ], [ -9.069583, 7.200111 ], [ -9.070471999999882, 7.201054 ], [ -9.071412, 7.201812 ], [ -9.071698, 7.202182000000164 ], [ -9.071798, 7.202518 ], [ -9.071729999999889, 7.202753000000143 ], [ -9.069338, 7.205488000000116 ], [ -9.067889, 7.20693 ], [ -9.06735099999986, 7.207433 ], [ -9.066947, 7.2077010000001 ], [ -9.065314999999885, 7.20842 ], [ -9.064507, 7.208687000000111 ], [ -9.063868, 7.208736000000101 ], [ -9.063381, 7.20870200000013 ], [ -9.062995, 7.208533 ], [ -9.062256, 7.208095000000185 ], [ -9.0615, 7.207572 ], [ -9.061232, 7.207420000000127 ], [ -9.060962, 7.207487000000128 ], [ -9.060744, 7.207638 ], [ -9.060221, 7.208158 ], [ -9.059681999999839, 7.208761 ], [ -9.054476, 7.214817 ], [ -9.053565999999876, 7.21604200000013 ], [ -9.051163, 7.215549000000181 ], [ -9.050725999999827, 7.215364000000136 ], [ -9.050239, 7.21546300000017 ], [ -9.049531999999886, 7.215849000000105 ], [ -9.048791, 7.216317000000117 ], [ -9.043471, 7.220457000000181 ], [ -9.043116999999882, 7.220826000000159 ], [ -9.040371, 7.223912 ], [ -9.040186, 7.224181000000101 ], [ -9.040151, 7.22455 ], [ -9.040184, 7.224920000000168 ], [ -9.042662999999891, 7.229849000000115 ], [ -9.043753, 7.231364 ], [ -9.040874, 7.23337400000014 ], [ -9.040487999999868, 7.233289000000184 ], [ -9.035779999999875, 7.233515 ], [ -9.035207999999898, 7.233564 ], [ -9.034519, 7.23368 ], [ -9.03388, 7.233847 ], [ -9.033492, 7.234132000000102 ], [ -9.033205999999893, 7.234349000000122 ], [ -9.03297, 7.234651 ], [ -9.032784999999876, 7.234937000000116 ], [ -9.032699999999863, 7.235172 ], [ -9.032717, 7.235323000000108 ], [ -9.032935, 7.235525000000109 ], [ -9.033421, 7.236114000000157 ], [ -9.033689, 7.236552000000188 ], [ -9.03394, 7.237309 ], [ -9.03414, 7.238216 ], [ -9.034223, 7.238956000000144 ], [ -9.034153999999887, 7.239426 ], [ -9.033986, 7.239762 ], [ -9.033564, 7.240366 ], [ -9.031762, 7.241841 ], [ -9.025684, 7.246601000000112 ], [ -9.025212999999894, 7.246969 ], [ -9.024791999999877, 7.247153000000139 ], [ -9.024489, 7.247203000000184 ], [ -9.024221, 7.246984000000168 ], [ -9.023986, 7.246647 ], [ -9.023685, 7.246008 ], [ -9.02335, 7.245201 ], [ -9.023048, 7.244696 ], [ -9.022746999999868, 7.244208000000185 ], [ -9.022326999999848, 7.243905000000154 ], [ -9.021990999999844, 7.243837 ], [ -9.021536999999853, 7.243869000000188 ], [ -9.021066, 7.244053000000122 ], [ -9.02074599999986, 7.244204 ], [ -9.02019, 7.244572000000119 ], [ -9.019668, 7.245142 ], [ -9.019314, 7.245629000000179 ], [ -9.019160999999883, 7.246671 ], [ -9.015059, 7.24630900000011 ], [ -9.010692, 7.244484000000114 ], [ -9.003609, 7.24709 ], [ -9.002077999999869, 7.247726000000114 ], [ -9.00128699999982, 7.248110000000111 ], [ -8.999889, 7.249368 ], [ -8.995802, 7.25228200000015 ], [ -8.992581, 7.254558000000145 ], [ -8.992128, 7.254843000000108 ], [ -8.991749, 7.255064000000118 ], [ -8.991444, 7.255106 ], [ -8.990938, 7.255086000000119 ], [ -8.990621, 7.25495 ], [ -8.990251999999828, 7.254677 ], [ -8.987277, 7.251914 ], [ -8.987034, 7.25162 ], [ -8.98375899999985, 7.252739000000133 ], [ -8.983528, 7.25368600000013 ], [ -8.983180999999888, 7.254075000000171 ], [ -8.982885999999894, 7.25416 ], [ -8.980905, 7.254362000000128 ], [ -8.979304, 7.254512 ], [ -8.977997, 7.254587 ], [ -8.976901, 7.254588000000126 ], [ -8.976268999999888, 7.254410000000178 ], [ -8.975593999999887, 7.253917 ], [ -8.975382, 7.253549 ], [ -8.97083, 7.25306 ], [ -8.97035499999987, 7.253071 ], [ -8.969975999999861, 7.25315600000016 ], [ -8.969776, 7.253261000000123 ], [ -8.96405899999985, 7.257202 ], [ -8.960597999999834, 7.262340000000108 ], [ -8.960482999999897, 7.262603 ], [ -8.960536, 7.263097 ], [ -8.960663, 7.263381 ], [ -8.9608, 7.263591 ], [ -8.962835, 7.264641 ], [ -8.96339399999988, 7.264861000000167 ], [ -8.964489999999898, 7.265186 ], [ -8.965396999999882, 7.265405 ], [ -8.965969, 7.267656000000159 ], [ -8.962128, 7.272657 ], [ -8.96137, 7.273258 ], [ -8.959306, 7.274343000000101 ], [ -8.95879, 7.274565000000166 ], [ -8.958274, 7.274639 ], [ -8.957789, 7.274703 ], [ -8.949968, 7.273198 ], [ -8.946014, 7.270951 ], [ -8.945908, 7.270772 ], [ -8.945918, 7.270541 ], [ -8.946286, 7.269404000000179 ], [ -8.947263, 7.267163 ], [ -8.947525999999868, 7.266773 ], [ -8.947874, 7.266531000000157 ], [ -8.949726999999825, 7.265245000000107 ], [ -8.950527, 7.264729 ], [ -8.951222, 7.264402000000189 ], [ -8.951717, 7.264023000000122 ], [ -8.951896, 7.263739 ], [ -8.951927, 7.26346500000011 ], [ -8.951853, 7.263339 ], [ -8.951778999999874, 7.263223000000153 ], [ -8.951632, 7.263181 ], [ -8.949956, 7.263026 ], [ -8.949535, 7.263068000000146 ], [ -8.943847, 7.265336 ], [ -8.943604999999877, 7.265473000000156 ], [ -8.943394, 7.265873 ], [ -8.943258, 7.266357000000141 ], [ -8.943443999999886, 7.272448000000168 ], [ -8.941888, 7.275363 ], [ -8.941361, 7.27528000000018 ], [ -8.94077099999987, 7.275291 ], [ -8.940064999999834, 7.275460000000123 ], [ -8.939265, 7.275777 ], [ -8.938695999999879, 7.276188000000161 ], [ -8.937990999999897, 7.276777 ], [ -8.937538, 7.277241 ], [ -8.937359, 7.277546 ], [ -8.937328, 7.2779460000001 ], [ -8.937381, 7.278545000000122 ], [ -8.937509, 7.279208 ], [ -8.939883, 7.281803 ], [ -8.940579, 7.282234000000187 ], [ -8.941116, 7.282286 ], [ -8.941475, 7.282285000000115 ], [ -8.942012, 7.282432 ], [ -8.94255, 7.282631000000151 ], [ -8.943329999999889, 7.283135000000129 ], [ -8.94409, 7.283629000000133 ], [ -8.944543, 7.283965 ], [ -8.944712, 7.284228000000155 ], [ -8.944732999999871, 7.284470000000113 ], [ -8.944558, 7.28756200000015 ], [ -8.944368999999881, 7.288583 ], [ -8.944116999999892, 7.288899 ], [ -8.943885, 7.289004 ], [ -8.941851999999813, 7.28988 ], [ -8.940503, 7.289839 ], [ -8.938697999999874, 7.28729600000014 ], [ -8.932943, 7.286009 ], [ -8.932311, 7.285872 ], [ -8.931773, 7.28581000000014 ], [ -8.931056, 7.285863 ], [ -8.930782999999849, 7.286074 ], [ -8.930646, 7.286348 ], [ -8.930456999999876, 7.287074 ], [ -8.930216, 7.287831 ], [ -8.92991099999989, 7.2886 ], [ -8.929385, 7.289400000000171 ], [ -8.928857999999821, 7.289842000000135 ], [ -8.9285, 7.289990000000103 ], [ -8.923874999999896, 7.291089000000113 ], [ -8.923601, 7.291131 ], [ -8.920672, 7.291051000000152 ], [ -8.918409999999881, 7.294787 ], [ -8.918451999999888, 7.295061 ], [ -8.918410999999878, 7.295408 ], [ -8.918084, 7.295703000000117 ], [ -8.917704999999899, 7.295808 ], [ -8.917294, 7.295756 ], [ -8.916883, 7.295599 ], [ -8.916629999999884, 7.295378 ], [ -8.915268, 7.293518000000176 ], [ -8.915161999999839, 7.293213000000151 ], [ -8.914696, 7.291047000000162 ], [ -8.914154, 7.286629 ], [ -8.914185, 7.286187 ], [ -8.914488, 7.283452 ], [ -8.914614, 7.282905 ], [ -8.914960999999892, 7.282189000000187 ], [ -8.915266, 7.281716000000131 ], [ -8.915571, 7.281389 ], [ -8.916137, 7.279011000000139 ], [ -8.914953, 7.275552000000118 ], [ -8.914878999999871, 7.275352 ], [ -8.914162, 7.274680000000103 ], [ -8.912654, 7.27374500000019 ], [ -8.912264, 7.273556000000156 ], [ -8.91199, 7.273598000000106 ], [ -8.911789999999883, 7.273756 ], [ -8.911695, 7.273935 ], [ -8.911674999999889, 7.274451000000113 ], [ -8.911748999999872, 7.275419000000113 ], [ -8.911760999999899, 7.275955 ], [ -8.911655, 7.276092 ], [ -8.911518, 7.276155 ], [ -8.908925999999894, 7.276347000000158 ], [ -8.908652, 7.276263000000142 ], [ -8.908441, 7.275853000000154 ], [ -8.908429999999896, 7.275433 ], [ -8.908543999999893, 7.274097000000154 ], [ -8.908617999999819, 7.273465000000101 ], [ -8.908753999999874, 7.272981000000186 ], [ -8.909037999999839, 7.272676 ], [ -8.909827999999834, 7.272055000000137 ], [ -8.910617, 7.271391000000108 ], [ -8.911081, 7.27097 ], [ -8.911238, 7.270633 ], [ -8.911444, 7.266215000000102 ], [ -8.911391, 7.265941000000169 ], [ -8.911021, 7.264164 ], [ -8.910936, 7.263985000000162 ], [ -8.910767, 7.263891 ], [ -8.90637, 7.260645 ], [ -8.905733, 7.256533000000161 ], [ -8.90549, 7.256196000000159 ], [ -8.905184, 7.255997 ], [ -8.904920999999888, 7.255997 ], [ -8.901772, 7.257600000000139 ], [ -8.901381999999899, 7.257873000000188 ], [ -8.900908, 7.258263000000113 ], [ -8.897519, 7.262033 ], [ -8.897308999999893, 7.26228500000019 ], [ -8.89621499999987, 7.264117 ], [ -8.895742, 7.264990000000182 ], [ -8.895583999999872, 7.265222 ], [ -8.895341999999857, 7.265348000000131 ], [ -8.89512, 7.265349 ], [ -8.893465999999876, 7.265077 ], [ -8.893011999999885, 7.264983000000143 ], [ -8.888143, 7.263599 ], [ -8.887456999999813, 7.263369000000182 ], [ -8.885507, 7.262508 ], [ -8.88513799999987, 7.262309 ], [ -8.884663, 7.261825000000158 ], [ -8.884189, 7.261363 ], [ -8.883587, 7.260785 ], [ -8.883259999999893, 7.26048 ], [ -8.880603999999892, 7.259347000000105 ], [ -8.879876, 7.259095 ], [ -8.872550999999874, 7.257378 ], [ -8.870224999999891, 7.260073000000148 ], [ -8.870014, 7.260368 ], [ -8.869667, 7.260494000000165 ], [ -8.869203, 7.26048400000019 ], [ -8.868845, 7.260369 ], [ -8.868306999999845, 7.260012 ], [ -8.867674, 7.259486 ], [ -8.867052, 7.258993 ], [ -8.866462, 7.258646000000169 ], [ -8.866008, 7.258489000000168 ], [ -8.864797, 7.258563 ], [ -8.864407, 7.258858000000146 ], [ -8.863679999999874, 7.259532000000149 ], [ -8.861312999999882, 7.262596000000144 ], [ -8.861113, 7.26288 ], [ -8.861219, 7.26386900000017 ], [ -8.861471999999821, 7.264331 ], [ -8.861873, 7.264857000000177 ], [ -8.862347999999827, 7.265351 ], [ -8.862527999999884, 7.265834 ], [ -8.862591, 7.266139 ], [ -8.862318, 7.266529000000162 ], [ -8.861749, 7.266719 ], [ -8.858367, 7.267669000000126 ], [ -8.857988, 7.267732 ], [ -8.857619, 7.26759600000014 ], [ -8.857502, 7.267238 ], [ -8.857333, 7.266692000000148 ], [ -8.857217, 7.266155 ], [ -8.857037, 7.265777 ], [ -8.854664, 7.263097 ], [ -8.854252, 7.26276 ], [ -8.853873, 7.262614 ], [ -8.853589, 7.26267700000011 ], [ -8.846984999999847, 7.266344000000117 ], [ -8.846648, 7.266565000000128 ], [ -8.845174, 7.267745 ], [ -8.84498399999984, 7.267924000000107 ], [ -8.842965, 7.272312 ], [ -8.842481, 7.272628000000111 ], [ -8.838132, 7.275925 ], [ -8.837753, 7.27623 ], [ -8.837479, 7.276567 ], [ -8.837362999999868, 7.276788 ], [ -8.837342, 7.277061 ], [ -8.837459, 7.278313000000139 ], [ -8.837671, 7.278923000000134 ], [ -8.837998, 7.279512 ], [ -8.838167, 7.280122 ], [ -8.838232999999832, 7.283046 ], [ -8.838139, 7.283730000000162 ], [ -8.837844, 7.284361000000104 ], [ -8.837192, 7.285614 ], [ -8.836803, 7.286529 ], [ -8.836361999999838, 7.287655 ], [ -8.836267, 7.288013000000149 ], [ -8.836755, 7.290937000000156 ], [ -8.838994, 7.296005 ], [ -8.839099, 7.296204 ], [ -8.83952099999982, 7.29664600000018 ], [ -8.840681, 7.297844000000168 ], [ -8.841408999999885, 7.298537000000124 ], [ -8.842896999999823, 7.300114 ], [ -8.845008, 7.303604000000178 ], [ -8.845177, 7.304109 ], [ -8.845642, 7.306107000000111 ], [ -8.845537, 7.30637 ], [ -8.845263, 7.306560000000104 ], [ -8.844915999999898, 7.306602 ], [ -8.84462, 7.306497 ], [ -8.844304, 7.306224 ], [ -8.843998, 7.305677 ], [ -8.843608, 7.305257000000154 ], [ -8.843111999999849, 7.304805 ], [ -8.842795, 7.304532 ], [ -8.842395, 7.304333 ], [ -8.841351, 7.303955 ], [ -8.840835, 7.303934 ], [ -8.839738999999895, 7.304019 ], [ -8.839191, 7.304178 ], [ -8.838727, 7.304368000000125 ], [ -8.838326999999879, 7.304715 ], [ -8.838096, 7.304999000000123 ], [ -8.837037939999959, 7.309402288000115 ], [ -8.836531, 7.311512 ], [ -8.836469, 7.311880000000144 ], [ -8.836447999999848, 7.312574 ], [ -8.836512, 7.313069 ], [ -8.836649, 7.313395 ], [ -8.837693999999885, 7.315456 ], [ -8.837979, 7.315918000000124 ], [ -8.838465, 7.316359 ], [ -8.838739, 7.316549 ], [ -8.845518, 7.319624000000147 ], [ -8.846141999999816, 7.321328000000108 ], [ -8.844932, 7.32379 ], [ -8.843083, 7.329756 ], [ -8.84307299999989, 7.330409 ], [ -8.843275999999889, 7.333354 ], [ -8.843392, 7.333932 ], [ -8.843687999999872, 7.334342 ], [ -8.844205, 7.334657000000163 ], [ -8.847464, 7.337652000000162 ], [ -8.850904999999898, 7.342477 ], [ -8.851199999999892, 7.343034000000159 ], [ -8.852658, 7.346914 ], [ -8.853071999999884, 7.349481000000139 ], [ -8.849134, 7.353587 ], [ -8.845236999999884, 7.356893 ], [ -8.841993999999886, 7.360378 ], [ -8.841142, 7.362272000000132 ], [ -8.840774, 7.362999 ], [ -8.837512, 7.368072 ], [ -8.837301, 7.368272 ], [ -8.835542, 7.369904 ], [ -8.834942, 7.370325 ], [ -8.834426, 7.370673000000124 ], [ -8.833982999999819, 7.371105000000171 ], [ -8.832351, 7.372957 ], [ -8.831941, 7.373589 ], [ -8.831583, 7.374399 ], [ -8.831352, 7.375251 ], [ -8.831258, 7.375830000000121 ], [ -8.831269, 7.376693000000159 ], [ -8.831217, 7.377334 ], [ -8.830954, 7.377934000000153 ], [ -8.827397, 7.383702 ], [ -8.823271, 7.390322 ], [ -8.822828999999899, 7.390996 ], [ -8.822364999999877, 7.39151100000015 ], [ -8.821902, 7.391859000000181 ], [ -8.820606, 7.392523 ], [ -8.819572999999821, 7.393018000000154 ], [ -8.81832, 7.394155 ], [ -8.81795099999988, 7.394545000000164 ], [ -8.817708999999866, 7.395029 ], [ -8.81751, 7.395471 ], [ -8.817299, 7.39606 ], [ -8.817184, 7.396649 ], [ -8.817069, 7.397365 ], [ -8.816985, 7.398427 ], [ -8.81684, 7.401741000000129 ], [ -8.815854, 7.406191 ], [ -8.815664, 7.406507000000147 ], [ -8.815169, 7.406981 ], [ -8.81419, 7.407907000000137 ], [ -8.813958, 7.408013 ], [ -8.812714, 7.40793 ], [ -8.812213807999854, 7.407767263000039 ], [ -8.811711999999886, 7.407604000000106 ], [ -8.810245999999836, 7.406554 ], [ -8.809571, 7.405597000000171 ], [ -8.808748, 7.404967 ], [ -8.805154, 7.406264 ], [ -8.80459599999989, 7.406485 ], [ -8.801372, 7.408286 ], [ -8.801035, 7.408592000000169 ], [ -8.800792999999885, 7.408876 ], [ -8.80073, 7.409665000000132 ], [ -8.800677999999891, 7.410506 ], [ -8.800742, 7.411769000000106 ], [ -8.80079499999988, 7.412116 ], [ -8.80095399999982, 7.412315 ], [ -8.801703, 7.413262 ], [ -8.802653, 7.414954 ], [ -8.80278, 7.41528 ], [ -8.802812, 7.415638000000172 ], [ -8.802633, 7.415985 ], [ -8.802379999999857, 7.416248000000166 ], [ -8.802010999999879, 7.416312000000119 ], [ -8.801442, 7.41626 ], [ -8.800661999999818, 7.416113 ], [ -8.799565, 7.415841 ], [ -8.798879999999883, 7.415589000000182 ], [ -8.798363, 7.415337000000136 ], [ -8.798057, 7.415084000000149 ], [ -8.797666999999876, 7.414559 ], [ -8.797319, 7.414159000000154 ], [ -8.796475, 7.413234 ], [ -8.796126, 7.412919 ], [ -8.795705, 7.412699000000146 ], [ -8.795387999999889, 7.41266700000017 ], [ -8.795178, 7.412731000000122 ], [ -8.792702, 7.414552000000185 ], [ -8.791364, 7.41581600000012 ], [ -8.791089999999883, 7.41608900000017 ], [ -8.790901, 7.41621600000019 ], [ -8.789456, 7.415944 ], [ -8.784037, 7.414749000000143 ], [ -8.78192799999988, 7.413236 ], [ -8.782117, 7.412752000000125 ], [ -8.782359, 7.412089000000151 ], [ -8.782485, 7.411605 ], [ -8.78259, 7.411152 ], [ -8.782621, 7.410774 ], [ -8.782547, 7.410542 ], [ -8.782368, 7.410427 ], [ -8.782126, 7.410448 ], [ -8.779955, 7.411691 ], [ -8.779723999999874, 7.412059000000113 ], [ -8.77964999999989, 7.412407000000144 ], [ -8.779629, 7.412912 ], [ -8.779991, 7.417266 ], [ -8.777427999999873, 7.42866 ], [ -8.777484999999899, 7.433604 ], [ -8.778109, 7.435865 ], [ -8.778097999999886, 7.436086 ], [ -8.778013999999871, 7.436381 ], [ -8.777825, 7.436717 ], [ -8.776498, 7.438791 ], [ -8.773846999999876, 7.445704 ], [ -8.773268999999857, 7.447545000000105 ], [ -8.775031, 7.449311 ], [ -8.77675, 7.450372 ], [ -8.778827, 7.451222 ], [ -8.779007, 7.451432 ], [ -8.779038, 7.451674 ], [ -8.778974999999889, 7.452042 ], [ -8.778607, 7.45286300000015 ], [ -8.778312, 7.453190000000177 ], [ -8.777796, 7.453463 ], [ -8.767743, 7.45851 ], [ -8.763672, 7.456872 ], [ -8.763059999999882, 7.4566200000001 ], [ -8.762301, 7.456347000000108 ], [ -8.761974, 7.456379 ], [ -8.761753, 7.456516 ], [ -8.761563999999851, 7.456874 ], [ -8.76123699999988, 7.457852000000116 ], [ -8.760596, 7.459641000000147 ], [ -8.760310999999888, 7.460146000000179 ], [ -8.757416, 7.464903000000163 ], [ -8.756268, 7.4666390000001 ], [ -8.755994, 7.466671 ], [ -8.755772, 7.466471 ], [ -8.755572, 7.466103000000146 ], [ -8.755508, 7.465619 ], [ -8.755518999999879, 7.465272000000141 ], [ -8.755624, 7.464914 ], [ -8.755624, 7.464683 ], [ -8.755413, 7.464652000000171 ], [ -8.753979, 7.464726 ], [ -8.753716, 7.464926000000105 ], [ -8.752271999999834, 7.466263 ], [ -8.750322999999867, 7.468284 ], [ -8.750186999999869, 7.469463000000133 ], [ -8.750125, 7.470641000000114 ], [ -8.749998, 7.470967 ], [ -8.749584, 7.471922 ], [ -8.747404, 7.474538000000109 ], [ -8.743963, 7.478134000000125 ], [ -8.738496999999882, 7.484274 ], [ -8.734038999999882, 7.491294 ], [ -8.729811, 7.496393 ], [ -8.727154999999868, 7.499268 ], [ -8.725609, 7.499869000000103 ], [ -8.725086, 7.50007 ], [ -8.724326999999846, 7.500218000000189 ], [ -8.72228, 7.502245 ], [ -8.722126999999887, 7.502435000000105 ], [ -8.720453, 7.505525 ], [ -8.718388, 7.509395 ], [ -8.718217, 7.509652 ], [ -8.718017, 7.509794 ], [ -8.716731, 7.510138 ], [ -8.716397, 7.510177000000169 ], [ -8.71573, 7.510158 ], [ -8.715376999999876, 7.510073 ], [ -8.715080999999884, 7.51012100000014 ], [ -8.713356, 7.510408 ], [ -8.713013, 7.510513 ], [ -8.710881818999894, 7.511759062000124 ], [ -8.710864081999944, 7.511769432000108 ], [ -8.709984, 7.512284 ], [ -8.708566, 7.514595 ], [ -8.70904, 7.521816 ], [ -8.712694, 7.524558 ], [ -8.716739, 7.526928 ], [ -8.718017, 7.527459 ], [ -8.718112, 7.527516 ], [ -8.71812199999988, 7.527829000000168 ], [ -8.718192, 7.53125 ], [ -8.718077999999878, 7.531468000000189 ], [ -8.716791999999884, 7.532591 ], [ -8.71641099999988, 7.532943000000159 ], [ -8.711399, 7.544513 ], [ -8.711075999999821, 7.545454 ], [ -8.711029, 7.545635000000118 ], [ -8.711085999999852, 7.545787 ], [ -8.711267, 7.54592 ], [ -8.711439, 7.546005 ], [ -8.711849, 7.546043000000111 ], [ -8.713384, 7.54605 ], [ -8.713727, 7.546002000000101 ], [ -8.713965, 7.545812 ], [ -8.714222, 7.545641000000103 ], [ -8.714469999999892, 7.545555 ], [ -8.715118, 7.545364 ], [ -8.715252, 7.545421 ], [ -8.715395, 7.545753000000104 ], [ -8.715490999999815, 7.546247000000164 ], [ -8.715472, 7.546656 ], [ -8.715377999999873, 7.547445000000153 ], [ -8.715301999999895, 7.547967 ], [ -8.715027, 7.549631 ], [ -8.714885, 7.549859 ], [ -8.714665999999852, 7.549983000000168 ], [ -8.712188, 7.551259 ], [ -8.711635999999885, 7.55183 ], [ -8.711635999999885, 7.552020000000141 ], [ -8.711750999999879, 7.5522 ], [ -8.71196, 7.552371 ], [ -8.714583999999888, 7.553954 ], [ -8.714984, 7.554144 ], [ -8.715126999999882, 7.554144 ], [ -8.715356, 7.554077000000177 ], [ -8.716203999999834, 7.553278000000148 ], [ -8.716984, 7.552137 ], [ -8.717078999999842, 7.551785 ], [ -8.719958, 7.551572 ], [ -8.723395, 7.555625 ], [ -8.723537999999849, 7.555882000000111 ], [ -8.723595, 7.556081 ], [ -8.723191, 7.560852000000125 ], [ -8.723134, 7.561089 ], [ -8.722716, 7.562781 ], [ -8.722468, 7.563086 ], [ -8.721925, 7.563466 ], [ -8.721286999999847, 7.563857 ], [ -8.72082, 7.563981000000183 ], [ -8.720639, 7.563953 ], [ -8.720496, 7.563848 ], [ -8.720315, 7.56383000000011 ], [ -8.720133, 7.563906 ], [ -8.719904999999812, 7.564039 ], [ -8.719609, 7.564258 ], [ -8.719332999999892, 7.564591 ], [ -8.718191, 7.566312000000153 ], [ -8.718182, 7.566502 ], [ -8.71823, 7.566654 ], [ -8.720589, 7.570842000000141 ], [ -8.72184, 7.572731000000147 ], [ -8.722088, 7.573082 ], [ -8.723024, 7.574392 ], [ -8.719368, 7.579110000000185 ], [ -8.719225, 7.579243000000133 ], [ -8.719025, 7.579614000000106 ], [ -8.718710999999871, 7.580488000000116 ], [ -8.718569, 7.580888000000186 ], [ -8.718501999999887, 7.581192000000101 ], [ -8.718569, 7.581448 ], [ -8.718636, 7.581600000000151 ], [ -8.718874999999855, 7.582028 ], [ -8.719028, 7.582426000000112 ], [ -8.71919, 7.582854000000168 ], [ -8.71933399999989, 7.583329 ], [ -8.719516, 7.584421000000134 ], [ -8.716613, 7.588843 ], [ -8.71489, 7.591306000000145 ], [ -8.71193, 7.596109000000126 ], [ -8.711967999999899, 7.596802000000139 ], [ -8.71338, 7.597237 ], [ -8.713676, 7.597494 ], [ -8.713715, 7.598235 ], [ -8.713576999999873, 7.603376000000139 ], [ -8.713003999999898, 7.611291 ], [ -8.712861, 7.612137 ], [ -8.712396, 7.613715 ], [ -8.71116899999987, 7.616358000000105 ], [ -8.710968, 7.616472000000101 ], [ -8.709529, 7.616721 ], [ -8.709289999999839, 7.616531 ], [ -8.708793999999898, 7.616161000000147 ], [ -8.708651, 7.616181 ], [ -8.708507999999881, 7.616314 ], [ -8.707689, 7.617227 ], [ -8.707537, 7.617408000000125 ], [ -8.706793999999888, 7.618321000000151 ], [ -8.70494, 7.623435 ], [ -8.704779, 7.624785000000145 ], [ -8.706128, 7.629087 ], [ -8.707352, 7.632184 ], [ -8.708087, 7.633513 ], [ -8.709147, 7.635127000000182 ], [ -8.711152, 7.63751 ], [ -8.711982, 7.638117000000136 ], [ -8.712334999999882, 7.638259000000119 ], [ -8.713146, 7.638210000000186 ], [ -8.713861, 7.638181 ], [ -8.714376, 7.638218000000109 ], [ -8.714548, 7.638332000000162 ], [ -8.714605, 7.638484000000119 ], [ -8.714548, 7.639045000000181 ], [ -8.71414, 7.640699 ], [ -8.712463999999898, 7.643143000000123 ], [ -8.712236, 7.64338 ], [ -8.710225, 7.644675 ], [ -8.708471, 7.64539 ], [ -8.708099, 7.645343 ], [ -8.707717999999886, 7.645201 ], [ -8.706165999999882, 7.647711 ], [ -8.704662999999869, 7.65102000000013 ], [ -8.701655, 7.656306000000143 ], [ -8.69654, 7.662108 ], [ -8.696378, 7.662242000000106 ], [ -8.694033, 7.663081 ], [ -8.690822, 7.666496 ], [ -8.690594, 7.66679 ], [ -8.689593999999886, 7.668454 ], [ -8.68830899999989, 7.670423 ], [ -8.688051, 7.670661 ], [ -8.686832, 7.671774 ], [ -8.686489, 7.671917 ], [ -8.685821, 7.672107000000153 ], [ -8.685477999999875, 7.67207 ], [ -8.685267999999894, 7.671909 ], [ -8.68523, 7.671719000000166 ], [ -8.685287, 7.67149 ], [ -8.685553999999854, 7.671319 ], [ -8.685858, 7.671119 ], [ -8.686049, 7.67094800000018 ], [ -8.686068, 7.670701000000122 ], [ -8.685971999999879, 7.67052 ], [ -8.685838999999874, 7.670416 ], [ -8.68561, 7.670312000000138 ], [ -8.68129, 7.670459 ], [ -8.681033, 7.67059300000011 ], [ -8.680613, 7.670954000000108 ], [ -8.68034699999987, 7.671249 ], [ -8.677730999999881, 7.678103 ], [ -8.678017999999895, 7.67936600000013 ], [ -8.67834299999987, 7.679803 ], [ -8.678705, 7.680192 ], [ -8.679116, 7.680553000000145 ], [ -8.680098999999871, 7.681283000000121 ], [ -8.680661, 7.681273 ], [ -8.68111, 7.681491000000108 ], [ -8.681291, 7.681852000000163 ], [ -8.681416, 7.682137000000125 ], [ -8.681607, 7.68283 ], [ -8.681673999999873, 7.683201 ], [ -8.681771, 7.685206 ], [ -8.681676, 7.685576 ], [ -8.681561999999872, 7.685786 ], [ -8.681229, 7.686061 ], [ -8.680714, 7.686404 ], [ -8.680341999999825, 7.686604 ], [ -8.679742, 7.686814 ], [ -8.67875, 7.687461 ], [ -8.678407, 7.687765000000184 ], [ -8.677874, 7.688507000000129 ], [ -8.677683999999886, 7.688926000000151 ], [ -8.677151, 7.690712000000133 ], [ -8.676962, 7.691834 ], [ -8.676934, 7.692385000000172 ], [ -8.677115, 7.692632000000174 ], [ -8.677430999999842, 7.693553000000179 ], [ -8.676703, 7.696514 ], [ -8.675794, 7.698024 ], [ -8.675644999999861, 7.698173000000168 ], [ -8.675437999999872, 7.69823 ], [ -8.656044390999909, 7.698566604000064 ], [ -8.647228573999939, 7.698780134000117 ], [ -8.638412746999961, 7.698993483000095 ], [ -8.62959691199984, 7.699206650000065 ], [ -8.620781067999872, 7.699419637 ], [ -8.611965214999884, 7.699632442000109 ], [ -8.603149353999925, 7.699845065000034 ], [ -8.594333482999957, 7.7000575080001 ], [ -8.585517603999904, 7.700269768999988 ], [ -8.576701715999945, 7.700481849000141 ], [ -8.567885819999958, 7.700693747000116 ], [ -8.563423517999979, 7.700800911000101 ], [ -8.559069913999906, 7.70090546400013 ], [ -8.550254, 7.701117 ], [ -8.553988999999888, 7.693247 ], [ -8.555123, 7.691125 ], [ -8.555954, 7.690205000000105 ], [ -8.556611999999859, 7.689710000000161 ], [ -8.557027999999889, 7.689346 ], [ -8.557757, 7.688699 ], [ -8.558273999999869, 7.688163 ], [ -8.558486, 7.687931 ], [ -8.558719, 7.687345 ], [ -8.558709, 7.687021 ], [ -8.558199999999886, 7.68374 ], [ -8.557803, 7.681871000000115 ], [ -8.555904999999882, 7.677641 ], [ -8.554189999999835, 7.674785 ], [ -8.554067, 7.673462000000143 ], [ -8.554047, 7.672543000000132 ], [ -8.554076999999893, 7.672240000000102 ], [ -8.555575, 7.669067000000155 ], [ -8.557184, 7.665753 ], [ -8.557498, 7.665329 ], [ -8.557161999999892, 7.66343 ], [ -8.555243, 7.65835200000015 ], [ -8.555110999999897, 7.658211 ], [ -8.554899, 7.657999 ], [ -8.554463, 7.657827 ], [ -8.554006, 7.657666 ], [ -8.553844, 7.657495 ], [ -8.553742999999884, 7.657333 ], [ -8.553762, 7.656747 ], [ -8.553812999999877, 7.656545 ], [ -8.556687, 7.649766000000113 ], [ -8.560393, 7.644855 ], [ -8.560433999999873, 7.644733 ], [ -8.561101, 7.642420000000186 ], [ -8.56094899999988, 7.641693 ], [ -8.560958, 7.641370000000165 ], [ -8.561018999999874, 7.641087 ], [ -8.56109, 7.640885 ], [ -8.561848999999825, 7.639894 ], [ -8.562052, 7.639662 ], [ -8.565404999999885, 7.636771000000124 ], [ -8.568585, 7.634041 ], [ -8.569141999999886, 7.633556 ], [ -8.569548, 7.633202 ], [ -8.569791, 7.632969000000116 ], [ -8.570115, 7.632494 ], [ -8.570165, 7.632313 ], [ -8.570093999999813, 7.631888 ], [ -8.569942, 7.631545 ], [ -8.569759, 7.631242 ], [ -8.569565999999895, 7.631 ], [ -8.568583, 7.630435 ], [ -8.567863, 7.630143 ], [ -8.567204, 7.629982 ], [ -8.566829, 7.629912000000161 ], [ -8.566302, 7.629831 ], [ -8.564365999999893, 7.629136 ], [ -8.558759, 7.626041000000157 ], [ -8.551671, 7.620623 ], [ -8.521789999999896, 7.59789300000017 ], [ -8.512503, 7.590841000000182 ], [ -8.505437, 7.585524 ], [ -8.499880999999846, 7.581316 ], [ -8.499755999999877, 7.580927 ], [ -8.496217999999885, 7.578089 ], [ -8.489244, 7.572561 ], [ -8.489165640999943, 7.572498122000013 ], [ -8.488187287999949, 7.571713056000078 ], [ -8.471103, 7.558004 ], [ -8.470911, 7.557276000000172 ], [ -8.46973899999989, 7.551423000000113 ], [ -8.46960799999988, 7.551008 ], [ -8.466698999999892, 7.544765 ], [ -8.466519999999889, 7.544481 ], [ -8.466269999999838, 7.544114 ], [ -8.465983999999878, 7.543782000000135 ], [ -8.465508, 7.543332 ], [ -8.464639, 7.542658000000188 ], [ -8.463864999999885, 7.542173 ], [ -8.463259, 7.542043 ], [ -8.462747, 7.541949000000159 ], [ -8.462331, 7.541842 ], [ -8.461795, 7.541606 ], [ -8.460701, 7.54105 ], [ -8.460236999999893, 7.540801 ], [ -8.45788, 7.539346 ], [ -8.457653999999877, 7.53918 ], [ -8.45744, 7.539015 ], [ -8.457463, 7.538484000000153 ], [ -8.457573, 7.538109 ], [ -8.457663, 7.537728000000129 ], [ -8.457702, 7.537378000000103 ], [ -8.457277, 7.53432 ], [ -8.457218, 7.534022000000107 ], [ -8.457022999999879, 7.533841 ], [ -8.453217, 7.531077000000153 ], [ -8.451366999999891, 7.530910000000176 ], [ -8.447152999999844, 7.530614 ], [ -8.441398999999819, 7.534111000000166 ], [ -8.439579999999864, 7.535272000000134 ], [ -8.439442999999869, 7.535389 ], [ -8.439410999999893, 7.535515 ], [ -8.439453, 7.535621 ], [ -8.439772, 7.536243000000184 ], [ -8.439053, 7.537087 ], [ -8.432595, 7.536049000000105 ], [ -8.425935, 7.533734 ], [ -8.424664999999891, 7.533187000000112 ], [ -8.42453799999987, 7.53307100000012 ], [ -8.424368, 7.532628 ], [ -8.42322, 7.527809000000104 ], [ -8.42345, 7.525077000000181 ], [ -8.423330999999848, 7.512557 ], [ -8.423636, 7.510711000000128 ], [ -8.423593, 7.510089000000164 ], [ -8.423454999999876, 7.509762 ], [ -8.423232, 7.509414000000106 ], [ -8.422607, 7.50895 ], [ -8.421654, 7.508445 ], [ -8.420891, 7.50796 ], [ -8.417712999999878, 7.504451000000131 ], [ -8.417384, 7.503903 ], [ -8.415972999999894, 7.500961 ], [ -8.415814, 7.50056 ], [ -8.41536, 7.499394 ], [ -8.415341999999896, 7.499159000000134 ], [ -8.415409, 7.497383000000127 ], [ -8.415452, 7.497070000000122 ], [ -8.415618, 7.496626000000163 ], [ -8.416184, 7.496068 ], [ -8.41662, 7.495867 ], [ -8.416837999999871, 7.495684 ], [ -8.416968999999881, 7.49547500000017 ], [ -8.417330999999876, 7.492523000000176 ], [ -8.417303999999888, 7.492105 ], [ -8.416331, 7.489565 ], [ -8.416121, 7.489348000000177 ], [ -8.414609, 7.488375000000133 ], [ -8.412241, 7.486716000000172 ], [ -8.412066, 7.486542 ], [ -8.411174, 7.485516000000189 ], [ -8.410964, 7.48516 ], [ -8.410543, 7.484003 ], [ -8.409874999999829, 7.481645000000185 ], [ -8.409873999999832, 7.481027 ], [ -8.41013, 7.477423000000101 ], [ -8.410251999999844, 7.477109 ], [ -8.411296999999877, 7.475532000000101 ], [ -8.412421999999879, 7.47506900000019 ], [ -8.412037999999825, 7.469568000000152 ], [ -8.409091999999873, 7.466622 ], [ -8.408489, 7.461078 ], [ -8.407034, 7.457241000000181 ], [ -8.406815, 7.451592000000119 ], [ -8.408649, 7.441554 ], [ -8.41387, 7.437037 ], [ -8.414062, 7.436784 ], [ -8.414541999999869, 7.431491000000165 ], [ -8.414559, 7.431221 ], [ -8.414336999999875, 7.429098 ], [ -8.413381999999899, 7.42661 ], [ -8.40915, 7.422203000000138 ], [ -8.408321, 7.42223 ], [ -8.406154, 7.421015 ], [ -8.40591, 7.420849 ], [ -8.405708999999831, 7.420641 ], [ -8.404738, 7.419441 ], [ -8.403644, 7.417780000000107 ], [ -8.403503999999884, 7.417563 ], [ -8.400975, 7.413049000000171 ], [ -8.400640999999894, 7.411587000000168 ], [ -8.4007, 7.410620000000108 ], [ -8.400479, 7.408619000000101 ], [ -8.399571, 7.403223 ], [ -8.398516, 7.398542000000134 ], [ -8.39834999999988, 7.398246000000142 ], [ -8.398051999999893, 7.397376000000122 ], [ -8.397591, 7.392972 ], [ -8.397125, 7.385313000000167 ], [ -8.397176999999886, 7.385043 ], [ -8.397956, 7.381099000000177 ], [ -8.398207, 7.380341000000158 ], [ -8.398338, 7.380132000000117 ], [ -8.399369, 7.375256 ], [ -8.398744, 7.366770000000145 ], [ -8.398708, 7.36637 ], [ -8.398593999999889, 7.366074 ], [ -8.398411, 7.365726000000109 ], [ -8.398192, 7.365456000000108 ], [ -8.397920999999826, 7.365126 ], [ -8.397711, 7.364761 ], [ -8.397597, 7.36416 ], [ -8.397446, 7.362568 ], [ -8.397247, 7.35833700000012 ], [ -8.397504, 7.355491 ], [ -8.397937999999897, 7.353801 ], [ -8.397781, 7.348509 ], [ -8.397274, 7.34797 ], [ -8.395754, 7.341784000000132 ], [ -8.395177999999873, 7.336318000000119 ], [ -8.395131999999876, 7.329824000000144 ], [ -8.395131999999876, 7.329555 ], [ -8.395184, 7.329363 ], [ -8.395532, 7.328910000000178 ], [ -8.39575, 7.328727000000129 ], [ -8.39582, 7.328518 ], [ -8.395863, 7.328309 ], [ -8.395800999999892, 7.328065 ], [ -8.389926999999886, 7.32151 ], [ -8.388396999999884, 7.31985 ], [ -8.385706, 7.317808000000184 ], [ -8.38546, 7.316285000000107 ], [ -8.385624, 7.315101 ], [ -8.385658, 7.314866000000109 ], [ -8.38343, 7.312763000000189 ], [ -8.380834, 7.310329 ], [ -8.380502, 7.310138 ], [ -8.380258, 7.309904 ], [ -8.377098999999873, 7.304433000000188 ], [ -8.375976, 7.300335 ], [ -8.376192999999887, 7.300047000000177 ], [ -8.376532, 7.299228 ], [ -8.375763, 7.298106000000189 ], [ -8.374521, 7.296446000000117 ], [ -8.374346, 7.296237 ], [ -8.370762, 7.292133000000149 ], [ -8.365688, 7.288772 ], [ -8.364098, 7.282167000000129 ], [ -8.364888, 7.279294000000107 ], [ -8.36012, 7.277150000000177 ], [ -8.358127, 7.274437 ], [ -8.356378, 7.27202 ], [ -8.357446, 7.263079000000175 ], [ -8.357498, 7.262757 ], [ -8.35755, 7.262495000000172 ], [ -8.357707, 7.262347000000148 ], [ -8.357977, 7.262234 ], [ -8.361531999999897, 7.259226 ], [ -8.36718999999988, 7.250618000000145 ], [ -8.368878, 7.24792 ], [ -8.369079, 7.247598 ], [ -8.369158, 7.24727600000017 ], [ -8.369184, 7.246997 ], [ -8.369097, 7.246788000000151 ], [ -8.365934, 7.242306 ], [ -8.364399999999875, 7.240169 ], [ -8.36318, 7.238809 ], [ -8.362411999999892, 7.238294 ], [ -8.360336, 7.237481000000116 ], [ -8.360056999999813, 7.237516 ], [ -8.358232999999871, 7.237584 ], [ -8.356794, 7.237234000000115 ], [ -8.355511, 7.236718 ], [ -8.350409999999897, 7.233724000000109 ], [ -8.347087, 7.231620000000134 ], [ -8.346947999999884, 7.231359 ], [ -8.346957, 7.231158000000107 ], [ -8.347088, 7.230941 ], [ -8.34742, 7.230558 ], [ -8.348030999999878, 7.22994 ], [ -8.348406999999895, 7.229531000000122 ], [ -8.34894, 7.228738 ], [ -8.349063, 7.228338000000178 ], [ -8.349098, 7.227954000000182 ], [ -8.349046, 7.227588 ], [ -8.348862999999881, 7.227196 ], [ -8.348523, 7.226821 ], [ -8.348227, 7.2265680000001 ], [ -8.346108, 7.225137000000188 ], [ -8.34589, 7.225084 ], [ -8.345689, 7.225136 ], [ -8.345531999999878, 7.225345000000175 ], [ -8.345427, 7.225571 ], [ -8.345373999999879, 7.225824000000159 ], [ -8.345302, 7.227671 ], [ -8.345074999999895, 7.227959 ], [ -8.344927, 7.228011 ], [ -8.342371, 7.227572 ], [ -8.342231, 7.227537000000154 ], [ -8.342091, 7.227467 ], [ -8.340451999999857, 7.226533 ], [ -8.34019, 7.226263 ], [ -8.339842, 7.225522 ], [ -8.339702999999872, 7.225173000000154 ], [ -8.339607, 7.22489400000012 ], [ -8.339555, 7.224615000000142 ], [ -8.339521, 7.224162000000149 ], [ -8.339687, 7.223387000000173 ], [ -8.340081999999882, 7.221584000000178 ], [ -8.340319, 7.219806000000176 ], [ -8.340276, 7.21944 ], [ -8.340171, 7.219257 ], [ -8.338409999999897, 7.217687000000126 ], [ -8.338219, 7.217608 ], [ -8.337774, 7.217529 ], [ -8.337442, 7.217485000000124 ], [ -8.337249999999869, 7.217328000000123 ], [ -8.335978, 7.216089 ], [ -8.335847, 7.215872000000104 ], [ -8.335508, 7.21493 ], [ -8.334821, 7.21269 ], [ -8.334856, 7.21249 ], [ -8.334934, 7.212298000000146 ], [ -8.335092, 7.212133000000165 ], [ -8.335291999999868, 7.212037 ], [ -8.335579999999879, 7.211994 ], [ -8.336277999999822, 7.211977 ], [ -8.336514, 7.212021000000107 ], [ -8.336723, 7.212073 ], [ -8.336814, 7.209137 ], [ -8.33628019199989, 7.208438867000098 ], [ -8.334147, 7.205649000000108 ], [ -8.331906999999831, 7.203503 ], [ -8.331445, 7.203171000000111 ], [ -8.330398, 7.203292000000147 ], [ -8.33011, 7.203379 ], [ -8.328512, 7.204344000000162 ], [ -8.328145, 7.204779 ], [ -8.325692, 7.206223 ], [ -8.32087799999988, 7.203926 ], [ -8.318593, 7.202372 ], [ -8.318455, 7.201048000000128 ], [ -8.318289999999877, 7.200804000000176 ], [ -8.31531, 7.197114 ], [ -8.313539999999875, 7.195108000000175 ], [ -8.312276, 7.194140000000175 ], [ -8.31204, 7.194758000000149 ], [ -8.312354, 7.194976 ], [ -8.312485, 7.195307 ], [ -8.31251, 7.195612 ], [ -8.312378999999851, 7.195734 ], [ -8.311217999999883, 7.196456000000126 ], [ -8.311052, 7.196543 ], [ -8.310895, 7.196525000000179 ], [ -8.308401, 7.195773 ], [ -8.308129999999892, 7.195607 ], [ -8.306709, 7.194473000000187 ], [ -8.3065, 7.194211 ], [ -8.306405, 7.193967 ], [ -8.306378999999879, 7.19361 ], [ -8.306431, 7.193462 ], [ -8.306606, 7.193366 ], [ -8.306772, 7.19330500000018 ], [ -8.306937, 7.193323 ], [ -8.307173, 7.193428 ], [ -8.307487, 7.193428 ], [ -8.307722999999896, 7.193307000000175 ], [ -8.307906, 7.193071 ], [ -8.307958999999869, 7.192906 ], [ -8.307968, 7.192540000000122 ], [ -8.30742, 7.191319 ], [ -8.307324, 7.191206 ], [ -8.307071, 7.191145000000176 ], [ -8.301879999999869, 7.190572 ], [ -8.3014, 7.190580000000125 ], [ -8.297448, 7.190001 ], [ -8.297152, 7.189861000000178 ], [ -8.296864, 7.189721000000134 ], [ -8.296698, 7.189521 ], [ -8.294199, 7.185396 ], [ -8.294146999999896, 7.185143 ], [ -8.294260999999892, 7.184934000000169 ], [ -8.294392, 7.184804 ], [ -8.294644999999889, 7.184778 ], [ -8.295168, 7.184692 ], [ -8.295526, 7.184465000000102 ], [ -8.295788, 7.184178000000145 ], [ -8.295919, 7.183926 ], [ -8.295946, 7.183595 ], [ -8.295884999999885, 7.183333 ], [ -8.295718999999849, 7.183202 ], [ -8.293784, 7.181806000000165 ], [ -8.292850999999871, 7.181665 ], [ -8.291376, 7.181585 ], [ -8.29121, 7.181672000000106 ], [ -8.290966, 7.181802 ], [ -8.290896, 7.181889000000126 ], [ -8.29075499999982, 7.182795000000112 ], [ -8.290763999999854, 7.183022 ], [ -8.291042, 7.183798000000138 ], [ -8.291103, 7.184321 ], [ -8.291163, 7.184861000000183 ], [ -8.291058, 7.185349 ], [ -8.290847999999869, 7.185654 ], [ -8.290228, 7.186149000000171 ], [ -8.288718, 7.187167 ], [ -8.288385999999832, 7.187376 ], [ -8.28815, 7.187489 ], [ -8.287941, 7.187497000000121 ], [ -8.287774999999897, 7.187349000000154 ], [ -8.284193, 7.183694 ], [ -8.283735, 7.180068 ], [ -8.283564999999896, 7.176147000000185 ], [ -8.284661, 7.171191000000135 ], [ -8.284906, 7.170520000000181 ], [ -8.285054999999886, 7.17005 ], [ -8.285142999999891, 7.169597 ], [ -8.285239, 7.169065 ], [ -8.285266, 7.168621 ], [ -8.285249, 7.168237000000147 ], [ -8.285197, 7.168028 ], [ -8.285092, 7.167958000000112 ], [ -8.284935, 7.167932000000121 ], [ -8.282956, 7.167128 ], [ -8.280473, 7.163936 ], [ -8.280238, 7.1635 ], [ -8.280106999999873, 7.163038 ], [ -8.28016, 7.155475 ], [ -8.280212, 7.15525700000012 ], [ -8.280317, 7.155092 ], [ -8.282640999999842, 7.152254 ], [ -8.282929, 7.152028000000143 ], [ -8.283828, 7.151733 ], [ -8.284413, 7.151725000000113 ], [ -8.284875, 7.151656 ], [ -8.285511999999869, 7.151491000000135 ], [ -8.28608, 7.151152000000138 ], [ -8.294837, 7.145167000000185 ], [ -8.295255999999824, 7.144854 ], [ -8.296609, 7.143732000000114 ], [ -8.300916, 7.138544 ], [ -8.301399, 7.135564 ], [ -8.301041, 7.135538000000167 ], [ -8.298180999999886, 7.134628 ], [ -8.297770999999898, 7.134497000000181 ], [ -8.297666, 7.134262 ], [ -8.297571, 7.133991 ], [ -8.296163561999947, 7.127258599000186 ], [ -8.295904, 7.126017 ], [ -8.295766, 7.125345 ], [ -8.295705, 7.124718 ], [ -8.295636999999886, 7.122897 ], [ -8.295786, 7.122357 ], [ -8.29801, 7.115345 ], [ -8.299951, 7.110668000000146 ], [ -8.300904, 7.109545000000139 ], [ -8.301122, 7.109328000000119 ], [ -8.301383999999871, 7.109206000000142 ], [ -8.304127999999878, 7.104243 ], [ -8.304644, 7.102928000000134 ], [ -8.30517, 7.100811 ], [ -8.305275, 7.100323 ], [ -8.305127, 7.100009000000171 ], [ -8.304420999999877, 7.099294000000157 ], [ -8.303907, 7.099006000000145 ], [ -8.303523, 7.098814 ], [ -8.303218, 7.098578 ], [ -8.302809, 7.097724000000142 ], [ -8.302322, 7.096433 ], [ -8.30207, 7.095631000000139 ], [ -8.302114, 7.095213 ], [ -8.302219, 7.095004000000131 ], [ -8.302376, 7.094821 ], [ -8.302593999999885, 7.094630000000109 ], [ -8.304648, 7.091652 ], [ -8.306614, 7.088544000000127 ], [ -8.304488, 7.077293 ], [ -8.304435999999896, 7.07704 ], [ -8.303731, 7.075863 ], [ -8.303469999999891, 7.075566000000151 ], [ -8.303077, 7.075269 ], [ -8.30279, 7.075121 ], [ -8.301760999999885, 7.074815000000171 ], [ -8.301238, 7.074614 ], [ -8.299354, 7.073827000000108 ], [ -8.299057999999889, 7.073557000000164 ], [ -8.298875, 7.073112000000151 ], [ -8.298762999999894, 7.07265 ], [ -8.298798, 7.072319 ], [ -8.298938, 7.072032 ], [ -8.29917399999988, 7.071684000000118 ], [ -8.302091999999845, 7.066476000000137 ], [ -8.302296, 7.064054000000112 ], [ -8.301956, 7.06401 ], [ -8.299167, 7.061846 ], [ -8.296627, 7.055169 ], [ -8.296426999999881, 7.054611 ], [ -8.295444, 7.051726 ], [ -8.29461, 7.049111 ], [ -8.292117, 7.039314 ], [ -8.292091, 7.038861 ], [ -8.292127, 7.038347000000101 ], [ -8.292171, 7.038024 ], [ -8.292423999999869, 7.037659 ], [ -8.292712, 7.037467000000106 ], [ -8.292983, 7.037224 ], [ -8.293114, 7.03698 ], [ -8.293096999999875, 7.036657000000105 ], [ -8.292985, 7.035568 ], [ -8.292767, 7.034740000000113 ], [ -8.292601999999874, 7.034522 ], [ -8.289622, 7.032009 ], [ -8.289386, 7.031852 ], [ -8.290095999999892, 7.029343 ], [ -8.290706, 7.029048 ], [ -8.291422, 7.028674 ], [ -8.292626999999811, 7.027577 ], [ -8.292915, 7.02729 ], [ -8.293141999999875, 7.026977000000102 ], [ -8.293588, 7.025766 ], [ -8.293640999999866, 7.025104 ], [ -8.293581, 7.024712000000136 ], [ -8.293191, 7.022472 ], [ -8.293025, 7.022228 ], [ -8.28975, 7.018721 ], [ -8.289375, 7.018459000000178 ], [ -8.288991, 7.018224 ], [ -8.288519999999892, 7.018023 ], [ -8.287683, 7.018109 ], [ -8.287186, 7.01823 ], [ -8.286741, 7.018465000000162 ], [ -8.286434999999869, 7.018831 ], [ -8.286295, 7.019231000000104 ], [ -8.286067999999887, 7.019492 ], [ -8.285745, 7.019710000000146 ], [ -8.285544, 7.01984 ], [ -8.285274, 7.019831 ], [ -8.280618, 7.018780000000106 ], [ -8.279711, 7.018413000000123 ], [ -8.279152999999894, 7.01804600000014 ], [ -8.278761, 7.017724000000101 ], [ -8.278448, 7.017122 ], [ -8.278395999999873, 7.016512 ], [ -8.278466, 7.016146000000106 ], [ -8.278615, 7.015850000000171 ], [ -8.278956, 7.015354000000116 ], [ -8.279313999999886, 7.015075000000138 ], [ -8.279916, 7.014815000000112 ], [ -8.280394999999885, 7.014719000000184 ], [ -8.281651999999895, 7.014599 ], [ -8.282096, 7.014443 ], [ -8.28248, 7.014225000000181 ], [ -8.282803999999828, 7.013102000000174 ], [ -8.282953, 7.012466000000131 ], [ -8.282892999999888, 7.012169 ], [ -8.282717999999818, 7.011925000000133 ], [ -8.281377, 7.010233 ], [ -8.28122, 7.010041 ], [ -8.281003, 7.009867 ], [ -8.280793, 7.009745 ], [ -8.279650999999888, 7.009464 ], [ -8.279144999999858, 7.009351 ], [ -8.278631, 7.009184000000175 ], [ -8.278186999999889, 7.008949 ], [ -8.277585, 7.008477 ], [ -8.27710599999989, 7.007936 ], [ -8.276009, 7.006567000000189 ], [ -8.275729999999896, 7.006157 ], [ -8.275391, 7.005573 ], [ -8.275121, 7.004710000000159 ], [ -8.27506099999988, 7.004370000000108 ], [ -8.275157, 7.004013 ], [ -8.275348999999835, 7.003787 ], [ -8.27802899999989, 7.001472000000149 ], [ -8.278623, 7.001055 ], [ -8.278989, 7.000837000000161 ], [ -8.279417, 7.000698 ], [ -8.279923, 7.000603000000183 ], [ -8.28062, 7.000578 ], [ -8.281048, 7.000613000000101 ], [ -8.281283, 7.000683 ], [ -8.281701, 7.000928 ], [ -8.282451, 7.001425000000154 ], [ -8.282861, 7.001469 ], [ -8.283566999999891, 7.001522 ], [ -8.285451, 7.001542 ], [ -8.285851999999863, 7.001464000000169 ], [ -8.286149, 7.001212000000123 ], [ -8.286306, 7.000924000000111 ], [ -8.287565, 6.996567 ], [ -8.287633, 6.99625 ], [ -8.287619, 6.995865 ], [ -8.287591, 6.995562000000177 ], [ -8.287425999999869, 6.995328 ], [ -8.28675, 6.994543 ], [ -8.285908, 6.993524 ], [ -8.284831, 6.992202 ], [ -8.284389, 6.991623 ], [ -8.284085, 6.991141000000141 ], [ -8.283961, 6.990770000000168 ], [ -8.283919, 6.990467000000137 ], [ -8.283905, 6.990163 ], [ -8.284194, 6.989034 ], [ -8.284538, 6.987835000000132 ], [ -8.284758, 6.987381 ], [ -8.284937, 6.987257000000113 ], [ -8.28513, 6.987271 ], [ -8.285474999999849, 6.987518 ], [ -8.285654, 6.987918 ], [ -8.286109999999894, 6.988840000000152 ], [ -8.286414, 6.98935 ], [ -8.28660699999989, 6.989612 ], [ -8.2868, 6.989777 ], [ -8.287118, 6.989859 ], [ -8.288207, 6.9896940000001 ], [ -8.289999, 6.989404 ], [ -8.290687999999875, 6.989266 ], [ -8.291142999999863, 6.989114 ], [ -8.29151499999989, 6.988811 ], [ -8.293361, 6.98728100000011 ], [ -8.293677999999886, 6.986951 ], [ -8.293966999999839, 6.986317000000156 ], [ -8.294325, 6.985697000000187 ], [ -8.294586, 6.985339 ], [ -8.296157, 6.983616 ], [ -8.296472999999878, 6.983327 ], [ -8.296844999999848, 6.983051000000103 ], [ -8.297506999999882, 6.982734000000164 ], [ -8.297892999999874, 6.982665000000111 ], [ -8.298196, 6.982638 ], [ -8.298582, 6.982734000000164 ], [ -8.299106, 6.982885 ], [ -8.30003, 6.982940000000156 ], [ -8.300706, 6.982926 ], [ -8.301312, 6.982719000000145 ], [ -8.301753, 6.982499 ], [ -8.30205599999988, 6.982237 ], [ -8.302208, 6.981920000000116 ], [ -8.302276, 6.981589 ], [ -8.30255099999988, 6.98022600000013 ], [ -8.302674, 6.979261 ], [ -8.302768999999898, 6.978146000000152 ], [ -8.302824, 6.977553000000114 ], [ -8.302906, 6.977071 ], [ -8.30303, 6.976727000000153 ], [ -8.303195, 6.976493000000175 ], [ -8.303443, 6.976258 ], [ -8.306819, 6.974095000000148 ], [ -8.307026, 6.974067000000161 ], [ -8.311258999999893, 6.974520000000155 ], [ -8.320688, 6.97307 ], [ -8.321542999999849, 6.972932 ], [ -8.325926, 6.972007 ], [ -8.326353, 6.971704 ], [ -8.326739, 6.971276000000159 ], [ -8.326945, 6.970767000000137 ], [ -8.326999999999884, 6.970285 ], [ -8.326944, 6.969761 ], [ -8.326764, 6.968701 ], [ -8.32657, 6.968026000000179 ], [ -8.326210999999887, 6.967034000000183 ], [ -8.325299, 6.964693000000125 ], [ -8.32491199999987, 6.964060000000131 ], [ -8.324442, 6.963371000000166 ], [ -8.323904, 6.962614 ], [ -8.321532, 6.94811 ], [ -8.320018, 6.935824000000139 ], [ -8.3191, 6.928235 ], [ -8.318989, 6.927712 ], [ -8.318576423999957, 6.926401972 ], [ -8.318463999999892, 6.926045000000158 ], [ -8.317633323999928, 6.924866724000026 ], [ -8.3166, 6.923401 ], [ -8.315177999999889, 6.921446000000117 ], [ -8.311728, 6.91693 ], [ -8.311038, 6.916145 ], [ -8.310334, 6.91541500000011 ], [ -8.309741, 6.914961000000176 ], [ -8.30912, 6.91471300000012 ], [ -8.30878899999982, 6.914548000000138 ], [ -8.308471999999881, 6.914135 ], [ -8.308237, 6.913625000000138 ], [ -8.307947, 6.912868 ], [ -8.307905, 6.912289000000101 ], [ -8.308137999999872, 6.911724 ], [ -8.310834999999884, 6.906572 ], [ -8.312322, 6.904298 ], [ -8.312666, 6.903926000000183 ], [ -8.313107, 6.903747000000124 ], [ -8.313713999999891, 6.903609 ], [ -8.314416999999878, 6.903678000000127 ], [ -8.315065, 6.903801000000158 ], [ -8.317877999999894, 6.904585 ], [ -8.319657, 6.905122 ], [ -8.320124999999848, 6.90509400000019 ], [ -8.326837999999896, 6.90432 ], [ -8.327555, 6.904237 ], [ -8.328161, 6.903892 ], [ -8.328395, 6.903506000000107 ], [ -8.328421999999875, 6.902983000000177 ], [ -8.328297, 6.902625 ], [ -8.328049, 6.902308 ], [ -8.327663, 6.902102 ], [ -8.327111, 6.901826 ], [ -8.326587, 6.901634000000115 ], [ -8.326366, 6.9014 ], [ -8.326187, 6.901014000000146 ], [ -8.325508999999897, 6.898590000000127 ], [ -8.325245999999879, 6.897612 ], [ -8.325162, 6.896827 ], [ -8.325231, 6.896180000000186 ], [ -8.325450999999873, 6.895725 ], [ -8.326414999999884, 6.894664 ], [ -8.326676, 6.894499 ], [ -8.330066, 6.892927000000157 ], [ -8.33285, 6.891934 ], [ -8.333414999999889, 6.891727000000174 ], [ -8.334062, 6.891396000000157 ], [ -8.334503, 6.890955 ], [ -8.336442, 6.88657400000011 ], [ -8.336538, 6.886009000000115 ], [ -8.33651, 6.885610000000156 ], [ -8.336371999999869, 6.885183000000154 ], [ -8.33553, 6.884012 ], [ -8.331429, 6.877334000000133 ], [ -8.330157999999869, 6.87458 ], [ -8.329699999999832, 6.871839 ], [ -8.329686, 6.871577 ], [ -8.329548, 6.871233000000188 ], [ -8.326869999999872, 6.86722600000013 ], [ -8.32647, 6.866881 ], [ -8.32607, 6.866592 ], [ -8.325435, 6.86630300000013 ], [ -8.324745999999834, 6.865987000000132 ], [ -8.324056, 6.865546 ], [ -8.323642, 6.865243 ], [ -8.32327, 6.864872 ], [ -8.322814, 6.864183 ], [ -8.322234, 6.862792 ], [ -8.321998999999892, 6.862007000000119 ], [ -8.321639, 6.860905 ], [ -8.321308, 6.860079000000155 ], [ -8.320878999999877, 6.859198 ], [ -8.320396, 6.85833 ], [ -8.319941, 6.857669 ], [ -8.319568, 6.857284000000163 ], [ -8.319058, 6.857036 ], [ -8.318671999999879, 6.856981000000133 ], [ -8.318327, 6.856981000000133 ], [ -8.318065, 6.85716 ], [ -8.317804, 6.857464000000107 ], [ -8.317419, 6.858511 ], [ -8.317117, 6.859985000000165 ], [ -8.316801999999882, 6.862023 ], [ -8.316542, 6.863539 ], [ -8.3158, 6.865881 ], [ -8.31545599999987, 6.866432000000145 ], [ -8.315000999999882, 6.866776000000186 ], [ -8.314533, 6.867066 ], [ -8.31394, 6.867135 ], [ -8.313402, 6.867149000000154 ], [ -8.309762, 6.865621 ], [ -8.309403, 6.865208000000109 ], [ -8.309305999999879, 6.864644 ], [ -8.309305999999879, 6.864120000000185 ], [ -8.309484, 6.863693000000183 ], [ -8.309717999999862, 6.863280000000145 ], [ -8.30998, 6.862949 ], [ -8.310352, 6.862618 ], [ -8.310917, 6.862191000000109 ], [ -8.311260999999888, 6.861805000000118 ], [ -8.311701, 6.861309000000119 ], [ -8.312251999999887, 6.860565 ], [ -8.312789, 6.859835 ], [ -8.313078, 6.859146 ], [ -8.313036, 6.858609000000172 ], [ -8.312898, 6.858237000000145 ], [ -8.312649, 6.85792 ], [ -8.31229, 6.857617000000175 ], [ -8.311877, 6.857342000000131 ], [ -8.311256, 6.857108000000153 ], [ -8.310635999999874, 6.856792 ], [ -8.310455999999817, 6.856489000000124 ], [ -8.310304, 6.856062000000122 ], [ -8.310262, 6.855731000000105 ], [ -8.313564, 6.849173000000178 ], [ -8.313991, 6.848526000000106 ], [ -8.314389999999889, 6.847933 ], [ -8.314637999999889, 6.847589 ], [ -8.317735, 6.843359000000135 ], [ -8.318602, 6.842339 ], [ -8.31895999999989, 6.841981 ], [ -8.319346, 6.841705 ], [ -8.319938, 6.841429000000119 ], [ -8.320985, 6.841085 ], [ -8.321785, 6.840864000000124 ], [ -8.322762999999895, 6.840629 ], [ -8.324623, 6.840091 ], [ -8.328564, 6.838629 ], [ -8.329115, 6.838202000000138 ], [ -8.329404, 6.837678 ], [ -8.329623999999853, 6.837169 ], [ -8.329787999999894, 6.836563 ], [ -8.329815, 6.835998000000188 ], [ -8.32895399999984, 6.829511 ], [ -8.328816, 6.829028000000108 ], [ -8.328484, 6.828271 ], [ -8.328153, 6.82761 ], [ -8.327808, 6.827101 ], [ -8.326386999999897, 6.825779 ], [ -8.325420999999892, 6.825173000000177 ], [ -8.323917999999878, 6.824347 ], [ -8.322525, 6.82348 ], [ -8.321987, 6.823067 ], [ -8.321752999999887, 6.822737 ], [ -8.321489999999812, 6.822131000000184 ], [ -8.321378999999865, 6.821663 ], [ -8.320313, 6.816098000000181 ], [ -8.320380999999884, 6.81553300000013 ], [ -8.320518, 6.815134000000171 ], [ -8.320766, 6.814762000000144 ], [ -8.321055, 6.814486 ], [ -8.321441, 6.814293 ], [ -8.325574, 6.812404 ], [ -8.325959999999895, 6.812308 ], [ -8.326277, 6.812349000000154 ], [ -8.326594, 6.812514 ], [ -8.326966, 6.812789000000123 ], [ -8.327338999999881, 6.813134 ], [ -8.327863, 6.813795 ], [ -8.328222, 6.814511000000152 ], [ -8.328719, 6.815433 ], [ -8.329258, 6.816246000000149 ], [ -8.329615999999874, 6.81659000000019 ], [ -8.330003, 6.816796000000181 ], [ -8.33037499999989, 6.816851 ], [ -8.330704999999853, 6.816727000000185 ], [ -8.331091, 6.816465000000164 ], [ -8.331353, 6.816107 ], [ -8.331517, 6.815721 ], [ -8.332272, 6.812222 ], [ -8.332202999999879, 6.81185 ], [ -8.331994999999893, 6.811327000000119 ], [ -8.331388, 6.81028 ], [ -8.330822, 6.809275000000184 ], [ -8.32973, 6.80671400000017 ], [ -8.329494999999838, 6.805929 ], [ -8.329398, 6.805254000000161 ], [ -8.329397, 6.804661000000124 ], [ -8.329535, 6.804055 ], [ -8.329645, 6.803807000000177 ], [ -8.32981, 6.803573 ], [ -8.338432, 6.798018 ], [ -8.339161999999874, 6.797728 ], [ -8.339698999999882, 6.797563 ], [ -8.34014, 6.79750700000011 ], [ -8.340967, 6.797686000000169 ], [ -8.342056, 6.797741 ], [ -8.343007, 6.797726 ], [ -8.347623999999882, 6.797600000000159 ], [ -8.34818899999982, 6.797379000000149 ], [ -8.348602, 6.796938 ], [ -8.349138, 6.795505 ], [ -8.349275, 6.795051000000115 ], [ -8.349494999999877, 6.794266000000164 ], [ -8.349522, 6.793522 ], [ -8.349383, 6.792489 ], [ -8.349189, 6.791869 ], [ -8.348871, 6.79107 ], [ -8.34854, 6.790230000000179 ], [ -8.34773499999983, 6.785713 ], [ -8.34772, 6.783922000000132 ], [ -8.347788, 6.783095000000117 ], [ -8.347896999999818, 6.782352000000117 ], [ -8.348034999999868, 6.781828 ], [ -8.34835, 6.780685000000176 ], [ -8.348501, 6.779968 ], [ -8.348487, 6.779376 ], [ -8.348431, 6.77888 ], [ -8.345167999999887, 6.769281 ], [ -8.344698999999878, 6.768331000000103 ], [ -8.344257, 6.767546 ], [ -8.343539, 6.766417 ], [ -8.342684, 6.765481 ], [ -8.342408, 6.764971000000116 ], [ -8.34252999999984, 6.76345600000019 ], [ -8.342708, 6.762850000000128 ], [ -8.342887, 6.762285 ], [ -8.343231, 6.761858000000132 ], [ -8.34363, 6.761472 ], [ -8.343961, 6.761293 ], [ -8.346137, 6.760341 ], [ -8.348507, 6.759334 ], [ -8.348864999999876, 6.759430000000123 ], [ -8.348988999999847, 6.759857000000125 ], [ -8.349365, 6.762943000000178 ], [ -8.350841, 6.76463600000011 ], [ -8.351792, 6.764512 ], [ -8.352963, 6.764497000000176 ], [ -8.353556, 6.764607 ], [ -8.354466, 6.764855000000125 ], [ -8.355403999999851, 6.765502 ], [ -8.355983, 6.766162 ], [ -8.35652199999987, 6.766906000000176 ], [ -8.35699099999988, 6.767649000000176 ], [ -8.35735, 6.76798 ], [ -8.357667, 6.768145 ], [ -8.358535, 6.768158 ], [ -8.359059, 6.767951000000153 ], [ -8.359665, 6.767552 ], [ -8.360145999999872, 6.767014 ], [ -8.363972, 6.761929000000123 ], [ -8.364191999999889, 6.761268000000143 ], [ -8.364122, 6.760813000000155 ], [ -8.363956, 6.760331 ], [ -8.363625, 6.759987 ], [ -8.363212, 6.759781 ], [ -8.362853, 6.759685000000104 ], [ -8.362219, 6.759630000000186 ], [ -8.361461, 6.759644 ], [ -8.360937, 6.759493 ], [ -8.360662, 6.759342000000117 ], [ -8.360413, 6.758984000000169 ], [ -8.360206, 6.758474 ], [ -8.360012, 6.757882000000109 ], [ -8.359527, 6.754989 ], [ -8.35943, 6.754370000000165 ], [ -8.359524999999849, 6.753791 ], [ -8.360198, 6.751711 ], [ -8.360474, 6.751325000000122 ], [ -8.360817999999881, 6.751242000000161 ], [ -8.361383, 6.751242000000161 ], [ -8.362665, 6.751406 ], [ -8.36312, 6.751337 ], [ -8.363518999999826, 6.751172 ], [ -8.363973999999814, 6.750896000000125 ], [ -8.364304, 6.750593 ], [ -8.364469, 6.750427 ], [ -8.365072999999882, 6.749473 ], [ -8.36546, 6.748833000000161 ], [ -8.365758, 6.748148000000128 ], [ -8.366174, 6.746705000000134 ], [ -8.366368, 6.745857000000115 ], [ -8.366665, 6.745053 ], [ -8.367008, 6.744176 ], [ -8.367424, 6.743357 ], [ -8.367767, 6.742777 ], [ -8.36806399999989, 6.742450000000133 ], [ -8.368555, 6.742226 ], [ -8.369046, 6.742107 ], [ -8.369448, 6.742152000000146 ], [ -8.369760999999812, 6.742226 ], [ -8.369999, 6.742449 ], [ -8.370147999999858, 6.742762 ], [ -8.370147999999858, 6.743089 ], [ -8.370028999999874, 6.743283000000133 ], [ -8.369849999999872, 6.743417 ], [ -8.369508, 6.743476000000101 ], [ -8.369031999999891, 6.743595 ], [ -8.368541, 6.743878000000166 ], [ -8.368242999999893, 6.744161000000133 ], [ -8.36806399999989, 6.744473 ], [ -8.36799, 6.744815 ], [ -8.368005, 6.745158000000174 ], [ -8.368958, 6.748639 ], [ -8.369121, 6.749086 ], [ -8.369345, 6.749487000000101 ], [ -8.369746, 6.749725 ], [ -8.370104, 6.749755 ], [ -8.370535, 6.749666000000161 ], [ -8.374731999999881, 6.748505 ], [ -8.375089, 6.747359 ], [ -8.374642999999878, 6.747181 ], [ -8.374241, 6.746898000000101 ], [ -8.373928, 6.746481 ], [ -8.373631, 6.74605 ], [ -8.373407, 6.745514000000128 ], [ -8.373363, 6.745068 ], [ -8.373363, 6.744086000000152 ], [ -8.373496, 6.743654000000106 ], [ -8.375564999999881, 6.740247000000124 ], [ -8.377886999999873, 6.739027 ], [ -8.378497, 6.73966600000017 ], [ -8.379301, 6.740202000000124 ], [ -8.380267999999887, 6.740827000000138 ], [ -8.380804, 6.740782000000138 ], [ -8.381086, 6.740708 ], [ -8.386681999999894, 6.738044 ], [ -8.387054, 6.737791000000129 ], [ -8.387158, 6.737374 ], [ -8.387277, 6.736720000000105 ], [ -8.387619, 6.732449 ], [ -8.387588999999821, 6.731125000000134 ], [ -8.387366, 6.730664000000161 ], [ -8.387068, 6.730366 ], [ -8.386443, 6.730247000000134 ], [ -8.385863, 6.730232000000115 ], [ -8.385267999999883, 6.730292000000134 ], [ -8.384866, 6.730530000000101 ], [ -8.384270999999899, 6.731036 ], [ -8.383644999999888, 6.731661 ], [ -8.38305, 6.732078000000115 ], [ -8.38244, 6.732316 ], [ -8.381904, 6.732420000000161 ], [ -8.381339, 6.732331 ], [ -8.380624, 6.732108 ], [ -8.379925, 6.731840000000147 ], [ -8.379464, 6.731468 ], [ -8.379121, 6.731081 ], [ -8.379032, 6.730709000000161 ], [ -8.379047, 6.730159000000128 ], [ -8.379166, 6.729772 ], [ -8.380340999999817, 6.727703000000133 ], [ -8.383868, 6.722317 ], [ -8.384136, 6.721930000000157 ], [ -8.384343999999828, 6.72172200000017 ], [ -8.384730999999874, 6.721439 ], [ -8.385505, 6.720903 ], [ -8.38616, 6.72062000000011 ], [ -8.386502, 6.720516 ], [ -8.386874, 6.720591000000184 ], [ -8.387082, 6.720739 ], [ -8.387066999999888, 6.721082000000138 ], [ -8.387008, 6.721483 ], [ -8.386502, 6.722570000000132 ], [ -8.386144999999885, 6.723209000000111 ], [ -8.386085, 6.7237 ], [ -8.386026, 6.72437 ], [ -8.386099999999885, 6.724682 ], [ -8.386308999999869, 6.724965 ], [ -8.386487, 6.725129000000152 ], [ -8.390506, 6.727420000000166 ], [ -8.390863, 6.727598000000171 ], [ -8.39125, 6.727673000000152 ], [ -8.394389999999873, 6.72786600000012 ], [ -8.395253, 6.72786600000012 ], [ -8.395758999999885, 6.727806000000101 ], [ -8.396236, 6.727583000000152 ], [ -8.396578, 6.727300000000184 ], [ -8.396889999999871, 6.726928000000157 ], [ -8.396965, 6.726735000000133 ], [ -8.39695, 6.726541000000111 ], [ -8.396875, 6.726333000000125 ], [ -8.396681999999885, 6.726139 ], [ -8.395774, 6.725277000000119 ], [ -8.393899, 6.723581000000138 ], [ -8.392930999999862, 6.722747 ], [ -8.392306, 6.721899 ], [ -8.392083, 6.721260000000143 ], [ -8.391843999999878, 6.719548 ], [ -8.391785, 6.718849 ], [ -8.391799999999876, 6.717852 ], [ -8.391963, 6.717629 ], [ -8.399642, 6.713968 ], [ -8.39994, 6.713864000000115 ], [ -8.401993, 6.713402 ], [ -8.402767, 6.713342000000125 ], [ -8.403882999999894, 6.713402 ], [ -8.404507999999851, 6.713595 ], [ -8.405342, 6.713922000000139 ], [ -8.406056, 6.714518 ], [ -8.406741, 6.715098 ], [ -8.407232, 6.715380000000152 ], [ -8.407708, 6.715484 ], [ -8.408079999999813, 6.715306 ], [ -8.408393, 6.714934 ], [ -8.410833, 6.71099 ], [ -8.41113, 6.710395000000176 ], [ -8.411501999999871, 6.709383000000116 ], [ -8.411978, 6.708044000000143 ], [ -8.412081999999828, 6.707375 ], [ -8.412142, 6.706794000000116 ], [ -8.412186, 6.706095000000175 ], [ -8.412112, 6.705425000000162 ], [ -8.411963, 6.70490500000011 ], [ -8.411725, 6.704414 ], [ -8.41142699999989, 6.703878 ], [ -8.41098, 6.703372000000115 ], [ -8.41043, 6.702881000000161 ], [ -8.409567, 6.70239 ], [ -8.408897, 6.702093000000161 ], [ -8.407111, 6.699787000000129 ], [ -8.407691, 6.698939000000166 ], [ -8.408999999999878, 6.695605000000171 ], [ -8.409164, 6.69504000000012 ], [ -8.409238, 6.694296 ], [ -8.409297, 6.693537000000106 ], [ -8.409222999999884, 6.693046 ], [ -8.409119, 6.692644000000143 ], [ -8.407882999999856, 6.69035300000013 ], [ -8.407184, 6.689371 ], [ -8.406782, 6.688836 ], [ -8.406246, 6.688226000000157 ], [ -8.40577, 6.687526000000162 ], [ -8.405502, 6.68696100000011 ], [ -8.405323, 6.686321 ], [ -8.405293, 6.685324 ], [ -8.405397, 6.685116 ], [ -8.405635, 6.685012000000143 ], [ -8.406082, 6.684997000000124 ], [ -8.406975, 6.685056 ], [ -8.407509999999888, 6.68516000000011 ], [ -8.408269, 6.685309 ], [ -8.408775, 6.685488 ], [ -8.409192, 6.685800000000143 ], [ -8.40946, 6.68603800000011 ], [ -8.409639, 6.686336 ], [ -8.409639, 6.686663000000124 ], [ -8.409624, 6.68699 ], [ -8.409787999999821, 6.687288 ], [ -8.410026, 6.687481000000162 ], [ -8.410323, 6.687615 ], [ -8.41074, 6.687555 ], [ -8.411097, 6.687347000000102 ], [ -8.415218, 6.682808 ], [ -8.415723999999898, 6.682168 ], [ -8.416631999999879, 6.680665 ], [ -8.41748, 6.678895000000125 ], [ -8.418283, 6.677183 ], [ -8.418982, 6.67568 ], [ -8.419294999999863, 6.675174 ], [ -8.419799999999896, 6.67472800000013 ], [ -8.42049999999989, 6.674281 ], [ -8.422627999999861, 6.673180000000116 ], [ -8.423595, 6.672897000000148 ], [ -8.42419, 6.672778 ], [ -8.424665999999888, 6.672823 ], [ -8.424949, 6.673090000000116 ], [ -8.425321, 6.673507 ], [ -8.425559, 6.674057 ], [ -8.425723, 6.674697 ], [ -8.425976, 6.675411000000167 ], [ -8.426259, 6.676125 ], [ -8.426676, 6.676825 ], [ -8.427018, 6.67718200000013 ], [ -8.427538999999854, 6.677390000000116 ], [ -8.42803, 6.677524000000176 ], [ -8.428863, 6.677524000000176 ], [ -8.42989, 6.677196 ], [ -8.431363, 6.676556 ], [ -8.431704999999852, 6.67611 ], [ -8.431973, 6.675589000000116 ], [ -8.432046999999898, 6.675261 ], [ -8.432062, 6.674607 ], [ -8.432002999999895, 6.674086000000102 ], [ -8.432209999999884, 6.668223000000125 ], [ -8.432849, 6.665768 ], [ -8.432976201999963, 6.665335756000161 ], [ -8.433785999999884, 6.662584 ], [ -8.436642, 6.659265 ], [ -8.437089, 6.658804 ], [ -8.437565, 6.65864 ], [ -8.437906999999882, 6.65858 ], [ -8.438085999999885, 6.65864 ], [ -8.438279, 6.658759 ], [ -8.438339, 6.658952 ], [ -8.438383, 6.659518 ], [ -8.438607, 6.660961 ], [ -8.438905, 6.662568000000135 ], [ -8.439069, 6.663222 ], [ -8.439471, 6.664279000000136 ], [ -8.439977, 6.66484400000013 ], [ -8.440394, 6.665261 ], [ -8.441227, 6.665841 ], [ -8.443028, 6.666778000000136 ], [ -8.443978627999911, 6.667157825 ], [ -8.443981122999958, 6.667158822000033 ], [ -8.444366999999886, 6.667313000000149 ], [ -8.444918, 6.667328000000168 ], [ -8.445602, 6.667164 ], [ -8.445988999999884, 6.666926000000103 ], [ -8.453234999999893, 6.662282 ], [ -8.453666, 6.66191 ], [ -8.453949, 6.661508 ], [ -8.455107999999882, 6.654380000000174 ], [ -8.455256, 6.653339000000187 ], [ -8.455240999999887, 6.652372 ], [ -8.455211, 6.651672 ], [ -8.455151999999885, 6.650854 ], [ -8.454958, 6.650318000000141 ], [ -8.454675, 6.649842 ], [ -8.454199, 6.649441 ], [ -8.452978, 6.648533 ], [ -8.452145, 6.64767 ], [ -8.451803, 6.64703100000014 ], [ -8.451728, 6.646302 ], [ -8.451652999999851, 6.644784 ], [ -8.451757, 6.643980000000113 ], [ -8.451905999999894, 6.643236 ], [ -8.452263, 6.642477 ], [ -8.452664, 6.641793000000177 ], [ -8.453155, 6.641391000000112 ], [ -8.453660999999897, 6.641108 ], [ -8.459181, 6.638369 ], [ -8.459627, 6.638205000000141 ], [ -8.460445999999877, 6.638041 ], [ -8.461203999999896, 6.638026 ], [ -8.461695, 6.638101 ], [ -8.46235, 6.638249 ], [ -8.463035, 6.638502000000187 ], [ -8.463719, 6.63877 ], [ -8.464166, 6.639067 ], [ -8.464984, 6.639781000000141 ], [ -8.465714, 6.640376000000174 ], [ -8.46613, 6.640673 ], [ -8.466592, 6.640807000000109 ], [ -8.466889, 6.64053900000016 ], [ -8.467261, 6.640123000000187 ], [ -8.467483999999899, 6.639438 ], [ -8.467557999999826, 6.638739000000101 ], [ -8.467528, 6.638114 ], [ -8.467274999999859, 6.637400000000127 ], [ -8.466976999999872, 6.636700000000133 ], [ -8.46665, 6.63609 ], [ -8.467259, 6.633948000000146 ], [ -8.470548, 6.633515 ], [ -8.471083, 6.63347 ], [ -8.471558999999843, 6.633515 ], [ -8.471917, 6.633619000000124 ], [ -8.47208, 6.633857 ], [ -8.472095, 6.634229000000119 ], [ -8.47217, 6.635092000000157 ], [ -8.472245, 6.63567200000017 ], [ -8.472556999999881, 6.636654 ], [ -8.47287, 6.637205000000165 ], [ -8.473197, 6.6376360000001 ], [ -8.473524999999881, 6.638023 ], [ -8.474015999999835, 6.638439000000119 ], [ -8.474448, 6.638588 ], [ -8.474998, 6.638632 ], [ -8.475489, 6.638632 ], [ -8.475995, 6.638454000000138 ], [ -8.477526999999895, 6.637605 ], [ -8.478048, 6.637188 ], [ -8.478389999999877, 6.636727 ], [ -8.478717, 6.63628 ], [ -8.478911, 6.635760000000175 ], [ -8.481945, 6.631786000000147 ], [ -8.48352199999988, 6.632514000000185 ], [ -8.484252, 6.632782000000134 ], [ -8.48507, 6.633005000000139 ], [ -8.485829, 6.633109 ], [ -8.486602999999889, 6.633138 ], [ -8.487079, 6.63290000000012 ], [ -8.487509999999872, 6.632573 ], [ -8.487926999999843, 6.632156 ], [ -8.48873, 6.63098 ], [ -8.489101999999889, 6.630385 ], [ -8.4905, 6.628093000000149 ], [ -8.490930999999875, 6.627364 ], [ -8.491228, 6.626649 ], [ -8.491377, 6.626054000000181 ], [ -8.491392, 6.625429000000167 ], [ -8.491301999999848, 6.624849 ], [ -8.491064, 6.624254000000121 ], [ -8.490720999999894, 6.623644 ], [ -8.490348999999867, 6.623049 ], [ -8.489724, 6.622394 ], [ -8.488638, 6.621666 ], [ -8.486212, 6.619806000000153 ], [ -8.486002999999812, 6.619464 ], [ -8.485869, 6.619033000000115 ], [ -8.485719999999844, 6.618363000000102 ], [ -8.485854, 6.617902000000129 ], [ -8.487966, 6.614167 ], [ -8.488352, 6.613824 ], [ -8.488754, 6.61366 ], [ -8.49533, 6.612111 ], [ -8.495806, 6.612021 ], [ -8.496297, 6.612036000000103 ], [ -8.496729, 6.612185000000181 ], [ -8.49719, 6.612542 ], [ -8.497488, 6.612899 ], [ -8.497607, 6.613479 ], [ -8.497591999999884, 6.613925 ], [ -8.497399, 6.614342000000136 ], [ -8.496938, 6.61461 ], [ -8.496298, 6.614729000000182 ], [ -8.495807, 6.614804000000163 ], [ -8.495435, 6.614923 ], [ -8.495048999999881, 6.61528 ], [ -8.494706, 6.615637000000163 ], [ -8.494602, 6.616173000000117 ], [ -8.494632, 6.616709 ], [ -8.494915, 6.617289 ], [ -8.495763999999895, 6.618375 ], [ -8.496285, 6.618895 ], [ -8.496955, 6.619505000000117 ], [ -8.497565, 6.620026 ], [ -8.49883, 6.620903000000112 ], [ -8.499276, 6.621082 ], [ -8.504535, 6.620172 ], [ -8.504821, 6.620095 ], [ -8.507039, 6.618765000000167 ], [ -8.508411, 6.617788000000132 ], [ -8.508894, 6.617305000000158 ], [ -8.509365, 6.616734000000122 ], [ -8.509617, 6.61605400000019 ], [ -8.509683, 6.615297000000112 ], [ -8.509704, 6.614563 ], [ -8.509592999999882, 6.613675000000171 ], [ -8.509362, 6.612820000000113 ], [ -8.509109, 6.612053 ], [ -8.508603, 6.611209 ], [ -8.508284, 6.610541 ], [ -8.507557, 6.608316000000173 ], [ -8.507335999999839, 6.607329 ], [ -8.507237, 6.606792 ], [ -8.507269, 6.606233 ], [ -8.507301999999868, 6.605739 ], [ -8.50751, 6.605070000000183 ], [ -8.510941, 6.597106 ], [ -8.511226, 6.59665600000011 ], [ -8.511413, 6.59644800000018 ], [ -8.511643, 6.59640300000018 ], [ -8.511928999999895, 6.596425 ], [ -8.512116, 6.596491000000185 ], [ -8.512324, 6.596633 ], [ -8.512819, 6.597104 ], [ -8.513292, 6.597432 ], [ -8.514852, 6.598483000000158 ], [ -8.516918999999859, 6.599807 ], [ -8.518170999999882, 6.600397 ], [ -8.518567, 6.600517 ], [ -8.519039, 6.600550000000112 ], [ -8.519434, 6.600461 ], [ -8.520533, 6.600131 ], [ -8.521598, 6.59968 ], [ -8.522223, 6.599405 ], [ -8.522849, 6.599021 ], [ -8.523607, 6.598417 ], [ -8.524342, 6.597747 ], [ -8.524869, 6.597209 ], [ -8.525396, 6.59683600000011 ], [ -8.52589, 6.596681 ], [ -8.526241, 6.596692 ], [ -8.526406, 6.596779 ], [ -8.526516, 6.596911 ], [ -8.526746999999887, 6.597415 ], [ -8.52689, 6.597864 ], [ -8.526923999999894, 6.598314000000187 ], [ -8.526847, 6.598895000000141 ], [ -8.526476, 6.600902 ], [ -8.52595, 6.602811000000145 ], [ -8.525435, 6.604412 ], [ -8.525172999999882, 6.605476000000181 ], [ -8.525151, 6.606123 ], [ -8.525185, 6.606583000000114 ], [ -8.525295, 6.606901000000107 ], [ -8.529804, 6.612882000000127 ], [ -8.530277, 6.613298 ], [ -8.531035, 6.613703 ], [ -8.531474, 6.613888 ], [ -8.531925, 6.61391 ], [ -8.53243, 6.613854 ], [ -8.533133, 6.613733 ], [ -8.533506, 6.61364500000019 ], [ -8.534076999999854, 6.613414 ], [ -8.538645, 6.611259000000132 ], [ -8.539324999999849, 6.610830000000135 ], [ -8.540323999999885, 6.610028 ], [ -8.540478, 6.609655 ], [ -8.540531999999871, 6.609305 ], [ -8.540542, 6.608131000000128 ], [ -8.540399, 6.607846000000166 ], [ -8.540212, 6.60754 ], [ -8.539981, 6.607321 ], [ -8.538608, 6.606862 ], [ -8.538079999999866, 6.606742000000111 ], [ -8.537685, 6.606589 ], [ -8.537211999999897, 6.606381000000113 ], [ -8.536707, 6.606075 ], [ -8.536321999999871, 6.605769 ], [ -8.536025, 6.605374 ], [ -8.535232, 6.603654 ], [ -8.535056, 6.603084000000138 ], [ -8.534681, 6.601462 ], [ -8.53457, 6.600113 ], [ -8.534602, 6.598655000000178 ], [ -8.534905, 6.594269000000168 ], [ -8.535342, 6.591374 ], [ -8.535473, 6.590551 ], [ -8.535582, 6.589718 ], [ -8.535559, 6.588325 ], [ -8.535502999999892, 6.587448000000165 ], [ -8.535205, 6.585727 ], [ -8.534897, 6.584927000000107 ], [ -8.534576999999899, 6.584324 ], [ -8.534105, 6.583766000000139 ], [ -8.533467, 6.583175 ], [ -8.531378, 6.581248000000187 ], [ -8.53118, 6.580623000000116 ], [ -8.530782999999872, 6.578474000000142 ], [ -8.530781999999874, 6.577663 ], [ -8.530836, 6.577115000000163 ], [ -8.530979, 6.576775 ], [ -8.533325999999875, 6.573482000000126 ], [ -8.533535, 6.573208 ], [ -8.533886, 6.57309800000013 ], [ -8.534259, 6.57302 ], [ -8.534556, 6.572878 ], [ -8.535697, 6.572229000000164 ], [ -8.536609, 6.57168 ], [ -8.53757499999989, 6.571043 ], [ -8.537937, 6.57077900000013 ], [ -8.538485, 6.570153000000175 ], [ -8.53888, 6.569605000000138 ], [ -8.538979, 6.569264 ], [ -8.539022, 6.568848 ], [ -8.539087, 6.567729000000156 ], [ -8.539065, 6.567137 ], [ -8.538943, 6.566491 ], [ -8.538767, 6.56569 ], [ -8.53881, 6.565197000000126 ], [ -8.538908999999876, 6.564901000000134 ], [ -8.541058, 6.561718 ], [ -8.541749, 6.560763 ], [ -8.541990999999882, 6.560500000000161 ], [ -8.542242999999871, 6.560401000000127 ], [ -8.542528999999888, 6.56039 ], [ -8.544692999999882, 6.560617 ], [ -8.54533, 6.560781000000134 ], [ -8.545934, 6.56094400000012 ], [ -8.546484, 6.561141 ], [ -8.54711, 6.561513000000105 ], [ -8.547879, 6.56217 ], [ -8.548078, 6.562762 ], [ -8.548265, 6.563408 ], [ -8.548486, 6.56423 ], [ -8.548871, 6.565578000000187 ], [ -8.549323, 6.566904000000136 ], [ -8.549642, 6.567156000000182 ], [ -8.550113999999894, 6.567485 ], [ -8.550674, 6.567659 ], [ -8.551157999999873, 6.567648 ], [ -8.551729, 6.567548000000102 ], [ -8.552365999999893, 6.567427 ], [ -8.554924, 6.566941000000156 ], [ -8.555759, 6.566896000000156 ], [ -8.556594, 6.566972 ], [ -8.557517, 6.567376 ], [ -8.559076999999888, 6.568262 ], [ -8.563835, 6.569999 ], [ -8.56765, 6.56321800000012 ], [ -8.569721, 6.558303 ], [ -8.569852, 6.55761200000012 ], [ -8.56972, 6.557184 ], [ -8.569214, 6.556286000000171 ], [ -8.568302, 6.555575000000147 ], [ -8.567356, 6.554896 ], [ -8.566796, 6.55482 ], [ -8.565961, 6.554744000000142 ], [ -8.564841, 6.554702 ], [ -8.564138, 6.554813000000138 ], [ -8.563578, 6.554978000000119 ], [ -8.562996, 6.555209 ], [ -8.562436999999875, 6.555528000000152 ], [ -8.561679, 6.556099000000131 ], [ -8.56112, 6.556560000000104 ], [ -8.560615, 6.556703 ], [ -8.560241, 6.556748 ], [ -8.559702999999899, 6.556595000000129 ], [ -8.558395, 6.555566000000113 ], [ -8.556942999999876, 6.553013 ], [ -8.556756, 6.552619000000163 ], [ -8.556744, 6.552224 ], [ -8.556832, 6.551895000000115 ], [ -8.556974, 6.551555 ], [ -8.558213, 6.54934900000012 ], [ -8.558870999999897, 6.548417000000143 ], [ -8.55908, 6.548252000000161 ], [ -8.559376, 6.548229 ], [ -8.561002, 6.548183000000108 ], [ -8.56160599999987, 6.548073000000102 ], [ -8.562856999999894, 6.547611 ], [ -8.563317999999867, 6.547347 ], [ -8.56368, 6.54712700000016 ], [ -8.563899999999876, 6.54693 ], [ -8.565106999999898, 6.545711 ], [ -8.568857999999864, 6.540794000000176 ], [ -8.568977999999845, 6.540486000000101 ], [ -8.569260999999813, 6.537482 ], [ -8.569294, 6.537065 ], [ -8.570418, 6.530244000000152 ], [ -8.571653, 6.524135 ], [ -8.571795, 6.523784 ], [ -8.57208, 6.523575000000108 ], [ -8.5732, 6.522817 ], [ -8.574055999999871, 6.52237700000012 ], [ -8.574364, 6.522344 ], [ -8.576384, 6.522209 ], [ -8.582074, 6.522783000000118 ], [ -8.582744, 6.522858 ], [ -8.582984999999894, 6.523077000000114 ], [ -8.583249, 6.523406 ], [ -8.58336, 6.523790000000133 ], [ -8.583405, 6.524853000000178 ], [ -8.583471, 6.525313 ], [ -8.583625, 6.52584000000013 ], [ -8.583779, 6.526201000000128 ], [ -8.584088, 6.526848 ], [ -8.584494, 6.527264000000173 ], [ -8.585143, 6.527767 ], [ -8.585648, 6.528139 ], [ -8.586615, 6.528533 ], [ -8.587242, 6.528707000000168 ], [ -8.589834, 6.52878 ], [ -8.59039399999989, 6.528768 ], [ -8.590866, 6.528713000000153 ], [ -8.59201899999988, 6.52833900000013 ], [ -8.59613499999989, 6.526304000000152 ], [ -8.598612, 6.522003 ], [ -8.59882, 6.521509 ], [ -8.598929999999882, 6.520972 ], [ -8.598896, 6.520588 ], [ -8.598719, 6.5189 ], [ -8.598586999999839, 6.518494 ], [ -8.598519999999894, 6.518253000000129 ], [ -8.598419, 6.516027000000122 ], [ -8.59850699999987, 6.515457 ], [ -8.59863799999988, 6.514919000000134 ], [ -8.598824, 6.514459000000102 ], [ -8.599613, 6.513186 ], [ -8.599997, 6.51272500000016 ], [ -8.600215999999875, 6.512286 ], [ -8.600896, 6.510772 ], [ -8.601375, 6.507525000000101 ], [ -8.601162632999944, 6.507440595000162 ], [ -8.599727, 6.506870000000106 ], [ -8.599466999999891, 6.506988 ], [ -8.59924, 6.507022 ], [ -8.59903, 6.507005000000106 ], [ -8.597844517999931, 6.506740471000114 ], [ -8.597578, 6.506681000000128 ], [ -8.597066, 6.506212 ], [ -8.597032, 6.506078000000116 ], [ -8.59676, 6.502962 ], [ -8.596767999999884, 6.502593000000104 ], [ -8.596952, 6.501881000000139 ], [ -8.597078, 6.501738 ], [ -8.597229, 6.501646 ], [ -8.595004, 6.500836 ], [ -8.587681999999859, 6.499173 ], [ -8.583447, 6.501173 ], [ -8.582088, 6.502091000000121 ], [ -8.581273999999894, 6.502656000000115 ], [ -8.581001, 6.502874 ], [ -8.581045, 6.503608 ], [ -8.579975999999874, 6.504295 ], [ -8.579805999999849, 6.504356 ], [ -8.578653, 6.504563000000189 ], [ -8.577572, 6.504674000000136 ], [ -8.571217, 6.504072 ], [ -8.570942999999886, 6.503963000000113 ], [ -8.570778, 6.503744 ], [ -8.569828, 6.502118 ], [ -8.569427, 6.501234 ], [ -8.56931, 6.500921000000119 ], [ -8.569097999999826, 6.500655000000108 ], [ -8.568854999999871, 6.50057 ], [ -8.568627, 6.500507000000141 ], [ -8.566613, 6.500385000000165 ], [ -8.566268, 6.500393000000145 ], [ -8.562868, 6.501666000000114 ], [ -8.559741, 6.501897 ], [ -8.559488999999871, 6.500833000000114 ], [ -8.559347, 6.500669 ], [ -8.557901, 6.499962 ], [ -8.556785, 6.499574 ], [ -8.55644199999989, 6.499459000000115 ], [ -8.554497, 6.499014 ], [ -8.554195999999877, 6.499115 ], [ -8.554053, 6.499417 ], [ -8.55401, 6.499805000000151 ], [ -8.554238999999882, 6.500194 ], [ -8.554108999999869, 6.500515000000121 ], [ -8.553675, 6.500785 ], [ -8.553388, 6.500872000000129 ], [ -8.553049, 6.500838 ], [ -8.552848, 6.500751 ], [ -8.550298, 6.499520000000189 ], [ -8.549926, 6.499204 ], [ -8.546707, 6.496288000000106 ], [ -8.544017, 6.493674 ], [ -8.543673, 6.493387 ], [ -8.53486, 6.486780000000181 ], [ -8.533944, 6.486133000000109 ], [ -8.533315, 6.485774 ], [ -8.532671, 6.485559 ], [ -8.531727, 6.485415 ], [ -8.53091099999989, 6.485473 ], [ -8.530367999999839, 6.485272000000123 ], [ -8.53001, 6.484784 ], [ -8.526703999999881, 6.479497 ], [ -8.526861, 6.47721300000012 ], [ -8.526817, 6.474828000000173 ], [ -8.526659999999879, 6.474296 ], [ -8.525758, 6.471337000000119 ], [ -8.524814, 6.470073000000184 ], [ -8.519948, 6.46233 ], [ -8.517786999999828, 6.458408000000134 ], [ -8.514682, 6.453409 ], [ -8.514381999999898, 6.453064 ], [ -8.511606, 6.449947000000122 ], [ -8.510147, 6.448668000000168 ], [ -8.506113, 6.445250000000158 ], [ -8.499960999999871, 6.440351 ], [ -8.496556999999882, 6.4388 ], [ -8.495426999999893, 6.438298000000145 ], [ -8.49238, 6.437005 ], [ -8.491236, 6.43656 ], [ -8.48879, 6.43584200000015 ], [ -8.483254, 6.43509500000016 ], [ -8.48211, 6.434995 ], [ -8.480995, 6.435081 ], [ -8.479563999999868, 6.435656 ], [ -8.477976999999896, 6.436576000000116 ], [ -8.47656099999989, 6.437553 ], [ -8.47573199999988, 6.438329 ], [ -8.475031, 6.439205 ], [ -8.474617, 6.439995 ], [ -8.472887, 6.446662000000117 ], [ -8.472759, 6.447653 ], [ -8.472659, 6.44886 ], [ -8.472674, 6.451073 ], [ -8.472831, 6.452322000000152 ], [ -8.473145999999872, 6.45532500000013 ], [ -8.473132, 6.455799 ], [ -8.473018, 6.45613 ], [ -8.472746, 6.456748 ], [ -8.472374, 6.457135000000108 ], [ -8.471702, 6.457380000000171 ], [ -8.470429, 6.45784 ], [ -8.469614, 6.457998000000146 ], [ -8.469085, 6.458156 ], [ -8.467940999999882, 6.458774 ], [ -8.464437, 6.460843000000125 ], [ -8.463606999999854, 6.461346 ], [ -8.462878, 6.462150000000122 ], [ -8.457601, 6.469392000000141 ], [ -8.456856999999843, 6.470871000000159 ], [ -8.456528999999875, 6.471834 ], [ -8.456557, 6.473199 ], [ -8.459706, 6.482868000000167 ], [ -8.459935, 6.483543 ], [ -8.460464, 6.484922 ], [ -8.462997, 6.490841000000103 ], [ -8.464628, 6.494447 ], [ -8.466503, 6.497651 ], [ -8.466773999999873, 6.498355 ], [ -8.466746, 6.499260000000163 ], [ -8.466489, 6.500108000000182 ], [ -8.466286, 6.500712 ], [ -8.465089, 6.502056 ], [ -8.463770999999838, 6.503462 ], [ -8.463284, 6.503972000000147 ], [ -8.462451, 6.504237 ], [ -8.461741, 6.50434 ], [ -8.460969, 6.504403 ], [ -8.460115, 6.504201 ], [ -8.459384, 6.503998 ], [ -8.458225, 6.503614 ], [ -8.45729, 6.503147 ], [ -8.456009, 6.502437000000157 ], [ -8.455154999999877, 6.50191 ], [ -8.454401999999845, 6.501301000000126 ], [ -8.453589, 6.500549 ], [ -8.453085, 6.50015900000011 ], [ -8.452384, 6.499742 ], [ -8.451426, 6.499426 ], [ -8.449109, 6.49866500000013 ], [ -8.448106999999823, 6.498464 ], [ -8.444832, 6.498392000000138 ], [ -8.444088, 6.498521000000153 ], [ -8.443529999999839, 6.498564000000158 ], [ -8.443172, 6.498449 ], [ -8.442815, 6.498176 ], [ -8.442241999999851, 6.497458000000108 ], [ -8.441541, 6.496079 ], [ -8.441041, 6.495088000000123 ], [ -8.439823999999874, 6.491596 ], [ -8.43961, 6.490706000000102 ], [ -8.439552, 6.490117 ], [ -8.439667, 6.489326000000176 ], [ -8.439881, 6.484988 ], [ -8.439136, 6.47789 ], [ -8.43875, 6.475534000000152 ], [ -8.438592, 6.47496 ], [ -8.43729, 6.472043 ], [ -8.43699, 6.471468000000129 ], [ -8.436361, 6.470592000000124 ], [ -8.435001999999884, 6.468954000000167 ], [ -8.434558, 6.468581 ], [ -8.434015, 6.468265 ], [ -8.433241999999836, 6.467805000000112 ], [ -8.432198, 6.467173 ], [ -8.431711999999891, 6.466727000000105 ], [ -8.431139, 6.466124 ], [ -8.428320999999812, 6.462762000000112 ], [ -8.427177, 6.461124000000154 ], [ -8.42659, 6.460535 ], [ -8.425975, 6.46014700000012 ], [ -8.425432, 6.459932 ], [ -8.424502, 6.45976 ], [ -8.423758, 6.459788 ], [ -8.422786, 6.459846 ], [ -8.422284999999874, 6.459774000000152 ], [ -8.416392, 6.45773400000013 ], [ -8.41602, 6.457489000000123 ], [ -8.411772, 6.453452 ], [ -8.408453, 6.450062 ], [ -8.407996, 6.449501000000168 ], [ -8.405979, 6.447519000000113 ], [ -8.405636, 6.447303 ], [ -8.402317, 6.44549300000017 ], [ -8.401758999999856, 6.445478 ], [ -8.401159, 6.44557900000018 ], [ -8.400501, 6.445651000000112 ], [ -8.399271, 6.4453630000001 ], [ -8.398598999999876, 6.445191 ], [ -8.397883, 6.444947000000127 ], [ -8.396897, 6.444372000000158 ], [ -8.396552999999869, 6.444027 ], [ -8.39641, 6.443682 ], [ -8.39631, 6.443380000000161 ], [ -8.396453, 6.44312200000013 ], [ -8.40349, 6.437189 ], [ -8.408838999999887, 6.433209 ], [ -8.409253, 6.432922000000133 ], [ -8.41004, 6.432419 ], [ -8.410754999999881, 6.432046000000128 ], [ -8.41171299999985, 6.431572000000131 ], [ -8.412041999999872, 6.431342000000143 ], [ -8.412528, 6.430954000000156 ], [ -8.413085999999851, 6.430379000000187 ], [ -8.413257999999871, 6.429891000000168 ], [ -8.413257999999871, 6.429546000000187 ], [ -8.413257999999871, 6.428914000000134 ], [ -8.413014, 6.427506000000164 ], [ -8.4129, 6.427089000000137 ], [ -8.41187, 6.425365000000113 ], [ -8.411169, 6.424489000000108 ], [ -8.410769, 6.424216 ], [ -8.410154, 6.424101000000178 ], [ -8.40958199999983, 6.424058000000173 ], [ -8.409324, 6.424129000000164 ], [ -8.408938, 6.424474 ], [ -8.408623, 6.424891000000173 ], [ -8.407908, 6.426011 ], [ -8.407765, 6.426629 ], [ -8.40748, 6.428655 ], [ -8.407108, 6.431255 ], [ -8.406965, 6.431672 ], [ -8.406678999999883, 6.432002000000182 ], [ -8.406479, 6.432189 ], [ -8.406177999999898, 6.432304000000158 ], [ -8.405878, 6.432204 ], [ -8.403889999999876, 6.430810000000179 ], [ -8.403704, 6.430465 ], [ -8.40358899999984, 6.430120000000102 ], [ -8.40358899999984, 6.429330000000107 ], [ -8.403717999999856, 6.427592000000175 ], [ -8.403904, 6.425552000000152 ], [ -8.403974999999889, 6.424977000000183 ], [ -8.404017999999894, 6.424517 ], [ -8.403918, 6.422865 ], [ -8.403403, 6.420724000000178 ], [ -8.403246, 6.420322000000112 ], [ -8.401543999999831, 6.416429 ], [ -8.401256999999873, 6.416055 ], [ -8.400971, 6.415768 ], [ -8.400485, 6.415667 ], [ -8.399999, 6.415624 ], [ -8.399455, 6.415437 ], [ -8.399054999999862, 6.415279000000112 ], [ -8.39854, 6.414920000000109 ], [ -8.398096999999893, 6.414417 ], [ -8.39445, 6.409963000000118 ], [ -8.393992, 6.409144 ], [ -8.393763, 6.408584 ], [ -8.393749, 6.407794 ], [ -8.393949, 6.407291 ], [ -8.394378, 6.406544 ], [ -8.394677999999885, 6.406012 ], [ -8.395708, 6.403556 ], [ -8.395979999999895, 6.402665 ], [ -8.396136999999896, 6.402004 ], [ -8.396223, 6.401243 ], [ -8.395921999999871, 6.399202 ], [ -8.395349999999894, 6.396674000000132 ], [ -8.395220999999879, 6.396272 ], [ -8.395093, 6.395970000000148 ], [ -8.39269, 6.391961 ], [ -8.392461, 6.391631000000132 ], [ -8.390601999999888, 6.389648 ], [ -8.389586, 6.388801000000115 ], [ -8.388684999999896, 6.388068 ], [ -8.388012999999887, 6.38752200000016 ], [ -8.387398, 6.387105000000133 ], [ -8.386883, 6.386789 ], [ -8.38643999999988, 6.386372 ], [ -8.386025, 6.385913 ], [ -8.385482, 6.385151 ], [ -8.385381999999822, 6.384778000000153 ], [ -8.385282, 6.38414500000016 ], [ -8.385282, 6.38331200000016 ], [ -8.385352999999895, 6.382623 ], [ -8.385453, 6.381832 ], [ -8.385682, 6.381330000000105 ], [ -8.386125, 6.380798 ], [ -8.386682999999891, 6.38018 ], [ -8.388356, 6.378643 ], [ -8.388942, 6.378155000000163 ], [ -8.389371, 6.37781 ], [ -8.390902, 6.376876 ], [ -8.391230999999891, 6.37677600000012 ], [ -8.391745, 6.376632 ], [ -8.392503, 6.376517000000149 ], [ -8.393204, 6.376416000000177 ], [ -8.393961999999817, 6.376316 ], [ -8.394577, 6.376373000000171 ], [ -8.395235, 6.376488 ], [ -8.395735, 6.376646000000164 ], [ -8.396379, 6.37669000000011 ], [ -8.397151, 6.37669000000011 ], [ -8.398051999999893, 6.376575000000173 ], [ -8.398509999999874, 6.376489000000163 ], [ -8.403357, 6.374492000000146 ], [ -8.403800999999874, 6.374190000000169 ], [ -8.404687, 6.373342 ], [ -8.405344999999897, 6.372638 ], [ -8.405831, 6.371963000000108 ], [ -8.407519, 6.370412 ], [ -8.408577, 6.369794 ], [ -8.409149, 6.369607 ], [ -8.409692, 6.36949200000015 ], [ -8.410321, 6.369449000000145 ], [ -8.410979, 6.369521 ], [ -8.411394, 6.369794 ], [ -8.411823, 6.370053 ], [ -8.412767, 6.370584 ], [ -8.413295999999889, 6.370828000000188 ], [ -8.413967999999898, 6.370943000000125 ], [ -8.41444, 6.370886 ], [ -8.414912, 6.37067 ], [ -8.415198, 6.370211 ], [ -8.415455, 6.369665 ], [ -8.415926999999897, 6.368602 ], [ -8.415998999999886, 6.368257 ], [ -8.415856, 6.367941 ], [ -8.415541, 6.367639000000111 ], [ -8.414282, 6.366561000000104 ], [ -8.41361, 6.366059000000121 ], [ -8.413209999999879, 6.365814000000114 ], [ -8.412923999999862, 6.365685 ], [ -8.412580999999875, 6.365699000000177 ], [ -8.412366, 6.365900000000124 ], [ -8.412123, 6.366145000000131 ], [ -8.411537, 6.366576 ], [ -8.411065, 6.366906 ], [ -8.410635999999897, 6.367107000000146 ], [ -8.410264, 6.367265 ], [ -8.409821, 6.367337 ], [ -8.409219999999891, 6.367352 ], [ -8.408547999999882, 6.367237 ], [ -8.407933, 6.367107000000146 ], [ -8.406689, 6.366547 ], [ -8.405916999999874, 6.366145000000131 ], [ -8.405674, 6.365958 ], [ -8.405387, 6.365627 ], [ -8.404486, 6.364564 ], [ -8.401820418999876, 6.361056937000058 ], [ -8.401817980999851, 6.361053729000162 ], [ -8.401483, 6.360613000000171 ], [ -8.40094, 6.359521 ], [ -8.400696, 6.358257 ], [ -8.400496, 6.357366000000127 ], [ -8.399723999999878, 6.35422 ], [ -8.39928, 6.352769 ], [ -8.39905199999987, 6.352280000000121 ], [ -8.398723, 6.351792 ], [ -8.398337, 6.351476 ], [ -8.391716, 6.348602 ], [ -8.391072, 6.348387 ], [ -8.3903, 6.3482 ], [ -8.389427999999839, 6.348027000000116 ], [ -8.388369, 6.348070000000121 ], [ -8.387839999999869, 6.34843 ], [ -8.387569, 6.348774000000105 ], [ -8.387468, 6.349349 ], [ -8.38754, 6.350398 ], [ -8.387655, 6.354535000000169 ], [ -8.387669, 6.355354 ], [ -8.387626, 6.356087000000173 ], [ -8.387296999999819, 6.356705000000147 ], [ -8.386954, 6.357222 ], [ -8.386510999999871, 6.357624000000158 ], [ -8.385996, 6.35808400000019 ], [ -8.385180999999875, 6.35873 ], [ -8.383837, 6.35975000000019 ], [ -8.382892999999854, 6.360081 ], [ -8.382591999999818, 6.360124 ], [ -8.381506, 6.35998 ], [ -8.380991, 6.35988 ], [ -8.379461, 6.359477 ], [ -8.378388, 6.359161000000142 ], [ -8.377788, 6.35896 ], [ -8.377229999999884, 6.358874000000185 ], [ -8.37660099999988, 6.358816 ], [ -8.375942999999893, 6.358859 ], [ -8.375385, 6.358945 ], [ -8.374756, 6.359146000000123 ], [ -8.374341, 6.359534 ], [ -8.374097999999833, 6.359908000000132 ], [ -8.373968999999818, 6.360396 ], [ -8.374026999999899, 6.360899 ], [ -8.374284, 6.362767 ], [ -8.37274, 6.36416 ], [ -8.369564999999852, 6.364074000000187 ], [ -8.369264999999871, 6.363973 ], [ -8.368907, 6.363686 ], [ -8.367549, 6.362565 ], [ -8.366561999999874, 6.361645000000124 ], [ -8.366247, 6.361257 ], [ -8.366047, 6.360826 ], [ -8.363831, 6.361573 ], [ -8.362043, 6.362766 ], [ -8.358311, 6.364647 ], [ -8.356166, 6.364848000000109 ], [ -8.355894, 6.364489 ], [ -8.355522, 6.364230000000134 ], [ -8.355208, 6.364043 ], [ -8.354664, 6.363813000000107 ], [ -8.354320999999857, 6.363670000000184 ], [ -8.352433, 6.363267 ], [ -8.351961, 6.363353 ], [ -8.347256, 6.367936 ], [ -8.346012, 6.369387000000131 ], [ -8.345612, 6.369861000000128 ], [ -8.34544, 6.370234 ], [ -8.345426, 6.370780000000138 ], [ -8.345497, 6.371197000000166 ], [ -8.345311, 6.372159000000181 ], [ -8.344182, 6.374386 ], [ -8.343408999999895, 6.375866000000144 ], [ -8.343266, 6.376124000000175 ], [ -8.343023, 6.376354000000163 ], [ -8.342794, 6.376483000000178 ], [ -8.341907999999876, 6.376684000000125 ], [ -8.341579, 6.376713 ], [ -8.34135, 6.376598000000115 ], [ -8.34123499999987, 6.376383 ], [ -8.341277999999875, 6.376095 ], [ -8.34135, 6.37572200000011 ], [ -8.341536, 6.37524800000017 ], [ -8.341622, 6.374831 ], [ -8.341665, 6.374328 ], [ -8.341693, 6.373021000000108 ], [ -8.341608, 6.372676000000126 ], [ -8.34140699999989, 6.372274000000118 ], [ -8.341221, 6.371958 ], [ -8.340978, 6.371656000000144 ], [ -8.338791, 6.369831 ], [ -8.337904, 6.369256000000121 ], [ -8.33761799999985, 6.369213000000116 ], [ -8.336145, 6.369931 ], [ -8.334686, 6.370664 ], [ -8.334042999999895, 6.370649000000128 ], [ -8.333714, 6.370563000000118 ], [ -8.333385, 6.370405000000176 ], [ -8.33001, 6.368120000000147 ], [ -8.324648, 6.364398 ], [ -8.323561, 6.363536 ], [ -8.322146, 6.362199000000146 ], [ -8.32176, 6.361826000000178 ], [ -8.320629999999881, 6.36036 ], [ -8.318012999999894, 6.357271 ], [ -8.317198, 6.356897 ], [ -8.316984, 6.356825000000129 ], [ -8.316598, 6.357127 ], [ -8.316283, 6.357615000000123 ], [ -8.315967999999884, 6.358291 ], [ -8.315697, 6.358851 ], [ -8.315252999999871, 6.359411 ], [ -8.314967, 6.35977 ], [ -8.314723999999899, 6.360043 ], [ -8.314438, 6.360345 ], [ -8.314094999999895, 6.36056 ], [ -8.313823, 6.360617000000161 ], [ -8.313666, 6.360474 ], [ -8.30992, 6.355200000000139 ], [ -8.309891, 6.354942000000108 ], [ -8.30992, 6.353635000000111 ], [ -8.310106, 6.353204000000176 ], [ -8.310162999999818, 6.352859 ], [ -8.31022, 6.352457000000186 ], [ -8.310077, 6.351982000000135 ], [ -8.309877, 6.351436 ], [ -8.309191, 6.350158 ], [ -8.308833999999877, 6.349554000000182 ], [ -8.30829, 6.349008 ], [ -8.306259999999895, 6.347370000000126 ], [ -8.305316, 6.346637 ], [ -8.304886999999894, 6.346407 ], [ -8.30463, 6.346278 ], [ -8.304387, 6.346249 ], [ -8.304100999999889, 6.346364 ], [ -8.303486, 6.346838000000162 ], [ -8.30157, 6.348533 ], [ -8.301341, 6.348949 ], [ -8.301283, 6.349538 ], [ -8.301283, 6.350415000000169 ], [ -8.301298, 6.351219 ], [ -8.301169, 6.351549 ], [ -8.300582, 6.352498 ], [ -8.300252999999827, 6.352713 ], [ -8.299824, 6.352813 ], [ -8.299524, 6.352828000000159 ], [ -8.29828, 6.352641000000119 ], [ -8.297165, 6.352023 ], [ -8.296979, 6.351836000000162 ], [ -8.296763999999882, 6.351606000000118 ], [ -8.296464, 6.351462 ], [ -8.29147399999988, 6.350613 ], [ -8.291059, 6.350556 ], [ -8.289386, 6.350354 ], [ -8.287555999999881, 6.350541000000135 ], [ -8.286712, 6.35077 ], [ -8.286011, 6.351072000000158 ], [ -8.285510999999872, 6.351057 ], [ -8.284824, 6.350985 ], [ -8.283966, 6.349879 ], [ -8.283838, 6.349563 ], [ -8.283252, 6.346287 ], [ -8.283137999999838, 6.345468 ], [ -8.283109, 6.345253 ], [ -8.283252, 6.344965 ], [ -8.28401, 6.343773 ], [ -8.284181999999873, 6.34373 ], [ -8.284568, 6.343773 ], [ -8.28474, 6.343759 ], [ -8.284868, 6.34347200000019 ], [ -8.284881945999871, 6.343204243000116 ], [ -8.284883, 6.343184000000122 ], [ -8.284726, 6.341489 ], [ -8.284611, 6.34113 ], [ -8.283825, 6.339894 ], [ -8.283425, 6.339291000000117 ], [ -8.28298199999989, 6.338816 ], [ -8.282538, 6.338601 ], [ -8.282295, 6.338500000000181 ], [ -8.281808999999896, 6.338529000000108 ], [ -8.281093999999825, 6.338902 ], [ -8.280536, 6.339218 ], [ -8.279364, 6.340008 ], [ -8.278891999999871, 6.340353 ], [ -8.278319999999894, 6.340453000000139 ], [ -8.277647999999886, 6.340496000000144 ], [ -8.276961, 6.34043800000012 ], [ -8.276274999999885, 6.340309000000104 ], [ -8.275530999999887, 6.340165000000127 ], [ -8.271641999999872, 6.338770000000125 ], [ -8.271328, 6.338598000000104 ], [ -8.268383, 6.333899 ], [ -8.267997, 6.333094000000187 ], [ -8.267983, 6.332778000000133 ], [ -8.268684, 6.332161 ], [ -8.26914099999982, 6.331902000000127 ], [ -8.270199, 6.331371000000104 ], [ -8.270543, 6.331328 ], [ -8.27356, 6.33107 ], [ -8.274360999999885, 6.331071000000122 ], [ -8.275075, 6.331143 ], [ -8.275562, 6.331344000000172 ], [ -8.275847999999826, 6.331387000000177 ], [ -8.276018999999849, 6.331373 ], [ -8.276262, 6.331301000000167 ], [ -8.278622, 6.330583000000104 ], [ -8.278851, 6.330511000000172 ], [ -8.279294, 6.330368 ], [ -8.28284, 6.328630000000146 ], [ -8.285114, 6.327309 ], [ -8.285586, 6.32695 ], [ -8.286086, 6.326462000000163 ], [ -8.286229999999875, 6.326088000000141 ], [ -8.286314999999888, 6.3257440000001 ], [ -8.286314999999888, 6.32537 ], [ -8.28337, 6.32149 ], [ -8.282927, 6.321145 ], [ -8.282241, 6.321030000000121 ], [ -8.280668, 6.321059 ], [ -8.279839, 6.321173 ], [ -8.279038, 6.321317 ], [ -8.278393999999878, 6.321417 ], [ -8.277472446999923, 6.321537822000039 ], [ -8.277446054999871, 6.321541282000169 ], [ -8.275549, 6.321790000000135 ], [ -8.274061999999844, 6.321818000000121 ], [ -8.270616, 6.321128000000101 ], [ -8.270001, 6.320927000000154 ], [ -8.269472, 6.320639000000142 ], [ -8.268714, 6.320007 ], [ -8.268214, 6.319633000000181 ], [ -8.267628, 6.319317000000183 ], [ -8.26697, 6.319087000000138 ], [ -8.266384, 6.3189 ], [ -8.265669, 6.318871 ], [ -8.265067999999872, 6.318899 ], [ -8.264481999999873, 6.319014000000152 ], [ -8.26341, 6.319301 ], [ -8.261923, 6.319847000000152 ], [ -8.261679, 6.320077 ], [ -8.261278999999888, 6.320551000000137 ], [ -8.260664, 6.32165700000013 ], [ -8.260092, 6.322777 ], [ -8.259849, 6.322992000000113 ], [ -8.259505, 6.323222000000158 ], [ -8.25907599999988, 6.323236 ], [ -8.258575999999891, 6.323107 ], [ -8.258047, 6.322776 ], [ -8.255944999999883, 6.321239 ], [ -8.25485899999984, 6.320333 ], [ -8.25448699999987, 6.320060000000183 ], [ -8.253700999999865, 6.319528 ], [ -8.253229, 6.319212000000164 ], [ -8.2528, 6.319025000000181 ], [ -8.252371, 6.318853000000161 ], [ -8.251928, 6.318781 ], [ -8.251628, 6.318838000000142 ], [ -8.248900999999876, 6.319848 ], [ -8.248719, 6.319924000000128 ], [ -8.245986, 6.321106 ], [ -8.245742999999891, 6.321288 ], [ -8.241645, 6.321012 ], [ -8.23468, 6.317246 ], [ -8.232798999999886, 6.316107000000102 ], [ -8.229886, 6.3135410000001 ], [ -8.22883899999988, 6.312494000000129 ], [ -8.226321, 6.309944 ], [ -8.225153, 6.307835000000125 ], [ -8.225108, 6.307698000000187 ], [ -8.225017, 6.307516 ], [ -8.222847, 6.306286 ], [ -8.221861, 6.305769 ], [ -8.221177999999895, 6.305450000000121 ], [ -8.221011, 6.305405000000178 ], [ -8.220797999999888, 6.30542000000014 ], [ -8.220616, 6.305435000000159 ], [ -8.215835, 6.305841000000157 ], [ -8.215744, 6.306054 ], [ -8.215592, 6.306327 ], [ -8.212675999999874, 6.308964000000117 ], [ -8.212524, 6.309086 ], [ -8.212145, 6.309298 ], [ -8.211795999999879, 6.309373 ], [ -8.210794, 6.309433000000183 ], [ -8.210323, 6.309403 ], [ -8.20999, 6.309251 ], [ -8.209504, 6.308978 ], [ -8.209443, 6.308856 ], [ -8.209412999999813, 6.308720000000164 ], [ -8.209444, 6.308553 ], [ -8.209565, 6.308356 ], [ -8.209823, 6.308098 ], [ -8.210005, 6.307946 ], [ -8.210217999999884, 6.30778 ], [ -8.210355, 6.307673 ], [ -8.210476, 6.307537 ], [ -8.210567, 6.307385 ], [ -8.210689, 6.307158 ], [ -8.210871, 6.306809000000158 ], [ -8.211053999999876, 6.306066000000158 ], [ -8.211024, 6.30555 ], [ -8.210962999999879, 6.304822 ], [ -8.210857, 6.304473000000144 ], [ -8.210524, 6.304093000000137 ], [ -8.210205, 6.303896000000179 ], [ -8.209902, 6.303759 ], [ -8.209659, 6.303683000000149 ], [ -8.209264, 6.303637 ], [ -8.205561, 6.303681000000154 ], [ -8.203724, 6.303968000000111 ], [ -8.203389999999899, 6.30462 ], [ -8.202934, 6.305575 ], [ -8.202569, 6.306349000000125 ], [ -8.202431999999874, 6.306606 ], [ -8.202219999999897, 6.306788 ], [ -8.202007, 6.30695500000013 ], [ -8.20092899999986, 6.307698000000187 ], [ -8.200656, 6.307879 ], [ -8.200443, 6.307970000000125 ], [ -8.200231, 6.308046 ], [ -8.200033, 6.308076 ], [ -8.199791, 6.308076 ], [ -8.199592999999879, 6.308015000000125 ], [ -8.199199, 6.307787 ], [ -8.199108, 6.307681000000173 ], [ -8.196013999999877, 6.30416 ], [ -8.190763999999888, 6.30094 ], [ -8.18992999999989, 6.299862000000189 ], [ -8.189854, 6.299741 ], [ -8.188778, 6.296357 ], [ -8.188717999999824, 6.29599300000018 ], [ -8.188552, 6.294946 ], [ -8.188582, 6.294734 ], [ -8.188658, 6.294673 ], [ -8.188809999999876, 6.294598 ], [ -8.188916, 6.294476 ], [ -8.188947, 6.294400000000167 ], [ -8.188083, 6.291973 ], [ -8.187992, 6.291836000000103 ], [ -8.186869, 6.291365 ], [ -8.186716999999817, 6.291335 ], [ -8.184881, 6.291409000000101 ], [ -8.184092, 6.2915 ], [ -8.183909, 6.291636 ], [ -8.183650999999884, 6.291712000000132 ], [ -8.183454, 6.291712000000132 ], [ -8.183241, 6.291711 ], [ -8.183075, 6.291651 ], [ -8.182953, 6.29159 ], [ -8.179008, 6.289296 ], [ -8.17872, 6.289114000000154 ], [ -8.175594999999817, 6.286518000000115 ], [ -8.175504, 6.286366000000157 ], [ -8.175459, 6.286169 ], [ -8.175474, 6.285926000000131 ], [ -8.175505, 6.28563800000012 ], [ -8.175595999999814, 6.285092 ], [ -8.175686999999868, 6.284834 ], [ -8.17584, 6.283059 ], [ -8.175917, 6.281345 ], [ -8.175932999999873, 6.280769000000134 ], [ -8.175887999999816, 6.280222 ], [ -8.175827, 6.279767 ], [ -8.175706, 6.279327 ], [ -8.17523599999987, 6.278599 ], [ -8.17425, 6.277354 ], [ -8.173916, 6.27708100000018 ], [ -8.17252, 6.277125 ], [ -8.16739, 6.277486000000124 ], [ -8.167101999999829, 6.277516000000105 ], [ -8.164962, 6.277969 ], [ -8.164399999999887, 6.278151 ], [ -8.163822999999866, 6.278348 ], [ -8.163292, 6.278590000000122 ], [ -8.162791, 6.278833 ], [ -8.162395999999831, 6.27909000000011 ], [ -8.162061999999821, 6.279393000000141 ], [ -8.161819, 6.279879 ], [ -8.161667, 6.280455 ], [ -8.152909, 6.281161 ], [ -8.148508, 6.280506 ], [ -8.14605, 6.279563000000167 ], [ -8.14366699999988, 6.280184 ], [ -8.1435, 6.280654 ], [ -8.143302, 6.28103300000015 ], [ -8.142876999999885, 6.281381000000124 ], [ -8.142194, 6.2815930000001 ], [ -8.135818, 6.283500000000117 ], [ -8.135499, 6.283515000000136 ], [ -8.135029, 6.283423 ], [ -8.134801, 6.283317000000125 ], [ -8.13418, 6.282846 ], [ -8.133982, 6.282603000000165 ], [ -8.133830999999873, 6.282360000000153 ], [ -8.133618, 6.282102000000123 ], [ -8.133209, 6.281935000000146 ], [ -8.130537999999888, 6.281129 ], [ -8.129703999999833, 6.280992 ], [ -8.129126999999869, 6.281143000000156 ], [ -8.128687, 6.281355000000133 ], [ -8.128504, 6.281689 ], [ -8.128381999999874, 6.282144 ], [ -8.128169999999898, 6.282599 ], [ -8.12776, 6.282962 ], [ -8.12738, 6.283265 ], [ -8.12662099999983, 6.283614000000171 ], [ -8.126164999999844, 6.283704000000171 ], [ -8.122370999999873, 6.284232000000145 ], [ -8.121960999999885, 6.284186 ], [ -8.117862, 6.286352 ], [ -8.115143, 6.288853 ], [ -8.111893999999893, 6.291414 ], [ -8.111286, 6.291747 ], [ -8.110057, 6.292065 ], [ -8.109267, 6.292155 ], [ -8.108812, 6.2922 ], [ -8.108205, 6.29217 ], [ -8.107704, 6.292124000000115 ], [ -8.107249, 6.292063 ], [ -8.106991, 6.292017000000158 ], [ -8.106794, 6.291941 ], [ -8.106612, 6.291789000000108 ], [ -8.106307999999899, 6.291592 ], [ -8.10592899999989, 6.29144 ], [ -8.10558, 6.291318 ], [ -8.105201, 6.291196 ], [ -8.104304999999897, 6.290998 ], [ -8.103682999999876, 6.290907000000175 ], [ -8.102377999999817, 6.290951 ], [ -8.10171, 6.290981 ], [ -8.100753999999824, 6.291223 ], [ -8.100100999999881, 6.291571 ], [ -8.096590999999876, 6.296483 ], [ -8.096348, 6.297044 ], [ -8.09617999999989, 6.297681 ], [ -8.096255999999869, 6.298076 ], [ -8.096317, 6.298364 ], [ -8.096300999999869, 6.298682 ], [ -8.094234, 6.302367000000118 ], [ -8.09191, 6.304307 ], [ -8.089982, 6.305579 ], [ -8.088327, 6.306533 ], [ -8.088084, 6.306655 ], [ -8.087688999999898, 6.306654 ], [ -8.087371, 6.306578 ], [ -8.087006, 6.306456 ], [ -8.08659699999987, 6.306229000000144 ], [ -8.085414, 6.305545 ], [ -8.085018999999875, 6.305089000000123 ], [ -8.084868, 6.304801000000111 ], [ -8.084413, 6.30386 ], [ -8.084307, 6.303587 ], [ -8.084352999999851, 6.303344000000152 ], [ -8.084444, 6.302889000000164 ], [ -8.084565999999882, 6.302662 ], [ -8.084627, 6.302374 ], [ -8.084520999999881, 6.302116000000183 ], [ -8.084293, 6.301842 ], [ -8.083747, 6.301417 ], [ -8.083383, 6.301189 ], [ -8.082579, 6.300718000000131 ], [ -8.080668, 6.299897 ], [ -8.08003, 6.299715000000106 ], [ -8.079545, 6.299593000000129 ], [ -8.078998, 6.299486000000172 ], [ -8.078619, 6.299441000000172 ], [ -8.07789, 6.299501 ], [ -8.076631, 6.299727000000189 ], [ -8.076069, 6.299833 ], [ -8.075416, 6.30009 ], [ -8.074809, 6.300453 ], [ -8.074292, 6.300787000000128 ], [ -8.073897999999872, 6.30109 ], [ -8.073639, 6.301393000000189 ], [ -8.073441999999886, 6.301924 ], [ -8.073229, 6.302576 ], [ -8.063936, 6.307937 ], [ -8.063282999999899, 6.30827 ], [ -8.06265999999988, 6.308406000000105 ], [ -8.062234999999873, 6.308467 ], [ -8.061278999999899, 6.308375 ], [ -8.056379, 6.306535 ], [ -8.053268, 6.305257000000154 ], [ -8.05298, 6.305045 ], [ -8.052646, 6.304847000000166 ], [ -8.052313, 6.30471 ], [ -8.051871999999889, 6.304665 ], [ -8.051235, 6.30472500000019 ], [ -8.050461, 6.305149 ], [ -8.048318999999822, 6.306861 ], [ -8.046998, 6.308012 ], [ -8.046663, 6.308315 ], [ -8.044931, 6.31069500000018 ], [ -8.044673, 6.31112000000013 ], [ -8.044505999999899, 6.311514 ], [ -8.040997999999888, 6.313407 ], [ -8.034804, 6.314918000000148 ], [ -8.032573, 6.315447 ], [ -8.022948, 6.317621 ], [ -8.010196, 6.320642 ], [ -8.008283, 6.321065 ], [ -8.006142999999895, 6.321518 ], [ -8.005839, 6.321563 ], [ -8.005353999999897, 6.321593000000178 ], [ -8.004868, 6.321547000000123 ], [ -8.004413, 6.321379 ], [ -8.004155, 6.32127300000019 ], [ -8.003805999999884, 6.321106 ], [ -8.003609, 6.320923000000164 ], [ -8.002911, 6.320195000000126 ], [ -7.998693, 6.315602 ], [ -7.997881, 6.314519000000189 ], [ -7.997381, 6.313629000000105 ], [ -7.995019, 6.304765000000145 ], [ -7.994878, 6.304140000000132 ], [ -7.994856, 6.303516000000172 ], [ -7.994907, 6.302893000000154 ], [ -7.995052999999871, 6.302485000000161 ], [ -7.995199, 6.301934000000188 ], [ -7.995249, 6.30143 ], [ -7.995086, 6.300278000000162 ], [ -7.994922, 6.299365 ], [ -7.994731999999885, 6.298812000000169 ], [ -7.99447, 6.298332 ], [ -7.99416, 6.297946 ], [ -7.992773999999883, 6.296453 ], [ -7.992223999999851, 6.295947 ], [ -7.991722, 6.295657 ], [ -7.990905, 6.295750000000112 ], [ -7.990424, 6.296156000000167 ], [ -7.989966, 6.296586 ], [ -7.989458, 6.2974 ], [ -7.989048, 6.29795 ], [ -7.987383, 6.300103 ], [ -7.986974, 6.300365 ], [ -7.986325, 6.300603 ], [ -7.981619, 6.30116 ], [ -7.981066999999882, 6.301134000000104 ], [ -7.980610999999897, 6.301036000000124 ], [ -7.98022799999984, 6.300770000000171 ], [ -7.980012999999815, 6.300529 ], [ -7.979967, 6.300169 ], [ -7.980016, 6.299978000000181 ], [ -7.980161, 6.299642000000119 ], [ -7.980619, 6.299236 ], [ -7.980980999999872, 6.29871 ], [ -7.981249, 6.297799 ], [ -7.981347, 6.297271 ], [ -7.981209, 6.295879000000127 ], [ -7.980899, 6.29535 ], [ -7.980445, 6.294892000000175 ], [ -7.979536, 6.294193 ], [ -7.978794, 6.293734000000143 ], [ -7.978147, 6.293683000000158 ], [ -7.977569, 6.29401700000011 ], [ -7.977087, 6.294471000000158 ], [ -7.976602, 6.29564500000015 ], [ -7.97643099999982, 6.296508000000131 ], [ -7.976185999999871, 6.297683000000177 ], [ -7.975795, 6.299265000000162 ], [ -7.975337, 6.299719 ], [ -7.974783999999886, 6.299981 ], [ -7.974232, 6.300002 ], [ -7.973752, 6.299976000000186 ], [ -7.973271999999838, 6.299878 ], [ -7.97281699999985, 6.299781 ], [ -7.972361999999862, 6.299587 ], [ -7.971668, 6.299080000000117 ], [ -7.970807, 6.298429000000112 ], [ -7.969659, 6.297392000000116 ], [ -7.969396, 6.297127 ], [ -7.969156999999882, 6.296862 ], [ -7.968421, 6.295204 ], [ -7.968254, 6.294795 ], [ -7.968019, 6.293762000000129 ], [ -7.967666, 6.292225000000144 ], [ -7.967429, 6.291480000000149 ], [ -7.967144, 6.290759 ], [ -7.966025999999886, 6.288499 ], [ -7.965548, 6.287873000000104 ], [ -7.964759, 6.287198 ], [ -7.96397, 6.286667 ], [ -7.963322999999889, 6.286281 ], [ -7.962532999999894, 6.285917 ], [ -7.961909999999875, 6.285699 ], [ -7.959897, 6.285043 ], [ -7.959345, 6.284969 ], [ -7.958673, 6.284966000000111 ], [ -7.958169, 6.285060000000101 ], [ -7.957688, 6.285370000000171 ], [ -7.957278, 6.2858 ], [ -7.95706, 6.286255 ], [ -7.956961, 6.286975 ], [ -7.956789999999899, 6.28767 ], [ -7.953571999999838, 6.293560000000127 ], [ -7.94956, 6.300071 ], [ -7.949151, 6.300309 ], [ -7.948767, 6.300331 ], [ -7.948455, 6.30033 ], [ -7.948166999999899, 6.300305 ], [ -7.947783999999842, 6.300111000000186 ], [ -7.947545, 6.299894000000165 ], [ -7.942195, 6.294018000000165 ], [ -7.941766, 6.293320000000165 ], [ -7.94148, 6.292791 ], [ -7.941242999999872, 6.29231 ], [ -7.941029, 6.291829 ], [ -7.940863, 6.291373 ], [ -7.940506, 6.290627 ], [ -7.940243999999836, 6.290266 ], [ -7.938000999999872, 6.287234000000183 ], [ -7.937643, 6.286776000000145 ], [ -7.934107, 6.283234000000164 ], [ -7.933366, 6.282511 ], [ -7.933007, 6.282222000000104 ], [ -7.93236, 6.281979 ], [ -7.931642, 6.281713 ], [ -7.930921999999896, 6.281662 ], [ -7.930202, 6.2816830000001 ], [ -7.929456999999843, 6.281824 ], [ -7.928857, 6.281989000000181 ], [ -7.928351, 6.282299 ], [ -7.927845, 6.282825 ], [ -7.925554, 6.285431 ], [ -7.925262, 6.286174 ], [ -7.925043999999843, 6.286749 ], [ -7.924922, 6.287204 ], [ -7.924775, 6.287875 ], [ -7.924556, 6.288522000000171 ], [ -7.9239, 6.290343 ], [ -7.923392, 6.291373 ], [ -7.922884999999894, 6.292115 ], [ -7.922402, 6.292617 ], [ -7.921897, 6.292975 ], [ -7.921488, 6.293237 ], [ -7.920863, 6.29333 ], [ -7.920192, 6.293303000000151 ], [ -7.919544, 6.293205 ], [ -7.919113, 6.293011000000149 ], [ -7.918658, 6.292745 ], [ -7.918251999999882, 6.292408 ], [ -7.917845999999884, 6.29195 ], [ -7.917511999999874, 6.291421 ], [ -7.91725, 6.290916 ], [ -7.916678999999874, 6.28976200000011 ], [ -7.916353999999899, 6.287361 ], [ -7.916332, 6.286833 ], [ -7.916381999999885, 6.286473000000115 ], [ -7.91648, 6.286017 ], [ -7.916601999999898, 6.285538 ], [ -7.916894, 6.284507000000133 ], [ -7.917088, 6.284052 ], [ -7.917308, 6.283213 ], [ -7.917406, 6.282830000000104 ], [ -7.917460999999832, 6.281222000000128 ], [ -7.91741699999983, 6.280190000000175 ], [ -7.917231, 6.278846 ], [ -7.917138, 6.278294000000187 ], [ -7.91647399999988, 6.276443000000143 ], [ -7.916237, 6.275842000000125 ], [ -7.915451, 6.27439900000013 ], [ -7.914829, 6.273869000000161 ], [ -7.914255, 6.273434 ], [ -7.913609, 6.273144 ], [ -7.913201, 6.273022 ], [ -7.91290018299992, 6.273069128000031 ], [ -7.912879863999933, 6.273072311000021 ], [ -7.912600999999881, 6.273116000000186 ], [ -7.912143999999898, 6.273330000000158 ], [ -7.911783, 6.27352 ], [ -7.91151699999989, 6.274119 ], [ -7.911225999999886, 6.274838 ], [ -7.910972, 6.277860000000146 ], [ -7.911058, 6.280188 ], [ -7.911221999999896, 6.281053 ], [ -7.911265999999898, 6.281989000000181 ], [ -7.911287, 6.282733000000121 ], [ -7.911212, 6.283332 ], [ -7.91097, 6.283715 ], [ -7.910658, 6.28393 ], [ -7.908059, 6.285527000000172 ], [ -7.907482, 6.28574 ], [ -7.906689, 6.285857000000135 ], [ -7.906041, 6.285950000000184 ], [ -7.904914, 6.28585 ], [ -7.903954, 6.285702 ], [ -7.903331, 6.285459 ], [ -7.902781, 6.285217000000102 ], [ -7.902158, 6.28483 ], [ -7.901418, 6.284011000000135 ], [ -7.901036, 6.283482 ], [ -7.900845999999888, 6.2831690000001 ], [ -7.90079826799996, 6.282991518000188 ], [ -7.900704, 6.282641000000126 ], [ -7.900658, 6.282137 ], [ -7.900708, 6.281801 ], [ -7.900997, 6.281442 ], [ -7.901526, 6.28118 ], [ -7.901984, 6.280870000000164 ], [ -7.902465, 6.280512 ], [ -7.903116, 6.279843 ], [ -7.903382, 6.279532 ], [ -7.903626, 6.27855 ], [ -7.903676, 6.278118000000177 ], [ -7.903654, 6.277710000000184 ], [ -7.903608, 6.277254 ], [ -7.903418, 6.276773000000105 ], [ -7.903204, 6.276340000000118 ], [ -7.902846999999895, 6.275691000000108 ], [ -7.902536, 6.275498 ], [ -7.901984, 6.275423000000103 ], [ -7.901577, 6.275230000000136 ], [ -7.901194, 6.275012 ], [ -7.900883, 6.274675 ], [ -7.900693, 6.274362 ], [ -7.899931, 6.272967000000108 ], [ -7.899288, 6.27176500000013 ], [ -7.896077, 6.265489000000116 ], [ -7.894626, 6.262579000000187 ], [ -7.894007999999815, 6.261209000000179 ], [ -7.893915, 6.260465 ], [ -7.893893999999875, 6.259865000000161 ], [ -7.893894999999873, 6.259505 ], [ -7.893729999999891, 6.258928 ], [ -7.893467999999871, 6.258423 ], [ -7.890100999999845, 6.254714 ], [ -7.889671, 6.254424 ], [ -7.889335, 6.254399 ], [ -7.887099, 6.255301 ], [ -7.885968, 6.255944000000113 ], [ -7.885512, 6.256134 ], [ -7.885007, 6.256204000000139 ], [ -7.884673, 6.255939 ], [ -7.882121, 6.252377 ], [ -7.881931, 6.251944 ], [ -7.881932999999833, 6.251536 ], [ -7.881816, 6.250696 ], [ -7.881405, 6.249709 ], [ -7.88085, 6.248507 ], [ -7.879646, 6.247235 ], [ -7.87918999999988, 6.247043000000133 ], [ -7.878733999999895, 6.247069000000124 ], [ -7.87743799999987, 6.246904000000143 ], [ -7.876933, 6.246761 ], [ -7.87518, 6.246260000000177 ], [ -7.874868, 6.246116000000143 ], [ -7.866767, 6.2413 ], [ -7.866551, 6.241060000000118 ], [ -7.86640599999987, 6.240772000000106 ], [ -7.864888, 6.238537000000122 ], [ -7.861398, 6.235129 ], [ -7.860772999999824, 6.234577 ], [ -7.859884, 6.234098000000188 ], [ -7.859595, 6.233954000000153 ], [ -7.859139, 6.233763000000181 ], [ -7.858298, 6.233500000000106 ], [ -7.857865999999888, 6.233525 ], [ -7.857506, 6.233526 ], [ -7.857002, 6.23348 ], [ -7.856594, 6.23336 ], [ -7.856113999999877, 6.233169 ], [ -7.855729, 6.232905 ], [ -7.855415999999877, 6.232593000000179 ], [ -7.855199999999854, 6.232377 ], [ -7.854452999999864, 6.231417 ], [ -7.852815, 6.229303 ], [ -7.85214, 6.228125000000148 ], [ -7.851946999999882, 6.22774 ], [ -7.849411999999859, 6.222403 ], [ -7.845633, 6.218177 ], [ -7.841660999999874, 6.213638000000174 ], [ -7.836628, 6.207441 ], [ -7.834777, 6.206002 ], [ -7.829993, 6.202886000000149 ], [ -7.825113, 6.199529 ], [ -7.824488, 6.199097000000165 ], [ -7.823069, 6.197994 ], [ -7.822395, 6.197298 ], [ -7.822203, 6.197033 ], [ -7.822058, 6.196745 ], [ -7.821575, 6.195735000000184 ], [ -7.821406, 6.195254 ], [ -7.821357, 6.1948450000001 ], [ -7.821404, 6.194604 ], [ -7.821546999999896, 6.194315000000131 ], [ -7.821762, 6.193929000000139 ], [ -7.82248, 6.193229000000144 ], [ -7.822790999999825, 6.192964 ], [ -7.823198, 6.192674 ], [ -7.823677, 6.192384 ], [ -7.824084, 6.192142000000104 ], [ -7.824586999999894, 6.191924 ], [ -7.826313, 6.191197 ], [ -7.826911999999822, 6.190979000000141 ], [ -7.82768, 6.190880000000107 ], [ -7.828302999999892, 6.190879 ], [ -7.828878999999858, 6.19094900000016 ], [ -7.82996, 6.191235000000177 ], [ -7.833009999999888, 6.192142000000104 ], [ -7.833685657999922, 6.192434276000085 ], [ -7.834115, 6.19262 ], [ -7.834762999999896, 6.192907000000162 ], [ -7.836181, 6.193601000000172 ], [ -7.837333999999885, 6.194224 ], [ -7.838223, 6.194438000000162 ], [ -7.840166999999894, 6.194746 ], [ -7.840670999999872, 6.194697 ], [ -7.841245999999842, 6.194599000000153 ], [ -7.841845, 6.19423600000016 ], [ -7.842515, 6.193753000000129 ], [ -7.843018, 6.193150000000173 ], [ -7.843423, 6.19233 ], [ -7.843684, 6.191342000000134 ], [ -7.844015, 6.189729000000114 ], [ -7.844061, 6.18900600000012 ], [ -7.843892, 6.188357 ], [ -7.84365, 6.187852 ], [ -7.843145, 6.18751600000013 ], [ -7.842569, 6.187253 ], [ -7.84187299999985, 6.187207000000114 ], [ -7.841345, 6.187305 ], [ -7.840073, 6.187116 ], [ -7.839401, 6.18699700000019 ], [ -7.83707, 6.1858 ], [ -7.836469, 6.185248 ], [ -7.835987, 6.184744 ], [ -7.835842999999898, 6.184431000000131 ], [ -7.836271, 6.183178 ], [ -7.836629, 6.182720000000131 ], [ -7.83706, 6.182261 ], [ -7.837849, 6.181272 ], [ -7.838303, 6.180621 ], [ -7.838852, 6.179801 ], [ -7.839067, 6.179391 ], [ -7.839566, 6.177705000000174 ], [ -7.83997, 6.176163 ], [ -7.840159, 6.175392000000102 ], [ -7.840300999999897, 6.17467 ], [ -7.840395, 6.173755 ], [ -7.840463999999884, 6.172864000000175 ], [ -7.840485, 6.171853 ], [ -7.840483, 6.171299 ], [ -7.840241999999876, 6.170698000000186 ], [ -7.839904, 6.17004900000012 ], [ -7.839399, 6.169545 ], [ -7.838797999999883, 6.169138 ], [ -7.837908, 6.168562 ], [ -7.837356, 6.168227 ], [ -7.836754999999869, 6.168012 ], [ -7.836203, 6.167893000000106 ], [ -7.835554, 6.167461 ], [ -7.834423999999899, 6.166598 ], [ -7.833702, 6.165926 ], [ -7.833533999999815, 6.165758 ], [ -7.833437, 6.165445 ], [ -7.833291, 6.164747 ], [ -7.833241999999814, 6.1643380000001 ], [ -7.833408, 6.163664000000153 ], [ -7.833599, 6.163278000000162 ], [ -7.834508, 6.162409 ], [ -7.835250999999857, 6.162046 ], [ -7.835898, 6.161755 ], [ -7.836449, 6.161585 ], [ -7.837215999999898, 6.161463 ], [ -7.838487999999813, 6.161435 ], [ -7.839807, 6.161287000000129 ], [ -7.841102, 6.161139000000105 ], [ -7.841460999999867, 6.16097 ], [ -7.841748999999879, 6.160801 ], [ -7.848071, 6.156932 ], [ -7.848956999999871, 6.156207 ], [ -7.849411999999859, 6.155821000000117 ], [ -7.850105, 6.155145000000118 ], [ -7.850559, 6.15447 ], [ -7.850893, 6.153723 ], [ -7.851130999999896, 6.153072 ], [ -7.851343, 6.151844 ], [ -7.851365999999871, 6.151242000000138 ], [ -7.851213, 6.148113 ], [ -7.85109, 6.147102 ], [ -7.850845, 6.145490000000109 ], [ -7.850723, 6.144696000000124 ], [ -7.850482, 6.144312000000127 ], [ -7.850144, 6.143783 ], [ -7.849782999999888, 6.143254000000184 ], [ -7.84915599999988, 6.142245 ], [ -7.849131, 6.141691 ], [ -7.849105, 6.140993000000151 ], [ -7.8491, 6.139453000000117 ], [ -7.849143, 6.137623 ], [ -7.849189, 6.13692500000019 ], [ -7.849447999999882, 6.13536 ], [ -7.849685, 6.134155 ], [ -7.850043, 6.133553 ], [ -7.850473, 6.133022 ], [ -7.851166, 6.132226 ], [ -7.85143, 6.13208 ], [ -7.851788999999883, 6.131742 ], [ -7.852482, 6.131067 ], [ -7.852888, 6.130464000000131 ], [ -7.853198, 6.129789 ], [ -7.853316, 6.129042 ], [ -7.853285999999855, 6.11866700000013 ], [ -7.85323, 6.115923000000123 ], [ -7.853004, 6.112602000000152 ], [ -7.852954999999895, 6.112048000000129 ], [ -7.852494999999863, 6.110581 ], [ -7.852373999999884, 6.110197 ], [ -7.852085, 6.109836 ], [ -7.851819, 6.109356000000162 ], [ -7.851504, 6.108273 ], [ -7.851282, 6.106083 ], [ -7.851305, 6.105602 ], [ -7.851326999999856, 6.105144000000166 ], [ -7.852279999999837, 6.102662000000123 ], [ -7.853352, 6.100252 ], [ -7.853614999999877, 6.099866 ], [ -7.854093, 6.099383000000103 ], [ -7.854330999999888, 6.09887700000013 ], [ -7.85476, 6.097865 ], [ -7.854974, 6.097215000000119 ], [ -7.85514, 6.096612000000164 ], [ -7.855233, 6.095384000000138 ], [ -7.855136, 6.094951 ], [ -7.854989999999873, 6.094494 ], [ -7.854869999999892, 6.09423 ], [ -7.854677, 6.094158000000164 ], [ -7.854269, 6.094087000000115 ], [ -7.853502, 6.094017 ], [ -7.852062, 6.093901000000187 ], [ -7.85151, 6.093878 ], [ -7.849472, 6.094197000000179 ], [ -7.848656999999832, 6.094368 ], [ -7.84801, 6.094586 ], [ -7.847625999999877, 6.094635 ], [ -7.846978, 6.094517000000167 ], [ -7.846474, 6.094301 ], [ -7.845945, 6.094038000000182 ], [ -7.845751999999891, 6.093750000000114 ], [ -7.845584, 6.093437000000165 ], [ -7.845559, 6.093100000000163 ], [ -7.845629, 6.092522000000145 ], [ -7.846747999999877, 6.089534000000185 ], [ -7.847011, 6.08917300000013 ], [ -7.84748999999988, 6.088979000000108 ], [ -7.847801, 6.088785 ], [ -7.847992, 6.08856800000018 ], [ -7.850235, 6.084253 ], [ -7.850497, 6.083723 ], [ -7.850734999999815, 6.083241000000157 ], [ -7.85114, 6.082204000000161 ], [ -7.851258, 6.081626 ], [ -7.851424, 6.080687 ], [ -7.851492999999891, 6.079965000000129 ], [ -7.85142, 6.079339 ], [ -7.851154, 6.078594 ], [ -7.850815, 6.077776 ], [ -7.850598, 6.077343 ], [ -7.850375122999878, 6.077150375000087 ], [ -7.850236999999822, 6.077031 ], [ -7.849660999999855, 6.0769370000001 ], [ -7.848821999999871, 6.076963 ], [ -7.848247, 6.077133000000117 ], [ -7.84772, 6.0774 ], [ -7.847288999999876, 6.07781 ], [ -7.846811, 6.078533000000164 ], [ -7.846048, 6.079980000000148 ], [ -7.845452, 6.081209 ], [ -7.845117999999843, 6.081692 ], [ -7.84471, 6.081909 ], [ -7.844231, 6.082031 ], [ -7.84356, 6.082105000000126 ], [ -7.843272, 6.082058000000131 ], [ -7.842359, 6.081868 ], [ -7.842023, 6.081796000000111 ], [ -7.841687, 6.081701 ], [ -7.841064, 6.081871 ], [ -7.840201, 6.082138 ], [ -7.838308, 6.082842 ], [ -7.837901, 6.083035000000166 ], [ -7.83747, 6.083422 ], [ -7.836967999999899, 6.083929 ], [ -7.836778, 6.084483 ], [ -7.836732, 6.08506100000011 ], [ -7.836732, 6.085157 ], [ -7.836877, 6.08559 ], [ -7.837094, 6.086071000000175 ], [ -7.837381999999877, 6.08611800000017 ], [ -7.837766, 6.086117 ], [ -7.837983, 6.086405 ], [ -7.838247999999851, 6.086958 ], [ -7.838465, 6.087415 ], [ -7.838587, 6.088016000000152 ], [ -7.838588999999899, 6.088546000000122 ], [ -7.838542, 6.089148 ], [ -7.833099, 6.097925 ], [ -7.83278799999988, 6.098407000000179 ], [ -7.832452999999873, 6.098793000000114 ], [ -7.83195, 6.099108 ], [ -7.831376, 6.099398 ], [ -7.830919999999878, 6.09952 ], [ -7.830656, 6.09952 ], [ -7.830295999999862, 6.099449 ], [ -7.828807, 6.098803 ], [ -7.827461999999855, 6.098205000000121 ], [ -7.822128999999848, 6.095572 ], [ -7.821336, 6.095117 ], [ -7.820687, 6.094685 ], [ -7.818763999999874, 6.093294 ], [ -7.818115, 6.092718 ], [ -7.817921999999839, 6.092478 ], [ -7.816716999999869, 6.090387 ], [ -7.81621, 6.08945000000017 ], [ -7.816040999999814, 6.088896000000148 ], [ -7.815703, 6.08832 ], [ -7.815366, 6.087839 ], [ -7.814356, 6.086879 ], [ -7.813731, 6.086496000000182 ], [ -7.813299, 6.086328 ], [ -7.812867, 6.086233 ], [ -7.812243, 6.086355 ], [ -7.811548, 6.086598 ], [ -7.811093999999855, 6.086936000000151 ], [ -7.810615, 6.087395000000129 ], [ -7.810329, 6.088021 ], [ -7.810235, 6.088551 ], [ -7.810308, 6.089032 ], [ -7.810669, 6.089513 ], [ -7.811006, 6.089897000000178 ], [ -7.811415, 6.090401000000156 ], [ -7.811656, 6.090738000000158 ], [ -7.811729, 6.091051000000107 ], [ -7.811543, 6.09329 ], [ -7.811352999999883, 6.093723 ], [ -7.811162, 6.094109000000174 ], [ -7.810922999999832, 6.094375000000127 ], [ -7.810659, 6.09444800000017 ], [ -7.80529, 6.09576200000015 ], [ -7.804641999999888, 6.095788 ], [ -7.803874, 6.095814000000189 ], [ -7.80329799999987, 6.095719000000145 ], [ -7.802794, 6.0956240000001 ], [ -7.802362, 6.095481000000177 ], [ -7.802025, 6.095024 ], [ -7.802048, 6.094687 ], [ -7.802191, 6.094494 ], [ -7.802311, 6.094277 ], [ -7.802309999999864, 6.093916 ], [ -7.802140999999892, 6.093556 ], [ -7.80161, 6.092426 ], [ -7.799947, 6.089831 ], [ -7.798598999999854, 6.088125000000105 ], [ -7.795051, 6.080287000000169 ], [ -7.794954, 6.079975000000104 ], [ -7.794785, 6.07959 ], [ -7.794496, 6.079133 ], [ -7.793869, 6.078148000000112 ], [ -7.793484, 6.077692 ], [ -7.793146999999863, 6.077356000000123 ], [ -7.792595, 6.077189000000146 ], [ -7.791539, 6.076806 ], [ -7.791346, 6.076590000000124 ], [ -7.791153999999892, 6.07635 ], [ -7.79059999999987, 6.075509 ], [ -7.790598999999872, 6.075220000000115 ], [ -7.790883, 6.073871 ], [ -7.791264999999839, 6.073196000000166 ], [ -7.791765999999882, 6.072521000000108 ], [ -7.792628, 6.071652000000142 ], [ -7.793035, 6.071386000000132 ], [ -7.795451, 6.069045 ], [ -7.798655, 6.065666 ], [ -7.799061999999878, 6.065208 ], [ -7.80013799999989, 6.063929 ], [ -7.801237, 6.062530000000152 ], [ -7.801451, 6.061952000000133 ], [ -7.801521, 6.061326000000179 ], [ -7.800821, 6.059643 ], [ -7.800506999999868, 6.058994000000155 ], [ -7.800194, 6.058393 ], [ -7.799857, 6.057864000000109 ], [ -7.799350999999888, 6.057239 ], [ -7.79899, 6.056807 ], [ -7.793292, 6.052273 ], [ -7.788273999999888, 6.050337 ], [ -7.783730999999875, 6.047099 ], [ -7.78349, 6.04657 ], [ -7.783225, 6.046162000000152 ], [ -7.78296, 6.045777000000101 ], [ -7.782743, 6.045489 ], [ -7.782454, 6.045129000000145 ], [ -7.782142, 6.044889000000182 ], [ -7.780222, 6.044485000000122 ], [ -7.776619, 6.042689 ], [ -7.77138, 6.039116 ], [ -7.770803, 6.038540000000125 ], [ -7.770586, 6.038204 ], [ -7.770513, 6.037819000000127 ], [ -7.771525999999881, 6.031317 ], [ -7.771717, 6.0311 ], [ -7.772053, 6.030882000000133 ], [ -7.781248, 6.025538 ], [ -7.782038, 6.025127 ], [ -7.782517999999868, 6.025029 ], [ -7.78446, 6.025024 ], [ -7.785948, 6.025116 ], [ -7.786428, 6.025211 ], [ -7.786883, 6.025210000000129 ], [ -7.787937999999883, 6.024942000000181 ], [ -7.788489, 6.0247 ], [ -7.788895999999852, 6.024458 ], [ -7.78959, 6.023879000000136 ], [ -7.789876, 6.023372000000109 ], [ -7.791162, 6.020167000000129 ], [ -7.791781, 6.01836 ], [ -7.792066, 6.017276 ], [ -7.792112, 6.01665 ], [ -7.792087, 6.016265 ], [ -7.791966, 6.015881 ], [ -7.791772999999864, 6.01542400000011 ], [ -7.791386999999872, 6.014847000000145 ], [ -7.790665, 6.013886 ], [ -7.790448, 6.013598000000172 ], [ -7.790088, 6.013334 ], [ -7.789606999999876, 6.013046000000145 ], [ -7.789127, 6.012855000000172 ], [ -7.787303, 6.012451000000112 ], [ -7.785791, 6.012094000000104 ], [ -7.785431, 6.01195 ], [ -7.785237999999879, 6.011782 ], [ -7.785021999999856, 6.011590000000126 ], [ -7.784973, 6.011374 ], [ -7.784971999999868, 6.010941 ], [ -7.785005, 6.005693000000178 ], [ -7.785027, 6.005067 ], [ -7.785218, 6.004754000000105 ], [ -7.785528999999883, 6.004392000000166 ], [ -7.785792, 6.004174 ], [ -7.786032, 6.003981 ], [ -7.788356, 6.003205 ], [ -7.788692, 6.003132 ], [ -7.789147999999898, 6.00329900000014 ], [ -7.789508, 6.003587 ], [ -7.789868, 6.003682 ], [ -7.790228, 6.003705 ], [ -7.791474999999878, 6.003581 ], [ -7.79217, 6.003315 ], [ -7.792577, 6.003097000000139 ], [ -7.79351, 6.002132 ], [ -7.793796, 6.001770000000135 ], [ -7.794603999999879, 6.000145000000146 ], [ -7.796029, 5.996201 ], [ -7.796105999999895, 5.995952000000102 ], [ -7.79616, 5.995734 ], [ -7.796148, 5.994262000000106 ], [ -7.795860999999888, 5.988435 ], [ -7.795811999999898, 5.987594000000115 ], [ -7.794267999999875, 5.98515 ], [ -7.793941, 5.984729 ], [ -7.793599, 5.984442000000115 ], [ -7.791951, 5.983501 ], [ -7.787435999999843, 5.981552 ], [ -7.786807, 5.981351000000132 ], [ -7.786309999999844, 5.981203000000164 ], [ -7.773761, 5.979109000000108 ], [ -7.770391, 5.978662 ], [ -7.769747, 5.978523000000109 ], [ -7.769149, 5.978360000000123 ], [ -7.768613, 5.978181 ], [ -7.768060999999818, 5.977956 ], [ -7.767562999999825, 5.977653 ], [ -7.767089, 5.977311 ], [ -7.766692, 5.976828000000182 ], [ -7.765623999999889, 5.974976 ], [ -7.76546, 5.974610000000155 ], [ -7.765279999999848, 5.974166 ], [ -7.765209, 5.973769 ], [ -7.765169, 5.973325 ], [ -7.765222, 5.972616000000187 ], [ -7.765398, 5.972024 ], [ -7.765621999999894, 5.971416 ], [ -7.765815, 5.970987 ], [ -7.766101, 5.970589000000189 ], [ -7.766456999999889, 5.97016 ], [ -7.766952999999887, 5.969755 ], [ -7.767348, 5.969411 ], [ -7.767603, 5.969162 ], [ -7.767881, 5.968787000000134 ], [ -7.76802, 5.968538000000137 ], [ -7.768366999999898, 5.967642 ], [ -7.768452, 5.967252 ], [ -7.768544, 5.966823000000147 ], [ -7.76855, 5.966122 ], [ -7.767807, 5.958419 ], [ -7.767666, 5.957882 ], [ -7.767485999999849, 5.957227 ], [ -7.766767, 5.955476 ], [ -7.766355, 5.954954 ], [ -7.765849, 5.954713 ], [ -7.765174, 5.954496000000177 ], [ -7.764506, 5.954380000000185 ], [ -7.763931, 5.954311000000132 ], [ -7.762798, 5.954157 ], [ -7.762184, 5.954041000000188 ], [ -7.76147, 5.953753000000177 ], [ -7.757132, 5.951329000000158 ], [ -7.756277, 5.950839000000144 ], [ -7.755857999999819, 5.950590000000147 ], [ -7.75549199999989, 5.95030300000019 ], [ -7.754869999999869, 5.949805 ], [ -7.754434, 5.949447 ], [ -7.750753, 5.945627000000172 ], [ -7.750418, 5.945215000000189 ], [ -7.750043999999889, 5.944716000000142 ], [ -7.749632, 5.944156000000135 ], [ -7.749163999999894, 5.943393 ], [ -7.748977, 5.943066 ], [ -7.748532, 5.942218 ], [ -7.74733, 5.939618 ], [ -7.745668, 5.93626200000017 ], [ -7.7446, 5.934433000000183 ], [ -7.743985, 5.933702 ], [ -7.743534, 5.933258000000137 ], [ -7.742864999999824, 5.932869 ], [ -7.742531999999869, 5.932823 ], [ -7.742144, 5.932831000000135 ], [ -7.741786999999874, 5.932949000000121 ], [ -7.741322, 5.933323 ], [ -7.741244999999878, 5.933573 ], [ -7.741168, 5.933884 ], [ -7.741061, 5.934220000000153 ], [ -7.740767, 5.934734 ], [ -7.740325999999868, 5.935319000000106 ], [ -7.740000999999893, 5.935740000000123 ], [ -7.739483, 5.936333000000161 ], [ -7.739126999999883, 5.936606 ], [ -7.738863, 5.936723 ], [ -7.738607, 5.936809 ], [ -7.738165, 5.936771 ], [ -7.737705999999889, 5.936662 ], [ -7.737357, 5.936577000000113 ], [ -7.73672, 5.936305000000175 ], [ -7.73205, 5.93406 ], [ -7.731614, 5.933796 ], [ -7.725782, 5.929152 ], [ -7.720640999999887, 5.924991 ], [ -7.720298999999898, 5.924672000000101 ], [ -7.719917, 5.924315 ], [ -7.719707, 5.923902000000112 ], [ -7.719574, 5.923637 ], [ -7.719377, 5.922547000000122 ], [ -7.71933, 5.922235 ], [ -7.719421999999838, 5.921877000000109 ], [ -7.719599, 5.921277 ], [ -7.719691, 5.920802000000151 ], [ -7.719682, 5.920311 ], [ -7.71951, 5.919929 ], [ -7.719331, 5.919634000000144 ], [ -7.719012, 5.919252000000142 ], [ -7.718483, 5.918801000000144 ], [ -7.718008999999881, 5.91842 ], [ -7.717589, 5.918109 ], [ -7.717107, 5.917782 ], [ -7.712723999999866, 5.915451 ], [ -7.705096, 5.909719000000109 ], [ -7.697406, 5.903933000000109 ], [ -7.691605, 5.899469 ], [ -7.690991, 5.898854000000142 ], [ -7.689389, 5.89761 ], [ -7.689217999999812, 5.897485000000188 ], [ -7.688984999999889, 5.897486 ], [ -7.68864399999984, 5.897541 ], [ -7.687512, 5.897893 ], [ -7.687039, 5.898088 ], [ -7.686434, 5.898385 ], [ -7.68325, 5.900554000000113 ], [ -7.682964, 5.900796 ], [ -7.679293, 5.90395500000011 ], [ -7.679145999999832, 5.90422 ], [ -7.678852999999833, 5.904836 ], [ -7.678629, 5.905343 ], [ -7.67846, 5.90594300000015 ], [ -7.678198999999893, 5.90694800000017 ], [ -7.678152999999895, 5.90747000000016 ], [ -7.678200999999888, 5.907890000000123 ], [ -7.678403999999887, 5.908326000000102 ], [ -7.680718, 5.912180000000149 ], [ -7.680943999999897, 5.912491000000102 ], [ -7.681248, 5.912794000000133 ], [ -7.681582, 5.913035 ], [ -7.682149, 5.913378000000137 ], [ -7.683438999999851, 5.913976 ], [ -7.684519, 5.914457 ], [ -7.685155999999893, 5.91479900000013 ], [ -7.685506, 5.915025000000185 ], [ -7.686121, 5.91564 ], [ -7.686813999999856, 5.916698 ], [ -7.689343, 5.925560000000189 ], [ -7.687164, 5.929278000000124 ], [ -7.686775999999895, 5.929216000000167 ], [ -7.685875, 5.929085000000157 ], [ -7.685386, 5.929062 ], [ -7.685020999999892, 5.929063 ], [ -7.683594, 5.929353000000162 ], [ -7.682903999999894, 5.929579 ], [ -7.682222, 5.929884000000186 ], [ -7.681810999999868, 5.930118 ], [ -7.68092, 5.930813000000171 ], [ -7.678598, 5.933028 ], [ -7.678318999999874, 5.933472 ], [ -7.678119, 5.933947000000103 ], [ -7.677973, 5.934750000000122 ], [ -7.677626, 5.938614 ], [ -7.677565999999842, 5.93963500000018 ], [ -7.677344, 5.940710000000138 ], [ -7.676682, 5.942993 ], [ -7.676451, 5.943617000000131 ], [ -7.675957, 5.94456 ], [ -7.675437999999872, 5.945168 ], [ -7.669796, 5.951625000000149 ], [ -7.669425, 5.95203 ], [ -7.668837, 5.952654 ], [ -7.66831, 5.953169000000173 ], [ -7.667837, 5.953411000000131 ], [ -7.667487999999878, 5.953505 ], [ -7.66717, 5.953497000000141 ], [ -7.665625, 5.953335 ], [ -7.665236999999877, 5.953258 ], [ -7.664895, 5.953071 ], [ -7.66456, 5.952752000000146 ], [ -7.664037999999891, 5.951865000000112 ], [ -7.663874, 5.951335000000142 ], [ -7.66378, 5.950946000000101 ], [ -7.663795, 5.950658 ], [ -7.663926, 5.950354000000118 ], [ -7.664258, 5.949824000000149 ], [ -7.664591, 5.949504000000161 ], [ -7.66494699999987, 5.94902100000013 ], [ -7.665171, 5.948709000000122 ], [ -7.665341, 5.948187 ], [ -7.665571999999884, 5.947439 ], [ -7.66564, 5.946776 ], [ -7.665714, 5.945483 ], [ -7.665704999999889, 5.944798000000162 ], [ -7.665634, 5.94433800000013 ], [ -7.665361, 5.943832000000157 ], [ -7.665019, 5.943373 ], [ -7.664699999999868, 5.943062 ], [ -7.663837, 5.94253300000014 ], [ -7.663479, 5.942370000000153 ], [ -7.662951, 5.942176 ], [ -7.662353, 5.941919000000155 ], [ -7.661941, 5.941663000000119 ], [ -7.661381, 5.940978 ], [ -7.661084, 5.940503 ], [ -7.660959, 5.940153 ], [ -7.660825999999872, 5.939701000000127 ], [ -7.660301, 5.937637 ], [ -7.660215, 5.937256000000161 ], [ -7.660129, 5.936851 ], [ -7.66005, 5.936461000000122 ], [ -7.659994999999867, 5.936056000000178 ], [ -7.659868, 5.935036000000139 ], [ -7.659843, 5.934444 ], [ -7.659879, 5.933112000000108 ], [ -7.660025, 5.932683000000168 ], [ -7.660272, 5.93222400000019 ], [ -7.660906999999895, 5.93134300000014 ], [ -7.661417, 5.930579000000137 ], [ -7.662034999999889, 5.929565 ], [ -7.662453, 5.928825000000131 ], [ -7.662822999999889, 5.928084000000126 ], [ -7.663054, 5.927445 ], [ -7.663532, 5.92605 ], [ -7.664363, 5.923253000000102 ], [ -7.664517, 5.922653 ], [ -7.66494, 5.918033 ], [ -7.664939, 5.917309000000159 ], [ -7.664844, 5.916646000000185 ], [ -7.664585, 5.915704 ], [ -7.664357999999822, 5.914949 ], [ -7.664257, 5.9147 ], [ -7.663991999999894, 5.914170000000126 ], [ -7.663617999999872, 5.913805000000139 ], [ -7.662996, 5.91333 ], [ -7.662554, 5.913191000000154 ], [ -7.661793, 5.913121 ], [ -7.660722, 5.913255000000106 ], [ -7.659846, 5.913661000000104 ], [ -7.659404999999879, 5.914176000000111 ], [ -7.659143, 5.914760000000115 ], [ -7.658980999999812, 5.915064 ], [ -7.658378, 5.916163 ], [ -7.658037999999863, 5.916639000000146 ], [ -7.657682, 5.916959000000134 ], [ -7.655218, 5.918551 ], [ -7.654752, 5.918746 ], [ -7.654031, 5.918778 ], [ -7.652812, 5.918694000000187 ], [ -7.652081999999893, 5.918515000000127 ], [ -7.651678, 5.918298000000107 ], [ -7.651289, 5.91795500000012 ], [ -7.65013, 5.916741 ], [ -7.647126, 5.913341000000116 ], [ -7.645257999999899, 5.911154000000181 ], [ -7.645017, 5.91085 ], [ -7.6449, 5.910523000000182 ], [ -7.64486, 5.909955 ], [ -7.64487660899988, 5.909566951000045 ], [ -7.644881999999882, 5.909441000000186 ], [ -7.645012, 5.908965 ], [ -7.645019, 5.908537 ], [ -7.645026, 5.908077000000105 ], [ -7.644869, 5.90761 ], [ -7.64462, 5.907361 ], [ -7.644254999999873, 5.907159 ], [ -7.64371199999988, 5.907113 ], [ -7.635803999999894, 5.90688 ], [ -7.628711999999894, 5.90766 ], [ -7.628378999999882, 5.907668 ], [ -7.627362, 5.907497 ], [ -7.625023, 5.906207000000109 ], [ -7.619100999999887, 5.905816 ], [ -7.61883, 5.906035 ], [ -7.618527, 5.906128 ], [ -7.617875, 5.906160000000114 ], [ -7.617604, 5.906161 ], [ -7.617332, 5.906091000000117 ], [ -7.617114, 5.90585700000014 ], [ -7.616216999999892, 5.903856000000133 ], [ -7.61603, 5.90342 ], [ -7.61592, 5.903117 ], [ -7.615701, 5.902385 ], [ -7.615520999999887, 5.90159 ], [ -7.61545, 5.901139 ], [ -7.615395, 5.900695 ], [ -7.615385999999887, 5.90014200000013 ], [ -7.615476999999885, 5.899549 ], [ -7.615538, 5.899121 ], [ -7.615599, 5.89863 ], [ -7.615796999999873, 5.896792 ], [ -7.615825, 5.895904000000144 ], [ -7.615784, 5.894868 ], [ -7.615565, 5.89426 ], [ -7.615223, 5.893902 ], [ -7.614982, 5.893739 ], [ -7.614431, 5.89356000000015 ], [ -7.614043, 5.893514 ], [ -7.613585, 5.893616000000179 ], [ -7.613081, 5.893881 ], [ -7.612802999999872, 5.894139000000109 ], [ -7.612632, 5.894302 ], [ -7.612571, 5.894754 ], [ -7.612441, 5.895276 ], [ -7.612169999999821, 5.895674 ], [ -7.611697, 5.896017 ], [ -7.611349, 5.896173 ], [ -7.610890999999867, 5.896213000000103 ], [ -7.610379, 5.896244 ], [ -7.609866, 5.896214 ], [ -7.609137, 5.896012 ], [ -7.608686, 5.895787 ], [ -7.608398, 5.8956 ], [ -7.607799999999827, 5.895118 ], [ -7.607403, 5.894698000000176 ], [ -7.606553999999846, 5.893553000000111 ], [ -7.606312999999886, 5.893219 ], [ -7.606157, 5.892868 ], [ -7.606071, 5.892471000000114 ], [ -7.606021999999882, 5.891809 ], [ -7.606083, 5.891085 ], [ -7.606027, 5.890586 ], [ -7.605628, 5.889052 ], [ -7.60547199999985, 5.888593 ], [ -7.605207, 5.88825 ], [ -7.604958, 5.888009 ], [ -7.604445, 5.88754200000011 ], [ -7.604002, 5.887293000000113 ], [ -7.603621, 5.887107 ], [ -7.602736, 5.886952000000178 ], [ -7.602209, 5.88703 ], [ -7.601813999999877, 5.887272000000166 ], [ -7.601419, 5.887592 ], [ -7.60107, 5.888005 ], [ -7.600629, 5.888535 ], [ -7.600102999999876, 5.889299 ], [ -7.599609, 5.890126 ], [ -7.599338, 5.890593 ], [ -7.599076, 5.891357000000141 ], [ -7.599008, 5.89212 ], [ -7.599005, 5.894021000000123 ], [ -7.598937999999862, 5.895182 ], [ -7.598754, 5.896086 ], [ -7.598491, 5.896444 ], [ -7.59818099999984, 5.896663 ], [ -7.595738, 5.897312000000113 ], [ -7.595389, 5.897374 ], [ -7.588980999999876, 5.898339 ], [ -7.588469, 5.898301 ], [ -7.58805, 5.898184000000128 ], [ -7.587257, 5.897796 ], [ -7.583030999999892, 5.895705 ], [ -7.582557, 5.895425000000103 ], [ -7.582293, 5.89516 ], [ -7.581911, 5.894763 ], [ -7.58127299999984, 5.893915 ], [ -7.57119299999988, 5.887297000000103 ], [ -7.570648999999833, 5.886884 ], [ -7.570244999999886, 5.88654200000019 ], [ -7.569887, 5.886207000000184 ], [ -7.56957599999987, 5.885795 ], [ -7.569249, 5.885359000000165 ], [ -7.568797, 5.884651 ], [ -7.568548, 5.884176 ], [ -7.568353, 5.883755000000122 ], [ -7.568095, 5.883226 ], [ -7.567977999999812, 5.883016000000111 ], [ -7.567597, 5.882338000000118 ], [ -7.567332, 5.88191 ], [ -7.566296, 5.880338 ], [ -7.565985, 5.879941 ], [ -7.565112999999883, 5.878921 ], [ -7.564319999999839, 5.878089000000102 ], [ -7.561583, 5.875793 ], [ -7.560169, 5.874774000000116 ], [ -7.559211999999889, 5.874051000000122 ], [ -7.557595, 5.872596 ], [ -7.556995999999856, 5.8719660000001 ], [ -7.556093, 5.870705 ], [ -7.554404, 5.868245 ], [ -7.554263, 5.867918 ], [ -7.554232, 5.867614000000117 ], [ -7.55423, 5.866936000000123 ], [ -7.554329999999879, 5.866586000000154 ], [ -7.55457, 5.866313000000105 ], [ -7.555119999999874, 5.86600900000019 ], [ -7.556329999999889, 5.865820000000156 ], [ -7.557517, 5.865796000000159 ], [ -7.558067999999821, 5.865819000000101 ], [ -7.55886, 5.865857 ], [ -7.559829999999863, 5.866027 ], [ -7.560715, 5.866299 ], [ -7.56185, 5.86689 ], [ -7.562945, 5.867621000000156 ], [ -7.563793, 5.868251 ], [ -7.564818999999829, 5.869192000000112 ], [ -7.565628, 5.86982300000011 ], [ -7.566568, 5.870406000000173 ], [ -7.567569999999876, 5.870989000000122 ], [ -7.568168, 5.871191000000124 ], [ -7.568571999999847, 5.871315 ], [ -7.568851, 5.871362 ], [ -7.569969, 5.871415000000184 ], [ -7.570402999999885, 5.871352000000115 ], [ -7.570892, 5.871258000000182 ], [ -7.571512, 5.870969 ], [ -7.572487999999851, 5.8704 ], [ -7.574247, 5.86923 ], [ -7.575556, 5.86806 ], [ -7.576236999999878, 5.867366000000175 ], [ -7.576492, 5.866883 ], [ -7.576577, 5.86661800000013 ], [ -7.576645999999869, 5.866213000000187 ], [ -7.576613999999893, 5.865862000000106 ], [ -7.576349, 5.865574 ], [ -7.576023, 5.865286 ], [ -7.575502, 5.864991000000146 ], [ -7.57492, 5.864851000000101 ], [ -7.574136, 5.864852 ], [ -7.573243999999875, 5.864939000000106 ], [ -7.572329, 5.865103 ], [ -7.570824, 5.865416000000153 ], [ -7.569606, 5.865721000000121 ], [ -7.569133, 5.865846 ], [ -7.568450999999868, 5.86605 ], [ -7.567706, 5.866136 ], [ -7.565891, 5.86613 ], [ -7.565634, 5.866060000000118 ], [ -7.565285, 5.865905000000112 ], [ -7.56485, 5.865656000000115 ], [ -7.564491999999859, 5.865205 ], [ -7.563885, 5.864418000000171 ], [ -7.563572999999849, 5.863967000000173 ], [ -7.563308, 5.863414 ], [ -7.563127999999892, 5.862861000000123 ], [ -7.56094, 5.856001 ], [ -7.560062, 5.852255 ], [ -7.559793999999897, 5.850324 ], [ -7.559723, 5.849849000000177 ], [ -7.55951, 5.84854 ], [ -7.559361, 5.847761 ], [ -7.559213, 5.847294000000147 ], [ -7.558869999999899, 5.846586000000173 ], [ -7.558215, 5.845558 ], [ -7.557950999999889, 5.845192000000111 ], [ -7.557655999999838, 5.845037000000104 ], [ -7.556358999999816, 5.844516000000169 ], [ -7.555410999999879, 5.844245000000114 ], [ -7.555115999999884, 5.844097 ], [ -7.554796999999894, 5.843832 ], [ -7.553234, 5.842159 ], [ -7.553015, 5.841638 ], [ -7.551906, 5.838219000000151 ], [ -7.551101, 5.835657 ], [ -7.550944, 5.834886 ], [ -7.550700999999833, 5.833734000000106 ], [ -7.55056, 5.833274 ], [ -7.550037, 5.831919 ], [ -7.549765, 5.831725000000176 ], [ -7.549524, 5.83156200000019 ], [ -7.548887, 5.831243 ], [ -7.54853, 5.83115800000013 ], [ -7.548040999999898, 5.831205000000125 ], [ -7.547739, 5.831415000000106 ], [ -7.546755, 5.832234 ], [ -7.546276, 5.832725000000153 ], [ -7.545719, 5.833458 ], [ -7.543911, 5.836763 ], [ -7.543500999999878, 5.837612 ], [ -7.5431, 5.838656 ], [ -7.542993, 5.839155000000119 ], [ -7.542994, 5.839591000000155 ], [ -7.543378, 5.841336000000126 ], [ -7.543682, 5.841873000000135 ], [ -7.544141, 5.842605000000106 ], [ -7.544773, 5.843889000000161 ], [ -7.544882, 5.844162000000154 ], [ -7.545296999999891, 5.845891 ], [ -7.54536, 5.846295 ], [ -7.545298999999886, 5.846646 ], [ -7.545113, 5.846888 ], [ -7.544819, 5.846981 ], [ -7.540797999999882, 5.846277 ], [ -7.540309, 5.846121 ], [ -7.539873999999884, 5.845904 ], [ -7.539337999999873, 5.845834000000139 ], [ -7.538531, 5.845811 ], [ -7.537172999999882, 5.845945 ], [ -7.536475, 5.846063 ], [ -7.535894, 5.846204 ], [ -7.534933, 5.84674200000012 ], [ -7.533871, 5.847428 ], [ -7.533353, 5.848177 ], [ -7.533106, 5.8488 ], [ -7.532580999999823, 5.849720000000161 ], [ -7.531746, 5.851115000000107 ], [ -7.531444, 5.851536000000124 ], [ -7.530871999999817, 5.852331000000163 ], [ -7.528334, 5.855332000000146 ], [ -7.527289, 5.856369000000143 ], [ -7.526367, 5.857126 ], [ -7.525739, 5.857547 ], [ -7.525274, 5.857742 ], [ -7.524381999999889, 5.857867000000113 ], [ -7.523412, 5.85771300000016 ], [ -7.517449, 5.855895 ], [ -7.516921, 5.855686000000105 ], [ -7.515762999999879, 5.855149 ], [ -7.515344, 5.854838000000143 ], [ -7.515000999999813, 5.854433 ], [ -7.513373, 5.851506000000143 ], [ -7.51321, 5.851195000000132 ], [ -7.512991, 5.850681 ], [ -7.512874, 5.850221 ], [ -7.512794999999812, 5.849848 ], [ -7.512771, 5.849442 ], [ -7.512706, 5.847978 ], [ -7.512647999999899, 5.846584000000178 ], [ -7.512615, 5.845641000000171 ], [ -7.512629, 5.844979 ], [ -7.512713, 5.84438 ], [ -7.512906, 5.843733 ], [ -7.513129999999819, 5.843296000000123 ], [ -7.513593999999841, 5.842595000000188 ], [ -7.514112, 5.841987000000131 ], [ -7.514422, 5.841698 ], [ -7.514817, 5.841464 ], [ -7.515258999999844, 5.841308 ], [ -7.515577, 5.84123 ], [ -7.516159, 5.841136 ], [ -7.517361, 5.841010000000153 ], [ -7.517989, 5.840939000000105 ], [ -7.51892, 5.840830000000153 ], [ -7.519564, 5.840735000000109 ], [ -7.520091, 5.840634000000136 ], [ -7.521068, 5.840368000000126 ], [ -7.521487, 5.840204 ], [ -7.521898, 5.839947000000109 ], [ -7.522338999999874, 5.839494000000116 ], [ -7.522670999999832, 5.83880100000016 ], [ -7.522794, 5.838326000000109 ], [ -7.522824, 5.837804 ], [ -7.522699, 5.837391 ], [ -7.522542999999871, 5.836994 ], [ -7.522262999999896, 5.836792 ], [ -7.520905, 5.836684000000162 ], [ -7.520447, 5.836708000000158 ], [ -7.519469999999899, 5.837043000000165 ], [ -7.51892, 5.837239 ], [ -7.518587, 5.837434 ], [ -7.518153, 5.837769 ], [ -7.51792799999987, 5.837933 ], [ -7.517331, 5.837988 ], [ -7.516678999999897, 5.838012 ], [ -7.516276, 5.837981000000184 ], [ -7.507942999999898, 5.834749000000102 ], [ -7.507586, 5.834585 ], [ -7.506669, 5.834119 ], [ -7.50632, 5.83394 ], [ -7.505923, 5.833341000000132 ], [ -7.505805999999893, 5.83314600000017 ], [ -7.505494, 5.832492 ], [ -7.505439, 5.832157 ], [ -7.505391, 5.831682000000171 ], [ -7.505382999999824, 5.831332000000145 ], [ -7.505498, 5.830903 ], [ -7.50566, 5.830435 ], [ -7.505907, 5.829641 ], [ -7.506129, 5.828620000000114 ], [ -7.506159, 5.82802 ], [ -7.506088, 5.827514 ], [ -7.505947, 5.827016 ], [ -7.505557999999894, 5.826479 ], [ -7.504656, 5.825467000000174 ], [ -7.504266999999857, 5.825031 ], [ -7.499267, 5.819705 ], [ -7.49604, 5.820527 ], [ -7.490543, 5.817664 ], [ -7.486266, 5.814652 ], [ -7.485879, 5.814196 ], [ -7.485433999999827, 5.813762000000168 ], [ -7.484841, 5.813192 ], [ -7.484259, 5.812758 ], [ -7.483826, 5.812644 ], [ -7.478751, 5.811972 ], [ -7.478079, 5.811949 ], [ -7.477623, 5.811938 ], [ -7.477132, 5.811927 ], [ -7.476916, 5.812121000000104 ], [ -7.476084, 5.813342 ], [ -7.475980999999877, 5.813719000000162 ], [ -7.475662999999884, 5.819653000000187 ], [ -7.47564, 5.820121 ], [ -7.475766, 5.822152000000187 ], [ -7.47588, 5.823522 ], [ -7.475994999999898, 5.824686 ], [ -7.476098, 5.825827000000118 ], [ -7.476086, 5.826752000000113 ], [ -7.475994999999898, 5.827185 ], [ -7.475847, 5.827767 ], [ -7.474068999999872, 5.830883000000142 ], [ -7.473703999999884, 5.831408 ], [ -7.473144999999818, 5.832184000000154 ], [ -7.472483999999838, 5.833018 ], [ -7.471812, 5.833862 ], [ -7.471446999999898, 5.834239 ], [ -7.470945, 5.834832 ], [ -7.470488999999873, 5.83550600000018 ], [ -7.470283999999879, 5.836088 ], [ -7.470147, 5.836704 ], [ -7.470102, 5.837252 ], [ -7.47017, 5.837686 ], [ -7.470421, 5.838108 ], [ -7.470786, 5.838610000000131 ], [ -7.471116999999879, 5.838964000000146 ], [ -7.471345, 5.839146 ], [ -7.471619, 5.839260000000138 ], [ -7.47187, 5.839568 ], [ -7.472189, 5.839968 ], [ -7.472383, 5.840321000000131 ], [ -7.472953, 5.841828000000135 ], [ -7.47309, 5.842330000000118 ], [ -7.473136, 5.842809000000102 ], [ -7.473182, 5.843597000000159 ], [ -7.473148, 5.84419 ], [ -7.473022, 5.844658 ], [ -7.472691999999881, 5.845502000000181 ], [ -7.472498, 5.845891 ], [ -7.472235999999839, 5.846313000000123 ], [ -7.471666, 5.847215000000176 ], [ -7.471540999999888, 5.847386 ], [ -7.471186999999816, 5.847683000000188 ], [ -7.470925, 5.84793400000018 ], [ -7.470138, 5.849064 ], [ -7.46991, 5.849554 ], [ -7.469705, 5.850159 ], [ -7.469533999999896, 5.850764 ], [ -7.469466, 5.851586000000168 ], [ -7.469284, 5.853788000000122 ], [ -7.468509, 5.858684 ], [ -7.46835, 5.859369 ], [ -7.468133, 5.860236 ], [ -7.467723, 5.860967 ], [ -7.467176, 5.861857 ], [ -7.466616999999871, 5.862451000000135 ], [ -7.466114999999888, 5.862930000000119 ], [ -7.465738999999871, 5.863079 ], [ -7.465236999999831, 5.863044000000173 ], [ -7.464964, 5.862896 ], [ -7.464814999999817, 5.862679000000185 ], [ -7.459193, 5.860363 ], [ -7.455053, 5.857534000000101 ], [ -7.454688, 5.857237 ], [ -7.454403, 5.857112000000143 ], [ -7.454107, 5.8571 ], [ -7.452452999999878, 5.857158 ], [ -7.452031, 5.857295 ], [ -7.451415999999881, 5.857774 ], [ -7.451255999999887, 5.858082000000138 ], [ -7.451096, 5.859281 ], [ -7.451062, 5.860057 ], [ -7.451131, 5.860673 ], [ -7.451097, 5.860833000000184 ], [ -7.450618, 5.861358000000109 ], [ -7.450219, 5.86162000000013 ], [ -7.449763, 5.861769 ], [ -7.447321999999815, 5.862031 ], [ -7.446946, 5.862031 ], [ -7.446684, 5.861906000000147 ], [ -7.446114, 5.861518 ], [ -7.445977, 5.861290000000167 ], [ -7.443580999999881, 5.85600600000015 ], [ -7.443308, 5.85531 ], [ -7.443285, 5.855093 ], [ -7.443159, 5.853142000000105 ], [ -7.44304499999987, 5.850586 ], [ -7.443033, 5.850323000000117 ], [ -7.442942, 5.850152 ], [ -7.439863, 5.84795 ], [ -7.434856, 5.843009000000166 ], [ -7.434526, 5.842633000000149 ], [ -7.434171999999876, 5.842416000000128 ], [ -7.433806999999888, 5.842393000000186 ], [ -7.433522, 5.842439 ], [ -7.433146, 5.842633000000149 ], [ -7.432255999999882, 5.843146000000104 ], [ -7.430934, 5.843706000000111 ], [ -7.427536, 5.84507600000012 ], [ -7.426236, 5.845372000000111 ], [ -7.425814, 5.845452000000137 ], [ -7.425346999999874, 5.845395 ], [ -7.425003999999831, 5.845258 ], [ -7.424811, 5.845099 ], [ -7.423522, 5.841070000000116 ], [ -7.423408, 5.840694 ], [ -7.423305, 5.84002 ], [ -7.423248, 5.839564 ], [ -7.423202, 5.839130000000182 ], [ -7.423191, 5.838731 ], [ -7.423271, 5.838583 ], [ -7.423521, 5.838457000000119 ], [ -7.423829, 5.838343 ], [ -7.424114, 5.838411 ], [ -7.424399, 5.838537000000144 ], [ -7.424559, 5.838765 ], [ -7.424684999999897, 5.839062 ], [ -7.424729999999897, 5.83950700000014 ], [ -7.424798999999894, 5.839838000000157 ], [ -7.42496999999986, 5.840112 ], [ -7.425369, 5.84034000000014 ], [ -7.425721999999894, 5.840534 ], [ -7.426086999999882, 5.840636 ], [ -7.426566, 5.840682000000186 ], [ -7.430192, 5.840316 ], [ -7.430603, 5.840191 ], [ -7.430899, 5.840065 ], [ -7.431994, 5.839186 ], [ -7.432095999999888, 5.838924 ], [ -7.432620999999813, 5.836961000000144 ], [ -7.43286, 5.835398000000112 ], [ -7.432917, 5.833925000000136 ], [ -7.432779, 5.830913000000123 ], [ -7.432734, 5.83023900000012 ], [ -7.432597, 5.829692 ], [ -7.432243, 5.82604 ], [ -7.431968999999867, 5.822959000000139 ], [ -7.432071, 5.82208 ], [ -7.43222, 5.821475000000135 ], [ -7.435787, 5.812254000000109 ], [ -7.435935, 5.811911000000123 ], [ -7.439367, 5.805326 ], [ -7.439799999999877, 5.804527 ], [ -7.440039, 5.804230000000189 ], [ -7.440279, 5.803979 ], [ -7.440598, 5.803694 ], [ -7.441121999999837, 5.803545 ], [ -7.44150999999988, 5.8035 ], [ -7.441909, 5.803488 ], [ -7.442341999999883, 5.80343100000016 ], [ -7.44314, 5.803146 ], [ -7.443493999999873, 5.802929 ], [ -7.443813, 5.802712 ], [ -7.44395, 5.802392000000168 ], [ -7.443835, 5.799939 ], [ -7.443755999999894, 5.799585 ], [ -7.442079, 5.797406 ], [ -7.441805, 5.797132 ], [ -7.441417999999885, 5.796892 ], [ -7.440710999999851, 5.796162 ], [ -7.440642, 5.795934000000159 ], [ -7.440368, 5.792944 ], [ -7.440333999999893, 5.792088 ], [ -7.440333999999893, 5.790581 ], [ -7.440469999999891, 5.790296000000126 ], [ -7.440892, 5.789965000000109 ], [ -7.44128, 5.789634 ], [ -7.441531, 5.789406 ], [ -7.441724, 5.789178 ], [ -7.44185, 5.788824 ], [ -7.441997999999842, 5.788185000000112 ], [ -7.442066, 5.787591 ], [ -7.442133999999896, 5.786621 ], [ -7.441997, 5.785914000000162 ], [ -7.441769, 5.785195000000158 ], [ -7.441518, 5.784715 ], [ -7.441142, 5.784522 ], [ -7.440709, 5.784407000000158 ], [ -7.440412, 5.78464700000012 ], [ -7.440173, 5.785241 ], [ -7.439934, 5.785617 ], [ -7.439204, 5.786336 ], [ -7.438667999999893, 5.786793 ], [ -7.437961, 5.787341 ], [ -7.436115, 5.788494 ], [ -7.435784, 5.788642 ], [ -7.434473, 5.78895000000017 ], [ -7.434119, 5.788996 ], [ -7.433377999999891, 5.7887 ], [ -7.433126999999843, 5.788494 ], [ -7.432876, 5.788277 ], [ -7.432671, 5.787992000000145 ], [ -7.432397, 5.785767 ], [ -7.432385999999894, 5.78539000000012 ], [ -7.432397, 5.784979 ], [ -7.432534, 5.784466 ], [ -7.432579, 5.784272000000158 ], [ -7.432590999999888, 5.783256000000108 ], [ -7.432589999999891, 5.781042 ], [ -7.432556, 5.780494 ], [ -7.432293999999843, 5.77997 ], [ -7.43205399999988, 5.779627 ], [ -7.431551999999897, 5.778931 ], [ -7.431119, 5.778577 ], [ -7.430833999999834, 5.77833800000019 ], [ -7.430572, 5.778087 ], [ -7.430435, 5.777836 ], [ -7.428656, 5.77278 ], [ -7.428621, 5.772404000000165 ], [ -7.428849, 5.771525000000111 ], [ -7.429282, 5.770635 ], [ -7.431038, 5.767542 ], [ -7.431368, 5.767143 ], [ -7.431767, 5.766857 ], [ -7.436533, 5.76422 ], [ -7.44278, 5.760134000000164 ], [ -7.443065, 5.75994 ], [ -7.443463999999892, 5.75962 ], [ -7.444546999999886, 5.758524 ], [ -7.444683, 5.758239 ], [ -7.444809, 5.757965 ], [ -7.444809, 5.757623 ], [ -7.444500999999889, 5.755626000000177 ], [ -7.444420999999863, 5.755158 ], [ -7.444214999999872, 5.754713000000152 ], [ -7.443907, 5.754154 ], [ -7.442436, 5.751985 ], [ -7.442093999999884, 5.751506000000177 ], [ -7.441741, 5.751141000000189 ], [ -7.440359, 5.749356 ], [ -7.438048999999864, 5.745515 ], [ -7.436537999999871, 5.742802000000154 ], [ -7.436245999999869, 5.741963000000169 ], [ -7.435852, 5.740604000000189 ], [ -7.435173, 5.737678000000187 ], [ -7.435143, 5.737323000000117 ], [ -7.435119999999813, 5.736442 ], [ -7.435248999999828, 5.735898 ], [ -7.436165, 5.73328 ], [ -7.436523, 5.728202 ], [ -7.436492999999814, 5.727939000000163 ], [ -7.436408, 5.727682000000186 ], [ -7.43631, 5.727461 ], [ -7.436018, 5.726941000000181 ], [ -7.435725, 5.726659 ], [ -7.435444, 5.726401 ], [ -7.435231, 5.726113 ], [ -7.434797999999887, 5.725397000000157 ], [ -7.434628, 5.725096000000121 ], [ -7.434488, 5.724827 ], [ -7.434248, 5.719032 ], [ -7.434228, 5.716407 ], [ -7.434247, 5.716137000000117 ], [ -7.4344, 5.715887 ], [ -7.433763999999883, 5.712863 ], [ -7.430472999999893, 5.710753000000125 ], [ -7.43033899999989, 5.710636 ], [ -7.430321, 5.710465000000113 ], [ -7.430335, 5.709376 ], [ -7.430348, 5.709094 ], [ -7.430477, 5.708654 ], [ -7.430673999999897, 5.708189 ], [ -7.430975, 5.707504 ], [ -7.431176999999877, 5.707119 ], [ -7.43133, 5.706868 ], [ -7.431538999999816, 5.706697 ], [ -7.431960999999887, 5.706508 ], [ -7.432339999999897, 5.706252 ], [ -7.432524, 5.705934 ], [ -7.432707999999877, 5.705524 ], [ -7.432889, 5.703573 ], [ -7.432897, 5.702783 ], [ -7.432807, 5.701871 ], [ -7.432629999999847, 5.701406 ], [ -7.430300999999872, 5.695357000000115 ], [ -7.426948, 5.693675 ], [ -7.426746, 5.693613 ], [ -7.426496, 5.693619000000183 ], [ -7.423482, 5.69381600000014 ], [ -7.421396999999899, 5.694278000000168 ], [ -7.420901, 5.694399 ], [ -7.419581, 5.694201 ], [ -7.419007, 5.694066 ], [ -7.41861, 5.693937 ], [ -7.418389999999874, 5.69373400000012 ], [ -7.418281, 5.693398000000172 ], [ -7.417286, 5.68948 ], [ -7.417195, 5.689039 ], [ -7.41722099999987, 5.688544 ], [ -7.417331, 5.688342 ], [ -7.417728999999895, 5.687945000000184 ], [ -7.418983, 5.687329 ], [ -7.419759999999883, 5.6869200000001 ], [ -7.420421, 5.686438 ], [ -7.420746, 5.686169000000177 ], [ -7.421052, 5.685692000000131 ], [ -7.421188, 5.68524 ], [ -7.421005, 5.681617000000131 ], [ -7.420956, 5.681409000000144 ], [ -7.419165, 5.678579 ], [ -7.415854, 5.674094 ], [ -7.414494, 5.672654000000136 ], [ -7.414218999999889, 5.672378 ], [ -7.413931999999875, 5.672194000000104 ], [ -7.413399, 5.669819 ], [ -7.413048, 5.667836 ], [ -7.412615, 5.664409 ], [ -7.412823, 5.660829000000149 ], [ -7.41276299999987, 5.660456000000181 ], [ -7.410373, 5.653935000000104 ], [ -7.410136, 5.653433000000177 ], [ -7.409685, 5.652668000000119 ], [ -7.40576099999987, 5.646151 ], [ -7.405474, 5.645789 ], [ -7.400562, 5.641583 ], [ -7.397291, 5.639033 ], [ -7.396797, 5.638701 ], [ -7.396686999999872, 5.638511 ], [ -7.396707, 5.631138 ], [ -7.392303, 5.629736 ], [ -7.391808, 5.629766000000188 ], [ -7.389425, 5.629774000000168 ], [ -7.389266, 5.629749 ], [ -7.387714, 5.629202 ], [ -7.380489999999895, 5.626351 ], [ -7.380215, 5.626063 ], [ -7.380014, 5.625781000000188 ], [ -7.377492, 5.621824000000117 ], [ -7.377297, 5.621408 ], [ -7.377064, 5.615123 ], [ -7.37711423099995, 5.614757891000181 ], [ -7.377585, 5.611336000000108 ], [ -7.378118, 5.610811000000183 ], [ -7.379802, 5.608788000000118 ], [ -7.380011, 5.608366 ], [ -7.380157999999881, 5.607926 ], [ -7.382982, 5.598061 ], [ -7.383008, 5.597431000000142 ], [ -7.382941999999844, 5.596984000000134 ], [ -7.38272899999987, 5.596378 ], [ -7.382504, 5.595851000000152 ], [ -7.382236, 5.595337 ], [ -7.381968, 5.595073 ], [ -7.381583, 5.594962000000123 ], [ -7.380953, 5.594882 ], [ -7.380696999999884, 5.594814000000156 ], [ -7.380459, 5.594563000000164 ], [ -7.380215, 5.594214 ], [ -7.375785999999891, 5.586833 ], [ -7.374318, 5.584303 ], [ -7.373996, 5.58355 ], [ -7.373869, 5.583085 ], [ -7.373899999999878, 5.582681 ], [ -7.374066, 5.581947000000127 ], [ -7.37433, 5.58139100000011 ], [ -7.37468, 5.580816000000141 ], [ -7.374986, 5.580462000000182 ], [ -7.375230999999872, 5.580297 ], [ -7.375561, 5.580279000000132 ], [ -7.375939, 5.580384 ], [ -7.377912, 5.580987000000107 ], [ -7.378462, 5.581226000000129 ], [ -7.379144999999824, 5.581595000000107 ], [ -7.379779999999869, 5.582061000000124 ], [ -7.380151999999896, 5.582294 ], [ -7.380727, 5.582429 ], [ -7.381454, 5.582498 ], [ -7.392067999999881, 5.58317 ], [ -7.392502, 5.583091 ], [ -7.393644999999879, 5.582744000000162 ], [ -7.393994, 5.582622000000185 ], [ -7.395592, 5.58093 ], [ -7.395959, 5.580496000000153 ], [ -7.396682999999882, 5.579181 ], [ -7.396824, 5.578741 ], [ -7.396934999999871, 5.57835 ], [ -7.396997, 5.577958 ], [ -7.397022999999876, 5.577028 ], [ -7.396843999999817, 5.574709 ], [ -7.396784, 5.574011 ], [ -7.39656, 5.572842 ], [ -7.396409, 5.572291000000178 ], [ -7.395746, 5.570148000000131 ], [ -7.395157, 5.568348 ], [ -7.394504, 5.564817000000119 ], [ -7.394125, 5.558281 ], [ -7.394101, 5.557681000000173 ], [ -7.394214, 5.556402 ], [ -7.394275999999877, 5.555907000000104 ], [ -7.394417, 5.55537500000014 ], [ -7.394559, 5.554873000000157 ], [ -7.394681999999875, 5.554592000000184 ], [ -7.394994, 5.554146 ], [ -7.395337, 5.553767000000107 ], [ -7.395918, 5.553290000000118 ], [ -7.396474999999839, 5.552955000000111 ], [ -7.39675, 5.552808 ], [ -7.397203, 5.552766 ], [ -7.397594, 5.552749000000119 ], [ -7.397734999999898, 5.552688 ], [ -7.398126, 5.552315 ], [ -7.398561, 5.551814 ], [ -7.398848999999871, 5.551466000000175 ], [ -7.399088, 5.551007 ], [ -7.399254, 5.55061 ], [ -7.399652999999887, 5.546168 ], [ -7.399618, 5.545611000000122 ], [ -7.399459, 5.545335 ], [ -7.399184999999875, 5.545108 ], [ -7.39866, 5.544893 ], [ -7.397243, 5.544396000000177 ], [ -7.396748, 5.54423 ], [ -7.396191999999871, 5.544106000000113 ], [ -7.395599999999831, 5.543916 ], [ -7.395093, 5.543633 ], [ -7.394581, 5.543149 ], [ -7.391671, 5.540226 ], [ -7.389982, 5.538289 ], [ -7.388201, 5.536787000000118 ], [ -7.385595, 5.535125000000107 ], [ -7.383146999999838, 5.533567000000176 ], [ -7.382384, 5.533119 ], [ -7.381743, 5.532665000000122 ], [ -7.381609, 5.532371000000126 ], [ -7.381586, 5.531796000000156 ], [ -7.382142999999814, 5.527826000000118 ], [ -7.382193, 5.527538000000106 ], [ -7.383348, 5.524071000000106 ], [ -7.383439999999837, 5.523795 ], [ -7.384157, 5.523044 ], [ -7.384842, 5.522659 ], [ -7.387178, 5.521464 ], [ -7.387948999999878, 5.521098000000165 ], [ -7.389201999999898, 5.520720000000154 ], [ -7.390069999999866, 5.520618 ], [ -7.390553, 5.520564 ], [ -7.391378, 5.520553 ], [ -7.391995, 5.520804000000169 ], [ -7.393051, 5.521357 ], [ -7.393826, 5.521774000000164 ], [ -7.396109, 5.522818 ], [ -7.397752, 5.523402 ], [ -7.39967, 5.524023 ], [ -7.400476, 5.524140000000159 ], [ -7.400916, 5.524159000000111 ], [ -7.403904999999895, 5.523675 ], [ -7.404265999999893, 5.523583 ], [ -7.404675999999824, 5.52329 ], [ -7.405268999999862, 5.522704 ], [ -7.405656, 5.521958 ], [ -7.405729999999892, 5.521536 ], [ -7.405749, 5.521248000000128 ], [ -7.405633, 5.520918 ], [ -7.404719999999827, 5.518952 ], [ -7.404263, 5.518584 ], [ -7.403596999999877, 5.518100000000118 ], [ -7.401651, 5.516744000000187 ], [ -7.400546, 5.516021 ], [ -7.400326, 5.515947 ], [ -7.398903, 5.515382000000102 ], [ -7.397814977999928, 5.514674263000074 ], [ -7.393742571999951, 5.512025243000096 ], [ -7.393074999999897, 5.511591000000124 ], [ -7.392635999999811, 5.511248 ], [ -7.392331, 5.510959 ], [ -7.392075, 5.510549 ], [ -7.39186199999989, 5.510065000000168 ], [ -7.391746, 5.509588000000122 ], [ -7.391711, 5.509141000000113 ], [ -7.391687999999874, 5.508315000000152 ], [ -7.391768, 5.507667 ], [ -7.391922, 5.507122 ], [ -7.392658, 5.505844000000138 ], [ -7.392841, 5.505618 ], [ -7.393117, 5.505478 ], [ -7.393404, 5.505417 ], [ -7.397078, 5.50456000000014 ], [ -7.401804, 5.503356000000167 ], [ -7.402176999999824, 5.503149000000121 ], [ -7.402720999999872, 5.502837 ], [ -7.403148999999871, 5.502526 ], [ -7.403552999999874, 5.502123 ], [ -7.405053999999836, 5.500087 ], [ -7.405020999999863, 5.499321 ], [ -7.404989, 5.498695000000168 ], [ -7.404879, 5.498085000000117 ], [ -7.404565999999875, 5.497600000000148 ], [ -7.404238, 5.497037 ], [ -7.404049999999813, 5.496678 ], [ -7.403877, 5.496115 ], [ -7.403844999999876, 5.49563 ], [ -7.403969, 5.495176000000129 ], [ -7.404233, 5.494362000000137 ], [ -7.404917, 5.49314 ], [ -7.409175, 5.485560000000135 ], [ -7.409596, 5.485215 ], [ -7.409984999999892, 5.485011 ], [ -7.41305599999987, 5.484678 ], [ -7.413757, 5.48463 ], [ -7.41449, 5.484722 ], [ -7.415067, 5.48494 ], [ -7.415661, 5.485487000000148 ], [ -7.415942, 5.485753000000102 ], [ -7.416566, 5.486033 ], [ -7.416878, 5.486158 ], [ -7.41733, 5.486189000000138 ], [ -7.417843999999889, 5.486094 ], [ -7.418701, 5.485764000000131 ], [ -7.419091, 5.485529 ], [ -7.419355, 5.485153 ], [ -7.420319, 5.483759 ], [ -7.420863, 5.482803000000104 ], [ -7.424001, 5.476727 ], [ -7.424264999999878, 5.476116000000161 ], [ -7.424342999999851, 5.475647 ], [ -7.424389, 5.47520800000018 ], [ -7.424676999999861, 5.461986 ], [ -7.42452, 5.461469 ], [ -7.424114, 5.461048 ], [ -7.423708, 5.460923 ], [ -7.423208999999815, 5.460736 ], [ -7.422787, 5.460205000000144 ], [ -7.419614, 5.455187 ], [ -7.417013999999881, 5.448447 ], [ -7.416653, 5.446977 ], [ -7.416588999999874, 5.446163 ], [ -7.416866, 5.443972000000144 ], [ -7.416989, 5.443518 ], [ -7.417518, 5.442641000000151 ], [ -7.418203, 5.441936 ], [ -7.418716, 5.44132500000012 ], [ -7.41930699999989, 5.440369 ], [ -7.419881, 5.439210000000116 ], [ -7.420238, 5.438161 ], [ -7.420408, 5.437582 ], [ -7.420623, 5.435641 ], [ -7.420621, 5.43431100000015 ], [ -7.420774, 5.43273100000016 ], [ -7.420913, 5.431823000000122 ], [ -7.4213, 5.430586000000119 ], [ -7.421594999999854, 5.429975000000184 ], [ -7.422124, 5.429521 ], [ -7.422341999999844, 5.429364 ], [ -7.422982, 5.429394 ], [ -7.432558, 5.432039 ], [ -7.433447, 5.432397 ], [ -7.435101, 5.43330200000014 ], [ -7.43558499999989, 5.433645 ], [ -7.436069, 5.434145 ], [ -7.436414, 5.43499 ], [ -7.436807, 5.437164000000109 ], [ -7.436856, 5.438119 ], [ -7.436857, 5.439011000000164 ], [ -7.437045999999896, 5.439871 ], [ -7.437643, 5.442311000000188 ], [ -7.438035, 5.443531 ], [ -7.438581999999883, 5.44418700000017 ], [ -7.439034, 5.444609 ], [ -7.439548999999886, 5.444765000000189 ], [ -7.439986, 5.444748 ], [ -7.440437, 5.4445750000001 ], [ -7.440950999999814, 5.444340000000182 ], [ -7.441885999999897, 5.44386900000012 ], [ -7.446602, 5.43983900000012 ], [ -7.448485, 5.437818 ], [ -7.448796, 5.437379000000135 ], [ -7.449029, 5.436988 ], [ -7.450283, 5.432213000000104 ], [ -7.450374999999894, 5.431618 ], [ -7.450264, 5.430601000000138 ], [ -7.449888, 5.429506000000117 ], [ -7.44873, 5.426801000000125 ], [ -7.44665, 5.423519000000169 ], [ -7.445806, 5.422487 ], [ -7.445119, 5.4218 ], [ -7.442495999999835, 5.419676000000152 ], [ -7.440733, 5.41849 ], [ -7.439983, 5.417834 ], [ -7.438984, 5.416881 ], [ -7.436156, 5.413396000000148 ], [ -7.435749999999871, 5.412833 ], [ -7.431339, 5.404485 ], [ -7.431665, 5.403937000000155 ], [ -7.431757999999888, 5.40353 ], [ -7.430605, 5.395629 ], [ -7.426051999999856, 5.386123 ], [ -7.425614, 5.385435 ], [ -7.422912, 5.382592000000102 ], [ -7.420758, 5.38053 ], [ -7.419305999999892, 5.379171 ], [ -7.411627, 5.373722 ], [ -7.411128, 5.37352 ], [ -7.410550999999828, 5.373521 ], [ -7.40989599999989, 5.373303 ], [ -7.408803, 5.372632 ], [ -7.407087, 5.371429 ], [ -7.405994, 5.370305 ], [ -7.404633999999817, 5.368366 ], [ -7.404462, 5.367944000000136 ], [ -7.404336, 5.367068000000131 ], [ -7.404553, 5.366833 ], [ -7.404646, 5.36652 ], [ -7.404661, 5.366207000000145 ], [ -7.404365, 5.366020000000105 ], [ -7.403912, 5.365786000000128 ], [ -7.398391999999888, 5.364527 ], [ -7.397784, 5.364497 ], [ -7.397239, 5.364795000000186 ], [ -7.394935, 5.366191 ], [ -7.39440599999989, 5.366568 ], [ -7.390748, 5.369218 ], [ -7.390172, 5.369861000000128 ], [ -7.389627, 5.370472 ], [ -7.389208, 5.371208 ], [ -7.388913, 5.371756 ], [ -7.388509, 5.372539000000188 ], [ -7.388245, 5.373228 ], [ -7.388215, 5.373869000000127 ], [ -7.388355999999874, 5.374526000000117 ], [ -7.388873, 5.375543 ], [ -7.389015, 5.376841000000184 ], [ -7.389003, 5.378782000000172 ], [ -7.38888, 5.379893 ], [ -7.388400999999874, 5.382084 ], [ -7.387873, 5.383415000000184 ], [ -7.387454, 5.384151000000145 ], [ -7.386410999999896, 5.385107 ], [ -7.385353, 5.38586000000015 ], [ -7.384573999999873, 5.386331 ], [ -7.380023999999878, 5.387324000000149 ], [ -7.378965, 5.387466000000188 ], [ -7.37792, 5.38753000000014 ], [ -7.377187999999819, 5.387422 ], [ -7.376797, 5.387125 ], [ -7.376625, 5.386813000000132 ], [ -7.376609, 5.386296000000186 ], [ -7.376763, 5.385138 ], [ -7.37684, 5.384606000000133 ], [ -7.377166, 5.383995 ], [ -7.37819299999984, 5.382757 ], [ -7.378736999999887, 5.382146 ], [ -7.379032999999879, 5.381989000000146 ], [ -7.379562, 5.381378 ], [ -7.379966, 5.380627 ], [ -7.380509, 5.379577 ], [ -7.380851, 5.378748 ], [ -7.381733999999881, 5.375945000000115 ], [ -7.382199, 5.374458000000175 ], [ -7.382570999999871, 5.373237 ], [ -7.382771999999875, 5.371781 ], [ -7.382862999999872, 5.370811 ], [ -7.382829, 5.369278 ], [ -7.382402, 5.365711000000147 ], [ -7.382228999999825, 5.364631000000145 ], [ -7.382164, 5.363348 ], [ -7.382397, 5.36255 ], [ -7.382956, 5.361532 ], [ -7.383298, 5.360733 ], [ -7.384367999999881, 5.35777400000012 ], [ -7.384769999999833, 5.356146 ], [ -7.384894, 5.355379 ], [ -7.384906999999885, 5.354175 ], [ -7.384999, 5.34452 ], [ -7.38485699999984, 5.34347200000019 ], [ -7.384669, 5.342815 ], [ -7.383841, 5.341721 ], [ -7.382997, 5.340627000000154 ], [ -7.38256, 5.34018900000018 ], [ -7.38053, 5.338331 ], [ -7.379251, 5.337472 ], [ -7.378003, 5.336989 ], [ -7.37688, 5.3366 ], [ -7.375445999999897, 5.336430000000178 ], [ -7.374402, 5.336463 ], [ -7.373607999999876, 5.336871 ], [ -7.371192, 5.336859000000175 ], [ -7.370567999999878, 5.336813 ], [ -7.37006899999983, 5.336407 ], [ -7.36974, 5.335829 ], [ -7.369474, 5.33514 ], [ -7.369255, 5.334358000000179 ], [ -7.369330999999875, 5.333592 ], [ -7.369749999999897, 5.332214 ], [ -7.370168, 5.33104 ], [ -7.370572, 5.33017800000016 ], [ -7.37093, 5.329583000000127 ], [ -7.371987999999874, 5.328565 ], [ -7.372765, 5.32775 ], [ -7.373636, 5.326637000000119 ], [ -7.374366999999893, 5.325650000000167 ], [ -7.375237999999854, 5.324460000000101 ], [ -7.376713, 5.321657000000187 ], [ -7.377162999999882, 5.320404 ], [ -7.377598, 5.319746000000123 ], [ -7.377925, 5.319261000000154 ], [ -7.379076999999882, 5.318836 ], [ -7.379638, 5.318804 ], [ -7.383443999999884, 5.320237 ], [ -7.385668, 5.31776200000013 ], [ -7.39204, 5.315999 ], [ -7.393425, 5.315042000000119 ], [ -7.394016, 5.314446 ], [ -7.394854999999893, 5.312990000000184 ], [ -7.395554, 5.311612 ], [ -7.395911, 5.310829 ], [ -7.396096999999827, 5.310140000000104 ], [ -7.396185999999886, 5.307965 ], [ -7.39609, 5.306588 ], [ -7.396043, 5.306056 ], [ -7.395601999999883, 5.30389700000012 ], [ -7.39476999999988, 5.300550000000101 ], [ -7.394409, 5.299236000000121 ], [ -7.394081, 5.298454 ], [ -7.393472, 5.297845000000109 ], [ -7.392940999999894, 5.297126000000105 ], [ -7.392284, 5.295923 ], [ -7.391485999999873, 5.294077 ], [ -7.391233999999884, 5.293014 ], [ -7.39131, 5.291668 ], [ -7.392103, 5.290556 ], [ -7.3926, 5.289929 ], [ -7.393315999999857, 5.289380000000108 ], [ -7.394607999999891, 5.288533 ], [ -7.396056999999871, 5.288390000000106 ], [ -7.397646999999893, 5.288199000000134 ], [ -7.400451, 5.287725 ], [ -7.401588, 5.287254 ], [ -7.402584, 5.286533000000134 ], [ -7.403362, 5.28589 ], [ -7.403969, 5.285388 ], [ -7.404529, 5.284746 ], [ -7.405647999999871, 5.283007 ], [ -7.40588, 5.282287000000167 ], [ -7.405813, 5.279705 ], [ -7.405702, 5.278485 ], [ -7.405730999999889, 5.27751400000011 ], [ -7.405884, 5.275605 ], [ -7.406241, 5.274916000000132 ], [ -7.406754, 5.274164 ], [ -7.407251, 5.273616 ], [ -7.407921, 5.273161 ], [ -7.408512, 5.272941000000117 ], [ -7.409026, 5.272736 ], [ -7.409664, 5.272015 ], [ -7.410347999999885, 5.271091000000183 ], [ -7.410721, 5.27048 ], [ -7.411249, 5.269290000000183 ], [ -7.411621, 5.268210000000181 ], [ -7.412225999999862, 5.266769000000124 ], [ -7.413546, 5.264529 ], [ -7.415426, 5.261522000000127 ], [ -7.416157, 5.260801000000185 ], [ -7.417931999999894, 5.259468 ], [ -7.41892799999988, 5.258793000000139 ], [ -7.427359, 5.258982000000117 ], [ -7.428108, 5.259153 ], [ -7.428590999999869, 5.259450000000129 ], [ -7.428732, 5.259778 ], [ -7.428670999999838, 5.260169000000133 ], [ -7.428250999999875, 5.260624000000121 ], [ -7.427442, 5.261376000000155 ], [ -7.426927999999862, 5.261846000000162 ], [ -7.425077, 5.263587000000143 ], [ -7.423413, 5.265311000000111 ], [ -7.42167199999983, 5.267755 ], [ -7.421253, 5.268553000000168 ], [ -7.42097299999989, 5.269117000000108 ], [ -7.420772, 5.270056000000181 ], [ -7.420325, 5.272404000000108 ], [ -7.420095999999887, 5.275096 ], [ -7.420176, 5.276176 ], [ -7.420347999999876, 5.276629 ], [ -7.420847999999864, 5.277082 ], [ -7.421284, 5.277207000000146 ], [ -7.421783, 5.277268 ], [ -7.422671, 5.277173000000175 ], [ -7.423528, 5.277109 ], [ -7.424183, 5.277233000000138 ], [ -7.424854, 5.277607 ], [ -7.426554999999894, 5.278825 ], [ -7.427381999999852, 5.279606 ], [ -7.427992, 5.280325000000175 ], [ -7.428180999999881, 5.281467 ], [ -7.428229, 5.282406 ], [ -7.427982, 5.283345000000111 ], [ -7.427531, 5.283846 ], [ -7.426986, 5.284395000000131 ], [ -7.42641, 5.284631000000104 ], [ -7.425879999999836, 5.284694 ], [ -7.425474999999892, 5.284538 ], [ -7.42482, 5.284226 ], [ -7.424539, 5.284024 ], [ -7.423915, 5.283993000000123 ], [ -7.422357, 5.284137000000101 ], [ -7.421641, 5.284467 ], [ -7.421283, 5.284999 ], [ -7.416733, 5.293926 ], [ -7.415786, 5.295852 ], [ -7.415492, 5.296635 ], [ -7.41529, 5.297402 ], [ -7.415136999999845, 5.298670000000186 ], [ -7.415201, 5.299484000000177 ], [ -7.41556, 5.299984000000165 ], [ -7.416028, 5.300405000000183 ], [ -7.416574, 5.300577 ], [ -7.416979, 5.300592 ], [ -7.424475, 5.300047 ], [ -7.425161, 5.299952000000189 ], [ -7.429631999999856, 5.299115 ], [ -7.43066, 5.298879 ], [ -7.431469999999877, 5.298439 ], [ -7.432155, 5.297922 ], [ -7.438722, 5.292528000000175 ], [ -7.438893, 5.292324000000178 ], [ -7.439078999999822, 5.291744000000165 ], [ -7.439264, 5.290899 ], [ -7.439621999999872, 5.290382 ], [ -7.44015, 5.289724 ], [ -7.440477, 5.289317 ], [ -7.440804, 5.289097 ], [ -7.441349, 5.288987000000134 ], [ -7.443998999999849, 5.289185 ], [ -7.444668999999863, 5.289278 ], [ -7.445386, 5.28948 ], [ -7.445916999999895, 5.289714 ], [ -7.446461999999883, 5.289760000000115 ], [ -7.44903399999987, 5.289552000000128 ], [ -7.450606, 5.288908000000163 ], [ -7.451992, 5.287998000000186 ], [ -7.452754, 5.287418000000173 ], [ -7.454808, 5.285771000000125 ], [ -7.459569999999871, 5.281945000000121 ], [ -7.459943, 5.281443000000138 ], [ -7.460254, 5.280973000000131 ], [ -7.46048699999983, 5.280269 ], [ -7.460780999999884, 5.279188 ], [ -7.460904, 5.278468 ], [ -7.460870999999884, 5.277843000000189 ], [ -7.463379, 5.27686800000015 ], [ -7.467079999999896, 5.280789 ], [ -7.468204, 5.281663 ], [ -7.469421, 5.282444 ], [ -7.470872, 5.282958 ], [ -7.471494999999891, 5.283082 ], [ -7.472088, 5.283159000000182 ], [ -7.472976, 5.283079000000157 ], [ -7.473489999999856, 5.282922 ], [ -7.473941, 5.282749 ], [ -7.474236999999846, 5.282451 ], [ -7.476738999999895, 5.278660000000116 ], [ -7.477142, 5.277595 ], [ -7.477343, 5.276843 ], [ -7.477435, 5.275936000000115 ], [ -7.477526999999895, 5.275028000000134 ], [ -7.477602999999817, 5.274183 ], [ -7.477555, 5.2734 ], [ -7.477364, 5.27157 ], [ -7.477190999999834, 5.270678 ], [ -7.477172, 5.26927000000012 ], [ -7.477280999999891, 5.269004000000166 ], [ -7.478464, 5.268172 ], [ -7.47889999999984, 5.26787400000012 ], [ -7.47918, 5.267764 ], [ -7.479351, 5.267779 ], [ -7.480177, 5.267653000000109 ], [ -7.480629, 5.267495000000167 ], [ -7.480861999999888, 5.26701 ], [ -7.480985, 5.266431 ], [ -7.481078, 5.265977 ], [ -7.48106, 5.264881 ], [ -7.480856999999844, 5.264428 ], [ -7.480278999999882, 5.26405300000016 ], [ -7.479858, 5.263804000000164 ], [ -7.479343, 5.263664000000119 ], [ -7.4761, 5.26295 ], [ -7.473356, 5.262501000000157 ], [ -7.472981999999831, 5.262549 ], [ -7.470487999999875, 5.262271000000112 ], [ -7.470113999999853, 5.262131 ], [ -7.469193, 5.261523 ], [ -7.466197, 5.259196 ], [ -7.465775, 5.25879 ], [ -7.465571999999838, 5.258525 ], [ -7.465414999999894, 5.258212000000185 ], [ -7.465493, 5.257914 ], [ -7.465632, 5.257586000000117 ], [ -7.465974, 5.257115 ], [ -7.466425, 5.256426 ], [ -7.467792, 5.254092000000185 ], [ -7.467947, 5.253622 ], [ -7.468070999999838, 5.253184 ], [ -7.468007, 5.25273 ], [ -7.466667712999879, 5.246098668000172 ], [ -7.466566999999827, 5.2456 ], [ -7.466317, 5.245004000000165 ], [ -7.465784999999869, 5.244172000000106 ], [ -7.465283999999883, 5.243465 ], [ -7.464909, 5.242790000000127 ], [ -7.464565, 5.241973 ], [ -7.464407999999878, 5.241314 ], [ -7.464532999999847, 5.240340000000117 ], [ -7.46497, 5.238833000000113 ], [ -7.465361, 5.237875 ], [ -7.466064, 5.236917 ], [ -7.466907999999876, 5.236116 ], [ -7.467126999999891, 5.235943 ], [ -7.467393, 5.235849000000144 ], [ -7.46769, 5.235849000000144 ], [ -7.468081, 5.235864000000106 ], [ -7.468675, 5.23605300000014 ], [ -7.469269, 5.236194 ], [ -7.469707, 5.236272000000156 ], [ -7.470067, 5.236272000000156 ], [ -7.473929, 5.23558 ], [ -7.47432, 5.235486 ], [ -7.474523, 5.235423 ], [ -7.477915, 5.233271000000173 ], [ -7.478103, 5.23313 ], [ -7.478306, 5.232941 ], [ -7.478821999999866, 5.232030000000179 ], [ -7.483291, 5.223848000000146 ], [ -7.484666, 5.220864000000176 ], [ -7.484759, 5.22056600000019 ], [ -7.484820999999897, 5.217206 ], [ -7.484633, 5.215431 ], [ -7.484507, 5.214866 ], [ -7.484257, 5.214049000000102 ], [ -7.484038, 5.213531 ], [ -7.483709, 5.213029 ], [ -7.483364999999878, 5.212542 ], [ -7.476703, 5.2062150000001 ], [ -7.476343, 5.20598 ], [ -7.475608, 5.20550900000012 ], [ -7.474951, 5.206169 ], [ -7.474825999999894, 5.206326 ], [ -7.474825999999894, 5.206593000000112 ], [ -7.474889, 5.206907000000172 ], [ -7.474748, 5.207142 ], [ -7.474576999999897, 5.207299 ], [ -7.474233, 5.207409000000155 ], [ -7.473967, 5.20736200000016 ], [ -7.473717, 5.207268 ], [ -7.473545, 5.207001000000105 ], [ -7.472324, 5.20507 ], [ -7.470087, 5.201286000000152 ], [ -7.469837, 5.200768 ], [ -7.469695999999885, 5.20036 ], [ -7.469695999999885, 5.199857 ], [ -7.469695999999885, 5.199261 ], [ -7.469788999999878, 5.198727000000133 ], [ -7.469977, 5.19835 ], [ -7.470164999999895, 5.198114 ], [ -7.470759, 5.19791 ], [ -7.471853, 5.197627 ], [ -7.472119, 5.19747 ], [ -7.474400999999887, 5.195978 ], [ -7.474604, 5.195695000000114 ], [ -7.476542, 5.192177000000129 ], [ -7.476807, 5.19169 ], [ -7.476917, 5.19136 ], [ -7.476791, 5.190371000000141 ], [ -7.476729, 5.190088000000173 ], [ -7.47568, 5.186116000000141 ], [ -7.475461, 5.185818000000154 ], [ -7.475194999999871, 5.185504 ], [ -7.473037, 5.183902000000103 ], [ -7.472458, 5.183541 ], [ -7.472114, 5.183384 ], [ -7.471801, 5.183165 ], [ -7.471566999999879, 5.182851 ], [ -7.471535, 5.182489 ], [ -7.471565999999825, 5.181846000000121 ], [ -7.471612999999877, 5.181202000000155 ], [ -7.471830999999895, 5.179098000000124 ], [ -7.472236999999893, 5.176711000000182 ], [ -7.472518, 5.175077000000158 ], [ -7.472815, 5.173727 ], [ -7.472908, 5.172612000000129 ], [ -7.472827999999879, 5.168529 ], [ -7.472719, 5.168231 ], [ -7.472234, 5.167603 ], [ -7.471765, 5.167320000000132 ], [ -7.471515, 5.167085 ], [ -7.471217, 5.166111000000114 ], [ -7.47128, 5.16564 ], [ -7.472574999999892, 5.15992400000016 ], [ -7.47459, 5.152229 ], [ -7.474964, 5.151224 ], [ -7.477822999999887, 5.145492000000104 ], [ -7.479089, 5.144141 ], [ -7.480636, 5.142602 ], [ -7.48084, 5.142445 ], [ -7.481137, 5.142382000000168 ], [ -7.481293, 5.142429000000163 ], [ -7.481402999999887, 5.142602 ], [ -7.48185599999988, 5.143025 ], [ -7.482434, 5.141706 ], [ -7.482715, 5.141062 ], [ -7.483121, 5.140104000000179 ], [ -7.483448999999894, 5.138958 ], [ -7.483901999999887, 5.137340000000108 ], [ -7.484261, 5.13456100000019 ], [ -7.484182, 5.134090000000128 ], [ -7.48401, 5.133587 ], [ -7.483853999999837, 5.133195000000171 ], [ -7.483806, 5.132614 ], [ -7.484555, 5.127463 ], [ -7.484727, 5.127008 ], [ -7.486429, 5.123301 ], [ -7.486976, 5.122202 ], [ -7.487350999999876, 5.12195 ], [ -7.487742, 5.121840000000134 ], [ -7.488226999999881, 5.121809 ], [ -7.488929999999812, 5.122013 ], [ -7.489962, 5.122217 ], [ -7.491213, 5.12245200000018 ], [ -7.492056999999875, 5.122562000000187 ], [ -7.492698, 5.122499000000118 ], [ -7.493495, 5.122294 ], [ -7.495386999999823, 5.121556000000112 ], [ -7.496324, 5.121068 ], [ -7.496715, 5.120676000000117 ], [ -7.500604999999894, 5.115116000000171 ], [ -7.500839999999812, 5.114220000000103 ], [ -7.500996, 5.113514000000123 ], [ -7.500995, 5.112839 ], [ -7.50087, 5.112069000000133 ], [ -7.500307, 5.111268000000109 ], [ -7.49976, 5.110782 ], [ -7.49954, 5.108395 ], [ -7.501446, 5.104987000000165 ], [ -7.506507999999826, 5.098154 ], [ -7.507414, 5.096945000000176 ], [ -7.507632999999828, 5.096678000000111 ], [ -7.508367, 5.095892000000106 ], [ -7.508992, 5.095484000000113 ], [ -7.50932, 5.095295 ], [ -7.509993, 5.095295 ], [ -7.51054, 5.095295 ], [ -7.513181999999858, 5.096236000000147 ], [ -7.513729999999896, 5.096880000000112 ], [ -7.514262, 5.097901 ], [ -7.514449, 5.098419 ], [ -7.514544, 5.099628000000109 ], [ -7.514466, 5.100319000000127 ], [ -7.514325, 5.101057 ], [ -7.513857, 5.102188 ], [ -7.513404, 5.103193 ], [ -7.512888999999859, 5.104135 ], [ -7.512857, 5.104559000000108 ], [ -7.512858, 5.107056000000114 ], [ -7.512922, 5.108611000000167 ], [ -7.513094, 5.109239 ], [ -7.513375, 5.109710000000121 ], [ -7.515737, 5.112253 ], [ -7.517504, 5.113587000000109 ], [ -7.517864, 5.113681 ], [ -7.518348999999887, 5.113681 ], [ -7.525709999999833, 5.110349 ], [ -7.526085, 5.110176 ], [ -7.529132999999888, 5.108495000000175 ], [ -7.529960999999844, 5.107929 ], [ -7.530460999999889, 5.107238 ], [ -7.530852, 5.106563000000165 ], [ -7.530960999999877, 5.105841000000112 ], [ -7.530882, 5.104773 ], [ -7.530945, 5.104207 ], [ -7.531381999999894, 5.103249 ], [ -7.53275699999989, 5.101035 ], [ -7.533085, 5.100689000000159 ], [ -7.533491, 5.100281000000166 ], [ -7.537552367999922, 5.098078626000188 ], [ -7.537554406999902, 5.098077520000118 ], [ -7.539664999999843, 5.096933 ], [ -7.540227, 5.096651 ], [ -7.5424, 5.096179 ], [ -7.542744, 5.096147 ], [ -7.543087999999898, 5.096351 ], [ -7.543432, 5.096539000000178 ], [ -7.543854, 5.096602 ], [ -7.547808, 5.095077000000174 ], [ -7.54884, 5.094653000000108 ], [ -7.549231, 5.094449 ], [ -7.550309, 5.093365000000119 ], [ -7.550559, 5.093098 ], [ -7.550995999999884, 5.092155000000162 ], [ -7.551386, 5.090899000000149 ], [ -7.551511, 5.090475 ], [ -7.555292999999892, 5.087599000000125 ], [ -7.559574999999882, 5.084912 ], [ -7.560216, 5.084425 ], [ -7.560716, 5.083766 ], [ -7.561074999999846, 5.083216 ], [ -7.561356, 5.082745000000159 ], [ -7.562151, 5.078756000000169 ], [ -7.562119999999879, 5.078394 ], [ -7.56151, 5.077641 ], [ -7.559992999999849, 5.076448000000141 ], [ -7.559602, 5.076275 ], [ -7.558991999999876, 5.075695 ], [ -7.55811599999987, 5.074643 ], [ -7.557708999999875, 5.074031 ], [ -7.555847, 5.070844 ], [ -7.555487, 5.070027 ], [ -7.555237, 5.069321 ], [ -7.555346, 5.068692 ], [ -7.555860999999823, 5.067687 ], [ -7.55622, 5.066808 ], [ -7.556375999999887, 5.066211000000123 ], [ -7.556407, 5.065614 ], [ -7.55617199999989, 5.064546000000178 ], [ -7.556063, 5.064075000000116 ], [ -7.555139, 5.061752000000126 ], [ -7.554748, 5.060998 ], [ -7.554372999999885, 5.060684 ], [ -7.553871999999899, 5.060716000000184 ], [ -7.551603, 5.055974 ], [ -7.552132, 5.051027 ], [ -7.552116, 5.050415 ], [ -7.551897, 5.050038 ], [ -7.549676, 5.047087000000147 ], [ -7.549206999999853, 5.046757 ], [ -7.548878999999886, 5.046600000000183 ], [ -7.54820599999988, 5.046082000000126 ], [ -7.5478, 5.045768 ], [ -7.546611, 5.044057 ], [ -7.546282, 5.043508000000145 ], [ -7.546467999999891, 5.039236000000187 ], [ -7.546623999999895, 5.038561 ], [ -7.54678, 5.038153 ], [ -7.547075999999834, 5.037430000000143 ], [ -7.547764, 5.036582000000124 ], [ -7.549014, 5.035168 ], [ -7.549779, 5.034492 ], [ -7.551904, 5.032905 ], [ -7.552498, 5.032497 ], [ -7.553279, 5.031727 ], [ -7.553592, 5.031350000000145 ], [ -7.553795, 5.030738 ], [ -7.555104, 5.023184 ], [ -7.555259, 5.0210790000001 ], [ -7.555398, 5.018818 ], [ -7.555304, 5.01792300000011 ], [ -7.555069, 5.017091 ], [ -7.554725, 5.016557 ], [ -7.55162799999988, 5.012271000000169 ], [ -7.55119, 5.011675 ], [ -7.550486, 5.011377 ], [ -7.549658, 5.011236000000167 ], [ -7.54886, 5.010969000000102 ], [ -7.548344, 5.010624000000178 ], [ -7.54739, 5.009713 ], [ -7.543120999999871, 5.005507 ], [ -7.542511, 5.004659 ], [ -7.542182, 5.003921000000105 ], [ -7.54204099999987, 5.003277000000139 ], [ -7.541915999999844, 5.002052 ], [ -7.542008999999894, 5.001393 ], [ -7.543003999999883, 4.994347 ], [ -7.543125999999859, 4.994083 ], [ -7.547409, 4.986573 ], [ -7.547845, 4.985923 ], [ -7.549377999999876, 4.984063 ], [ -7.549884, 4.983483 ], [ -7.551575, 4.981973 ], [ -7.552935, 4.980901 ], [ -7.554452, 4.979829000000166 ], [ -7.558707, 4.977333 ], [ -7.559771, 4.976840000000152 ], [ -7.560469, 4.976401 ], [ -7.560659999999871, 4.976067000000114 ], [ -7.560746999999878, 4.975699 ], [ -7.560781, 4.975313 ], [ -7.56044699999984, 4.97335 ], [ -7.560359, 4.972877000000153 ], [ -7.559501999999895, 4.971458000000155 ], [ -7.559012, 4.971021 ], [ -7.558609999999817, 4.970741000000146 ], [ -7.558120999999858, 4.970408000000134 ], [ -7.556008, 4.969465 ], [ -7.555467, 4.969238000000132 ], [ -7.553127, 4.968593 ], [ -7.550019, 4.967897 ], [ -7.548849, 4.967881000000148 ], [ -7.543678, 4.964330000000132 ], [ -7.536443, 4.958223 ], [ -7.535849, 4.957487 ], [ -7.534782, 4.956104 ], [ -7.534397, 4.955316 ], [ -7.534257, 4.954650000000186 ], [ -7.534290999999882, 4.954019000000187 ], [ -7.534708, 4.953106000000105 ], [ -7.535109, 4.952334 ], [ -7.535353, 4.951930000000175 ], [ -7.535719, 4.951737 ], [ -7.536084999999844, 4.951754000000165 ], [ -7.536243, 4.951964000000146 ], [ -7.536854, 4.951911 ], [ -7.537272, 4.951857000000189 ], [ -7.537620999999831, 4.951787 ], [ -7.537848, 4.951541000000134 ], [ -7.538388, 4.950558000000171 ], [ -7.538630999999896, 4.950084 ], [ -7.538665, 4.949506000000156 ], [ -7.538572, 4.945088 ], [ -7.537727, 4.939654000000189 ], [ -7.53748, 4.938269000000162 ], [ -7.536919999999895, 4.936798000000124 ], [ -7.536376999999845, 4.935799 ], [ -7.535852, 4.934976000000177 ], [ -7.532618, 4.93121200000013 ], [ -7.532146, 4.930722000000117 ], [ -7.53171, 4.930389000000105 ], [ -7.530679, 4.929777 ], [ -7.52998, 4.929445000000158 ], [ -7.528111, 4.928045000000111 ], [ -7.527621, 4.927292 ], [ -7.527114, 4.926417 ], [ -7.526904, 4.925873 ], [ -7.52678, 4.924979000000121 ], [ -7.526708999999869, 4.924243000000104 ], [ -7.526707999999871, 4.923209 ], [ -7.526864, 4.922437000000116 ], [ -7.527037, 4.92161300000015 ], [ -7.527262999999891, 4.920946000000185 ], [ -7.527611, 4.920192000000156 ], [ -7.528046999999845, 4.919753 ], [ -7.528552999999874, 4.919524000000138 ], [ -7.529356, 4.919435 ], [ -7.530175999999869, 4.919522000000143 ], [ -7.531379999999899, 4.91959 ], [ -7.532428, 4.919588 ], [ -7.534103, 4.919463 ], [ -7.535411, 4.919092 ], [ -7.536283, 4.91874 ], [ -7.537592, 4.918142000000159 ], [ -7.538621, 4.917632 ], [ -7.539266, 4.917438000000175 ], [ -7.540120999999829, 4.917402 ], [ -7.540889, 4.917506000000117 ], [ -7.541553, 4.91761 ], [ -7.542356, 4.917836 ], [ -7.543455999999878, 4.918326 ], [ -7.544312, 4.918885 ], [ -7.544748999999854, 4.919323 ], [ -7.545466, 4.920707000000107 ], [ -7.546255, 4.922687000000167 ], [ -7.547076999999831, 4.924053 ], [ -7.547934, 4.925086 ], [ -7.548631999999884, 4.925400000000138 ], [ -7.549330999999881, 4.925627 ], [ -7.550324999999873, 4.92564300000015 ], [ -7.550953999999876, 4.925554 ], [ -7.560673, 4.923873 ], [ -7.561108999999817, 4.923714 ], [ -7.561998, 4.923012 ], [ -7.562695, 4.922151 ], [ -7.563061, 4.92169500000017 ], [ -7.563895, 4.919274 ], [ -7.564242, 4.917801 ], [ -7.564414999999883, 4.916784 ], [ -7.564638, 4.914241000000175 ], [ -7.564775999999824, 4.913101000000154 ], [ -7.564966, 4.911646 ], [ -7.565192, 4.911014000000137 ], [ -7.565696999999886, 4.910189000000116 ], [ -7.566185, 4.909592 ], [ -7.568679, 4.908466 ], [ -7.570405999999878, 4.907972 ], [ -7.571120999999891, 4.907936 ], [ -7.571785, 4.907953 ], [ -7.57264, 4.908109000000138 ], [ -7.574246, 4.908475 ], [ -7.574875, 4.908684000000108 ], [ -7.575556, 4.909191000000135 ], [ -7.576676, 4.91073200000011 ], [ -7.577462, 4.911608000000115 ], [ -7.578231, 4.912272000000144 ], [ -7.578913, 4.912745 ], [ -7.579107079999972, 4.912788971 ], [ -7.579681, 4.912919 ], [ -7.580483999999899, 4.91297 ], [ -7.582246, 4.912914000000171 ], [ -7.583084, 4.912668 ], [ -7.584008, 4.911895 ], [ -7.584757, 4.91149 ], [ -7.588717, 4.910098 ], [ -7.59041, 4.909868000000188 ], [ -7.592607999999871, 4.909215000000131 ], [ -7.593271, 4.908828 ], [ -7.59447299999988, 4.907897000000162 ], [ -7.594856999999877, 4.907546 ], [ -7.596164, 4.906176 ], [ -7.600168, 4.899454 ], [ -7.600393999999881, 4.898963 ], [ -7.601066999999887, 4.893912000000171 ], [ -7.601048999999819, 4.893456 ], [ -7.600852999999859, 4.890581 ], [ -7.600765, 4.890196 ], [ -7.597182, 4.887046000000169 ], [ -7.596134, 4.886294 ], [ -7.592098, 4.883531000000119 ], [ -7.589251, 4.881870000000163 ], [ -7.589094, 4.8818 ], [ -7.589076, 4.881677 ], [ -7.589215, 4.880993000000103 ], [ -7.589439999999854, 4.880116000000157 ], [ -7.591462, 4.878096 ], [ -7.591636, 4.877973000000111 ], [ -7.591193, 4.873591000000147 ], [ -7.590803999999821, 4.870138 ], [ -7.592373, 4.86885500000011 ], [ -7.592459, 4.868417000000136 ], [ -7.59118, 4.86479 ], [ -7.590883, 4.864457 ], [ -7.589431999999874, 4.863337000000115 ], [ -7.588996, 4.8631630000001 ], [ -7.588594, 4.863216 ], [ -7.588036, 4.863515 ], [ -7.587095, 4.863920000000178 ], [ -7.586589, 4.863903 ], [ -7.586082, 4.863676 ], [ -7.585855, 4.863414 ], [ -7.585294, 4.861503 ], [ -7.585171, 4.861048 ], [ -7.584994, 4.85961 ], [ -7.584958, 4.859049 ], [ -7.585219, 4.858628 ], [ -7.586213, 4.857978 ], [ -7.587607999999875, 4.857257000000118 ], [ -7.589283, 4.85679800000014 ], [ -7.589893, 4.856429000000162 ], [ -7.590310999999872, 4.856077 ], [ -7.590765, 4.855656000000124 ], [ -7.593325, 4.85246 ], [ -7.593464, 4.852109 ], [ -7.593303999999819, 4.850041 ], [ -7.593093, 4.848954 ], [ -7.592794, 4.847657 ], [ -7.592144999999846, 4.845502 ], [ -7.590884, 4.842173000000116 ], [ -7.589799, 4.840386 ], [ -7.589327, 4.839651000000174 ], [ -7.588557, 4.838811000000135 ], [ -7.586547, 4.83648200000016 ], [ -7.585883, 4.83569400000016 ], [ -7.584396, 4.833418000000108 ], [ -7.584062999999844, 4.832875000000115 ], [ -7.583521, 4.831631 ], [ -7.583293, 4.83086 ], [ -7.583134, 4.829598 ], [ -7.583168, 4.829001 ], [ -7.583480999999892, 4.828300000000127 ], [ -7.583725, 4.828001 ], [ -7.585084, 4.827017 ], [ -7.586897999999849, 4.825979000000132 ], [ -7.590716, 4.82406200000014 ], [ -7.591937, 4.823499 ], [ -7.592685200999938, 4.823127211000156 ], [ -7.593069999999898, 4.822936 ], [ -7.593732999999872, 4.822479 ], [ -7.594238, 4.821934000000113 ], [ -7.59476, 4.820846000000131 ], [ -7.595036, 4.818987000000163 ], [ -7.595241, 4.816129000000103 ], [ -7.595135, 4.81492 ], [ -7.594872, 4.814008000000115 ], [ -7.594133, 4.810608000000173 ], [ -7.593938999999864, 4.809031 ], [ -7.593833, 4.807926000000123 ], [ -7.593935999999871, 4.806892 ], [ -7.594230999999866, 4.806137 ], [ -7.594597, 4.805505 ], [ -7.594805, 4.804997 ], [ -7.594961, 4.804155 ], [ -7.595098999999834, 4.803085000000181 ], [ -7.595132, 4.80212100000017 ], [ -7.595131, 4.801139 ], [ -7.594850999999892, 4.800561 ], [ -7.593837, 4.799388 ], [ -7.58883337199984, 4.795143078000137 ], [ -7.588349999999878, 4.794733000000122 ], [ -7.586446, 4.793176 ], [ -7.583406, 4.791113000000109 ], [ -7.581799, 4.790046 ], [ -7.579808, 4.788735000000145 ], [ -7.574485, 4.787955000000125 ], [ -7.567974, 4.786809000000119 ], [ -7.56546, 4.786059 ], [ -7.564605, 4.785727000000122 ], [ -7.562771, 4.784749 ], [ -7.561983999999825, 4.783856 ], [ -7.561494999999866, 4.783226000000127 ], [ -7.561476, 4.782559 ], [ -7.563404999999875, 4.777314 ], [ -7.565282999999852, 4.77298 ], [ -7.566938, 4.771049000000176 ], [ -7.56767, 4.770066 ], [ -7.56793, 4.769522000000109 ], [ -7.568104, 4.768802 ], [ -7.568103, 4.768224 ], [ -7.56790999999987, 4.767365 ], [ -7.567647, 4.766699000000131 ], [ -7.566843, 4.765719 ], [ -7.565986999999836, 4.76486100000011 ], [ -7.565358, 4.764582000000132 ], [ -7.564519, 4.763934000000177 ], [ -7.564082, 4.763287000000105 ], [ -7.563714, 4.762428 ], [ -7.563644, 4.761727000000178 ], [ -7.563711999999896, 4.760833000000105 ], [ -7.564145, 4.758973 ], [ -7.564632, 4.757412 ], [ -7.564892, 4.756430000000137 ], [ -7.565289999999891, 4.754676000000131 ], [ -7.565531999999848, 4.75287 ], [ -7.565306, 4.750171 ], [ -7.564179, 4.747539 ], [ -7.563237, 4.745503 ], [ -7.562974, 4.745015000000137 ], [ -7.562356, 4.743924000000106 ], [ -7.561985999999877, 4.743281 ], [ -7.561468, 4.742499000000123 ], [ -7.560603, 4.741083 ], [ -7.56020199999989, 4.740107 ], [ -7.559962, 4.73931 ], [ -7.559862, 4.738412 ], [ -7.559747, 4.737019 ], [ -7.559754, 4.735424 ], [ -7.559816, 4.734155 ], [ -7.559894, 4.732645000000161 ], [ -7.560033, 4.731507000000136 ], [ -7.560435, 4.729371000000185 ], [ -7.560682, 4.728473000000122 ], [ -7.560984, 4.727637 ], [ -7.56161, 4.726004000000103 ], [ -7.562567999999828, 4.723163 ], [ -7.563433, 4.719540000000109 ], [ -7.563533999999891, 4.718596 ], [ -7.563519, 4.717241000000172 ], [ -7.563395, 4.71625 ], [ -7.563023999999814, 4.715360000000146 ], [ -7.561588, 4.712039000000175 ], [ -7.560932, 4.710669000000109 ], [ -7.560413999999867, 4.709756 ], [ -7.559071, 4.707534 ], [ -7.558745999999871, 4.706984 ], [ -7.55843, 4.706264 ], [ -7.558197999999834, 4.705575000000181 ], [ -7.557974, 4.704608000000121 ], [ -7.557929, 4.699669 ], [ -7.557968, 4.697138 ], [ -7.558014, 4.695094 ], [ -7.558083999999894, 4.69400300000018 ], [ -7.558177, 4.693051 ], [ -7.558292999999878, 4.692718 ], [ -7.55888, 4.69175 ], [ -7.559204, 4.691371000000174 ], [ -7.559436, 4.691232 ], [ -7.559637, 4.691131 ], [ -7.560401, 4.69110000000012 ], [ -7.560786999999891, 4.691247 ], [ -7.561421, 4.69144800000015 ], [ -7.562023, 4.691588 ], [ -7.562417, 4.691619000000117 ], [ -7.56452599999983, 4.691704000000186 ], [ -7.565490999999895, 4.691727000000128 ], [ -7.565939, 4.691696 ], [ -7.566734999999881, 4.691588 ], [ -7.567321999999876, 4.691449 ], [ -7.567955, 4.691271 ], [ -7.568233, 4.691162000000134 ], [ -7.568534999999883, 4.690922000000171 ], [ -7.570024999999873, 4.689506 ], [ -7.570743999999877, 4.688724 ], [ -7.571153, 4.688097 ], [ -7.571431, 4.687632 ], [ -7.571531999999877, 4.687129 ], [ -7.57161699999989, 4.686332000000164 ], [ -7.571547, 4.685751 ], [ -7.569918, 4.681540000000155 ], [ -7.569331, 4.680317 ], [ -7.568867999999895, 4.679474 ], [ -7.566513, 4.675750000000164 ], [ -7.565825, 4.674937 ], [ -7.565446999999892, 4.674535 ], [ -7.564489, 4.673683 ], [ -7.563593, 4.672956000000113 ], [ -7.562605, 4.672112 ], [ -7.56194099999982, 4.671477 ], [ -7.561045, 4.670432000000176 ], [ -7.560658999999873, 4.669759 ], [ -7.560342, 4.669201000000101 ], [ -7.560126, 4.668768000000171 ], [ -7.560025, 4.668210000000158 ], [ -7.560049, 4.667847000000165 ], [ -7.560288, 4.667622 ], [ -7.560574, 4.667521 ], [ -7.563987999999881, 4.66674 ], [ -7.565478999999812, 4.666415000000143 ], [ -7.566591, 4.666298 ], [ -7.567896, 4.665997 ], [ -7.570476, 4.664835000000153 ], [ -7.572036, 4.663729000000103 ], [ -7.572685, 4.663009 ], [ -7.575961038999878, 4.657572965000156 ], [ -7.575962224999955, 4.657570997000164 ], [ -7.576184, 4.657203 ], [ -7.576516, 4.65639 ], [ -7.576771, 4.655717000000152 ], [ -7.576926, 4.654865 ], [ -7.576895, 4.653998 ], [ -7.576701999999898, 4.653433000000177 ], [ -7.575343, 4.650863000000186 ], [ -7.575195999999892, 4.650608 ], [ -7.574407999999892, 4.649965000000122 ], [ -7.574075999999877, 4.649803 ], [ -7.573774999999841, 4.649663 ], [ -7.573326999999892, 4.649462 ], [ -7.572825, 4.649346 ], [ -7.572084, 4.649323 ], [ -7.570956, 4.649764000000175 ], [ -7.570585, 4.650019000000157 ], [ -7.570122, 4.650213 ], [ -7.569041, 4.650329 ], [ -7.568066999999871, 4.650383 ], [ -7.566917, 4.650383 ], [ -7.566222, 4.650252 ], [ -7.56555, 4.650097000000187 ], [ -7.563758, 4.649369 ], [ -7.563023999999814, 4.648897 ], [ -7.562476, 4.648293000000137 ], [ -7.561835, 4.647310000000175 ], [ -7.561148, 4.646087 ], [ -7.559911999999883, 4.643796 ], [ -7.559094, 4.64224 ], [ -7.558183, 4.640235 ], [ -7.557055, 4.637348000000145 ], [ -7.556854, 4.636721000000136 ], [ -7.556677, 4.6359 ], [ -7.556314, 4.63410400000015 ], [ -7.556167, 4.633214 ], [ -7.555635, 4.629460000000108 ], [ -7.555481, 4.625326 ], [ -7.555542999999886, 4.62322 ], [ -7.555574, 4.620372 ], [ -7.555528, 4.619969 ], [ -7.555411999999876, 4.619427 ], [ -7.555281, 4.619079 ], [ -7.55342, 4.616192000000126 ], [ -7.553065, 4.615665 ], [ -7.552909999999883, 4.615487 ], [ -7.55200699999989, 4.614582 ], [ -7.551574, 4.61421 ], [ -7.551249999999868, 4.614164000000187 ], [ -7.550825, 4.613931 ], [ -7.550138, 4.613366 ], [ -7.549512, 4.612701 ], [ -7.54874, 4.611431 ], [ -7.548686, 4.611044000000106 ], [ -7.548609, 4.609953 ], [ -7.548578, 4.609511000000111 ], [ -7.549806, 4.608079000000146 ], [ -7.550701999999887, 4.607034000000169 ], [ -7.551135, 4.606461 ], [ -7.552139, 4.604813 ], [ -7.552663999999879, 4.603938000000142 ], [ -7.553529, 4.602405000000147 ], [ -7.554217, 4.601012 ], [ -7.554719, 4.599742 ], [ -7.55495, 4.599146000000133 ], [ -7.556063, 4.597087000000158 ], [ -7.557291, 4.595036 ], [ -7.55848, 4.593302000000108 ], [ -7.559214, 4.592450000000156 ], [ -7.559762, 4.591994000000113 ], [ -7.560102, 4.591808000000128 ], [ -7.560565, 4.591591000000165 ], [ -7.561523, 4.591398 ], [ -7.562627, 4.591289000000188 ], [ -7.56378599999988, 4.591235 ], [ -7.565168, 4.591305 ], [ -7.565616, 4.591367000000105 ], [ -7.566141, 4.591382 ], [ -7.566781999999876, 4.591351 ], [ -7.568049, 4.591204000000118 ], [ -7.569237999999871, 4.591041000000132 ], [ -7.570403999999883, 4.59077 ], [ -7.571586, 4.590252 ], [ -7.572041999999897, 4.589958 ], [ -7.572605, 4.589408000000162 ], [ -7.573037999999883, 4.588719 ], [ -7.573208, 4.588193 ], [ -7.57364, 4.586815 ], [ -7.573718, 4.586559 ], [ -7.574157999999898, 4.584671 ], [ -7.574203999999895, 4.584113000000116 ], [ -7.57361, 4.581853 ], [ -7.573146, 4.581195 ], [ -7.572319999999877, 4.580181 ], [ -7.571795, 4.580127000000175 ], [ -7.571455, 4.580119 ], [ -7.569386, 4.578455 ], [ -7.568436, 4.577572 ], [ -7.566119, 4.5749560000001 ], [ -7.565687, 4.574437000000103 ], [ -7.563331999999889, 4.571527 ], [ -7.559948999999847, 4.566774 ], [ -7.559594, 4.566248 ], [ -7.558977, 4.565086 ], [ -7.558691, 4.564390000000174 ], [ -7.558544, 4.56336 ], [ -7.558398, 4.561928 ], [ -7.558483, 4.561448 ], [ -7.558707, 4.561092000000144 ], [ -7.559463, 4.56051900000017 ], [ -7.560267, 4.559861 ], [ -7.560637, 4.55935 ], [ -7.561023, 4.558677000000159 ], [ -7.561331999999879, 4.558004 ], [ -7.561518, 4.557137000000125 ], [ -7.561688, 4.555635000000166 ], [ -7.561549, 4.554265000000157 ], [ -7.561232, 4.553173 ], [ -7.560769, 4.551873000000114 ], [ -7.560490999999843, 4.551602 ], [ -7.560167, 4.551470000000165 ], [ -7.55992, 4.551346 ], [ -7.559726, 4.551137000000153 ], [ -7.559047, 4.54962 ], [ -7.558383, 4.547553000000107 ], [ -7.557511, 4.544264000000112 ], [ -7.557403, 4.543327 ], [ -7.557549, 4.542592000000127 ], [ -7.557874, 4.542150000000163 ], [ -7.558036, 4.541988 ], [ -7.558375999999896, 4.541864 ], [ -7.558754, 4.541833 ], [ -7.55928699999987, 4.541988 ], [ -7.560677, 4.542769 ], [ -7.561031999999841, 4.542971 ], [ -7.561642, 4.543466000000137 ], [ -7.56209, 4.543698000000177 ], [ -7.562452999999891, 4.543675 ], [ -7.562877999999898, 4.543543000000113 ], [ -7.563494999999875, 4.543071000000168 ], [ -7.563788999999872, 4.542560000000151 ], [ -7.565372, 4.537591 ], [ -7.565836, 4.535771000000125 ], [ -7.565805, 4.535439000000167 ], [ -7.565317999999877, 4.532226 ], [ -7.565195, 4.531677000000116 ], [ -7.564746999999898, 4.530043 ], [ -7.564376, 4.529145 ], [ -7.563040999999885, 4.526297000000113 ], [ -7.56179, 4.523967 ], [ -7.559496, 4.520631 ], [ -7.557442, 4.518455000000188 ], [ -7.556887, 4.518061000000102 ], [ -7.556508, 4.517712000000188 ], [ -7.555342, 4.516536 ], [ -7.554955999999891, 4.516048000000126 ], [ -7.554323, 4.515119 ], [ -7.554099, 4.514779000000146 ], [ -7.553396, 4.513579000000163 ], [ -7.553211, 4.513076 ], [ -7.552771, 4.511744 ], [ -7.552694, 4.51138 ], [ -7.552594, 4.510274 ], [ -7.552733, 4.509499 ], [ -7.552972, 4.508787000000154 ], [ -7.553358, 4.508176 ], [ -7.553921999999886, 4.507371 ], [ -7.554879, 4.506155000000149 ], [ -7.555822, 4.50501 ], [ -7.556393, 4.504205 ], [ -7.556594, 4.503910000000189 ], [ -7.557234999999821, 4.502447000000132 ], [ -7.557335, 4.501511000000107 ], [ -7.557453999999893, 4.500163000000157 ], [ -7.55748, 4.498734 ], [ -7.557341, 4.496982 ], [ -7.556853, 4.495819 ], [ -7.556326999999897, 4.494718 ], [ -7.555139, 4.492254000000173 ], [ -7.554801, 4.491603000000111 ], [ -7.554551, 4.491141 ], [ -7.554400999999814, 4.490866 ], [ -7.554251, 4.490615000000105 ], [ -7.553651, 4.48972700000013 ], [ -7.553401, 4.489365 ], [ -7.553226, 4.489152 ], [ -7.55316299999987, 4.488714000000186 ], [ -7.553225, 4.488389 ], [ -7.554034999999885, 4.487350000000106 ], [ -7.555008, 4.486511000000178 ], [ -7.55673, 4.485334000000137 ], [ -7.557703999999887, 4.484783 ], [ -7.558464999999899, 4.484395 ], [ -7.559027, 4.484019 ], [ -7.559738, 4.483343 ], [ -7.560299, 4.482617 ], [ -7.561072, 4.481540000000109 ], [ -7.561595, 4.480539 ], [ -7.562007, 4.479701000000148 ], [ -7.565893, 4.470602 ], [ -7.56619199999983, 4.469676 ], [ -7.566664999999887, 4.467799000000184 ], [ -7.567821, 4.462543000000153 ], [ -7.568015971999955, 4.46018561600016 ], [ -7.568029999999851, 4.460016000000167 ], [ -7.56799199999989, 4.459002000000112 ], [ -7.567928, 4.457989000000111 ], [ -7.567652999999837, 4.457013000000188 ], [ -7.567402, 4.456225000000188 ], [ -7.566952, 4.455562 ], [ -7.56202699999983, 4.449447 ], [ -7.560527, 4.447759000000133 ], [ -7.559902, 4.447159 ], [ -7.558303, 4.445996 ], [ -7.557316, 4.445484 ], [ -7.551433, 4.442797 ], [ -7.550196, 4.442360000000178 ], [ -7.54906, 4.44224800000012 ], [ -7.548123, 4.441824 ], [ -7.54230299999989, 4.439075000000173 ], [ -7.541928, 4.438774000000137 ], [ -7.541603, 4.43848700000018 ], [ -7.541128, 4.437762 ], [ -7.540802, 4.437036 ], [ -7.540864, 4.436536 ], [ -7.541362, 4.434996000000183 ], [ -7.546664999999848, 4.431615 ], [ -7.548225, 4.430626 ], [ -7.551394, 4.42891 ], [ -7.551906, 4.428621 ], [ -7.553327999999851, 4.427657 ], [ -7.556371999999897, 4.425291 ], [ -7.55886699999985, 4.423175000000128 ], [ -7.560426, 4.421685000000139 ], [ -7.560888, 4.421171 ], [ -7.561386, 4.420508 ], [ -7.562035, 4.419457 ], [ -7.567952999999875, 4.40818 ], [ -7.568439, 4.407166000000188 ], [ -7.568601, 4.406778 ], [ -7.569944999999848, 4.402273 ], [ -7.570117999999866, 4.40009600000019 ], [ -7.570167, 4.399145 ], [ -7.570026999999868, 4.396480000000111 ], [ -7.569813, 4.395642 ], [ -7.569274999999834, 4.393840000000182 ], [ -7.568648999999823, 4.392402 ], [ -7.567848, 4.390813 ], [ -7.567286, 4.390076000000136 ], [ -7.564958272999888, 4.387234685000124 ], [ -7.555163873999959, 4.375670214000138 ], [ -7.54961764799998, 4.372012065000035 ], [ -7.543363392999936, 4.373192113000187 ], [ -7.538997214999938, 4.370359998000026 ], [ -7.536637118999977, 4.367999902000179 ], [ -7.532388945999912, 4.365757811000037 ], [ -7.528140772999961, 4.365403796000123 ], [ -7.527197190999971, 4.362330886000052 ], [ -7.532003009999869, 4.362469975000124 ], [ -7.542851546999884, 4.361558741000067 ], [ -7.552208783999959, 4.361238044000061 ], [ -7.567630412999904, 4.36034833399998 ], [ -7.583534717999896, 4.357532978000108 ], [ -7.594025124999973, 4.355603218000113 ], [ -7.603280067999947, 4.353056908000156 ], [ -7.608778953999888, 4.35355091100007 ], [ -7.611367224999924, 4.354793072000064 ], [ -7.620435712999836, 4.359143734000156 ], [ -7.631986057999939, 4.363017462000016 ], [ -7.65708112599998, 4.365119933000187 ], [ -7.706112859999962, 4.370020867000164 ], [ -7.719770714999981, 4.370728277000069 ], [ -7.726591819999953, 4.366872870000179 ], [ -7.730150657999957, 4.367169439000122 ], [ -7.726026057999945, 4.375432014000125 ], [ -7.729557517999922, 4.379328801000042 ], [ -7.737861471999963, 4.382294499000125 ], [ -7.755310057999964, 4.385728836000169 ], [ -7.780731200999924, 4.390252113000031 ], [ -7.78278016999991, 4.392563820000078 ], [ -7.782765609999956, 4.399469415999988 ], [ -7.786155223999913, 4.403162956000074 ], [ -7.803066252999884, 4.41223430600013 ], [ -7.81129022999994, 4.414983833000178 ], [ -7.826177119999954, 4.419960975000038 ], [ -7.826377867999952, 4.42479181300007 ], [ -7.823500156999955, 4.425952911000024 ], [ -7.821321010999952, 4.42683219900016 ], [ -7.817862987999945, 4.430030824000028 ], [ -7.819553147999954, 4.435992296000165 ], [ -7.82149415299989, 4.440125608000017 ], [ -7.824163280999926, 4.443981015000077 ], [ -7.828315257999918, 4.448429562 ], [ -7.831577525999933, 4.452581539000107 ], [ -7.833780951999927, 4.45513014200003 ], [ -7.833798381999941, 4.455150302999982 ], [ -7.836226636999925, 4.457958956000141 ], [ -7.850518198999907, 4.465634053000031 ], [ -7.862163174999921, 4.470927224000036 ], [ -7.88749790199995, 4.47988891600005 ], [ -7.897805213999845, 4.481790065000098 ], [ -7.910168519999957, 4.485797354999988 ], [ -7.92046308599987, 4.489050866000184 ], [ -7.923889159999931, 4.491371155000024 ], [ -7.932592869999951, 4.492802143000119 ], [ -7.940418637999869, 4.496473868000066 ], [ -7.941011777999961, 4.500922414000115 ], [ -7.943626808999966, 4.50556939900008 ], [ -7.957705020999924, 4.51180601100009 ], [ -7.983808994999833, 4.518166066000049 ], [ -8.006850270999962, 4.52375828800001 ], [ -8.041644382999891, 4.530154272000061 ], [ -8.042211532999943, 4.530230046000099 ], [ -8.051928878999888, 4.532062242 ], [ -8.057378709999966, 4.533096532000172 ], [ -8.058641704999957, 4.53333622800011 ], [ -8.063515661999872, 4.534261227000172 ], [ -8.081823347999887, 4.540574074000119 ], [ -8.127167700999962, 4.551177979000101 ], [ -8.175134658999923, 4.556053161000023 ], [ -8.191798209999945, 4.557745933000149 ], [ -8.217445373999965, 4.564095974000168 ], [ -8.230031966999888, 4.56899499900004 ], [ -8.246478660999912, 4.571209454000041 ], [ -8.255079184999943, 4.57387858300018 ], [ -8.256167098999981, 4.577359906000027 ], [ -8.256174786999907, 4.57738450800008 ], [ -8.256562033999955, 4.578623699000048 ], [ -8.262196859999904, 4.582479106000108 ], [ -8.267652647999967, 4.590507258000173 ], [ -8.284439593999878, 4.59641788600004 ], [ -8.293040117999965, 4.599976724000157 ], [ -8.295412675999899, 4.607984108000096 ], [ -8.304153336999946, 4.616741330000082 ], [ -8.313206862999948, 4.622219458000188 ], [ -8.322697096999946, 4.627557714000091 ], [ -8.335108000999981, 4.633162915000185 ], [ -8.341459806999922, 4.634750866 ], [ -8.345061406999946, 4.638278603000117 ], [ -8.37057224699987, 4.643484598000043 ], [ -8.382746539999971, 4.646395842 ], [ -8.396802755999943, 4.649633658000027 ], [ -8.39689432699987, 4.649654751000128 ], [ -8.400101811999946, 4.650393588000043 ], [ -8.407889101999899, 4.651953672000161 ], [ -8.409808158999965, 4.657347203000143 ], [ -8.428275941999971, 4.661959810000099 ], [ -8.433740299999954, 4.666439462000028 ], [ -8.44123607999984, 4.668627160000028 ], [ -8.451111814999933, 4.674415741000189 ], [ -8.450745581999911, 4.682311057999982 ], [ -8.457932919999962, 4.685092253000164 ], [ -8.468312862999937, 4.690133940000123 ], [ -8.474278949999928, 4.701251246000027 ], [ -8.474282685999981, 4.70125820800007 ], [ -8.475377031999926, 4.703297430000021 ], [ -8.488874617999898, 4.713619114000153 ], [ -8.497608349999837, 4.716530358000171 ], [ -8.508194691999904, 4.723146821000057 ], [ -8.512892877999889, 4.72909431 ], [ -8.539786181999887, 4.742330223000124 ], [ -8.557580369999869, 4.750634177000109 ], [ -8.570332870999948, 4.755675862999965 ], [ -8.572362484999928, 4.757680984000046 ], [ -8.572363228999961, 4.757681719 ], [ -8.573036036999952, 4.758346408000023 ], [ -8.576942861999896, 4.761506826000073 ], [ -8.592575604999922, 4.76546266600019 ], [ -8.599396709999951, 4.76872493400009 ], [ -8.605624674999945, 4.774952900000073 ], [ -8.62223258399996, 4.780587726000022 ], [ -8.629350258999864, 4.780884295000135 ], [ -8.632612525999946, 4.783849993 ], [ -8.637357642999973, 4.784739703000071 ], [ -8.671759737999821, 4.796009355000137 ], [ -8.674132296999915, 4.800457901000129 ], [ -8.678284273999907, 4.800754471000175 ], [ -8.680360261999908, 4.800457901000129 ], [ -8.687774506999972, 4.801644181000029 ], [ -8.693696021999926, 4.804353714000172 ], [ -8.709868725999854, 4.806202779000103 ], [ -8.709883673999911, 4.806204488000162 ], [ -8.711500089999902, 4.806389297000067 ], [ -8.723066311999901, 4.813803542000073 ], [ -8.719095229999937, 4.817124844000091 ], [ -8.722604851999904, 4.82544692700003 ], [ -8.727796359999843, 4.829508907000047 ], [ -8.752426720999949, 4.83634284599998 ], [ -8.762105941999835, 4.840559005000046 ], [ -8.769034628999975, 4.841681102000109 ], [ -8.786592482999936, 4.852405071000021 ], [ -8.792307852999954, 4.856801033000124 ], [ -8.797771451999949, 4.865564825000149 ], [ -8.804397583999901, 4.870885849000047 ], [ -8.807568549999814, 4.879408837000028 ], [ -8.810995101999822, 4.882414818000143 ], [ -8.84464836099994, 4.896831989000077 ], [ -8.847385406999933, 4.900292873000126 ], [ -8.848510742999963, 4.904898167000113 ], [ -8.847574233999921, 4.908802986000182 ], [ -8.854878424999981, 4.916655064000054 ], [ -8.861507414999892, 4.920291902000088 ], [ -8.87342348999988, 4.928521855000042 ], [ -8.885311126999966, 4.933353902000079 ], [ -8.907292365999979, 4.942655086000173 ], [ -8.911401748999936, 4.946813106000093 ], [ -8.914180905999842, 4.946518637000167 ], [ -8.916298174999952, 4.947312612000019 ], [ -8.919062618999874, 4.948646130000043 ], [ -8.919080337999958, 4.94865467700015 ], [ -8.920747744999971, 4.949459004000175 ], [ -8.92354869899998, 4.949627876000136 ], [ -8.935619354999972, 4.954050063000182 ], [ -8.954697609999869, 4.961039066000126 ], [ -8.996636390999981, 4.971117020000179 ], [ -9.00675842999982, 4.972890930000062 ], [ -9.029042715999935, 4.978806980000172 ], [ -9.030546468999944, 4.979558857000086 ], [ -9.031007389999957, 4.979789316999984 ], [ -9.041746326999885, 4.985158785000181 ], [ -9.03876495399993, 4.990162850000047 ], [ -9.035911738999971, 4.990799410000136 ], [ -9.030935286999977, 4.996566295000093 ], [ -9.035064696999939, 5.0 ], [ -9.041221617999895, 5.005119799999989 ], [ -9.047304155999939, 5.010830664000025 ], [ -9.052332668999952, 5.014271225000016 ], [ -9.066094912999915, 5.021681664000084 ], [ -9.080945746999816, 5.02801152800015 ], [ -9.080950824999945, 5.028013692000115 ], [ -9.082239084999969, 5.028562787000169 ], [ -9.094318390999945, 5.034789086000103 ], [ -9.104735060999928, 5.038355153000055 ], [ -9.115847586999962, 5.04362106300016 ], [ -9.124542234999922, 5.049178123000047 ], [ -9.124756813999909, 5.052397727000027 ], [ -9.124319793999916, 5.055822617000047 ], [ -9.123790476999886, 5.058998519999989 ], [ -9.12590774499995, 5.062703740000188 ], [ -9.131465574999879, 5.065879642000027 ], [ -9.139405330999921, 5.068526228000167 ], [ -9.145492477999824, 5.070643496 ], [ -9.150595663999979, 5.072975159000123 ], [ -9.16135597199991, 5.078310013000134 ], [ -9.16692981999995, 5.08017120400018 ], [ -9.173028945999931, 5.085029125000062 ], [ -9.185455918999878, 5.092874814000027 ], [ -9.196042260999889, 5.098961960999986 ], [ -9.200276796999958, 5.102137863000053 ], [ -9.201400902999978, 5.106398259000116 ], [ -9.202306433999922, 5.109830249000083 ], [ -9.212715748999926, 5.112988863999988 ], [ -9.229389237999897, 5.119605327999977 ], [ -9.242092847999857, 5.126221791000035 ], [ -9.251515403999917, 5.127974825000138 ], [ -9.253473165999822, 5.128339059999973 ], [ -9.257972360999929, 5.13204427900007 ], [ -9.268249511999841, 5.140158176000057 ], [ -9.279020308999975, 5.144112110000151 ], [ -9.288654325999971, 5.14484214800018 ], [ -9.29687716799998, 5.148453109000059 ], [ -9.296347850999894, 5.151893670000049 ], [ -9.287878776999946, 5.150835036000046 ], [ -9.287176132999889, 5.154574870000033 ], [ -9.286546706999957, 5.154950143000121 ], [ -9.279864309999937, 5.161359787000038 ], [ -9.275039671999878, 5.162719250000123 ], [ -9.263343810999913, 5.161060810000038 ], [ -9.25836967999993, 5.156606066000052 ], [ -9.25408263199995, 5.15276666 ], [ -9.253283500999942, 5.152050972000097 ], [ -9.252385096999944, 5.152129205000108 ], [ -9.250759123999956, 5.152270794 ], [ -9.249134064999964, 5.156631947000164 ], [ -9.253699301999973, 5.162400246000061 ], [ -9.254601477999927, 5.166081905000112 ], [ -9.252298354999937, 5.167912006000108 ], [ -9.245413779999978, 5.167882919000078 ], [ -9.243335724999838, 5.171092987000122 ], [ -9.244924545999936, 5.175008775000094 ], [ -9.255030631999887, 5.17298221700014 ], [ -9.257089615999973, 5.174370289000024 ], [ -9.257182978999879, 5.174765124000089 ], [ -9.258667945999946, 5.18104505600013 ], [ -9.26165199299993, 5.181056976000036 ], [ -9.264879224999959, 5.177621842000065 ], [ -9.263525960999971, 5.172098160000075 ], [ -9.265147208999906, 5.168426035000095 ], [ -9.268134115999885, 5.167748927 ], [ -9.272023200999968, 5.170525073000022 ], [ -9.27592563699983, 5.170310974000188 ], [ -9.283745765999925, 5.165975094000089 ], [ -9.290812492999919, 5.177270890000159 ], [ -9.316905021999958, 5.193704128000036 ], [ -9.321415901999956, 5.195710182000084 ], [ -9.335688589999961, 5.202058791000013 ], [ -9.343699455999968, 5.2071499810001 ], [ -9.344837188999918, 5.209454060000041 ], [ -9.341840743999967, 5.212660789999973 ], [ -9.337015151999935, 5.214019775000054 ], [ -9.330592154999977, 5.213533877000032 ], [ -9.323006629999952, 5.216261862000067 ], [ -9.317752837999933, 5.210492134000162 ], [ -9.313849447999814, 5.210936069000184 ], [ -9.312462806999918, 5.213459015000069 ], [ -9.316330908999873, 5.221292019000146 ], [ -9.312852858999975, 5.229784964000032 ], [ -9.305735588999937, 5.230444908000095 ], [ -9.298418998999921, 5.223746777000031 ], [ -9.296346663999884, 5.22557783100018 ], [ -9.295411109999918, 5.229712010000014 ], [ -9.303638457999966, 5.237793922000094 ], [ -9.309363364999967, 5.241036892000011 ], [ -9.318533897999885, 5.243144035 ], [ -9.319643020999933, 5.252574920000086 ], [ -9.323075293999864, 5.254889010000056 ], [ -9.330194472999949, 5.253539086000103 ], [ -9.336635589999901, 5.250115871999981 ], [ -9.33481121199992, 5.247349739000185 ], [ -9.324943541999971, 5.247078896000062 ], [ -9.322205541999949, 5.243389130000139 ], [ -9.323387145999902, 5.235116959000038 ], [ -9.322262762999969, 5.229594231000135 ], [ -9.325964925999926, 5.222482205 ], [ -9.331008910999913, 5.223651887000187 ], [ -9.331683159999955, 5.22710418700018 ], [ -9.327978133999977, 5.234906196999987 ], [ -9.329569815999946, 5.23859119399998 ], [ -9.331861495999931, 5.239059925000163 ], [ -9.33487510599997, 5.232174874000066 ], [ -9.337632179999957, 5.231266977000189 ], [ -9.339906692999932, 5.236104965000095 ], [ -9.341970443999969, 5.236803055000109 ], [ -9.349117279999973, 5.235181809000096 ], [ -9.35092925899994, 5.234771251000041 ], [ -9.350945472999967, 5.231091977000062 ], [ -9.343389509999952, 5.22692203500003 ], [ -9.34248733499993, 5.222780227000158 ], [ -9.346652985999981, 5.21451997600019 ], [ -9.351012229999981, 5.214538098000048 ], [ -9.36092453699996, 5.217528991000165 ], [ -9.368334975999915, 5.223880796 ], [ -9.373892804999969, 5.225998064000066 ], [ -9.376804049999976, 5.229438625000057 ], [ -9.370851416999926, 5.23271275999997 ], [ -9.372488974999897, 5.238077164000117 ], [ -9.384622572999945, 5.245254994000163 ], [ -9.414434144999973, 5.266828338999971 ], [ -9.415921152999942, 5.267904422000129 ], [ -9.418489456999964, 5.269762992999972 ], [ -9.419007317999842, 5.270216183000173 ], [ -9.419345973999953, 5.270512548000113 ], [ -9.42550122199998, 5.273107286000027 ], [ -9.432382344999894, 5.278135798000051 ], [ -9.440851417999966, 5.287928164999983 ], [ -9.444291978999956, 5.293485994000036 ], [ -9.456466272999933, 5.303278360000093 ], [ -9.463347394999914, 5.309100848000071 ], [ -9.462024101999873, 5.31227675100007 ], [ -9.464670687999899, 5.316775946000064 ], [ -9.473404419999838, 5.323657069000035 ], [ -9.473669077999887, 5.330538191000016 ], [ -9.485049395999852, 5.339007264000088 ], [ -9.487166663999972, 5.34271248400006 ], [ -9.489019273999872, 5.351181558 ], [ -9.489283932999911, 5.35991529 ], [ -9.492724493999845, 5.37023697300009 ], [ -9.494841761999965, 5.37420685100011 ], [ -9.498833655999931, 5.381818772000088 ], [ -9.522088105999956, 5.397456044000023 ], [ -9.56308465799998, 5.420834893000062 ], [ -9.584963797999819, 5.427902221000181 ], [ -9.592765424999982, 5.432961049000085 ], [ -9.591581343999962, 5.438272954000013 ], [ -9.589733122999974, 5.441255094000041 ], [ -9.589060205999829, 5.445664660000034 ], [ -9.581912040999896, 5.43848895900004 ], [ -9.581253051999909, 5.437543869000024 ], [ -9.572080611999922, 5.435210228000074 ], [ -9.567971229999898, 5.429216861999976 ], [ -9.564529418999882, 5.428743839 ], [ -9.562454223999964, 5.43126487800015 ], [ -9.562441825999827, 5.434254169000155 ], [ -9.569518088999928, 5.444625856000016 ], [ -9.570192335999934, 5.448307038000166 ], [ -9.565828322999891, 5.449210167 ], [ -9.563766479999913, 5.448282718000087 ], [ -9.560361860999933, 5.437923908000073 ], [ -9.557608603999938, 5.437453270000049 ], [ -9.554811478999966, 5.4487080560001 ], [ -9.558908462999966, 5.457920075000175 ], [ -9.558210371999905, 5.459985733000053 ], [ -9.556141853999918, 5.460438250999971 ], [ -9.549739837999937, 5.453976154000088 ], [ -9.546981811999899, 5.454885005000051 ], [ -9.545980750999945, 5.45699357500007 ], [ -9.545129775999953, 5.458786011000086 ], [ -9.545564651999882, 5.464994906000129 ], [ -9.548310278999963, 5.467304228000103 ], [ -9.55221176099991, 5.467779159000031 ], [ -9.554037093999966, 5.470544815000096 ], [ -9.556671141999914, 5.470076084000084 ], [ -9.55909061299991, 5.469645025000034 ], [ -9.560539349999885, 5.468133501000068 ], [ -9.563700675999883, 5.46483516700016 ], [ -9.566369205999877, 5.466184009000017 ], [ -9.5673665999999, 5.466688154999986 ], [ -9.568048476999934, 5.468760014000111 ], [ -9.565279006999901, 5.472198008000021 ], [ -9.56144390299994, 5.472898673000145 ], [ -9.551725386999976, 5.474674225000172 ], [ -9.550388478999935, 5.476170541000158 ], [ -9.548954009999932, 5.477776050000045 ], [ -9.556532859999948, 5.478140831000076 ], [ -9.556980132999911, 5.480902196000045 ], [ -9.551459311999906, 5.484098912000036 ], [ -9.554184913999904, 5.491466045000038 ], [ -9.556246758999976, 5.492393016999984 ], [ -9.562252044999923, 5.483221054000069 ], [ -9.565242768999951, 5.481623173000116 ], [ -9.573040007999907, 5.483491897000022 ], [ -9.574619291999909, 5.49085521700016 ], [ -9.591810226999883, 5.49781799200008 ], [ -9.59594631199991, 5.496912956000131 ], [ -9.596876145999943, 5.493927956000107 ], [ -9.595965385999875, 5.492085933000169 ], [ -9.592527388999883, 5.490463257000044 ], [ -9.587010383999939, 5.492281914000159 ], [ -9.584044456999948, 5.487672805999978 ], [ -9.588184355999942, 5.485619068000062 ], [ -9.58842658999987, 5.482172012000149 ], [ -9.575831412999946, 5.474307060000058 ], [ -9.574721335999925, 5.470929145000071 ], [ -9.571293830999934, 5.460495949000119 ], [ -9.572920798999974, 5.455214977000026 ], [ -9.57820033999991, 5.455235004000144 ], [ -9.580512046999957, 5.45133495400006 ], [ -9.585099218999915, 5.452271938000138 ], [ -9.585619644999895, 5.462073490000023 ], [ -9.58961772899994, 5.471140863000187 ], [ -9.627728671999876, 5.497143945000175 ], [ -9.639762877999942, 5.505354880000027 ], [ -9.653042793999873, 5.512779236000029 ], [ -9.663359641999932, 5.518547057000035 ], [ -9.683953285999905, 5.537014007000153 ], [ -9.706865310999945, 5.549512864000064 ], [ -9.721063612999899, 5.559450150000146 ], [ -9.728667412999926, 5.568533302000105 ], [ -9.728749967999931, 5.56863191900004 ], [ -9.729749678999951, 5.569826127000056 ], [ -9.732956886999943, 5.571677207000107 ], [ -9.741435310999975, 5.576639664000083 ], [ -9.746107312999982, 5.579374204000032 ], [ -9.748764990999973, 5.58092975600016 ], [ -9.773950577999926, 5.600329876000046 ], [ -9.825573919999897, 5.656391143000064 ], [ -9.833417892999933, 5.664906979000136 ], [ -9.843468664999932, 5.67942380900007 ], [ -9.872488976999875, 5.706497192000086 ], [ -9.874137876999896, 5.708034992000137 ], [ -9.891564926999934, 5.714293087000044 ], [ -9.897916731999885, 5.717733648000035 ], [ -9.922016143999826, 5.74130010600004 ], [ -9.935762904999933, 5.755844479000075 ], [ -9.948565482999982, 5.76759386000009 ], [ -9.969109881999941, 5.783898285000078 ], [ -9.972376274999931, 5.786814708000065 ], [ -9.976520320999953, 5.790514749000067 ], [ -9.97845016499997, 5.792065311000101 ], [ -10.00346030299994, 5.807477480000159 ], [ -10.006956053999886, 5.811687433000031 ], [ -10.008279346999871, 5.818303896000089 ], [ -10.017702979999967, 5.826659517000166 ], [ -10.020453639999971, 5.831007507000038 ], [ -10.047978128999887, 5.853503483000111 ], [ -10.048738387999947, 5.854474925000034 ], [ -10.048754893999956, 5.854496016000041 ], [ -10.052741982999976, 5.859590630000071 ], [ -10.059358446999966, 5.866471752000109 ], [ -10.055693626999869, 5.873219967000068 ], [ -10.054859251999915, 5.88605648500004 ], [ -10.055917885999861, 5.893996241000082 ], [ -10.064651617999971, 5.904053266000062 ], [ -10.068092178999962, 5.90749382700011 ], [ -10.068621495999878, 5.91358097400007 ], [ -10.066427122999869, 5.916151265 ], [ -10.06575248799993, 5.91694147100003 ], [ -10.064001213999973, 5.914430866000032 ], [ -10.063592983999854, 5.913845632000118 ], [ -10.061475714999972, 5.912786998000115 ], [ -10.058829129999936, 5.911463706 ], [ -10.056711860999826, 5.911463706 ], [ -10.052212665999889, 5.911199047000082 ], [ -10.048772104999955, 5.910405071000127 ], [ -10.047653145999902, 5.910307770000145 ], [ -10.042684957999882, 5.909875754000097 ], [ -10.039509055999929, 5.911199047000082 ], [ -10.039773713999978, 5.912786998000115 ], [ -10.042684957999882, 5.914639608000073 ], [ -10.046390177999967, 5.91305165700004 ], [ -10.050095397999939, 5.91305165700004 ], [ -10.055917885999861, 5.914639608000073 ], [ -10.059358446999966, 5.91808016900012 ], [ -10.060946397999885, 5.921256072000062 ], [ -10.062269690999869, 5.923373340000069 ], [ -10.062534348999918, 5.925755267000113 ], [ -10.061740373999953, 5.927078560000041 ], [ -10.058829129999936, 5.928931170000055 ], [ -10.058035153999981, 5.932107072000122 ], [ -10.056447202999948, 5.935282975000064 ], [ -10.054329933999895, 5.937400243000127 ], [ -10.051154031999943, 5.939252853000085 ], [ -10.048507445999917, 5.941634780000072 ], [ -10.048242787999868, 5.943222731000105 ], [ -10.048507445999917, 5.944810683000071 ], [ -10.050624714999969, 5.945869317000074 ], [ -10.051182110999946, 5.945423400000038 ], [ -10.051948006999908, 5.944810683000071 ], [ -10.054329933999895, 5.942958073000057 ], [ -10.056447202999948, 5.940576146000069 ], [ -10.058829129999936, 5.939252853000085 ], [ -10.062534348999918, 5.936341609000067 ], [ -10.067298202999893, 5.934488999000109 ], [ -10.069150812999965, 5.931842414000073 ], [ -10.069944788999976, 5.929460487000085 ], [ -10.072326715999964, 5.92734321800009 ], [ -10.074179325999921, 5.924696633000053 ], [ -10.07455417999995, 5.923009790000037 ], [ -10.074708642999951, 5.922314706000066 ], [ -10.073914666999883, 5.920726755000032 ], [ -10.074973300999886, 5.91808016900012 ], [ -10.079207837999888, 5.921520730000111 ], [ -10.102762448999954, 5.932636389000095 ], [ -10.12472910799994, 5.949839195000095 ], [ -10.130022278999832, 5.952485781000064 ], [ -10.137697376999824, 5.957778952000012 ], [ -10.144843157999901, 5.96069019600003 ], [ -10.147754401999975, 5.967306659000087 ], [ -10.155746459999932, 5.973517894000054 ], [ -10.177131500999963, 5.977363684000068 ], [ -10.185600574999967, 5.981333562000088 ], [ -10.195128281999928, 5.985568099000091 ], [ -10.198568843999851, 5.990067295000017 ], [ -10.200950769999906, 5.995095807000098 ], [ -10.204920648999973, 6.00197692900008 ], [ -10.210213819999865, 6.011239978000106 ], [ -10.211537111999917, 6.018121101000077 ], [ -10.216565624999873, 6.027913467000076 ], [ -10.218947551999975, 6.034000614000036 ], [ -10.230063210999958, 6.043263663000062 ], [ -10.244884089999857, 6.053056029000118 ], [ -10.264998138999829, 6.064436347000083 ], [ -10.301785677999931, 6.080315860000042 ], [ -10.347759369999949, 6.097373972000128 ], [ -10.34777927499988, 6.097381358 ], [ -10.36027521699998, 6.102017861000036 ], [ -10.359481240999912, 6.105193763000102 ], [ -10.364427730999921, 6.109264338 ], [ -10.373508143999914, 6.113133520000076 ], [ -10.373772802999952, 6.116574081000067 ], [ -10.371390875999964, 6.11763271500007 ], [ -10.374302119999982, 6.119220666000103 ], [ -10.370307923999974, 6.126069068999982 ], [ -10.370476074999942, 6.126309279000168 ], [ -10.371030090999966, 6.127100710000036 ], [ -10.379595290999873, 6.13483552100007 ], [ -10.403679218999969, 6.146480497000084 ], [ -10.441790049999895, 6.160242741000104 ], [ -10.450523781999891, 6.163418644000103 ], [ -10.457140245999881, 6.166594547000045 ], [ -10.462168757999905, 6.167653181000048 ], [ -10.471961123999961, 6.170564425000066 ], [ -10.478312929999959, 6.173211010000102 ], [ -10.484400075999929, 6.174798962000068 ], [ -10.489163929999904, 6.176386913000101 ], [ -10.494721759999948, 6.178504181000108 ], [ -10.503720149999936, 6.181150767000076 ], [ -10.512453881999932, 6.184326669000143 ], [ -10.537704465999923, 6.191318386000148 ], [ -10.569620128999816, 6.199676865000129 ], [ -10.586444852999932, 6.206173771000124 ], [ -10.592612264999957, 6.208555573000012 ], [ -10.587985990999925, 6.209101552000163 ], [ -10.568943974999911, 6.202217453000173 ], [ -10.54786491099992, 6.196439618000056 ], [ -10.546567914999912, 6.197362774000055 ], [ -10.587967869999943, 6.212592475000065 ], [ -10.596009251999931, 6.212842815000045 ], [ -10.600840566999921, 6.21055733500009 ], [ -10.614365574999965, 6.21365344000003 ], [ -10.619704250999973, 6.214874987000144 ], [ -10.628654878999839, 6.216878988000133 ], [ -10.648753034999913, 6.221378866000123 ], [ -10.680434226999864, 6.230763911999986 ], [ -10.692148766999935, 6.232851439000171 ], [ -10.69850884199991, 6.238052355000093 ], [ -10.704595988999813, 6.243080867000117 ], [ -10.705919281999968, 6.248109380000074 ], [ -10.71070194299989, 6.256114961000151 ], [ -10.721534135999889, 6.258960380000076 ], [ -10.751969868999936, 6.269282063000162 ], [ -10.767320064999979, 6.276427844000125 ], [ -10.7742761209999, 6.282654058000162 ], [ -10.80066704199993, 6.296806553000067 ], [ -10.801124572999925, 6.303435801000035 ], [ -10.816280452999933, 6.309647235000057 ], [ -10.818102923999902, 6.316313895000121 ], [ -10.816017237999915, 6.322743090000131 ], [ -10.811418532999824, 6.32207202900014 ], [ -10.805960212999935, 6.33544670100008 ], [ -10.812312017999943, 6.346827018000113 ], [ -10.807283505999976, 6.34576838400011 ], [ -10.805960212999935, 6.342592482000043 ], [ -10.80410760299992, 6.340210555000056 ], [ -10.800931700999968, 6.334652725000126 ], [ -10.797226480999825, 6.33968123700015 ], [ -10.795005123999886, 6.345623731000103 ], [ -10.792462626999907, 6.351590872000088 ], [ -10.792911808999975, 6.356187582000132 ], [ -10.794025577999946, 6.365610510000124 ], [ -10.798657416999902, 6.374200821000102 ], [ -10.797042846999886, 6.376494884000124 ], [ -10.788228089999961, 6.38334989800012 ], [ -10.783993552999959, 6.391554313000086 ], [ -10.777906406999819, 6.392612947000146 ], [ -10.766890524999894, 6.39526510200011 ], [ -10.753556250999907, 6.397301197000047 ], [ -10.752689928999928, 6.397631869000065 ], [ -10.744584083999882, 6.400725841999986 ], [ -10.740207671999883, 6.40485096000009 ], [ -10.740711878999946, 6.411308302000066 ], [ -10.741679070999965, 6.409865346 ], [ -10.743648528999927, 6.40692710899998 ], [ -10.753293161999977, 6.401875996000115 ], [ -10.761843944999953, 6.402627774000166 ], [ -10.768378698999925, 6.399229411000078 ], [ -10.777641747999951, 6.396582825000166 ], [ -10.789022065999916, 6.392083630000116 ], [ -10.791668650999952, 6.385996484000032 ], [ -10.797109238999894, 6.384531103000029 ], [ -10.799873065999975, 6.380173995000121 ], [ -10.801990334999971, 6.382555922000108 ], [ -10.80410760299992, 6.388643069000125 ], [ -10.812047359999895, 6.398964752000154 ], [ -10.813105993999898, 6.406639850000147 ], [ -10.823325156999886, 6.418918133000034 ], [ -10.836395945999925, 6.427547876000062 ], [ -10.852540117999979, 6.450308511000117 ], [ -10.908118412999897, 6.490007293000133 ], [ -10.911029656999915, 6.493183196000075 ], [ -10.926379852999901, 6.501916928000071 ], [ -10.934179305999976, 6.509140968000054 ], [ -10.962562464999962, 6.526245664000101 ], [ -10.965142361999938, 6.527800401000036 ], [ -10.978942871999948, 6.536117077000029 ], [ -11.020043371999861, 6.557338238 ], [ -11.020934104999924, 6.557734013000186 ], [ -11.034883903999969, 6.563714589000085 ], [ -11.046931475999884, 6.568369753000184 ], [ -11.048652101999949, 6.575227346000077 ], [ -11.067364470999962, 6.587568299000054 ], [ -11.069914373999893, 6.601465267000037 ], [ -11.077297869999938, 6.614889194000114 ], [ -11.082912379999868, 6.623197426000047 ], [ -11.082281399999886, 6.61803963300008 ], [ -11.07688047299996, 6.607249633000094 ], [ -11.073229246999972, 6.599807831000078 ], [ -11.070551848999969, 6.584763407000139 ], [ -11.064832474999889, 6.581910937000032 ], [ -11.055641885999933, 6.577327239000056 ], [ -11.05447458999987, 6.573374736000119 ], [ -11.083851688999971, 6.587136981000072 ], [ -11.093908713999951, 6.591900834000171 ], [ -11.151074960999892, 6.616778738000107 ], [ -11.159185867999895, 6.620020704000126 ], [ -11.173196791999942, 6.625620933000107 ], [ -11.228090597999881, 6.648802422000131 ], [ -11.26575977899995, 6.667017600000065 ], [ -11.305962874999977, 6.683855675000132 ], [ -11.307055783999942, 6.684175633000109 ], [ -11.333954017999929, 6.693794376000085 ], [ -11.360949189999928, 6.706497986000102 ], [ -11.371006214999909, 6.715231718000155 ], [ -11.369418262999886, 6.718142962000115 ], [ -11.372064848999855, 6.723965450000151 ], [ -11.378151995999929, 6.730317255000159 ], [ -11.385827092999818, 6.739050988000088 ], [ -11.386739761999934, 6.743416908000029 ], [ -11.383279831999971, 6.750072123999985 ], [ -11.374830282999937, 6.756178292000016 ], [ -11.371616309999979, 6.76140657600007 ], [ -11.371544330999939, 6.762134367000158 ], [ -11.370719465999912, 6.770474669000123 ], [ -11.371489435999933, 6.774695432000044 ], [ -11.365448384999979, 6.785895551000124 ], [ -11.369153604999951, 6.793305990000135 ], [ -11.374446775999957, 6.809185503000151 ], [ -11.381857214999968, 6.820301162000135 ], [ -11.387415044999841, 6.830358187000115 ], [ -11.394560825999918, 6.84226782200011 ], [ -11.39773672799987, 6.847825651000164 ], [ -11.402235922999978, 6.852854164000064 ], [ -11.408323069999938, 6.858147335000069 ], [ -11.431348363999916, 6.871380262000116 ], [ -11.434930365999946, 6.874025280000126 ], [ -11.453310530999886, 6.884388381000065 ], [ -11.456226266999977, 6.889377042999968 ], [ -11.457549559999961, 6.895199531000173 ], [ -11.469194535999975, 6.907638483000142 ], [ -11.485338707999915, 6.917166191000149 ], [ -11.488310409999883, 6.918751098000087 ], [ -11.491728258999956, 6.919738922000079 ], [ -11.496142688999896, 6.922115922000103 ], [ -11.498991530999888, 6.923294389000034 ], [ -11.499456325999972, 6.923714996000115 ], [ -11.498915, 6.92483900000019 ], [ -11.498235, 6.924479 ], [ -11.496747, 6.923513 ], [ -11.495865, 6.923024000000112 ], [ -11.493206, 6.921729 ], [ -11.492701999999895, 6.921616000000142 ], [ -11.491722, 6.921737 ], [ -11.489997, 6.922386 ], [ -11.488156999999887, 6.923195 ], [ -11.48666, 6.923653000000115 ], [ -11.484761, 6.924143000000186 ], [ -11.48404, 6.924132000000156 ], [ -11.480622, 6.924077 ], [ -11.479353, 6.923822 ], [ -11.477437, 6.92389 ], [ -11.475117999999895, 6.924193 ], [ -11.473536, 6.924638 ], [ -11.472213, 6.925241 ], [ -11.470516, 6.925831 ], [ -11.468155, 6.926279000000136 ], [ -11.467233, 6.926386 ], [ -11.465388, 6.92620600000015 ], [ -11.464824999999848, 6.925991000000124 ], [ -11.464218, 6.925573 ], [ -11.463486999999873, 6.924748000000136 ], [ -11.462734, 6.924112 ], [ -11.461751999999876, 6.923594 ], [ -11.461233, 6.923437 ], [ -11.459619, 6.923533000000134 ], [ -11.458338, 6.923887 ], [ -11.456614, 6.92479800000018 ], [ -11.45499, 6.925752 ], [ -11.454317, 6.926482 ], [ -11.453932, 6.927167 ], [ -11.453875999999866, 6.927516 ], [ -11.453964, 6.927865000000111 ], [ -11.45413, 6.929332000000159 ], [ -11.454147, 6.929812 ], [ -11.454123, 6.930699000000118 ], [ -11.45395399999984, 6.931543000000147 ], [ -11.453597, 6.932199 ], [ -11.452797, 6.933425 ], [ -11.452137, 6.934100000000115 ], [ -11.451549999999884, 6.934684000000118 ], [ -11.450029, 6.936059 ], [ -11.449097, 6.936834 ], [ -11.448637, 6.937084000000141 ], [ -11.447888, 6.937189000000103 ], [ -11.44724, 6.937280000000158 ], [ -11.445441, 6.93774 ], [ -11.444131, 6.938081000000182 ], [ -11.442578, 6.938729 ], [ -11.441285, 6.939332000000149 ], [ -11.43992, 6.940182000000107 ], [ -11.438886, 6.940914000000134 ], [ -11.43821, 6.941237 ], [ -11.437972999999886, 6.941309000000103 ], [ -11.437376, 6.941489000000104 ], [ -11.436498, 6.941697 ], [ -11.435257999999862, 6.941674 ], [ -11.428279, 6.941506 ], [ -11.427197, 6.941366 ], [ -11.426202, 6.941052000000184 ], [ -11.424743, 6.940405000000112 ], [ -11.424107, 6.940059 ], [ -11.423425999999893, 6.939423 ], [ -11.422918, 6.938743 ], [ -11.422354, 6.93822200000011 ], [ -11.421892, 6.938064 ], [ -11.419434, 6.937903 ], [ -11.4188, 6.937978 ], [ -11.418196, 6.938199000000168 ], [ -11.417867, 6.938637 ], [ -11.417582, 6.939249000000189 ], [ -11.417413, 6.939890000000105 ], [ -11.417409, 6.941998 ], [ -11.418859, 6.946716 ], [ -11.41997, 6.94969 ], [ -11.423334, 6.956463 ], [ -11.424857, 6.958505 ], [ -11.426859, 6.961083 ], [ -11.427787, 6.962096 ], [ -11.428651, 6.962894000000119 ], [ -11.42952, 6.963805 ], [ -11.430361, 6.964760000000126 ], [ -11.430971999999883, 6.965818000000127 ], [ -11.431917999999825, 6.967713 ], [ -11.432064, 6.968119 ], [ -11.43207, 6.969078 ], [ -11.431616, 6.970506 ], [ -11.431359, 6.971016000000134 ], [ -11.430970999999886, 6.971294 ], [ -11.430353, 6.97153 ], [ -11.429445, 6.971462 ], [ -11.427944, 6.971062 ], [ -11.426023, 6.970316000000139 ], [ -11.424766, 6.969712 ], [ -11.424275, 6.969409 ], [ -11.422747, 6.969374000000187 ], [ -11.421868, 6.969422 ], [ -11.420399, 6.969706 ], [ -11.417406, 6.970433 ], [ -11.416111, 6.97089 ], [ -11.415565, 6.971257 ], [ -11.41467699999987, 6.972323 ], [ -11.41442, 6.972876 ], [ -11.414338999999813, 6.973894 ], [ -11.414459, 6.974766000000102 ], [ -11.414917, 6.97692400000011 ], [ -11.415432999999894, 6.979262000000119 ], [ -11.415716, 6.980933000000164 ], [ -11.415866, 6.982284 ], [ -11.415886999999884, 6.983320000000163 ], [ -11.415648, 6.984556000000111 ], [ -11.415178, 6.985766000000183 ], [ -11.414506, 6.986830000000111 ], [ -11.413575, 6.987838 ], [ -11.413044, 6.988292000000115 ], [ -11.412182999999857, 6.988965 ], [ -11.411622, 6.989346000000126 ], [ -11.410816999999895, 6.989655 ], [ -11.410009999999829, 6.989732 ], [ -11.408784, 6.989622 ], [ -11.407327, 6.989295000000141 ], [ -11.405465, 6.988708 ], [ -11.402302, 6.987431000000129 ], [ -11.401231999999879, 6.986811000000159 ], [ -11.400712, 6.986494 ], [ -11.400524, 6.98632 ], [ -11.400005, 6.98628 ], [ -11.399155999999891, 6.986545 ], [ -11.39852999999988, 6.986839000000145 ], [ -11.397969999999816, 6.987162 ], [ -11.397583, 6.987586000000135 ], [ -11.397197999999889, 6.988329 ], [ -11.396943, 6.989304000000175 ], [ -11.396663, 6.990891 ], [ -11.396356999999853, 6.993073 ], [ -11.395942999999875, 6.996492 ], [ -11.395904, 6.997466000000145 ], [ -11.395925, 6.998687 ], [ -11.395983999999885, 6.999769 ], [ -11.395987999999875, 6.99983600000013 ], [ -11.396035, 7.000592000000154 ], [ -11.39588, 7.001203 ], [ -11.395728, 7.001544 ], [ -11.395509, 7.002034 ], [ -11.394995, 7.002848000000142 ], [ -11.393506, 7.004876 ], [ -11.392661, 7.005942000000118 ], [ -11.391743, 7.006790000000137 ], [ -11.391226, 7.007199 ], [ -11.390508, 7.007639 ], [ -11.388179, 7.008887 ], [ -11.385182, 7.010341000000153 ], [ -11.384391, 7.010723000000155 ], [ -11.383512, 7.010815 ], [ -11.382862999999872, 7.010673 ], [ -11.381708, 7.010301 ], [ -11.381244, 7.009882000000175 ], [ -11.380578999999898, 7.009477 ], [ -11.38006, 7.009379000000138 ], [ -11.379410999999891, 7.009353 ], [ -11.378820999999846, 7.009501000000114 ], [ -11.378161, 7.010014 ], [ -11.377387, 7.011021 ], [ -11.376589, 7.012175000000184 ], [ -11.376086, 7.012903 ], [ -11.37464, 7.015076 ], [ -11.37314, 7.017512000000181 ], [ -11.372294999999895, 7.018708000000174 ], [ -11.370876999999894, 7.020518 ], [ -11.370173, 7.020755 ], [ -11.369785, 7.021091000000183 ], [ -11.369412999999895, 7.021805 ], [ -11.36936, 7.022518000000105 ], [ -11.369305, 7.02326 ], [ -11.369342, 7.024670000000185 ], [ -11.369439, 7.026763000000187 ], [ -11.369502999999895, 7.028013 ], [ -11.369549, 7.028667000000155 ], [ -11.369685, 7.035442000000103 ], [ -11.368551, 7.044939 ], [ -11.368211, 7.046118 ], [ -11.367277999999828, 7.046981 ], [ -11.366216, 7.047858000000133 ], [ -11.365223, 7.048198000000184 ], [ -11.364242999999874, 7.048174000000188 ], [ -11.363882, 7.048118000000159 ], [ -11.363624, 7.048468000000128 ], [ -11.363467, 7.048759 ], [ -11.363357, 7.049734000000115 ], [ -11.363205999999877, 7.051233000000138 ], [ -11.36318, 7.05171200000018 ], [ -11.363428, 7.052351000000101 ], [ -11.363734, 7.053004000000101 ], [ -11.364227, 7.053641 ], [ -11.364764, 7.054249 ], [ -11.370124, 7.059586 ], [ -11.37166, 7.061105000000168 ], [ -11.372687999999812, 7.062030000000163 ], [ -11.373367999999857, 7.06255 ], [ -11.373874999999884, 7.06283900000011 ], [ -11.374611, 7.063155000000165 ], [ -11.375016, 7.063385 ], [ -11.375379, 7.063878000000102 ], [ -11.37557, 7.064662000000169 ], [ -11.375562, 7.065869 ], [ -11.375297, 7.067586000000119 ], [ -11.375059, 7.068939000000171 ], [ -11.374763, 7.070264 ], [ -11.374337, 7.071516 ], [ -11.374066, 7.07207 ], [ -11.373236, 7.073412 ], [ -11.371648, 7.075717 ], [ -11.367561, 7.079896000000133 ], [ -11.366556, 7.080686000000128 ], [ -11.365636, 7.08114200000017 ], [ -11.364944, 7.081232000000171 ], [ -11.363603, 7.081210000000112 ], [ -11.36128, 7.080771 ], [ -11.358885, 7.080318 ], [ -11.351271, 7.079892000000143 ], [ -11.349514, 7.080220000000111 ], [ -11.348333, 7.080284 ], [ -11.346948, 7.080117 ], [ -11.345373999999879, 7.079703000000109 ], [ -11.343395, 7.078899 ], [ -11.342037, 7.07815 ], [ -11.341678999999885, 7.077923000000112 ], [ -11.3414, 7.077746 ], [ -11.340922, 7.077356 ], [ -11.336204, 7.076551000000109 ], [ -11.335368, 7.07657 ], [ -11.334461, 7.076807000000144 ], [ -11.33301299999988, 7.078340000000139 ], [ -11.332714999999894, 7.079316 ], [ -11.33259, 7.080334000000107 ], [ -11.333278, 7.088124 ], [ -11.334086, 7.091043000000127 ], [ -11.334142, 7.093529000000103 ], [ -11.333636999999896, 7.093604 ], [ -11.333279, 7.093955 ], [ -11.333064, 7.094334000000117 ], [ -11.332952, 7.094858000000102 ], [ -11.332841999999857, 7.096071000000109 ], [ -11.333107, 7.099894 ], [ -11.334928999999875, 7.102414 ], [ -11.336732, 7.105487 ], [ -11.33648, 7.106885000000148 ], [ -11.336253999999883, 7.107874 ], [ -11.335224021999863, 7.109575479000057 ], [ -11.335127575999877, 7.109734804000027 ], [ -11.335053, 7.109858 ], [ -11.334593999999868, 7.110413 ], [ -11.333904, 7.110736 ], [ -11.333302999999887, 7.111495 ], [ -11.333019, 7.112456000000122 ], [ -11.332994, 7.113358000000119 ], [ -11.333171999999877, 7.114142000000186 ], [ -11.333549999999889, 7.114925000000142 ], [ -11.334334, 7.115968 ], [ -11.334593999999868, 7.116170000000125 ], [ -11.33598, 7.116542000000152 ], [ -11.337369, 7.117494 ], [ -11.34028, 7.120451000000116 ], [ -11.34047, 7.120758 ], [ -11.340971, 7.121856 ], [ -11.340816, 7.12284 ], [ -11.340791, 7.123778 ], [ -11.340912, 7.124585 ], [ -11.341089999999895, 7.12542000000019 ], [ -11.342965999999876, 7.127995000000112 ], [ -11.345058, 7.13036 ], [ -11.347172999999884, 7.132455000000164 ], [ -11.349267, 7.135916000000179 ], [ -11.351323, 7.139704 ], [ -11.351222, 7.142423000000178 ], [ -11.348257999999873, 7.146538 ], [ -11.347712999999885, 7.147155000000168 ], [ -11.347067, 7.147580000000175 ], [ -11.346145, 7.147832 ], [ -11.345353, 7.147938000000124 ], [ -11.344587999999874, 7.147869 ], [ -11.343953, 7.147697 ], [ -11.343316, 7.14727900000014 ], [ -11.342867, 7.146889 ], [ -11.342012999999895, 7.146122000000162 ], [ -11.34181, 7.145876 ], [ -11.341765999999893, 7.145746000000145 ], [ -11.339754999999855, 7.144404000000122 ], [ -11.339505999999858, 7.144245 ], [ -11.336387999999886, 7.143636000000129 ], [ -11.335392999999897, 7.143597000000113 ], [ -11.334443, 7.143689000000109 ], [ -11.333939, 7.143881 ], [ -11.332731, 7.144599 ], [ -11.330562, 7.146181 ], [ -11.32848, 7.14792100000011 ], [ -11.328065, 7.148520000000133 ], [ -11.327938, 7.149029000000155 ], [ -11.328127999999822, 7.149566000000164 ], [ -11.330613, 7.156134 ], [ -11.331237, 7.15706200000011 ], [ -11.331613, 7.157350000000122 ], [ -11.332076, 7.157552000000123 ], [ -11.332624, 7.157636 ], [ -11.333287, 7.157633 ], [ -11.333734, 7.157529000000181 ], [ -11.334447, 7.158936 ], [ -11.330087999999876, 7.163639 ], [ -11.329572, 7.164122 ], [ -11.328682, 7.164940000000172 ], [ -11.325760999999886, 7.166206000000102 ], [ -11.323811, 7.166940000000125 ], [ -11.323393999999894, 7.167073 ], [ -11.322865, 7.167309000000103 ], [ -11.32142999999985, 7.168225 ], [ -11.320299, 7.168979 ], [ -11.319129, 7.169865000000186 ], [ -11.318992, 7.170101000000159 ], [ -11.318898, 7.170336 ], [ -11.318791, 7.170615 ], [ -11.318690999999887, 7.17093100000011 ], [ -11.318714, 7.171305000000132 ], [ -11.318775, 7.171737000000178 ], [ -11.318929, 7.172037000000103 ], [ -11.319105, 7.172220000000152 ], [ -11.319222999999852, 7.172489 ], [ -11.319333, 7.172914 ], [ -11.319281, 7.174044 ], [ -11.319144999999878, 7.174426 ], [ -11.318560999999875, 7.175529 ], [ -11.314932999999883, 7.181934000000126 ], [ -11.31410099999988, 7.182869 ], [ -11.313626, 7.182973000000118 ], [ -11.313122, 7.183208 ], [ -11.312879, 7.1835 ], [ -11.312535, 7.184026000000188 ], [ -11.312193, 7.184798000000114 ], [ -11.311346999999842, 7.188597000000186 ], [ -11.311363, 7.189004000000125 ], [ -11.311699, 7.189773000000173 ], [ -11.312676, 7.191833 ], [ -11.310767999999882, 7.196618 ], [ -11.310266999999897, 7.197245 ], [ -11.309923, 7.197901000000115 ], [ -11.308818, 7.201586 ], [ -11.308819, 7.201905000000124 ], [ -11.309228, 7.203023 ], [ -11.309664, 7.203530000000114 ], [ -11.310372, 7.203904 ], [ -11.310619, 7.204179000000181 ], [ -11.311059999999884, 7.205936 ], [ -11.311281, 7.206866000000105 ], [ -11.311358, 7.207694 ], [ -11.311247, 7.208640000000173 ], [ -11.311048, 7.209251000000108 ], [ -11.31049, 7.210051 ], [ -11.30996, 7.210708 ], [ -11.309371, 7.211191 ], [ -11.308494, 7.211704 ], [ -11.304669, 7.213832 ], [ -11.304338, 7.213964000000146 ], [ -11.303616, 7.213953000000117 ], [ -11.302863999999886, 7.213404 ], [ -11.302544, 7.212868 ], [ -11.302426, 7.212331 ], [ -11.302565999999899, 7.211414000000161 ], [ -11.302817999999888, 7.210017 ], [ -11.302959, 7.209435 ], [ -11.303241999999898, 7.208328000000108 ], [ -11.303412, 7.207702 ], [ -11.303756, 7.207366 ], [ -11.303798, 7.207060000000183 ], [ -11.303694999999891, 7.206683 ], [ -11.303535, 7.206364000000121 ], [ -11.3031, 7.205843000000186 ], [ -11.302303, 7.205061000000171 ], [ -11.301638, 7.204751000000101 ], [ -11.300339, 7.204539000000125 ], [ -11.299704, 7.204557 ], [ -11.298680999999817, 7.204678 ], [ -11.297544, 7.204990000000123 ], [ -11.296650999999883, 7.205357000000106 ], [ -11.295457, 7.205800000000181 ], [ -11.294843, 7.205948 ], [ -11.293603, 7.206042000000139 ], [ -11.293111999999894, 7.205855 ], [ -11.289758, 7.204200000000128 ], [ -11.289743, 7.203982 ], [ -11.289913999999897, 7.203574 ], [ -11.290343, 7.202888000000144 ], [ -11.290873, 7.202289000000121 ], [ -11.292627, 7.201208 ], [ -11.295375, 7.199987 ], [ -11.295793, 7.199840000000165 ], [ -11.29615299999989, 7.199736 ], [ -11.296987999999885, 7.199615 ], [ -11.297534, 7.199176000000136 ], [ -11.297634, 7.198842000000184 ], [ -11.297618, 7.19858 ], [ -11.297559, 7.198376 ], [ -11.297224, 7.197782 ], [ -11.296585, 7.196695 ], [ -11.296367, 7.196362 ], [ -11.295903999999894, 7.196088 ], [ -11.295413, 7.195988000000114 ], [ -11.294635, 7.196167 ], [ -11.293699999999887, 7.196535 ], [ -11.28823199999988, 7.198976 ], [ -11.287397999999882, 7.199358 ], [ -11.286752, 7.200074 ], [ -11.28643, 7.200977 ], [ -11.286375, 7.20153 ], [ -11.286255, 7.209222000000182 ], [ -11.286665, 7.213291 ], [ -11.286450999999886, 7.213845 ], [ -11.28608, 7.214734 ], [ -11.285950999999898, 7.214836000000162 ], [ -11.285202, 7.214912 ], [ -11.280843, 7.216941 ], [ -11.274975, 7.224814 ], [ -11.272218, 7.229244000000165 ], [ -11.272117, 7.229449000000102 ], [ -11.272089, 7.229604000000108 ], [ -11.271966, 7.232692 ], [ -11.272347, 7.233145 ], [ -11.272902999999872, 7.233773 ], [ -11.273604, 7.234466 ], [ -11.274173, 7.235684000000106 ], [ -11.274436, 7.236512 ], [ -11.274482, 7.236977 ], [ -11.274368, 7.237385000000188 ], [ -11.273637, 7.238217 ], [ -11.273206, 7.238612000000103 ], [ -11.272761, 7.238876 ], [ -11.272099, 7.239184 ], [ -11.270410999999854, 7.238989000000174 ], [ -11.26947, 7.238442 ], [ -11.268312, 7.237415000000169 ], [ -11.267775, 7.236821 ], [ -11.267614, 7.236415 ], [ -11.267654999999877, 7.23590600000017 ], [ -11.268079999999884, 7.234304000000122 ], [ -11.268105, 7.233621000000142 ], [ -11.267738999999835, 7.23248800000016 ], [ -11.267232, 7.232055 ], [ -11.266235, 7.2315660000001 ], [ -11.265295, 7.231206000000157 ], [ -11.264256, 7.231008 ], [ -11.262351, 7.230742000000134 ], [ -11.252283, 7.230355 ], [ -11.251705999999842, 7.230445 ], [ -11.25103, 7.230827 ], [ -11.250226, 7.231499 ], [ -11.249452, 7.232346000000121 ], [ -11.242599, 7.240715 ], [ -11.242601, 7.241137 ], [ -11.24236, 7.241908000000137 ], [ -11.241932, 7.24292800000012 ], [ -11.24169, 7.243424000000118 ], [ -11.240981, 7.24477700000017 ], [ -11.240565, 7.245302 ], [ -11.235467999999855, 7.249980000000107 ], [ -11.234865, 7.250333000000182 ], [ -11.234231, 7.250583 ], [ -11.233453, 7.250718 ], [ -11.232702, 7.250561 ], [ -11.229978, 7.249702000000184 ], [ -11.229471999999873, 7.249457000000177 ], [ -11.225955, 7.247061000000144 ], [ -11.225405, 7.246598 ], [ -11.225185999999894, 7.246003 ], [ -11.225140999999894, 7.245654000000116 ], [ -11.224908, 7.245205 ], [ -11.224488, 7.244785000000149 ], [ -11.224053999999853, 7.244482000000119 ], [ -11.223117, 7.243934 ], [ -11.222785, 7.24376100000012 ], [ -11.222324, 7.243792 ], [ -11.221776, 7.243984000000125 ], [ -11.218776, 7.246791 ], [ -11.217284, 7.248383000000103 ], [ -11.216522999999881, 7.249172 ], [ -11.214411, 7.250782000000186 ], [ -11.213965, 7.250987000000123 ], [ -11.213560999999856, 7.251018 ], [ -11.213098999999886, 7.250817 ], [ -11.212434, 7.250631000000112 ], [ -11.211742, 7.250518 ], [ -11.211179, 7.250506 ], [ -11.209867, 7.250644000000136 ], [ -11.203252, 7.253133 ], [ -11.202849, 7.253310000000113 ], [ -11.202431999999874, 7.253544 ], [ -11.201842, 7.253882 ], [ -11.200548, 7.254717 ], [ -11.199456, 7.255551 ], [ -11.198724, 7.256194000000164 ], [ -11.197331, 7.257583000000182 ], [ -11.196743, 7.258181 ], [ -11.190275999999869, 7.260161 ], [ -11.188979, 7.260327000000188 ], [ -11.188157999999873, 7.260622 ], [ -11.186303, 7.261693 ], [ -11.182609, 7.264357000000189 ], [ -11.182221, 7.264693000000136 ], [ -11.181530999999893, 7.265387000000146 ], [ -11.181371999999897, 7.265564 ], [ -11.180041, 7.267243 ], [ -11.179578999999876, 7.267920000000117 ], [ -11.179465, 7.268448 ], [ -11.17941, 7.269020000000182 ], [ -11.179684, 7.270813 ], [ -11.179903, 7.271466 ], [ -11.180033999999864, 7.271742000000188 ], [ -11.180339, 7.272191 ], [ -11.180629, 7.272451 ], [ -11.180875, 7.27261 ], [ -11.181684, 7.272853 ], [ -11.182451, 7.273373000000106 ], [ -11.1829, 7.273764000000142 ], [ -11.183406999999875, 7.274314000000174 ], [ -11.183626, 7.274705 ], [ -11.183729, 7.275286000000108 ], [ -11.183703, 7.27597 ], [ -11.183605, 7.276450000000182 ], [ -11.183246999999881, 7.276976000000161 ], [ -11.18228299999987, 7.277489000000173 ], [ -11.181734999999833, 7.277535 ], [ -11.181402999999875, 7.277435000000139 ], [ -11.181372999999894, 7.277261000000124 ], [ -11.181056, 7.277175000000113 ], [ -11.18058, 7.277236000000187 ], [ -11.179961, 7.2775 ], [ -11.177848, 7.279066 ], [ -11.175447999999847, 7.283789 ], [ -11.175309, 7.284982000000184 ], [ -11.175315, 7.286291000000119 ], [ -11.175419, 7.286741 ], [ -11.175651, 7.287031 ], [ -11.175796, 7.287205 ], [ -11.176577999999893, 7.287855 ], [ -11.177258, 7.28836100000018 ], [ -11.177519, 7.288520000000176 ], [ -11.17801, 7.288663 ], [ -11.178169, 7.288676000000123 ], [ -11.178269, 7.288589 ], [ -11.178514, 7.288544 ], [ -11.178831999999886, 7.288528 ], [ -11.179525, 7.288699 ], [ -11.179932, 7.289279 ], [ -11.180382, 7.289974 ], [ -11.178650999999832, 7.293028000000106 ], [ -11.177775999999824, 7.293948 ], [ -11.177242999999862, 7.294183000000146 ], [ -11.17662399999989, 7.2944040000001 ], [ -11.175773999999819, 7.294656 ], [ -11.175213, 7.294775 ], [ -11.174463, 7.294822 ], [ -11.173524999999813, 7.294914 ], [ -11.172808, 7.295804000000146 ], [ -11.172524, 7.296518 ], [ -11.171261, 7.300948000000119 ], [ -11.171024999999815, 7.302944 ], [ -11.171013, 7.303409 ], [ -11.171073, 7.303714000000184 ], [ -11.17120199999988, 7.303786000000116 ], [ -11.171577999999897, 7.303886 ], [ -11.17207, 7.304248000000143 ], [ -11.172202999999854, 7.30446000000012 ], [ -11.172175, 7.304827000000103 ], [ -11.170779, 7.305792000000167 ], [ -11.170333, 7.305969 ], [ -11.168359, 7.306473 ], [ -11.167278, 7.306696 ], [ -11.166629999999884, 7.306757 ], [ -11.166326, 7.3067 ], [ -11.165343, 7.306313000000102 ], [ -11.164722, 7.30601 ], [ -11.163942, 7.305898 ], [ -11.163278, 7.305828000000133 ], [ -11.161851, 7.305879000000118 ], [ -11.16126, 7.306013000000178 ], [ -11.160164999999893, 7.306381 ], [ -11.152463999999895, 7.312642 ], [ -11.152277, 7.312875 ], [ -11.151187, 7.314291000000139 ], [ -11.15099, 7.314701000000127 ], [ -11.15091399999983, 7.314886000000172 ], [ -11.150839, 7.315342 ], [ -11.15086, 7.3157 ], [ -11.150881, 7.316156 ], [ -11.150462999999888, 7.317021 ], [ -11.150223, 7.317323 ], [ -11.14809, 7.319745 ], [ -11.147303, 7.320166 ], [ -11.146956999999873, 7.32016700000014 ], [ -11.146572, 7.320217000000184 ], [ -11.146121999999821, 7.320423000000176 ], [ -11.143754999999885, 7.32174300000014 ], [ -11.143343, 7.322065000000123 ], [ -11.142013, 7.323516 ], [ -11.141994, 7.32372 ], [ -11.141867, 7.325175 ], [ -11.142495, 7.333859 ], [ -11.143784, 7.335879 ], [ -11.144055, 7.336227 ], [ -11.144412999999815, 7.336807 ], [ -11.144607, 7.337126000000183 ], [ -11.144792999999879, 7.337591 ], [ -11.144832999999835, 7.338056 ], [ -11.144807, 7.33855 ], [ -11.144749999999874, 7.338871000000154 ], [ -11.144694, 7.339104 ], [ -11.144418, 7.339716 ], [ -11.144018, 7.340552000000116 ], [ -11.143655, 7.340931 ], [ -11.140198, 7.344419000000187 ], [ -11.139375, 7.345131 ], [ -11.138482, 7.3456 ], [ -11.137733, 7.34571 ], [ -11.135964999999885, 7.346213 ], [ -11.135236, 7.346546000000103 ], [ -11.133892999999887, 7.347426 ], [ -11.13144, 7.349367000000143 ], [ -11.128231, 7.352087 ], [ -11.127963, 7.352428 ], [ -11.127658, 7.352991000000145 ], [ -11.127526, 7.353564000000119 ], [ -11.127546999999822, 7.354097000000138 ], [ -11.127666, 7.35463 ], [ -11.127734, 7.354872000000171 ], [ -11.127919, 7.35523000000012 ], [ -11.128044999999815, 7.355452000000184 ], [ -11.12813199999988, 7.355714 ], [ -11.128115, 7.356082 ], [ -11.128021, 7.356538000000171 ], [ -11.127794, 7.357354000000157 ], [ -11.12769, 7.357655 ], [ -11.126051999999845, 7.361298 ], [ -11.125851999999895, 7.361571 ], [ -11.123586, 7.364413000000184 ], [ -11.12212, 7.365855000000124 ], [ -11.119551958999978, 7.367181110000047 ], [ -11.115316999999891, 7.369368000000179 ], [ -11.114713, 7.369768 ], [ -11.114186, 7.370256 ], [ -11.107915, 7.378468000000112 ], [ -11.104872, 7.381866 ], [ -11.102782, 7.38549300000011 ], [ -11.102887, 7.387267000000179 ], [ -11.102983999999879, 7.387489 ], [ -11.103082, 7.387818 ], [ -11.103141999999877, 7.388361 ], [ -11.103163, 7.388788 ], [ -11.102917, 7.389545 ], [ -11.102217, 7.390179 ], [ -11.101986999999895, 7.390374 ], [ -11.101671, 7.390569 ], [ -11.101199999999892, 7.390736000000118 ], [ -11.100989, 7.390776 ], [ -11.100410999999895, 7.390692 ], [ -11.098145999999872, 7.389839000000165 ], [ -11.097828, 7.389676000000179 ], [ -11.093868, 7.39048 ], [ -11.0927, 7.391639 ], [ -11.092384, 7.391922 ], [ -11.091865999999868, 7.392302 ], [ -11.091404999999895, 7.392402000000118 ], [ -11.089624999999899, 7.392245000000116 ], [ -11.089134, 7.392189 ], [ -11.086225, 7.391514 ], [ -11.084482, 7.390970000000152 ], [ -11.084162999999876, 7.390777000000185 ], [ -11.083788, 7.390653 ], [ -11.083431, 7.39059600000013 ], [ -11.081914, 7.391186 ], [ -11.08060799999987, 7.391696 ], [ -11.079677, 7.392146 ], [ -11.077845, 7.393308000000161 ], [ -11.077021, 7.394059 ], [ -11.075564, 7.3952 ], [ -11.073452999999859, 7.396383000000185 ], [ -11.072079999999858, 7.396981 ], [ -11.071032999999886, 7.397228 ], [ -11.070667, 7.397249000000102 ], [ -11.068622999999889, 7.398132000000146 ], [ -11.067826, 7.398543 ], [ -11.063902, 7.400936000000172 ], [ -11.060267, 7.403329 ], [ -11.050368, 7.411810000000116 ], [ -11.044533, 7.41818400000011 ], [ -11.043787, 7.419157000000155 ], [ -11.043103, 7.420926000000179 ], [ -11.042439, 7.4231 ], [ -11.042193, 7.423916000000133 ], [ -11.041811, 7.424577000000113 ], [ -11.041313, 7.42508400000014 ], [ -11.040871, 7.425202000000127 ], [ -11.040236, 7.425128 ], [ -11.039098, 7.424609 ], [ -11.03825, 7.424342 ], [ -11.037442, 7.424364 ], [ -11.035617, 7.42499400000014 ], [ -11.033602, 7.426205000000152 ], [ -11.033103, 7.426537 ], [ -11.032932, 7.426964 ], [ -11.032926, 7.429893000000106 ], [ -11.032988, 7.430765000000122 ], [ -11.033262, 7.431734 ], [ -11.03359399999988, 7.432896 ], [ -11.033907, 7.433961 ], [ -11.034216999999842, 7.434580000000153 ], [ -11.034315, 7.43489 ], [ -11.034107, 7.435666 ], [ -11.033765, 7.436502000000189 ], [ -11.033381, 7.436756 ], [ -11.032862, 7.436874 ], [ -11.032379999999876, 7.436722 ], [ -11.031897999999899, 7.436414000000184 ], [ -11.030253, 7.434424 ], [ -11.029226999999878, 7.433323 ], [ -11.028242, 7.432358000000136 ], [ -11.027876, 7.432262 ], [ -11.027146, 7.43246 ], [ -11.026454, 7.432754 ], [ -11.026245, 7.433337000000165 ], [ -11.026287, 7.434228000000132 ], [ -11.026502, 7.434751 ], [ -11.026926999999887, 7.435214 ], [ -11.027352999999891, 7.435756 ], [ -11.027452, 7.436240000000168 ], [ -11.0273, 7.436881 ], [ -11.026707, 7.437484 ], [ -11.025882, 7.437992000000179 ], [ -11.024787, 7.438444000000118 ], [ -11.016389999999888, 7.441197000000159 ], [ -11.010371, 7.442194 ], [ -11.009812999999895, 7.442216 ], [ -11.009449, 7.442566000000113 ], [ -11.00924, 7.443110000000161 ], [ -11.009264, 7.444235000000162 ], [ -11.009367, 7.445708 ], [ -11.009696, 7.446153 ], [ -11.009988, 7.4467140000001 ], [ -11.010203, 7.447508 ], [ -11.01009, 7.448129000000108 ], [ -11.009517999999844, 7.449237000000153 ], [ -11.008675, 7.450211 ], [ -11.008287, 7.450599 ], [ -11.007564999999886, 7.451321 ], [ -11.003617, 7.455101 ], [ -11.002694, 7.455028 ], [ -11.002038, 7.454798 ], [ -11.000632, 7.454456000000107 ], [ -11.000362999999879, 7.454496 ], [ -10.999863999999889, 7.454886 ], [ -10.999364999999898, 7.455295 ], [ -10.998233999999854, 7.456308 ], [ -10.996816999999851, 7.457983000000127 ], [ -10.995269, 7.460162 ], [ -10.994752, 7.460882 ], [ -10.992667, 7.463664000000108 ], [ -10.991785999999877, 7.46458 ], [ -10.990847, 7.465437000000122 ], [ -10.989733999999885, 7.466179 ], [ -10.983531999999855, 7.469155 ], [ -10.977938, 7.470732000000169 ], [ -10.977304, 7.47087 ], [ -10.97642, 7.471243000000186 ], [ -10.975614999999834, 7.471905 ], [ -10.975079999999878, 7.472819000000186 ], [ -10.974987999999826, 7.473789000000124 ], [ -10.975087, 7.474506000000133 ], [ -10.975532999999871, 7.475125 ], [ -10.974473, 7.478912 ], [ -10.971815, 7.482822 ], [ -10.970705999999893, 7.484397000000172 ], [ -10.969595, 7.485508 ], [ -10.968328999999869, 7.486619000000132 ], [ -10.96595, 7.488414 ], [ -10.963373999999874, 7.488987000000122 ], [ -10.962163, 7.489381 ], [ -10.961243, 7.490064 ], [ -10.956586, 7.494758000000161 ], [ -10.956321, 7.495555 ], [ -10.956017, 7.496467000000166 ], [ -10.955596, 7.496974 ], [ -10.949247, 7.501928 ], [ -10.946080999999822, 7.504094 ], [ -10.945217, 7.504564 ], [ -10.94416, 7.505053 ], [ -10.942642, 7.505506 ], [ -10.940969999999879, 7.505979 ], [ -10.939546999999834, 7.506412 ], [ -10.938896, 7.507074000000102 ], [ -10.93815, 7.508144000000186 ], [ -10.937117, 7.509700000000123 ], [ -10.935778, 7.511471 ], [ -10.934954, 7.512289000000123 ], [ -10.933629999999823, 7.513303000000178 ], [ -10.933149, 7.513344000000188 ], [ -10.932744, 7.51319100000012 ], [ -10.928015, 7.505745000000104 ], [ -10.927742, 7.504893 ], [ -10.927854, 7.504136000000187 ], [ -10.927968, 7.503884000000141 ], [ -10.928601, 7.503435 ], [ -10.928809999999885, 7.502774000000102 ], [ -10.928844, 7.501843000000179 ], [ -10.928687, 7.501010000000178 ], [ -10.928204, 7.500644 ], [ -10.923436999999865, 7.497678000000178 ], [ -10.922935999999879, 7.49752500000011 ], [ -10.92232, 7.497605 ], [ -10.921629, 7.498035 ], [ -10.919079, 7.500199 ], [ -10.913863, 7.504624 ], [ -10.905667, 7.509915000000149 ], [ -10.902596, 7.51188800000017 ], [ -10.901021, 7.51253400000013 ], [ -10.900636, 7.51257500000014 ], [ -10.900269, 7.512383 ], [ -10.9, 7.512298000000158 ], [ -10.899902999999881, 7.51226800000012 ], [ -10.899518, 7.512347 ], [ -10.898789, 7.512835000000166 ], [ -10.897330999999895, 7.513850000000105 ], [ -10.895548, 7.515428 ], [ -10.895356999999876, 7.515836000000149 ], [ -10.895436, 7.516360000000134 ], [ -10.895633, 7.517290000000173 ], [ -10.895635, 7.518027 ], [ -10.895543, 7.518726000000129 ], [ -10.895027, 7.519697 ], [ -10.894434, 7.520495000000153 ], [ -10.893744, 7.521177 ], [ -10.88964, 7.52488 ], [ -10.889007, 7.525309 ], [ -10.888200999999867, 7.525777 ], [ -10.887509, 7.526091 ], [ -10.884798, 7.526820000000157 ], [ -10.884067, 7.526882000000171 ], [ -10.883566, 7.526729000000103 ], [ -10.882947999999885, 7.526305 ], [ -10.882446, 7.525861 ], [ -10.881944, 7.525475 ], [ -10.8815, 7.525360000000148 ], [ -10.881038999999873, 7.52544 ], [ -10.880559, 7.525752 ], [ -10.878488999999831, 7.527797 ], [ -10.876955999999893, 7.52953 ], [ -10.876113, 7.530349000000115 ], [ -10.875173, 7.530973 ], [ -10.874003003999917, 7.53147677700008 ], [ -10.868986, 7.533637 ], [ -10.859499, 7.538972 ], [ -10.852145, 7.543367 ], [ -10.851088999999888, 7.54409 ], [ -10.844333, 7.548753 ], [ -10.843528, 7.549513 ], [ -10.843127, 7.55031 ], [ -10.842976, 7.551164 ], [ -10.843058, 7.552328 ], [ -10.84308, 7.552832 ], [ -10.84291, 7.553589000000102 ], [ -10.842547, 7.554192 ], [ -10.841817, 7.554505 ], [ -10.840663, 7.554801 ], [ -10.839528, 7.555019000000129 ], [ -10.838701, 7.555216 ], [ -10.838029, 7.555723000000114 ], [ -10.837627999999825, 7.55654 ], [ -10.837234, 7.558830000000114 ], [ -10.83699, 7.560324 ], [ -10.836493, 7.56118 ], [ -10.834961, 7.56308700000011 ], [ -10.834019999999896, 7.56375 ], [ -10.833195, 7.5642 ], [ -10.83254, 7.564183 ], [ -10.831788, 7.563973 ], [ -10.831248, 7.563607000000161 ], [ -10.830397999999889, 7.562912 ], [ -10.829991, 7.562274000000173 ], [ -10.829758, 7.561906 ], [ -10.829604, 7.561752000000126 ], [ -10.829219, 7.561792 ], [ -10.828412, 7.562125 ], [ -10.826856, 7.562908 ], [ -10.826626, 7.563122 ], [ -10.826358, 7.563744 ], [ -10.82528, 7.568248 ], [ -10.825303, 7.569159000000184 ], [ -10.825363, 7.569624 ], [ -10.819938999999863, 7.575368 ], [ -10.819384, 7.576166000000114 ], [ -10.818736999999885, 7.577953 ], [ -10.818816, 7.578535 ], [ -10.819358, 7.579095000000166 ], [ -10.819995, 7.579558000000134 ], [ -10.820399999999893, 7.57967200000013 ], [ -10.82026, 7.583047000000136 ], [ -10.819320999999888, 7.584022000000175 ], [ -10.814128, 7.589862 ], [ -10.813686999999845, 7.590368000000126 ], [ -10.813593, 7.590775 ], [ -10.813671, 7.591066000000183 ], [ -10.81429, 7.591878 ], [ -10.814716, 7.5924 ], [ -10.816476, 7.594282 ], [ -10.816746, 7.594513 ], [ -10.808441, 7.592744 ], [ -10.802796, 7.591798000000153 ], [ -10.800311, 7.591401000000189 ], [ -10.79986799999989, 7.591422000000136 ], [ -10.799201, 7.591541 ], [ -10.79872, 7.591718000000128 ], [ -10.79799, 7.592167000000131 ], [ -10.7973, 7.59279000000015 ], [ -10.795573999999874, 7.594465000000184 ], [ -10.794466, 7.596429000000171 ], [ -10.79406699999987, 7.59788500000019 ], [ -10.791216, 7.602028000000132 ], [ -10.789815, 7.603256000000158 ], [ -10.790103999999815, 7.607967 ], [ -10.788849, 7.616294000000153 ], [ -10.788966, 7.616623000000175 ], [ -10.789218, 7.616990000000158 ], [ -10.789546, 7.617260000000101 ], [ -10.790125, 7.617568 ], [ -10.79055, 7.617877 ], [ -10.790936999999815, 7.618321000000151 ], [ -10.791285, 7.618766 ], [ -10.791536999999892, 7.61923 ], [ -10.791177, 7.620454 ], [ -10.789969, 7.621661000000131 ], [ -10.783722, 7.628922000000102 ], [ -10.78058099999987, 7.632988000000125 ], [ -10.778855, 7.634722 ], [ -10.77826, 7.635228 ], [ -10.777874999999881, 7.635327000000188 ], [ -10.777163999999857, 7.635427000000107 ], [ -10.77674, 7.635506 ], [ -10.776395, 7.635721000000103 ], [ -10.776146, 7.636071000000129 ], [ -10.775401999999815, 7.637781000000189 ], [ -10.773266, 7.647526 ], [ -10.77483599999988, 7.649866 ], [ -10.775146, 7.650331000000108 ], [ -10.775655, 7.652462 ], [ -10.775657, 7.652928 ], [ -10.775485, 7.653374 ], [ -10.775120999999899, 7.65360800000019 ], [ -10.774620999999854, 7.653727000000117 ], [ -10.773735, 7.653692 ], [ -10.772925, 7.653637000000117 ], [ -10.772482, 7.653386000000125 ], [ -10.771477, 7.652596000000131 ], [ -10.771205999999893, 7.652131 ], [ -10.771088, 7.651511 ], [ -10.770949, 7.650639 ], [ -10.770986, 7.650231 ], [ -10.771177, 7.649784000000182 ], [ -10.771212999999875, 7.649241000000188 ], [ -10.771019, 7.648913 ], [ -10.770458, 7.648197000000152 ], [ -10.769858, 7.647559000000115 ], [ -10.769433, 7.647251 ], [ -10.76899, 7.647097 ], [ -10.768644, 7.647118 ], [ -10.768067, 7.647392000000139 ], [ -10.767548, 7.647782 ], [ -10.767203999999879, 7.64823 ], [ -10.76487399999985, 7.652836 ], [ -10.762001999999882, 7.656979 ], [ -10.761313, 7.657757000000117 ], [ -10.76083199999988, 7.658012 ], [ -10.752912, 7.661360000000172 ], [ -10.752412, 7.661479 ], [ -10.7517, 7.661501000000101 ], [ -10.751007, 7.661485 ], [ -10.749927999999898, 7.661431000000164 ], [ -10.748329, 7.661437000000149 ], [ -10.747925999999893, 7.661575 ], [ -10.747599, 7.661867 ], [ -10.747447, 7.662236000000178 ], [ -10.748462, 7.665626 ], [ -10.748635999999863, 7.665897 ], [ -10.748907, 7.666109000000176 ], [ -10.748574, 7.669563000000153 ], [ -10.744956, 7.674601 ], [ -10.743713999999841, 7.67707 ], [ -10.74297, 7.67893400000014 ], [ -10.742665, 7.679537 ], [ -10.742032, 7.68019900000013 ], [ -10.739420999999822, 7.682266000000141 ], [ -10.738423, 7.683026 ], [ -10.737655, 7.683592 ], [ -10.729408, 7.687155000000132 ], [ -10.727233999999896, 7.692342000000167 ], [ -10.727216999999825, 7.693022 ], [ -10.727124, 7.693720000000155 ], [ -10.726709, 7.695995 ], [ -10.726212, 7.696889000000169 ], [ -10.725504, 7.697842000000151 ], [ -10.72487, 7.698504000000185 ], [ -10.723563999999897, 7.699324 ], [ -10.722469999999873, 7.700046 ], [ -10.719437999999855, 7.702832000000171 ], [ -10.71825, 7.704194 ], [ -10.718213, 7.704718 ], [ -10.718407, 7.705066000000102 ], [ -10.718736, 7.705318 ], [ -10.718472, 7.706851 ], [ -10.715322999999898, 7.709016 ], [ -10.712772, 7.7118 ], [ -10.709878, 7.715206000000137 ], [ -10.707126, 7.720648 ], [ -10.70709, 7.721191 ], [ -10.707315999999878, 7.724740000000111 ], [ -10.707396, 7.725437 ], [ -10.707513, 7.725942 ], [ -10.702003, 7.734944 ], [ -10.701274999999839, 7.736014000000125 ], [ -10.692345, 7.742586000000188 ], [ -10.690346, 7.743505 ], [ -10.68973, 7.743721000000107 ], [ -10.689190999999823, 7.743645 ], [ -10.688477, 7.74328 ], [ -10.687801, 7.742817000000116 ], [ -10.687337, 7.742392000000109 ], [ -10.686873999999875, 7.742219 ], [ -10.68647, 7.742415 ], [ -10.683992999999873, 7.744093 ], [ -10.682111, 7.745613000000162 ], [ -10.681745999999862, 7.74606 ], [ -10.68148, 7.746915 ], [ -10.681311, 7.747847 ], [ -10.681178, 7.74852600000014 ], [ -10.68097, 7.74938 ], [ -10.680625, 7.749827 ], [ -10.68026, 7.750004 ], [ -10.679701, 7.74989 ], [ -10.679063, 7.749427 ], [ -10.678386, 7.748595000000137 ], [ -10.677785, 7.74755 ], [ -10.67133299999989, 7.747715 ], [ -10.670967, 7.747853 ], [ -10.662858, 7.752636 ], [ -10.660288, 7.755439000000138 ], [ -10.658718, 7.757812000000172 ], [ -10.658527, 7.758278000000189 ], [ -10.658550999999875, 7.759461 ], [ -10.658487, 7.762759 ], [ -10.658300999999881, 7.764447 ], [ -10.658033, 7.764797000000101 ], [ -10.65761, 7.764974000000166 ], [ -10.656993, 7.764956 ], [ -10.656626, 7.764744000000121 ], [ -10.648330999999814, 7.766503 ], [ -10.64599, 7.768665 ], [ -10.645625, 7.768957 ], [ -10.645085999999822, 7.769173000000137 ], [ -10.639673, 7.769058 ], [ -10.637764999999888, 7.768639000000178 ], [ -10.637107999999898, 7.768176 ], [ -10.634599999999864, 7.767196000000183 ], [ -10.634234, 7.767081 ], [ -10.633752, 7.766986 ], [ -10.630669, 7.766688 ], [ -10.630109999999888, 7.766709 ], [ -10.629244, 7.767004 ], [ -10.624109, 7.76906 ], [ -10.610811999999839, 7.772640000000138 ], [ -10.607600999999818, 7.773952000000122 ], [ -10.607178, 7.774322 ], [ -10.606659, 7.774851 ], [ -10.606646999999839, 7.774864 ], [ -10.606636, 7.78130700000014 ], [ -10.60662244699995, 7.789990792000083 ], [ -10.606608892999873, 7.798674580000068 ], [ -10.60659533799992, 7.807358365000084 ], [ -10.606581782999967, 7.816042147000076 ], [ -10.606568227999958, 7.824725925 ], [ -10.606554671999902, 7.833409699000185 ], [ -10.60654111499997, 7.842093469000133 ], [ -10.606527557999925, 7.85077723600017 ], [ -10.606514, 7.859461000000124 ], [ -10.60641803999988, 7.920562745000097 ], [ -10.606417830999874, 7.920695766 ], [ -10.606354999999837, 7.960703 ], [ -10.606209508999882, 7.969631256000127 ], [ -10.606064012999923, 7.978559508000046 ], [ -10.605918508999935, 7.987487756000178 ], [ -10.605772999999886, 7.996416000000124 ], [ -10.605702999999892, 8.000756 ], [ -10.60592, 8.00391500000012 ], [ -10.605766, 8.01688 ], [ -10.60542, 8.025457 ], [ -10.605419, 8.032618000000184 ], [ -10.606, 8.039484000000186 ], [ -10.605208, 8.040370000000166 ], [ -10.60441, 8.041054 ], [ -10.603611999999885, 8.041708 ], [ -10.602674, 8.042022 ], [ -10.601705, 8.042180000000144 ], [ -10.60072, 8.042246 ], [ -10.599642, 8.04208 ], [ -10.598316999999838, 8.041744000000165 ], [ -10.597547, 8.041871000000185 ], [ -10.596487, 8.042278 ], [ -10.592355, 8.044618 ], [ -10.587285999999892, 8.046171000000129 ], [ -10.583255999999892, 8.047132 ], [ -10.577895, 8.048141000000101 ], [ -10.576416999999878, 8.04819300000014 ], [ -10.575709, 8.04822600000017 ], [ -10.573623999999882, 8.050651 ], [ -10.573456999999848, 8.051147000000128 ], [ -10.573428, 8.051767 ], [ -10.572709999999859, 8.053103000000135 ], [ -10.57173, 8.05450100000013 ], [ -10.569432, 8.057469 ], [ -10.566247, 8.061881 ], [ -10.565818, 8.062549000000104 ], [ -10.565068, 8.063744 ], [ -10.564625, 8.064474000000189 ], [ -10.563171999999895, 8.066958 ], [ -10.562593999999876, 8.068804000000171 ], [ -10.559887999999887, 8.073958000000118 ], [ -10.557761, 8.077344000000153 ], [ -10.55508, 8.080892 ], [ -10.554083999999875, 8.08198 ], [ -10.553363, 8.082634000000155 ], [ -10.548558, 8.08649400000013 ], [ -10.545226999999898, 8.089342 ], [ -10.54353, 8.092385000000149 ], [ -10.540694, 8.095696 ], [ -10.536811999999884, 8.099336 ], [ -10.536462, 8.100344000000177 ], [ -10.536648, 8.100870000000157 ], [ -10.536667, 8.101738 ], [ -10.536562999999887, 8.102621000000113 ], [ -10.535423, 8.106622000000186 ], [ -10.531294, 8.114137 ], [ -10.53036, 8.115488000000141 ], [ -10.528046, 8.118580000000179 ], [ -10.527554999999836, 8.118969 ], [ -10.527094, 8.11925 ], [ -10.525956, 8.119687000000113 ], [ -10.525418, 8.119844000000114 ], [ -10.524788, 8.120203000000174 ], [ -10.524251, 8.120716000000186 ], [ -10.523853, 8.121323000000132 ], [ -10.523655, 8.122067 ], [ -10.523687999999879, 8.12256200000013 ], [ -10.523874, 8.123011000000133 ], [ -10.52508, 8.124153000000149 ], [ -10.52542, 8.124430000000132 ], [ -10.526129, 8.124660000000176 ], [ -10.526792, 8.124766 ], [ -10.527407, 8.124702 ], [ -10.5277, 8.124639 ], [ -10.527932, 8.124947000000134 ], [ -10.528025999999898, 8.125273000000107 ], [ -10.527933999999846, 8.125536000000182 ], [ -10.527551, 8.125956 ], [ -10.52455899999984, 8.128911000000187 ], [ -10.523944, 8.129301000000112 ], [ -10.523390999999833, 8.129427 ], [ -10.522759, 8.129367 ], [ -10.521205, 8.129822 ], [ -10.515246, 8.134074000000169 ], [ -10.514570999999876, 8.134603 ], [ -10.508907, 8.139613000000168 ], [ -10.50593, 8.142289 ], [ -10.505669, 8.142693 ], [ -10.505224, 8.142989 ], [ -10.500967, 8.145453 ], [ -10.500475, 8.14560900000015 ], [ -10.499429, 8.145830000000103 ], [ -10.49715, 8.146102 ], [ -10.492638, 8.146041 ], [ -10.489498, 8.146548 ], [ -10.486544, 8.14721 ], [ -10.484734, 8.149324 ], [ -10.484488999999826, 8.149541 ], [ -10.479871999999887, 8.150333 ], [ -10.478330999999855, 8.15009 ], [ -10.478022, 8.149906 ], [ -10.47776, 8.149907 ], [ -10.475865999999826, 8.150022 ], [ -10.475358, 8.150055000000123 ], [ -10.472606, 8.151087 ], [ -10.472468, 8.151289 ], [ -10.469277, 8.154849000000127 ], [ -10.463336999999854, 8.156265 ], [ -10.456288, 8.156274 ], [ -10.448714999999879, 8.157394000000181 ], [ -10.446480999999892, 8.157146 ], [ -10.443712, 8.154902 ], [ -10.443387999999857, 8.154702 ], [ -10.442460107999977, 8.154511174000049 ], [ -10.442460051999888, 8.154511162000063 ], [ -10.441832, 8.154382 ], [ -10.432944, 8.154011 ], [ -10.43265, 8.153624 ], [ -10.430855999999892, 8.151493 ], [ -10.430592999999817, 8.151246 ], [ -10.428108999999893, 8.14986000000016 ], [ -10.426411, 8.148921 ], [ -10.423086, 8.149134000000117 ], [ -10.421992, 8.149231000000157 ], [ -10.420746, 8.14945200000011 ], [ -10.419699, 8.149517000000174 ], [ -10.414339, 8.149567 ], [ -10.413292, 8.149571 ], [ -10.412706, 8.149465000000134 ], [ -10.412213, 8.149234 ], [ -10.411827, 8.149065 ], [ -10.404160999999874, 8.150098000000128 ], [ -10.403037, 8.150335 ], [ -10.397471, 8.148402000000146 ], [ -10.396352, 8.149707 ], [ -10.39606, 8.150049000000138 ], [ -10.395939, 8.150530000000174 ], [ -10.395925, 8.150948 ], [ -10.395772, 8.151258 ], [ -10.393368999999893, 8.151205 ], [ -10.391733999999815, 8.150637000000131 ], [ -10.389283, 8.149824 ], [ -10.388852, 8.149888000000146 ], [ -10.388314, 8.150122000000124 ], [ -10.386271, 8.151772 ], [ -10.38624099999987, 8.151988000000188 ], [ -10.38652, 8.152514000000167 ], [ -10.386906, 8.152838 ], [ -10.38743, 8.153023000000189 ], [ -10.387954, 8.153052000000116 ], [ -10.389428, 8.156223000000125 ], [ -10.38752, 8.161126 ], [ -10.386615999999833, 8.162384 ], [ -10.386294, 8.16280300000011 ], [ -10.384786999999847, 8.16359800000015 ], [ -10.384294999999895, 8.163755000000151 ], [ -10.377709, 8.165590000000122 ], [ -10.377169999999865, 8.165716 ], [ -10.373057, 8.16543600000017 ], [ -10.372748999999885, 8.165266000000145 ], [ -10.371405, 8.163938 ], [ -10.371156999999812, 8.163676 ], [ -10.371046999999862, 8.163196 ], [ -10.371031, 8.16285500000015 ], [ -10.362493, 8.156609 ], [ -10.361627999999882, 8.155961000000104 ], [ -10.360005999999885, 8.154479 ], [ -10.357704, 8.152519 ], [ -10.35738, 8.152303000000131 ], [ -10.353954, 8.150099 ], [ -10.353353, 8.15007 ], [ -10.352922, 8.150071 ], [ -10.351963, 8.150529 ], [ -10.351103404999947, 8.151202087000058 ], [ -10.35107149199996, 8.151227076000112 ], [ -10.34646, 8.154838 ], [ -10.34645, 8.154848 ], [ -10.343430999999896, 8.158173000000147 ], [ -10.343322, 8.158911000000103 ], [ -10.343254, 8.159717 ], [ -10.343113, 8.160406 ], [ -10.342444, 8.161350000000141 ], [ -10.339152999999897, 8.162999000000127 ], [ -10.338323, 8.163481 ], [ -10.336769999999888, 8.164663000000132 ], [ -10.334715, 8.168455 ], [ -10.33227399999987, 8.172883000000127 ], [ -10.330703, 8.175237 ], [ -10.323432, 8.184989 ], [ -10.322014, 8.186079 ], [ -10.321434999999838, 8.186705000000131 ], [ -10.319927, 8.189044 ], [ -10.319664, 8.18966 ], [ -10.319443999999862, 8.190694000000121 ], [ -10.31934799999982, 8.19255800000019 ], [ -10.318904, 8.194936 ], [ -10.317875, 8.195132000000172 ], [ -10.31222, 8.196525000000122 ], [ -10.308308, 8.198283000000117 ], [ -10.308302, 8.198282 ], [ -10.307962, 8.198206000000141 ], [ -10.30772, 8.198114000000146 ], [ -10.305008, 8.197579000000133 ], [ -10.302365999999893, 8.197304 ], [ -10.301004, 8.199120000000107 ], [ -10.300699999999892, 8.199613 ], [ -10.300293999999894, 8.203230000000133 ], [ -10.300887, 8.203924 ], [ -10.299404, 8.212043000000165 ], [ -10.299323999999899, 8.21248 ], [ -10.299186, 8.212939 ], [ -10.297383, 8.215518 ], [ -10.295585, 8.219639 ], [ -10.295324999999877, 8.220383 ], [ -10.295307, 8.220956 ], [ -10.295325999999875, 8.223131 ], [ -10.295877, 8.22734 ], [ -10.296039999999891, 8.227637 ], [ -10.296051, 8.227657000000136 ], [ -10.297253999999896, 8.22826700000013 ], [ -10.297979, 8.228900000000124 ], [ -10.300787, 8.231767 ], [ -10.301279, 8.232657 ], [ -10.302627, 8.237128 ], [ -10.30256, 8.237759 ], [ -10.302376, 8.238216 ], [ -10.302348, 8.238236 ], [ -10.301122, 8.239071 ], [ -10.300741, 8.239449 ], [ -10.300713, 8.239856000000145 ], [ -10.30081, 8.240336 ], [ -10.301055, 8.241008 ], [ -10.301372999999899, 8.241386 ], [ -10.30216, 8.241679000000147 ], [ -10.302888, 8.241824 ], [ -10.304918, 8.241914 ], [ -10.305895, 8.241822 ], [ -10.306567, 8.241628 ], [ -10.308815, 8.24723100000017 ], [ -10.311336, 8.255614 ], [ -10.311533999999881, 8.256952000000126 ], [ -10.311494, 8.257374 ], [ -10.311191999999892, 8.258327 ], [ -10.310257, 8.261643000000163 ], [ -10.310667, 8.263324000000125 ], [ -10.311224, 8.2648650000001 ], [ -10.313727, 8.265936 ], [ -10.314438999999879, 8.267724 ], [ -10.314995999999894, 8.269466000000136 ], [ -10.316253, 8.274928000000159 ], [ -10.315566999999874, 8.276566000000116 ], [ -10.315395, 8.277265 ], [ -10.315796, 8.278142000000173 ], [ -10.317454, 8.281286 ], [ -10.318458, 8.282731 ], [ -10.318959, 8.283336 ], [ -10.319877, 8.28407 ], [ -10.320212, 8.284800000000189 ], [ -10.318313999999873, 8.286803 ], [ -10.31471, 8.289722 ], [ -10.313485, 8.290258 ], [ -10.312505, 8.290630000000135 ], [ -10.311503, 8.291025000000104 ], [ -10.309619999999882, 8.291784 ], [ -10.301131, 8.297512 ], [ -10.301594, 8.299038000000166 ], [ -10.301764, 8.2993570000001 ], [ -10.302186, 8.300028 ], [ -10.302354, 8.300427000000184 ], [ -10.302749999999889, 8.301538 ], [ -10.303286, 8.303080000000136 ], [ -10.303473, 8.304179 ], [ -10.303311, 8.304466 ], [ -10.302972, 8.304891 ], [ -10.301046, 8.305855 ], [ -10.298803, 8.307738 ], [ -10.298305, 8.308423 ], [ -10.298296, 8.308436 ], [ -10.297252, 8.316093 ], [ -10.296084999999891, 8.325995 ], [ -10.296514, 8.326908 ], [ -10.296521, 8.327256 ], [ -10.295019, 8.332771 ], [ -10.294714, 8.333632 ], [ -10.293016, 8.334518 ], [ -10.290923, 8.33618 ], [ -10.288711, 8.339602 ], [ -10.288558, 8.339876000000118 ], [ -10.288465, 8.340061000000162 ], [ -10.28842, 8.340478 ], [ -10.288548, 8.340686000000176 ], [ -10.289929, 8.342612 ], [ -10.290973, 8.342979000000184 ], [ -10.291743999999881, 8.343176000000142 ], [ -10.292408, 8.343467 ], [ -10.29327899999987, 8.344263 ], [ -10.293553, 8.344623000000126 ], [ -10.29326, 8.345899 ], [ -10.293108, 8.346186000000159 ], [ -10.291811, 8.347963000000107 ], [ -10.290365999999835, 8.349711000000127 ], [ -10.290178, 8.349904 ], [ -10.28998, 8.351473000000112 ], [ -10.29124899999988, 8.353633000000116 ], [ -10.292563, 8.354796 ], [ -10.293461, 8.355372000000102 ], [ -10.294422, 8.355756 ], [ -10.295003999999892, 8.35619 ], [ -10.295313, 8.357182000000137 ], [ -10.294037999999887, 8.36369400000018 ], [ -10.293093, 8.364857 ], [ -10.291894, 8.365243 ], [ -10.291176, 8.365644 ], [ -10.286203999999884, 8.372703 ], [ -10.2866, 8.374102000000164 ], [ -10.286878999999885, 8.374866000000111 ], [ -10.288447, 8.377934 ], [ -10.29037099999988, 8.380267 ], [ -10.290279999999825, 8.380872 ], [ -10.287473, 8.387678 ], [ -10.286312, 8.390426 ], [ -10.285512, 8.391437 ], [ -10.285196999999869, 8.391622 ], [ -10.28354, 8.391407 ], [ -10.280875, 8.392591000000152 ], [ -10.278826, 8.395116000000144 ], [ -10.278807, 8.39559700000018 ], [ -10.27909099999988, 8.39834 ], [ -10.279318, 8.399037 ], [ -10.27994, 8.402719 ], [ -10.276661999999874, 8.409034000000133 ], [ -10.277547, 8.411884 ], [ -10.276675999999895, 8.416331 ], [ -10.275624999999877, 8.418812 ], [ -10.27386, 8.42108 ], [ -10.273791999999844, 8.422052 ], [ -10.274324, 8.422655000000191 ], [ -10.277354, 8.425478 ], [ -10.277665999999897, 8.425743 ], [ -10.278154, 8.425742000000184 ], [ -10.278245, 8.425574000000154 ], [ -10.278395, 8.425463 ], [ -10.279403, 8.425582 ], [ -10.280296, 8.426018000000113 ], [ -10.28073, 8.426388 ], [ -10.28118, 8.426983000000178 ], [ -10.281097, 8.428071000000159 ], [ -10.279928, 8.431289000000106 ], [ -10.279688, 8.431892000000119 ], [ -10.279517, 8.432228 ], [ -10.275960999999882, 8.436929000000134 ], [ -10.27502, 8.437986 ], [ -10.274493, 8.438531000000182 ], [ -10.274148, 8.438776000000189 ], [ -10.273803, 8.43895 ], [ -10.273034999999823, 8.439810000000136 ], [ -10.272804999999892, 8.440238 ], [ -10.271814, 8.443564 ], [ -10.271683, 8.444648 ], [ -10.271735, 8.445916000000125 ], [ -10.272029, 8.446646000000158 ], [ -10.27316, 8.447903 ], [ -10.274821, 8.449961 ], [ -10.275662999999838, 8.452173 ], [ -10.275765, 8.453354 ], [ -10.275757999999882, 8.453397 ], [ -10.275686, 8.453881000000138 ], [ -10.275714999999877, 8.454163 ], [ -10.276332999999852, 8.458038 ], [ -10.276743, 8.46013900000014 ], [ -10.276824, 8.460324000000128 ], [ -10.277939, 8.461304 ], [ -10.278158, 8.461495 ], [ -10.278597, 8.461829 ], [ -10.279128, 8.462065000000166 ], [ -10.278995999999836, 8.465585 ], [ -10.276952999999878, 8.468463000000156 ], [ -10.274611, 8.472564 ], [ -10.275403, 8.479559 ], [ -10.277915999999891, 8.4846 ], [ -10.278066, 8.484629000000155 ], [ -10.27922929999994, 8.484688388000109 ], [ -10.277783, 8.486439000000132 ], [ -10.276593, 8.490097000000105 ], [ -10.275698, 8.490863000000104 ], [ -10.274078, 8.491546000000142 ], [ -10.270111, 8.492061 ], [ -10.267977, 8.491723 ], [ -10.266398, 8.490833000000123 ], [ -10.265202, 8.489601000000107 ], [ -10.264986, 8.487773 ], [ -10.264259999999865, 8.487264 ], [ -10.262339999999881, 8.486714000000177 ], [ -10.258544, 8.487399 ], [ -10.256326, 8.487954000000116 ], [ -10.252276, 8.490085 ], [ -10.250017, 8.491873000000169 ], [ -10.247127, 8.491905000000145 ], [ -10.24458, 8.491593 ], [ -10.243236, 8.490790000000118 ], [ -10.242546, 8.489247000000148 ], [ -10.24136, 8.487303 ], [ -10.239972, 8.485606000000132 ], [ -10.23808, 8.484453000000144 ], [ -10.236428999999873, 8.484692 ], [ -10.235065, 8.48677 ], [ -10.234347, 8.48949800000014 ], [ -10.233185999999876, 8.491229 ], [ -10.231281, 8.492063 ], [ -10.228782, 8.491949 ], [ -10.227736999999877, 8.491297000000145 ], [ -10.227444999999875, 8.490153000000134 ], [ -10.22731199999987, 8.487619000000109 ], [ -10.227478999999846, 8.485087 ], [ -10.228237, 8.4839 ], [ -10.229739, 8.483461000000148 ], [ -10.230441999999869, 8.483068000000117 ], [ -10.231101999999851, 8.481482 ], [ -10.23031, 8.480335000000139 ], [ -10.228419, 8.479132 ], [ -10.225475, 8.478420000000142 ], [ -10.223225, 8.478457000000162 ], [ -10.219020999999884, 8.479227 ], [ -10.218016, 8.480016 ], [ -10.21656, 8.481051 ], [ -10.215059999999824, 8.481042000000173 ], [ -10.214016, 8.480291 ], [ -10.212326, 8.478791000000115 ], [ -10.210885, 8.477591000000132 ], [ -10.210136, 8.477537 ], [ -10.204755, 8.482274000000132 ], [ -10.20395, 8.483113000000117 ], [ -10.203982999999823, 8.485547 ], [ -10.203922, 8.487236 ], [ -10.201636, 8.492636 ], [ -10.20073, 8.493575000000135 ], [ -10.192892, 8.499440000000106 ], [ -10.187112, 8.504075000000114 ], [ -10.184753999999884, 8.505253 ], [ -10.183201999999881, 8.505641 ], [ -10.181247999999869, 8.506325000000118 ], [ -10.179742, 8.507210000000157 ], [ -10.177878, 8.509236000000101 ], [ -10.176471, 8.51032 ], [ -10.170253999999886, 8.513015000000109 ], [ -10.168501999999876, 8.513353 ], [ -10.165851, 8.513635 ], [ -10.163545999999883, 8.514367 ], [ -10.162037, 8.515848 ], [ -10.161376, 8.517334 ], [ -10.161672999999894, 8.517832 ], [ -10.164456, 8.520233000000133 ], [ -10.165599, 8.521184000000119 ], [ -10.166091999999878, 8.522180000000105 ], [ -10.165433999999891, 8.523418 ], [ -10.163328, 8.524250000000109 ], [ -10.160778, 8.524433 ], [ -10.15858, 8.524073 ], [ -10.1464, 8.521517000000131 ], [ -10.144254999999816, 8.52090800000019 ], [ -10.141860999999892, 8.520099 ], [ -10.139714, 8.519738000000189 ], [ -10.131406, 8.521079000000157 ], [ -10.130152999999893, 8.521568000000116 ], [ -10.123805, 8.528584 ], [ -10.123241999999891, 8.530468 ], [ -10.121919, 8.533887000000107 ], [ -10.121266999999818, 8.534082 ], [ -10.120569999999873, 8.53368 ], [ -10.119885, 8.531590000000108 ], [ -10.119150999999874, 8.529301 ], [ -10.118461, 8.527906000000144 ], [ -10.117616999999882, 8.527006 ], [ -10.116021999999873, 8.52645 ], [ -10.113974999999812, 8.525991000000147 ], [ -10.11268, 8.525387 ], [ -10.112086, 8.52444 ], [ -10.111751, 8.522302 ], [ -10.111312, 8.52076 ], [ -10.109974, 8.519063000000131 ], [ -10.107783999999867, 8.517808 ], [ -10.106088, 8.517201 ], [ -10.104896, 8.516151 ], [ -10.104404999999872, 8.514856 ], [ -10.104467, 8.513118000000134 ], [ -10.103824999999858, 8.512071000000162 ], [ -10.102876, 8.511867000000166 ], [ -10.099868, 8.51319 ], [ -10.09861, 8.514325000000156 ], [ -10.096998999999869, 8.515855000000101 ], [ -10.095193999999822, 8.516688000000102 ], [ -10.09264, 8.517318000000159 ], [ -10.088032999999825, 8.518383 ], [ -10.086183, 8.518471 ], [ -10.084734, 8.518363000000136 ], [ -10.083438, 8.517808 ], [ -10.082844, 8.51696 ], [ -10.082498999999871, 8.516312 ], [ -10.081804, 8.515662 ], [ -10.080304999999896, 8.515504 ], [ -10.079102, 8.515994 ], [ -10.077746999999874, 8.516681 ], [ -10.076897, 8.516725000000122 ], [ -10.076401, 8.516176 ], [ -10.076316, 8.514039 ], [ -10.076485, 8.511457000000178 ], [ -10.076343999999892, 8.510066 ], [ -10.075454, 8.508818000000133 ], [ -10.073903, 8.508958000000177 ], [ -10.072145, 8.51009 ], [ -10.069586999999842, 8.511266 ], [ -10.068236, 8.511407000000133 ], [ -10.066441, 8.510849000000121 ], [ -10.065199, 8.509699000000182 ], [ -10.063213999999846, 8.507650000000126 ], [ -10.062122999999815, 8.506402 ], [ -10.060384999999883, 8.504901 ], [ -10.056799999999839, 8.502842 ], [ -10.051318, 8.500523 ], [ -10.049774, 8.499669 ], [ -10.048340999999823, 8.497326000000157 ], [ -10.046817, 8.49383900000015 ], [ -10.045791, 8.490554 ], [ -10.045803, 8.488915 ], [ -10.047727999999893, 8.485301000000163 ], [ -10.048904, 8.481633 ], [ -10.049789, 8.47682 ], [ -10.050350999999864, 8.475085 ], [ -10.052771999999891, 8.47212 ], [ -10.054992, 8.469203000000107 ], [ -10.057114, 8.466087 ], [ -10.057924999999841, 8.464453 ], [ -10.057639999999878, 8.462414 ], [ -10.057858, 8.459932 ], [ -10.059811, 8.452444 ], [ -10.061469999999872, 8.451113 ], [ -10.062026, 8.450272000000155 ], [ -10.062087, 8.448732 ], [ -10.062141999999881, 8.441083000000106 ], [ -10.061757999999884, 8.438846000000126 ], [ -10.060828, 8.429154 ], [ -10.060744, 8.426918000000114 ], [ -10.06062003999989, 8.426678040000184 ], [ -10.060152, 8.425772000000165 ], [ -10.058907, 8.425267000000133 ], [ -10.057158, 8.425157 ], [ -10.048206, 8.425946000000181 ], [ -10.042848999999876, 8.427204000000188 ], [ -10.040343, 8.428132 ], [ -10.038678, 8.430307 ], [ -10.03751, 8.432833000000187 ], [ -10.035802999999817, 8.433965 ], [ -10.0328, 8.434592 ], [ -10.031249, 8.434681000000126 ], [ -10.029853999999887, 8.434126 ], [ -10.028063, 8.43292300000013 ], [ -10.026367, 8.432465 ], [ -10.023715, 8.432945000000188 ], [ -10.020398999999884, 8.435308000000134 ], [ -10.017132, 8.437821 ], [ -10.01487, 8.439496 ], [ -10.012715, 8.440376 ], [ -10.009062, 8.440949 ], [ -10.005209, 8.441471 ], [ -10.001606, 8.442044 ], [ -9.999953999999889, 8.443048 ], [ -9.996487999999829, 8.444140000000118 ], [ -9.995693, 8.444270000000188 ], [ -9.990176, 8.444874 ], [ -9.989910999999836, 8.444873 ], [ -9.988537999999892, 8.447839000000101 ], [ -9.98805, 8.449135 ], [ -9.987008999999887, 8.451376 ], [ -9.98681, 8.451705 ], [ -9.98387, 8.454513 ], [ -9.973441, 8.462340000000154 ], [ -9.973264, 8.4623390000001 ], [ -9.972867, 8.462316000000101 ], [ -9.97214, 8.461941 ], [ -9.971037, 8.461389000000167 ], [ -9.970662, 8.461212000000103 ], [ -9.970353, 8.461167000000103 ], [ -9.969934, 8.461122000000103 ], [ -9.969426999999882, 8.461209 ], [ -9.969050999999865, 8.461296000000118 ], [ -9.966644, 8.462346000000139 ], [ -9.966202, 8.462631000000101 ], [ -9.965804999999875, 8.462894000000176 ], [ -9.965318, 8.463223 ], [ -9.965008999999895, 8.463486000000103 ], [ -9.96439, 8.46443 ], [ -9.963636999999892, 8.465946 ], [ -9.963149, 8.467110000000105 ], [ -9.962883, 8.467923 ], [ -9.962794, 8.468385000000126 ], [ -9.962661, 8.46878 ], [ -9.961664999999812, 8.470427000000143 ], [ -9.961421, 8.470734000000107 ], [ -9.961156, 8.471020000000181 ], [ -9.960801999999887, 8.471371 ], [ -9.957222999999885, 8.473737 ], [ -9.953909, 8.475929 ], [ -9.948783, 8.479347 ], [ -9.948385, 8.479632 ], [ -9.946573, 8.480947000000128 ], [ -9.942771999999877, 8.483709 ], [ -9.940597228999877, 8.484883775000185 ], [ -9.934907999999893, 8.487957000000165 ], [ -9.928457, 8.491636 ], [ -9.92481, 8.494530000000111 ], [ -9.923770999999874, 8.495253 ], [ -9.913856, 8.498747000000151 ], [ -9.913436, 8.498878000000161 ], [ -9.909881, 8.499705000000176 ], [ -9.908093, 8.499943000000144 ], [ -9.907321, 8.499941 ], [ -9.906592, 8.499917000000153 ], [ -9.905004, 8.499781 ], [ -9.90379, 8.499669 ], [ -9.896574999999871, 8.498683 ], [ -9.895625999999879, 8.498549 ], [ -9.894908802999964, 8.498337108000158 ], [ -9.890972, 8.497174 ], [ -9.88949799999989, 8.494730000000118 ], [ -9.889409999999828, 8.494487000000106 ], [ -9.887471, 8.492943 ], [ -9.88714, 8.492877000000135 ], [ -9.885727, 8.493533 ], [ -9.885108, 8.493861 ], [ -9.884644, 8.49441000000013 ], [ -9.884113, 8.495068 ], [ -9.883802999999887, 8.495463 ], [ -9.883536999999876, 8.49588 ], [ -9.883072, 8.49673700000011 ], [ -9.882960999999852, 8.497132 ], [ -9.882806, 8.497308 ], [ -9.882519, 8.497439 ], [ -9.881945, 8.497548 ], [ -9.881039999999871, 8.497655 ], [ -9.86815, 8.498195000000123 ], [ -9.867907, 8.498194 ], [ -9.867378, 8.497995000000117 ], [ -9.866760999999883, 8.497619 ], [ -9.866077, 8.497332000000142 ], [ -9.865547999999876, 8.497176 ], [ -9.863539, 8.497369000000162 ], [ -9.862877, 8.497499 ], [ -9.862058999999874, 8.497805 ], [ -9.861728, 8.498112 ], [ -9.861351999999897, 8.498507000000188 ], [ -9.861086, 8.498968000000104 ], [ -9.860908, 8.49940800000013 ], [ -9.854506, 8.500183000000106 ], [ -9.854109, 8.500204 ], [ -9.853756, 8.500049 ], [ -9.853513999999848, 8.499807 ], [ -9.848448, 8.494714 ], [ -9.848206, 8.494405 ], [ -9.84759, 8.493590000000154 ], [ -9.843871, 8.4885230000001 ], [ -9.843079, 8.487399 ], [ -9.842947, 8.486959000000184 ], [ -9.84286, 8.486563000000103 ], [ -9.842861, 8.485969000000182 ], [ -9.843104999999866, 8.48546400000015 ], [ -9.84337, 8.485135 ], [ -9.84379, 8.484806 ], [ -9.844341999999813, 8.484521 ], [ -9.845182, 8.484238000000119 ], [ -9.845955, 8.483866 ], [ -9.846198, 8.483647 ], [ -9.846264999999846, 8.483383 ], [ -9.846066999999891, 8.483119000000102 ], [ -9.845692, 8.482832000000144 ], [ -9.845207, 8.482743 ], [ -9.843839, 8.482629 ], [ -9.843507999999815, 8.482606 ], [ -9.84163, 8.483503 ], [ -9.841187999999875, 8.483788 ], [ -9.840834, 8.484073000000137 ], [ -9.840326, 8.484511000000168 ], [ -9.839883, 8.485126 ], [ -9.838221, 8.48831 ], [ -9.837955, 8.488881 ], [ -9.834746, 8.493249000000162 ], [ -9.832627, 8.493199000000118 ], [ -9.832208, 8.493352000000129 ], [ -9.830617, 8.494183 ], [ -9.830308, 8.494381 ], [ -9.830107999999882, 8.494666000000166 ], [ -9.83013, 8.494996000000128 ], [ -9.831402, 8.498782 ], [ -9.831534, 8.499046 ], [ -9.831666, 8.499288000000149 ], [ -9.831952, 8.499641 ], [ -9.832149999999899, 8.499883000000182 ], [ -9.832216, 8.500147 ], [ -9.832104999999842, 8.500411000000156 ], [ -9.831883, 8.500674 ], [ -9.831618, 8.500937 ], [ -9.83005, 8.501505 ], [ -9.829187999999874, 8.50181 ], [ -9.828791, 8.501897 ], [ -9.828371, 8.501984000000107 ], [ -9.827819999999861, 8.501917 ], [ -9.826650999999856, 8.501606 ], [ -9.825944999999876, 8.501362000000142 ], [ -9.825085, 8.501052 ], [ -9.824357, 8.500830000000178 ], [ -9.823717, 8.500696000000119 ], [ -9.822923, 8.500628000000177 ], [ -9.822106, 8.500802 ], [ -9.821354999999869, 8.501196000000107 ], [ -9.820183, 8.501897 ], [ -9.819453999999894, 8.502203000000122 ], [ -9.818945999999869, 8.502355 ], [ -9.818306, 8.502419 ], [ -9.812480999999821, 8.502030000000161 ], [ -9.809877, 8.501671000000158 ], [ -9.808928, 8.501493000000153 ], [ -9.808530999999846, 8.501382 ], [ -9.801884, 8.503145 ], [ -9.791614, 8.506614 ], [ -9.791128, 8.506832000000145 ], [ -9.790685, 8.507139000000109 ], [ -9.790398, 8.507534000000135 ], [ -9.790242, 8.508061 ], [ -9.789543999999864, 8.514481000000103 ], [ -9.792826999999875, 8.516689000000156 ], [ -9.793224, 8.516844 ], [ -9.796199999999828, 8.518765 ], [ -9.796354, 8.518985 ], [ -9.796508, 8.51925000000017 ], [ -9.796617, 8.519712 ], [ -9.796638, 8.520262 ], [ -9.796548, 8.520789 ], [ -9.796349, 8.521206000000177 ], [ -9.796081999999899, 8.522041000000172 ], [ -9.796036999999842, 8.522679 ], [ -9.796121, 8.524592 ], [ -9.796164, 8.525032000000181 ], [ -9.796428, 8.525319000000138 ], [ -9.796737, 8.525496 ], [ -9.7972, 8.525629 ], [ -9.799406, 8.526185 ], [ -9.799649, 8.526207 ], [ -9.799803, 8.526120000000162 ], [ -9.800202999999897, 8.525241 ], [ -9.800291999999899, 8.524977 ], [ -9.800447, 8.524626000000183 ], [ -9.80069, 8.524341 ], [ -9.800823, 8.524231000000157 ], [ -9.800977, 8.524364000000162 ], [ -9.801041999999882, 8.525001 ], [ -9.800931, 8.525375000000111 ], [ -9.800798, 8.525749000000189 ], [ -9.80066399999987, 8.526078 ], [ -9.800465, 8.526495 ], [ -9.797297, 8.531852000000129 ], [ -9.795236999999815, 8.534860000000151 ], [ -9.795105, 8.535013 ], [ -9.79484, 8.535078 ], [ -9.793979, 8.535098000000119 ], [ -9.793117999999879, 8.534898 ], [ -9.791773, 8.534542000000101 ], [ -9.791044999999883, 8.534342 ], [ -9.789831999999876, 8.533877000000132 ], [ -9.788288, 8.533125 ], [ -9.787892, 8.532882 ], [ -9.787561, 8.532640000000129 ], [ -9.787363, 8.532463 ], [ -9.787098, 8.532243000000165 ], [ -9.786833999999885, 8.532088000000101 ], [ -9.786657, 8.532175 ], [ -9.78637, 8.532460000000128 ], [ -9.786171, 8.532658 ], [ -9.780015, 8.541371 ], [ -9.778041, 8.545632 ], [ -9.777354, 8.546884 ], [ -9.775318, 8.549275 ], [ -9.774963999999898, 8.549648000000161 ], [ -9.77461, 8.549889000000178 ], [ -9.769993, 8.551613 ], [ -9.767456, 8.551013000000125 ], [ -9.762844999999857, 8.549834 ], [ -9.762536, 8.549745 ], [ -9.755081, 8.547415000000115 ], [ -9.749762, 8.544723000000147 ], [ -9.74872699999986, 8.543146 ], [ -9.748256, 8.542381 ], [ -9.747722999999837, 8.5416 ], [ -9.747189999999875, 8.540849 ], [ -9.746138, 8.539669000000117 ], [ -9.742903999999896, 8.536327 ], [ -9.742323, 8.535851 ], [ -9.741694999999879, 8.535695000000146 ], [ -9.739887, 8.535183 ], [ -9.736486, 8.534144 ], [ -9.731802, 8.532153000000164 ] ] ] ] } }
]
}
