{"type":"FeatureCollection", "features": [
{"type":"Feature","geometry":{"type":"MultiPolygon","coordinates":[[[[-3.286633651386263,55.99198935438581],[-3.2879548413219,55.995561721811264],[-3.29828235973802,55.995776046769585],[-3.303518076283563,55.99847044625237],[-3.302343254152134,56.000628627084616],[-3.308437996130249,56.001194014851905],[-3.331891682112816,56.00009384746812],[-3.340301860714498,56.003240294630224],[-3.348323671261079,56.00376298939344],[-3.357683078032883,56.00103915729132],[-3.367146816858916,55.999080850383145],[-3.368871666649688,55.99662029553616],[-3.373184302392211,55.99570614970563],[-3.375179002975131,55.99354532707922],[-3.382233374759444,55.99161993392051],[-3.391184702220484,55.99186978083367],[-3.412102091650697,55.99444471106035],[-3.419653646290918,55.996109379106294],[-3.422672534826861,55.9978915241192],[-3.44029726734092,55.997497367750555],[-3.453573202482156,55.99996095446241],[-3.46392361886864,56.00096713627944],[-3.477535589895239,56.00346640833229],[-3.485649031048608,56.00268330558565],[-3.49692852546355,56.00466121439041],[-3.516265990265253,56.009041722748506],[-3.542208991333276,56.01214268217569],[-3.557473420181064,56.01454776425248],[-3.578374978667445,56.0191838179123],[-3.589825009714249,56.02109631848981],[-3.596424142664646,56.02152866620735],[-3.596814297239066,56.02705891027189],[-3.619610588910439,56.030250017700276],[-3.631238292380247,56.021629373853834],[-3.635516972126962,56.02196180259334],[-3.6346911891676,56.02520319283719],[-3.640228824612783,56.03129848476625],[-3.677866580658868,56.03733035594796],[-3.685122619176836,56.03893247391359],[-3.692610332373468,56.03763662021613],[-3.70038829129629,56.03915520147495],[-3.707828400087298,56.04173292478],[-3.716370926177281,56.046661776098375],[-3.724498267544266,56.055801294953646],[-3.727736233323896,56.06144771141992],[-3.732343417544439,56.06543848533165],[-3.740117482673122,56.0695255557198],[-3.74636582310515,56.07110328999873],[-3.739910975072935,56.076563593506094],[-3.729396328921081,56.07122365789551],[-3.723676038795125,56.06562546175958],[-3.710116427844459,56.05618030047793],[-3.700872899297433,56.05162550582546],[-3.689871741241483,56.04809515348183],[-3.682066712250464,56.04635521722339],[-3.659035832071641,56.04568494415251],[-3.650758475215615,56.04731189888408],[-3.638685140010231,56.047584289303806],[-3.633681108181546,56.048886209283936],[-3.620008627816843,56.048254188709144],[-3.618220245301714,56.04687946861746],[-3.611507759078948,56.04722972433533],[-3.603343496588737,56.045406857190734],[-3.603800488400967,56.04202764894659],[-3.586456513451715,56.04358359942444],[-3.579621140850592,56.0418993098972],[-3.571862350970211,56.04133435741552],[-3.569946837744717,56.04282612556991],[-3.562462295321845,56.042931023578745],[-3.558549393800548,56.03996398997194],[-3.545417583452131,56.03840211666652],[-3.53343388011648,56.03771597009605],[-3.530522911857007,56.036393470348756],[-3.522855582230246,56.03655394327453],[-3.519432050907531,56.03545047268305],[-3.498274663938471,56.03332540771806],[-3.494031469119161,56.03324662841696],[-3.486196849631132,56.03071037476894],[-3.476677245082042,56.02856586489812],[-3.46475686411565,56.02744474646525],[-3.464463906557779,56.012110369201245],[-3.420714121379134,56.01215654928573],[-3.412830251144543,56.016587182778956],[-3.409752204547144,56.01593766740054],[-3.404725236789734,56.00972293369198],[-3.399851806388355,56.00735215787295],[-3.389631257652466,56.006784757816554],[-3.387322043552003,56.01135215057461],[-3.388667722652382,56.01764952005853],[-3.385518287830489,56.02431101748806],[-3.377981845246415,56.02741544748992],[-3.372160343700047,56.02787026861767],[-3.365181848628803,56.025327451483115],[-3.357620946818192,56.025364112041686],[-3.350180371616246,56.0272392322757],[-3.348494636255222,56.02928479567197],[-3.342702388341484,56.03143167373742],[-3.339802819161865,56.03370955608832],[-3.333540516062466,56.03319599312596],[-3.330653054700184,56.03551845024181],[-3.323909412247751,56.033513497743506],[-3.318744234505699,56.034480802636715],[-3.312350419174745,56.03774776173803],[-3.307763064048924,56.03826547618297],[-3.304691097595537,56.04530842719541],[-3.299718412974713,56.046809321166705],[-3.29286725297766,56.05071892975202],[-3.284516419225143,56.049841949061424],[-3.279751137493727,56.0559476946583],[-3.274200975888574,56.057389837045775],[-3.261975697038273,56.059157220159804],[-3.252447109294381,56.05982765306468],[-3.245575095753151,56.05613775366372],[-3.235991030477483,56.05576605953076],[-3.234221232940954,56.05425087216283],[-3.224937534966958,56.05699952417566],[-3.218781053021901,56.05639470068323],[-3.216377217862185,56.054049882105105],[-3.20846876451283,56.053422278803104],[-3.202986637132339,56.05459725471483],[-3.192630360332293,56.06101727210902],[-3.172364905659363,56.06225300011866],[-3.171944171919219,56.06670204635664],[-3.168485642727349,56.06892095583036],[-3.161808597506458,56.07918393550246],[-3.156963481331651,56.0838738393462],[-3.156003947828889,56.087299857032896],[-3.158044387364387,56.09049379197412],[-3.156827428104604,56.09578932068164],[-3.156889607150306,56.10107734048212],[-3.153405052994889,56.10943548441133],[-3.150793601186686,56.113257826393436],[-3.14799562659626,56.113751094529285],[-3.143258807118103,56.11752113109853],[-3.131326859138955,56.11906414010592],[-3.128052033065225,56.12103755547087],[-3.119833174492433,56.1232669622882],[-3.114446262313338,56.12888996327186],[-3.105384109843728,56.13271004311276],[-3.099700388597117,56.137299975596555],[-3.094254305002989,56.139822796167884],[-3.084756053195047,56.138778973514256],[-3.074267884621696,56.1483766556649],[-3.066636095002358,56.152070883719034],[-3.063921948829906,56.15701709831262],[-3.053295314251253,56.163278949061315],[-3.046686984227333,56.16647620645903],[-3.042965053400787,56.167174353440416],[-3.035775504465505,56.165829604773116],[-3.027119417258555,56.171356539210684],[-3.018188776679936,56.174090841583215],[-3.017601397353559,56.17605795804654],[-3.011556392623041,56.18071678207963],[-3.007659678209879,56.18047727472362],[-3.003854319073253,56.18404285011291],[-2.989841486225584,56.191883673719346],[-2.988472881935046,56.1941839479218],[-2.981089806375356,56.19883129643538],[-2.974954872438772,56.200645352516865],[-2.965604224887668,56.20601077586631],[-2.94844212948694,56.210037642912624],[-2.935735226272671,56.21104283695316],[-2.926511934626348,56.21098562669996],[-2.909516533521395,56.20842183502223],[-2.907456470363364,56.207338151696035],[-2.892085245977952,56.20454979777631],[-2.888221632132409,56.20281483173242],[-2.882650697425931,56.197394763561746],[-2.885007652269113,56.192664550887585],[-2.878508219863567,56.189327303877654],[-2.876507900669025,56.190074658830014],[-2.862358793132301,56.18583372605354],[-2.859436131201474,56.18749109456084],[-2.851879785929941,56.18706723520709],[-2.843832852809865,56.182706496216156],[-2.836014112339545,56.18327805965114],[-2.827556305858829,56.18800432045485],[-2.814624575658838,56.185952817956334],[-2.811966523536773,56.18322102124],[-2.801123251607723,56.18704108754238],[-2.797272947142796,56.192737971875545],[-2.788517549076891,56.195308039203155],[-2.783297294698451,56.19860713150165],[-2.775410813639112,56.199776339817454],[-2.766608555523353,56.20289227770984],[-2.762596157628205,56.20310574996467],[-2.752039043624887,56.205591699685044],[-2.748263259365685,56.207376447102924],[-2.739196699619175,56.2094290751128],[-2.726978708927227,56.21095242272022],[-2.716859001829849,56.21395385212425],[-2.706312565640406,56.215404368347905],[-2.702060900758159,56.22060719082165],[-2.693579184022444,56.220707988788774],[-2.687335659442196,56.222251284258746],[-2.682392772717435,56.224598392118274],[-2.676774271051886,56.22909536438142],[-2.66907393015287,56.233706653220985],[-2.656592813373392,56.236606228637115],[-2.64778203452028,56.24171180154379],[-2.644506953344493,56.24249439453108],[-2.635568420586152,56.249520700560346],[-2.627299874932647,56.25241732133357],[-2.627108601837192,56.25670926991193],[-2.621060734101293,56.25801560522231],[-2.616854231374212,56.26102489518063],[-2.611085816709125,56.25967174825682],[-2.600305746193515,56.263365076419774],[-2.598642979440942,56.26688245784866],[-2.592199184442269,56.26958546573603],[-2.587793477358695,56.27531249334488],[-2.58317225019674,56.278320801070585],[-2.588354555413459,56.283562894223614],[-2.59557164275036,56.283786179199346],[-2.595260984799561,56.28801302833228],[-2.605146507472325,56.28939174807621],[-2.611451602379833,56.28877763734014],[-2.615910101219207,56.29107886965697],[-2.62863631168163,56.29455466771465],[-2.632255029302496,56.299126342982966],[-2.636945228838964,56.299276568399236],[-2.641594034223004,56.30505375275678],[-2.648911304440322,56.3073047894105],[-2.654412225176976,56.311135502983845],[-2.6566208805509,56.31842541356505],[-2.669695126333716,56.32192844152663],[-2.673894183972651,56.320833821446605],[-2.682856830199953,56.326125943359365],[-2.68791283722183,56.32727312253521],[-2.696563067264245,56.32606579140337],[-2.705254866975209,56.32635173149336],[-2.709355779681006,56.3283650838003],[-2.71535054594038,56.32932518991802],[-2.720305199782585,56.32716449785784],[-2.736349005966529,56.328559869913946],[-2.745547613335233,56.332564051161214],[-2.757821735755322,56.33250850764076],[-2.771805421851338,56.334460797296266],[-2.775322677989246,56.33403543810045],[-2.775990465841548,56.33793140530926],[-2.77947700213001,56.340666857734156],[-2.784404181789992,56.34184239422994],[-2.790157236214907,56.34460809649375],[-2.799075453191071,56.34604234437931],[-2.801742984462776,56.351733854830535],[-2.805853538169896,56.364264739779685],[-2.808464090909444,56.36914335166016],[-2.804837671675271,56.37558446609654],[-2.802665542101757,56.37585009785846],[-2.799509268752712,56.38246948168542],[-2.804545854406093,56.385936339109314],[-2.807059181626653,56.390672747111225],[-2.806614442093257,56.399898065313586],[-2.804036125726051,56.403247980520874],[-2.80371719345282,56.40848790935994],[-2.806246302982005,56.413520698261344],[-2.800104509231342,56.42668200892329],[-2.801747656707748,56.433113140291134],[-2.801108837313905,56.437047906648026],[-2.798731148254308,56.438505217455464],[-2.803467657726121,56.446232591279],[-2.79273571302697,56.43836397677428],[-2.787492790721518,56.43775048840617],[-2.781711714116178,56.43184841019189],[-2.7854157553542,56.43061662456464],[-2.779997952760671,56.42813519961478],[-2.783350825275305,56.42639806621207],[-2.790732763267654,56.425475280909],[-2.795667293683155,56.42304493827622],[-2.800348382294082,56.41668090927179],[-2.798359410495659,56.41380975281472],[-2.793169510534538,56.41831271772739],[-2.781163409939303,56.42211286618327],[-2.773647901428359,56.4296079643461],[-2.773820993830912,56.4329400634454],[-2.779063952946855,56.4371658146192],[-2.777739065136893,56.43978856295346],[-2.771008121575657,56.44297507923398],[-2.768280608260189,56.44244395696089],[-2.759295763976881,56.443294377013956],[-2.745422742655163,56.4422060536472],[-2.7370996007285,56.44458270671422],[-2.730333316898517,56.44403425120666],[-2.720212744610706,56.447502934585216],[-2.711631369772812,56.445324358035926],[-2.708402225804158,56.44700042883161],[-2.71901081024117,56.44870930123695],[-2.727946738842547,56.448158574126936],[-2.734882782609467,56.44654095065197],[-2.743576885214638,56.44693387300202],[-2.7688793586654,56.446793133491006],[-2.784827402798911,56.44612727519274],[-2.801038332755982,56.446800824052815],[-2.809203095234905,56.44896250115782],[-2.825553027410948,56.44998240880754],[-2.834252775806677,56.448697927446574],[-2.840236531996631,56.44859470256526],[-2.857716660184025,56.450420327384535],[-2.867137128351457,56.45218592805144],[-2.883326221398215,56.45256512741719],[-2.889422850972561,56.45337784463159],[-2.913473463739482,56.452598644329726],[-2.922855681441124,56.45184909996994],[-2.93456174859733,56.44843179579879],[-2.94151987320714,56.44286987690315],[-2.945721519448013,56.43767273445742],[-2.949579847940046,56.43578975068167],[-2.96916708332528,56.43088731894094],[-2.978354726259853,56.42672914472149],[-2.993513142957598,56.422214447056795],[-3.00649445108373,56.42040455875984],[-3.014554110072162,56.41868933698984],[-3.017037428137999,56.42202563316908],[-3.021703849105287,56.42205466864796],[-3.0307264442338,56.419394257119805],[-3.044476291633769,56.41402502182758],[-3.04729688270557,56.411209711958],[-3.054005024639014,56.4072894873463],[-3.063886349329467,56.40366874715406],[-3.076348476137417,56.40142644386463],[-3.088367952939084,56.397974728649224],[-3.094317379498225,56.395050849574666],[-3.099605247270743,56.393708468130825],[-3.118376302618331,56.39163125736179],[-3.12541888166092,56.388976301205275],[-3.145319068998275,56.384439076916664],[-3.160918423237326,56.37809447333444],[-3.175919474086526,56.374514578179436],[-3.183492976937166,56.37344067976672],[-3.197332054845598,56.36545862326523],[-3.210017877874807,56.360998420574795],[-3.225211270301767,56.35725517570672],[-3.232356714935936,56.356253477673114],[-3.241344718635599,56.35399661545994],[-3.257823188804252,56.35142251386367],[-3.268063237561264,56.350892302299854],[-3.276251772543712,56.351153281821105],[-3.273747327400871,56.353254573250894],[-3.252357164617708,56.35394511556003],[-3.247987795319373,56.356174322149926],[-3.238206352789083,56.35867229415097],[-3.2310172172786,56.361239014034794],[-3.232780365425327,56.3645117410337],[-3.242076130444345,56.36469119120394],[-3.246395468965916,56.36267475577943],[-3.246989926103109,56.36030844045161],[-3.255079460697632,56.35755019241143],[-3.269736996719454,56.35825990814741],[-3.266334964212289,56.36279885670403],[-3.257930459510566,56.366471193437775],[-3.237838021294695,56.36697979749625],[-3.231890178197691,56.36802648476876],[-3.215925057696299,56.3749991335422],[-3.206671759040009,56.37787755683689],[-3.198719114390878,56.37957109313559],[-3.192425324381087,56.380009171379996],[-3.184813795533827,56.378433471328],[-3.183062977956924,56.379937174654145],[-3.173239078395856,56.38223182476596],[-3.152991287449305,56.38878751308951],[-3.147942727841627,56.39164659043686],[-3.148172661713827,56.39712962127004],[-3.140632890971503,56.399086038335604],[-3.126301792862421,56.3993429096645],[-3.105786498289662,56.40033628345297],[-3.089886174717809,56.404778960669745],[-3.089667593285975,56.40750503251121],[-3.082007341552726,56.41138610719998],[-3.075309295774858,56.41725293933634],[-3.073741169519217,56.41998886831551],[-3.07616323134113,56.427968673685555],[-3.071245207482747,56.430666208248944],[-3.059743961805162,56.43486647937684],[-3.059308013025758,56.43580909209926],[-3.044919200024395,56.44038747625828],[-3.041901812371383,56.44214237966759],[-3.033418144849993,56.444508872709186],[-3.020379402579718,56.44613061831523],[-3.009861086866478,56.44679609142102],[-3.011936847146917,56.44902799916],[-2.994807672658149,56.44954641099389],[-2.987377689431327,56.45149060020902],[-2.971313823626875,56.45458217268812],[-2.962830416087191,56.45890692634688],[-2.95553031382681,56.461250849158795],[-2.943327088826952,56.46414207621921],[-2.932855333479742,56.46537491901689],[-2.921389520397863,56.465732817578484],[-2.910729857366958,56.4673666520668],[-2.894161677403748,56.467715193885134],[-2.889391390996191,56.4682678184534],[-2.883158019080009,56.46586403940096],[-2.873172773827345,56.46421410171856],[-2.871564835991452,56.462460868333466],[-2.860469188058467,56.46259210150249],[-2.850901013559388,56.465353275813676],[-2.835005284632326,56.46835765673308],[-2.82575693890835,56.46909960555461],[-2.818777863937374,56.466999469556534],[-2.816227552446197,56.46893890138987],[-2.820933866795219,56.47131566145797],[-2.825263078366262,56.47087458805521],[-2.826532386250622,56.473861502869624],[-2.816326905707736,56.475760014447175],[-2.804645346077732,56.476154328794195],[-2.787839616558756,56.4744886292193],[-2.765159151245938,56.46918875398799],[-2.745396063287569,56.463453089224636],[-2.73768624084758,56.46196105695173],[-2.729786048253696,56.46193319711053],[-2.71975371476336,56.47126170263064],[-2.713990259318665,56.482347348078555],[-2.711755280297953,56.4901917007889],[-2.703089844883109,56.498182180226905],[-2.694988322706608,56.49776870093521],[-2.685507547915765,56.50246171782308],[-2.66738452048602,56.509222189572164],[-2.662604260452158,56.51416030836359],[-2.657492458383505,56.51654312042469],[-2.652782922884728,56.517215727616446],[-2.648083762658402,56.52136224866736],[-2.642733008510151,56.52203242458276],[-2.631178417244048,56.52635464253951],[-2.630900661386351,56.529984717894955],[-2.627083366658581,56.53411156509902],[-2.619150228029522,56.538475400631654],[-2.610412152967194,56.545982612759154],[-2.606074113279857,56.548704464589996],[-2.600998122503363,56.549755118157215],[-2.594058374629328,56.54928272771613],[-2.583825004985264,56.551232301621],[-2.583416567464671,56.55640181621938],[-2.578396339079655,56.553641173470524],[-2.564631179828547,56.5592161960487],[-2.555895705958475,56.55907678622398],[-2.550829768157408,56.560331037269194],[-2.544122313457283,56.5639963864233],[-2.538834735052989,56.56586921560144],[-2.538236562689676,56.56877720670458],[-2.535162523864781,56.570850491567484],[-2.535643439402482,56.57528107936591],[-2.532776954713508,56.577345323669505],[-2.523822391875624,56.579305039701055],[-2.520258856973426,56.58153273926029],[-2.51955951162044,56.585255892566124],[-2.515861322941767,56.58913166668815],[-2.518857446901838,56.59021613022634],[-2.516079031535856,56.59315643845422],[-2.503546257658728,56.59873021256848],[-2.504046869008449,56.60036594231637],[-2.499623902790296,56.60472299421078],[-2.492966177838045,56.60768368867905],[-2.493531873138074,56.60958871439262],[-2.48587198498848,56.61517357928937],[-2.486284003945951,56.618324394535556],[-2.480690011399032,56.621140109767474],[-2.47867489564857,56.62466774045794],[-2.481361005551593,56.62788974822272],[-2.48659227513725,56.63049805611355],[-2.494586325886863,56.6301691647417],[-2.500961645205302,56.633279004661524],[-2.503985835225516,56.64124440291608],[-2.502554311502811,56.64749392922255],[-2.500016405596362,56.652012215735155],[-2.498746019266865,56.657574676747245],[-2.495251405636293,56.66311634565702],[-2.489666056903864,56.66693048850693],[-2.484246297470873,56.66860560194565],[-2.479155046918202,56.67215861620772],[-2.471872741552889,56.67218733340607],[-2.458580272536841,56.677293053943316],[-2.451766549993073,56.678238798403854],[-2.446047487761715,56.6805529659414],[-2.448129697284911,56.682303598081745],[-2.439985083922549,56.68609502916144],[-2.437874388229683,56.68904463139855],[-2.441865957452105,56.69336785708576],[-2.435248964896568,56.7017379019243],[-2.444545505757829,56.70792355847055],[-2.445132646422686,56.71144395986238],[-2.440703791733971,56.72117374815514],[-2.441202280703735,56.72188348967935],[-2.43116201824477,56.7410250775378],[-2.428072791783175,56.74437225356402],[-2.422109212600954,56.75374814979941],[-2.418673186873087,56.75637036380996],[-2.415025302448634,56.756141785824006],[-2.410560214803068,56.76389597707224],[-2.404995430752689,56.76891085036846],[-2.393158719768887,56.77480869998606],[-2.387361087699898,56.77555448190235],[-2.379520918523164,56.77287810772769],[-2.374556345687245,56.77299104097819],[-2.372312437504974,56.77704305743484],[-2.359825322278245,56.78213385261719],[-2.35642074578351,56.78672972712416],[-2.353869766934469,56.78680526637502],[-2.335151860912659,56.792851681492024],[-2.322021581683797,56.79459135578658],[-2.311110288817884,56.80267453205674],[-2.303946015421654,56.8068596026453],[-2.296875707133351,56.815463841966775],[-2.289745048888354,56.818586093540965],[-2.290270979229974,56.822828648810095],[-2.288402341686954,56.826111907918985],[-2.2826268677852,56.825475551516575],[-2.275231162569842,56.82728865915391],[-2.275834358876117,56.83088069446506],[-2.272401686133026,56.83228061279871],[-2.27234631845305,56.842925138478805],[-2.268728495821025,56.84222324840812],[-2.260435016609206,56.84396824792461],[-2.254805418167376,56.84847419472808],[-2.252336281338953,56.85185873301213],[-2.243720802892476,56.85648520567052],[-2.242810262531811,56.85970662067306],[-2.235788057816772,56.86048815594363],[-2.231874421323215,56.86303329071084],[-2.232837555267507,56.86494764962746],[-2.22661827150482,56.868784216395134],[-2.224384826933309,56.8741064006319],[-2.220598267144476,56.87575710472079],[-2.214791575062375,56.88168726218366],[-2.216705098343655,56.88570040433477],[-2.212859627731637,56.8942896888916],[-2.207014351570912,56.89694959634471],[-2.207459048030492,56.89928991010883],[-2.203136452733151,56.90018366969537],[-2.20128907461739,56.906818142088866],[-2.196472281329624,56.90885424623983],[-2.197483672732149,56.91536284437979],[-2.200164891942479,56.91890158119474],[-2.200064209550346,56.92434111386989],[-2.196577437845888,56.92731292917506],[-2.198443797529699,56.93846986682414],[-2.195805425202003,56.93958526167952],[-2.195093906909177,56.945275453908245],[-2.197322916550414,56.948736770924114],[-2.192501920557789,56.95328262740345],[-2.197658598014549,56.95378299729773],[-2.195049560752018,56.95663657977876],[-2.200741872295177,56.9621952761353],[-2.204434792918939,56.96332472148827],[-2.204079836759997,56.96789682617138],[-2.19724250201357,56.969987472971724],[-2.194507141889243,56.972805322173436],[-2.18643670455194,56.9772814545196],[-2.180022063706694,56.97923754200603],[-2.179493479489492,56.98633767140416],[-2.176968927035183,56.99216505863515],[-2.173922958999293,56.99646421954114],[-2.169295459516432,56.99882330480792],[-2.166184698545583,57.002212324948914],[-2.167913747682579,57.005270539841106],[-2.165471876921991,57.00853376846142],[-2.160807431989889,57.01081980738942],[-2.162737719757274,57.013205917080974],[-2.16053512644197,57.01756560256734],[-2.154818364826604,57.02061542462089],[-2.148245724471267,57.02282067212548],[-2.14597434860553,57.027857486529214],[-2.142841652794591,57.02884385873506],[-2.143117586623363,57.03205590678735],[-2.134355683237475,57.03326755630471],[-2.126697779677889,57.039928385943284],[-2.120802519289174,57.04313306437665],[-2.119754288815372,57.04665723022351],[-2.1216855018152,57.04854900565392],[-2.116190012644331,57.05155993987895],[-2.11055308474177,57.05331671622126],[-2.11039337947428,57.05669628120904],[-2.105639286263243,57.05679738041708],[-2.104518257158063,57.0597079250838],[-2.106725584709572,57.06133739149727],[-2.103682370714929,57.0644094387527],[-2.095240333732918,57.06643280815703],[-2.092536765614642,57.0726780469776],[-2.095058495855902,57.07332473899704],[-2.088555815410293,57.083887254043255],[-2.082614905402871,57.086841350472916],[-2.081568470226388,57.09117904683054],[-2.077824881976947,57.09540799360934],[-2.072271679187731,57.09717292811697],[-2.073961770403479,57.10139398572763],[-2.072259416536625,57.10364614560876],[-2.039493436517025,57.10366539358434],[-2.018113998914228,57.12495668048684],[-2.016159806976912,57.13990562200163],[-2.017956744854654,57.14530865965699],[-2.027062439329943,57.1525410005806],[-2.033626780653811,57.15533758873467],[-2.047943523594562,57.15824066949028],[-2.046793439296971,57.172041666488084],[-2.044220975797812,57.17831991159392],[-2.072263874871378,57.178301329155275],[-2.072563348744874,57.18261118176903],[-2.069417560707825,57.18820485064205],[-2.070462628204225,57.18965141848459],[-2.06845424516429,57.19423023691563],[-2.065636573733563,57.19533127323634],[-2.065965391369635,57.198757189240226],[-2.059959901986664,57.20915528580984],[-2.059726230792519,57.211031029088836],[-2.054009072592708,57.221826616030846],[-2.052909622554129,57.22535736957497],[-2.047770336526864,57.230249745372475],[-2.04424511189734,57.23536591266098],[-2.043181141324352,57.239222638839486],[-2.040406745497925,57.24136869056856],[-2.034479155904298,57.24910473725638],[-2.029999330348228,57.25677009364206],[-2.025457279878007,57.26108199502678],[-2.024983058654909,57.263369124273595],[-2.017260560793699,57.27332075628342],[-2.002302095851773,57.28919286523392],[-1.995849281461729,57.29710940178373],[-1.989176943683976,57.30296851794913],[-1.983332783792624,57.30443749856116],[-1.979988886717009,57.30981142784328],[-1.979517460154818,57.31276668788778],[-1.975482589991089,57.31907279279384],[-1.967386847309043,57.32654196019256],[-1.960488409076649,57.328015902998594],[-1.952487670292685,57.33124429082636],[-1.954390918956232,57.33402154529745],[-1.950005740895717,57.336576396159515],[-1.940570349426161,57.33984656538382],[-1.933786180397673,57.34689196667094],[-1.922202471531987,57.35049825089208],[-1.921564234793281,57.355190437200264],[-1.917921409949133,57.35807249049188],[-1.910898037197901,57.36058649296961],[-1.910391350177331,57.36519246918038],[-1.89535192282861,57.370938848474445],[-1.893165563198204,57.37320155998704],[-1.887918236410064,57.373108088142565],[-1.885248662758594,57.376027764251525],[-1.874654918215486,57.38218881898661],[-1.869020203331168,57.38449435441519],[-1.865787093183909,57.38803553172888],[-1.857200624027003,57.38968702764472],[-1.861099627335374,57.39457075805578],[-1.859027903258307,57.398121110233184],[-1.860256031563852,57.402853643988905],[-1.855966973891536,57.40809201060719],[-1.850629678433875,57.41088661047509],[-1.846366833138857,57.411313570681955],[-1.839413154345309,57.40966919201546],[-1.83487735746308,57.4115694696946],[-1.829847436159877,57.41617179845182],[-1.829278916039615,57.41956377572112],[-1.820935508827388,57.42515381027013],[-1.815748526278106,57.42716026458439],[-1.814484890040742,57.43072002984498],[-1.8178323354749,57.43539406217297],[-1.812971123106644,57.436894251065844],[-1.807270583731192,57.44017692398552],[-1.805139892147972,57.445201227744455],[-1.798962957961695,57.44628025079451],[-1.796891694412069,57.4493355178766],[-1.798657282329518,57.453674268039194],[-1.789794769866714,57.4563519810418],[-1.78712226019664,57.459961250962415],[-1.781985924739714,57.460438482681845],[-1.778210566943416,57.466801530309006],[-1.771578677699139,57.47142030202421],[-1.776716057340621,57.4721426743139],[-1.775446824345961,57.47466455038169],[-1.781923448773444,57.47682539403022],[-1.785415164021006,57.4805285904907],[-1.794027668705601,57.482774138712514],[-1.794039002750837,57.485209341757965],[-1.787791264048296,57.48634253191052],[-1.782031724209828,57.48918025003402],[-1.783392953226545,57.49198514887052],[-1.793011357528354,57.49647454483416],[-1.789835217403227,57.49872035635936],[-1.790797869761595,57.50194849137845],[-1.78577937140033,57.50353092574922],[-1.774979056021369,57.50224389119946],[-1.769129901502658,57.500476390114926],[-1.765941215246462,57.50622927466275],[-1.772434773472233,57.50862596166552],[-1.7731288855235,57.511888770895155],[-1.778030949266411,57.511898339527505],[-1.785490502850924,57.5166835899623],[-1.795728042965807,57.518544589081465],[-1.798062404798738,57.520567597207894],[-1.797216605535968,57.52317028720092],[-1.803396987349418,57.52668947163655],[-1.805068822312129,57.53572846937108],[-1.803564588322306,57.53873260130302],[-1.798657585276879,57.54383057756812],[-1.804230404659784,57.55042614702258],[-1.802977742759189,57.55499720282595],[-1.800531002121776,57.55597247860311],[-1.809947438090782,57.559887995886],[-1.818702343681905,57.56785115836051],[-1.824166655927005,57.57592597577373],[-1.824424548847076,57.58211793528954],[-1.825764296955201,57.58347432937013],[-1.826213008773715,57.59358017953762],[-1.825129939859255,57.597937868771886],[-1.820627605223388,57.606171170787256],[-1.816248013197035,57.60789313754187],[-1.822288890309794,57.61073296709367],[-1.818447454466412,57.61419924176571],[-1.834501008575802,57.61745388775054],[-1.840858840889963,57.62008574144252],[-1.844838204953976,57.62044365548613],[-1.850169764238396,57.62297677736249],[-1.857053852820813,57.62387034678557],[-1.867961921273736,57.628370597353786],[-1.869336031714459,57.62994572050996],[-1.878500821021444,57.63390521100662],[-1.882410507117423,57.639339598876944],[-1.885732458788961,57.641308845863946],[-1.892038560859759,57.64767741875483],[-1.892036109491574,57.65021223286208],[-1.897613259417859,57.65453821567445],[-1.896224343272098,57.655656294642945],[-1.901885144056477,57.65865636242915],[-1.907145213949668,57.660113624142184],[-1.910253818230974,57.662917424394585],[-1.90868244638199,57.664640021048186],[-1.915180317955442,57.66696551331473],[-1.916822618220573,57.66934510316772],[-1.916012221747676,57.67258808494434],[-1.92672327560462,57.67836128119866],[-1.931265939668257,57.67814641562925],[-1.943642359198831,57.68210823258039],[-1.945833537301256,57.68021120679706],[-1.957340221683572,57.67700343573843],[-1.970351381733963,57.676680096623],[-1.976866077649875,57.67784012435028],[-1.981781109244505,57.67993826570543],[-1.986441074893543,57.67951125536089],[-1.998034059992708,57.683918595202],[-1.999509783454251,57.68644981357027],[-1.998177902111651,57.69286947513231],[-2.002373467101081,57.69871242599042],[-2.009322153331884,57.69798807084612],[-2.020530713875612,57.69854266013094],[-2.024383260642866,57.69701406155223],[-2.03769055807163,57.69446515331773],[-2.050791442449263,57.695582421006065],[-2.055096331193449,57.698021984995954],[-2.075289847705436,57.70120650261767],[-2.083412796700796,57.70157594151177],[-2.094062493131269,57.69994264228201],[-2.100471828117645,57.70071285947469],[-2.110446197809738,57.699664364690214],[-2.116579916084048,57.701235228960314],[-2.123354815973128,57.69977814807712],[-2.126772029056848,57.69731271960757],[-2.136180787858744,57.69352586262473],[-2.139665492942635,57.68937043936236],[-2.149244773966334,57.686276744101896],[-2.152048463305596,57.68339187186057],[-2.155720857186471,57.68258347984845],[-2.161018362747757,57.6844972508609],[-2.165422880241104,57.67988722799944],[-2.172654322943802,57.676611572891694],[-2.183216102569999,57.67341066723095],[-2.191667477798192,57.671847784848],[-2.198773833809358,57.67523657649761],[-2.207246026172466,57.67678048530257],[-2.21133309033712,57.67983757654378],[-2.220917130180775,57.67838400182835],[-2.222810780130016,57.67984928429967],[-2.235081119966427,57.6805608995672],[-2.246596909420788,57.682930932728645],[-2.256884886061719,57.6817472186726],[-2.259769593911649,57.67947507707119],[-2.27068167232974,57.68413735239678],[-2.274570075619363,57.687164090355516],[-2.284349110731598,57.6879787183064],[-2.291907835851945,57.6898181286542],[-2.289689716470249,57.69433235642263],[-2.298679737786353,57.69561296839693],[-2.309435800401036,57.69185942660333],[-2.311261724551458,57.69314300811081],[-2.327202554473726,57.68650342662187],[-2.325249759722981,57.680078906537474],[-2.327438376941885,57.676779428185974],[-2.336934717124943,57.67495080825417],[-2.34129941783306,57.672336910757],[-2.34715203114695,57.670596356194956],[-2.358727196772035,57.67634866096403],[-2.369571794041556,57.67520808908541],[-2.382097243359225,57.670079637797656],[-2.396054606993125,57.66870458362295],[-2.407319561546879,57.670077218444874],[-2.412304150346736,57.67191861323986],[-2.417904480389678,57.67069837554407],[-2.426941139041634,57.67206313670971],[-2.429015798343766,57.674265779887435],[-2.434807450173774,57.67167971767042],[-2.443737895941869,57.67168910443533],[-2.446865829553653,57.669352537474566],[-2.450551947565943,57.670558366519046],[-2.466356556560599,57.67249245559617],[-2.47350592665266,57.67230509212323],[-2.474587450174671,57.67398614013992],[-2.484536508367535,57.67389629737249],[-2.489153417924548,57.67226078290968],[-2.497758996388153,57.67387188082363],[-2.498296684173662,57.67017528262374],[-2.502214734532232,57.67044542057784],[-2.510644335164911,57.66656985128374],[-2.519436146503128,57.667633483774104],[-2.525277568883202,57.671433185292635],[-2.539694749713954,57.67018767814027],[-2.543826800404667,57.6717401068325],[-2.549562792244698,57.67135600464401],[-2.566927361176928,57.67609034767157],[-2.566239862524422,57.678447737512926],[-2.569699566377817,57.68179254249981],[-2.575402380702235,57.6835686034131],[-2.581794675270809,57.67894750199614],[-2.586794457433897,57.680376865826155],[-2.592863507160863,57.679284130145504],[-2.597428082139087,57.68286822001008],[-2.602892510168739,57.68141047515514],[-2.615244021194366,57.68207587346736],[-2.620405238799429,57.68176231773466],[-2.626487903841391,57.68305455408317],[-2.630864875617,57.68113208903759],[-2.637149838988008,57.68113381198925],[-2.644885657465866,57.68275816456059],[-2.647696923402963,57.688148590399756],[-2.654837902723889,57.686817430957596],[-2.660649423255776,57.68682941932705],[-2.660800577672517,57.68923415435332],[-2.666899590659148,57.6907210835033],[-2.670475926554845,57.69001051923952],[-2.676154755265865,57.686116893739516],[-2.685079851649597,57.68387083081573],[-2.685400908249401,57.686838727430896],[-2.694318133722136,57.68490194730926],[-2.698344733268472,57.68716494360806],[-2.706016244244434,57.68708642082133],[-2.710200828708339,57.69025809540094],[-2.716766726314041,57.69225560927844],[-2.721429617205453,57.68928999943693],[-2.732583458420869,57.68488820382277],[-2.741559320835254,57.68309148328982],[-2.746921359877634,57.68508101386258],[-2.747142442937645,57.689628484411436],[-2.749409815886505,57.6914807526315],[-2.755683019164783,57.6905864928543],[-2.758019196508084,57.692175008484206],[-2.764937374184618,57.69363255956291],[-2.770967651649543,57.69267433045786],[-2.779742908601281,57.69496410740891],[-2.788527710011929,57.698490129254694],[-2.792120919999387,57.70108072962902],[-2.80155906430321,57.69601346608334],[-2.80693426412639,57.697756059678035],[-2.816716867754596,57.69515210170583],[-2.822719231911759,57.69485900242009],[-2.825097218698966,57.69327604670152],[-2.835324076326756,57.6951402021386],[-2.844070138322959,57.69849824804793],[-2.845944101496156,57.70475204056106],[-2.852834235292809,57.70718680290612],[-2.871182036134091,57.7039421503404],[-2.878719988923164,57.70541441973193],[-2.880350111393639,57.70351044067804],[-2.894694830889975,57.7001033506992],[-2.902326403358888,57.701487325090426],[-2.903591888986989,57.69874126862631],[-2.90965969154063,57.69945326418409],[-2.919248006115869,57.69765663326428],[-2.927717244914148,57.69503926321063],[-2.928211160667675,57.69106526946098],[-2.932931314705221,57.68740694433462],[-2.946462341269269,57.68479940500245],[-2.95149511356297,57.6847904137628],[-2.952707815564876,57.68217449954279],[-2.963707043797392,57.6787541331721],[-2.974102127938534,57.6791434467107],[-2.981940349259129,57.67724229834114],[-2.986911126670225,57.67511243347797],[-2.997799688778944,57.67280110730509],[-3.001417210654886,57.66876710005367],[-3.007683012959558,57.666692627256104],[-3.01522586747241,57.665476237009884],[-3.025714971808787,57.66473588887988],[-3.030845791466871,57.66591675368561],[-3.04090282751686,57.66601586670922],[-3.049732229093069,57.66829732968559],[-3.080454233674712,57.67232626541427],[-3.086925359454666,57.67371350656827],[-3.103464809930454,57.67617991583225],[-3.116332649765613,57.676631193483416],[-3.137310066170903,57.6806251085883],[-3.17573854621868,57.68872970755096],[-3.190558782538774,57.69279705891903],[-3.192835595593922,57.69469800423299],[-3.200967561196287,57.69532179588386],[-3.231777717884991,57.702980300750895],[-3.242332836902496,57.70642101564979],[-3.257453098152972,57.712223093343155],[-3.263424199916833,57.71359557053973],[-3.277840239889255,57.72023769841895],[-3.277452518367014,57.72485806202641],[-3.289352574266661,57.72553697664194],[-3.295549046399828,57.724757783435074],[-3.306054895738377,57.72191898117599],[-3.313165720206436,57.72272310617311],[-3.328976507098622,57.7264308544935],[-3.342107255688971,57.72615673975957],[-3.348201121407331,57.72666155411979],[-3.36142323462935,57.722743536151675],[-3.371027344306427,57.72195539766363],[-3.374950459681622,57.7208788817561],[-3.386010501344476,57.72016361429949],[-3.392308450539891,57.71711833871569],[-3.407093545200405,57.715787956559815],[-3.41098836912594,57.71411232783468],[-3.419625040805314,57.71561662939759],[-3.426950548722624,57.7121115883215],[-3.432911196937118,57.711563650004116],[-3.445254190707177,57.70922778465091],[-3.458660223446849,57.704694562667626],[-3.469031690006016,57.70465727092045],[-3.481738096633209,57.70348325557334],[-3.492744508726849,57.70513987466709],[-3.499431102508845,57.70389388066161],[-3.496144256916982,57.69207353373378],[-3.497172907931706,57.682444421402984],[-3.502644255615422,57.67726788219071],[-3.510794464369328,57.67139074303884],[-3.520606198119955,57.667783037032066],[-3.531275277385148,57.66475530537583],[-3.544273012267505,57.66288141051912],[-3.551529147490565,57.66247639197319],[-3.581990205800665,57.662468326415606],[-3.607192697119237,57.66461488795402],[-3.621976888918962,57.666642504940285],[-3.632845771981603,57.66727977920691],[-3.638758492544869,57.6650049613472],[-3.645549159015474,57.663957324507734],[-3.679665602815489,57.66131860932223],[-3.686375151373798,57.660151252565264],[-3.700995439574244,57.65897622079413],[-3.730298166725444,57.65341737776333],[-3.730540146825085,57.65234046819031],[-3.743677574828965,57.6489975957744],[-3.746407635384543,57.646529713931926],[-3.752464592558744,57.6466974699464],[-3.750632132300267,57.64135483126205],[-3.761890815864867,57.63531380449612],[-3.764019664029,57.633100960958615],[-3.771690310936038,57.630850954564195],[-3.77399359634257,57.627939206847245],[-3.780916900850603,57.62653464618547],[-3.795909895346408,57.624929949170394],[-3.809027892197003,57.62117161587335],[-3.822902171400358,57.61484943627954],[-3.82722297542169,57.610043293182216],[-3.834645605243114,57.60503476008118],[-3.844078223117257,57.60112578609634],[-3.842935896912721,57.59925482802687],[-3.859721839863898,57.59813017567721],[-3.865733950367721,57.59723921995032],[-3.868123069860348,57.59540342576355],[-3.868257788664414,57.591211970825],[-3.870381085749868,57.59049772896552],[-3.882317449070565,57.59025214411635],[-3.915048474305674,57.586798856574724],[-3.922917093610122,57.58795691936583],[-3.929749660506753,57.58669639437075],[-3.936258949077359,57.587356867303136],[-3.947057860769795,57.58954839097969],[-3.954657073377149,57.59026925443428],[-3.96593738750825,57.59275538665017],[-3.981926848083126,57.59703463887021],[-3.985775862682151,57.59427605830325],[-4.015687551122314,57.602953212868535],[-4.017691222550821,57.603954469486105],[-4.027797958432004,57.603787248501156],[-4.039324487543983,57.59920813759169],[-4.042957886859149,57.595065835268485],[-4.053972210429249,57.59252152134473],[-4.058543642639543,57.592494730955835],[-4.06813488968619,57.58639997450188],[-4.077262785015076,57.583030008033944],[-4.065687920752203,57.57953603939698],[-4.056423690268493,57.575811148179355],[-4.050752026817502,57.57244689915013],[-4.044421640159003,57.56557731026798],[-4.046587653871138,57.56028968143097],[-4.050206032177158,57.55729921798533],[-4.063770031261242,57.551222768788975],[-4.087626919542822,57.543222041064574],[-4.103505687141345,57.535674265775725],[-4.108384094390564,57.53125129354425],[-4.112479383348657,57.52904616238609],[-4.122860509122368,57.52680358769006],[-4.12847461746508,57.52297120424994],[-4.144894281553934,57.51872617165468],[-4.147911751682079,57.518584078919034],[-4.150864967312509,57.51516790599348],[-4.15121335478255,57.511387277695064],[-4.153534840506767,57.508314246096816],[-4.166761238232308,57.49747067842484],[-4.175701449363907,57.49205672324659],[-4.186914500599311,57.49143680907165],[-4.20317120557123,57.494661615662785],[-4.216601644913673,57.49928366963189],[-4.220738475422655,57.49951996497139],[-4.229652554139036,57.49560403313972],[-4.242415951273071,57.49522040146066],[-4.249198913113961,57.49577347335571],[-4.255382611807487,57.49459011053053],[-4.261839468030608,57.490896354741594],[-4.263812492887462,57.4885354605409],[-4.283366921720182,57.48418671924227],[-4.294928069115503,57.484706309540556],[-4.307906339475271,57.486101948995675],[-4.325906939894329,57.48622204853676],[-4.334179924456407,57.487380994802194],[-4.334759535352899,57.48882773355389],[-4.347462435563513,57.49017411152073],[-4.346984045005557,57.49124781844193],[-4.337343486163848,57.49155640391241],[-4.340399023046694,57.494971789853366],[-4.332646295004872,57.49417652716439],[-4.324358936246033,57.49428473290303],[-4.31171219212926,57.49341213037606],[-4.30804403538303,57.494917079299704],[-4.308597963855457,57.49708146706591],[-4.324516250167997,57.4959711475121],[-4.330963604375447,57.49736165914662],[-4.340505345215901,57.497023062276426],[-4.352604165609359,57.49453784604741],[-4.362534420665982,57.494801352575045],[-4.374467540544718,57.49429402955504],[-4.384648837392518,57.49584505383232],[-4.383926291016221,57.497049342653],[-4.395711223570577,57.499340097366066],[-4.387890699496549,57.50415758655035],[-4.383769511562457,57.49912353689771],[-4.379929611118331,57.49821216056184],[-4.371850021611804,57.499092325445226],[-4.369949212225333,57.50156773907203],[-4.359988062010222,57.49969241932762],[-4.357416801137002,57.501879165655744],[-4.345652479843143,57.501910870811464],[-4.344305662966125,57.50436029017831],[-4.327102868048459,57.503882962440606],[-4.317284035430037,57.501382545030744],[-4.310635014244425,57.50113441487637],[-4.292933110920572,57.503335714651726],[-4.284121226459725,57.50317762775182],[-4.27607651921369,57.50188187255128],[-4.267239937867679,57.50209864764057],[-4.252752924482633,57.50090630575855],[-4.233990575325873,57.500557271847235],[-4.230451827245188,57.506459537609366],[-4.217833384466686,57.5164716795347],[-4.209848250319641,57.51823551483705],[-4.197200096839127,57.53057768388069],[-4.193731298396716,57.534730848598755],[-4.193949968536916,57.539813602485076],[-4.188407250176427,57.54468103584633],[-4.182266504757379,57.5466724929215],[-4.17501311549787,57.55221398647814],[-4.173740635701506,57.55960913144948],[-4.168766129213246,57.5623183656257],[-4.163001342937831,57.56800872564306],[-4.140646342324296,57.57688873376863],[-4.132457747905134,57.57834899642904],[-4.126557704151111,57.57713219219913],[-4.122298930423647,57.578158050936416],[-4.112856741472908,57.57771887949617],[-4.093693053610731,57.57298579450105],[-4.091002377076882,57.57450390571662],[-4.097654823485727,57.57682041806024],[-4.107669796904663,57.58338162399622],[-4.112148074994535,57.59036541022658],[-4.111306786171732,57.59337236760667],[-4.103217543311653,57.59950476009086],[-4.100680617605772,57.607339601048785],[-4.083481681162299,57.61799559708563],[-4.079593596747943,57.621743431048785],[-4.073720359151512,57.623879498319106],[-4.066636454806527,57.62844751540645],[-4.06138316357186,57.63475529681354],[-4.049442038852481,57.64176000832152],[-4.044477493014027,57.64676413090399],[-4.039002667962835,57.65004579477732],[-4.030092150886946,57.65337795236603],[-4.02460094025754,57.6580006571675],[-4.009744174261272,57.66275259435457],[-4.003005470825145,57.66717222042639],[-3.998913381497903,57.67233132178012],[-3.993218139413749,57.67733136849392],[-3.998418009735595,57.679935714375134],[-4.010771663533631,57.679798268171666],[-4.019667019269573,57.68102128031052],[-4.023770911416312,57.6807723715762],[-4.032516646491429,57.684223296263674],[-4.038251127939188,57.68394140959602],[-4.040451812708218,57.679940930280885],[-4.048220514435732,57.67657539599713],[-4.057156582281132,57.676139202895065],[-4.072214714694817,57.670107036560125],[-4.083828908384154,57.666171217877434],[-4.099192024357098,57.66414162794995],[-4.11810464741524,57.66229336716936],[-4.126883202564346,57.664765089640106],[-4.133282561568985,57.66427720978737],[-4.147359509320915,57.67440758575882],[-4.155201729594407,57.67656085554505],[-4.16536352326345,57.676869754767026],[-4.173713300543416,57.67531584927464],[-4.188132344862111,57.67491621528547],[-4.191690676443361,57.67410343740147],[-4.206471960081061,57.672692680647984],[-4.217683952746695,57.67373018805531],[-4.220633590506962,57.67240971709376],[-4.237865377938756,57.66888561164683],[-4.248242816279562,57.665601589671084],[-4.253561051860461,57.662491446276036],[-4.261650031036191,57.65955166749556],[-4.26742455506871,57.65586128307734],[-4.286074435173576,57.647363955253375],[-4.2920417379475,57.64541746393367],[-4.308064284730497,57.63888007570856],[-4.313207406501819,57.63744809769867],[-4.328683371442924,57.630462503860045],[-4.338703330635359,57.6244351104159],[-4.347593109765341,57.617863584683725],[-4.350449335378695,57.61775117262437],[-4.359356291025881,57.61462709600974],[-4.36590277826665,57.61482633268447],[-4.375251935253654,57.61266053878249],[-4.380600884721949,57.608635785638015],[-4.38649341673377,57.60740493622484],[-4.393328873346628,57.597532363386264],[-4.399689244861747,57.59264199993492],[-4.403417519797961,57.59355410636723],[-4.4016148540033,57.59633894781713],[-4.394360576806084,57.60118256001745],[-4.395833447282713,57.60380090671212],[-4.392639938670129,57.60945775386964],[-4.388159975091671,57.612162790775486],[-4.382198692626825,57.62066528682597],[-4.37427239412018,57.62489846841873],[-4.365901780372258,57.62608973884276],[-4.362906895054875,57.63003292146135],[-4.357266078145112,57.63400204641179],[-4.34783994073593,57.63793166278017],[-4.338035776293261,57.646748493285386],[-4.332684699331931,57.650821675379774],[-4.325431818260761,57.652593399471485],[-4.320562043287105,57.651455493204715],[-4.311144587213967,57.65214651600585],[-4.302817604925107,57.65552876420926],[-4.29388339447991,57.65704441057041],[-4.292741802322419,57.65988563448798],[-4.28743460359637,57.65962595781397],[-4.281779569176293,57.66474198578629],[-4.27965856792442,57.664634686063025],[-4.278142429476455,57.67216387502479],[-4.275936959336563,57.67574471037647],[-4.269173931264237,57.679301340660224],[-4.263826434927213,57.67779241309489],[-4.250956482117041,57.67702839549272],[-4.239568715448812,57.679291799876204],[-4.234427711905992,57.681524813862936],[-4.229440657708139,57.68610991967055],[-4.222494633442571,57.69017936177488],[-4.215497067077338,57.68994092542481],[-4.205242272041762,57.69175991474755],[-4.198850436352616,57.69155222019243],[-4.196371960490763,57.690272677403584],[-4.1873836542293,57.6899881727496],[-4.18211284047389,57.68899651539223],[-4.176409402257963,57.685486385947726],[-4.170351954907182,57.685181656291384],[-4.161024973321232,57.68588855797735],[-4.152304976766834,57.693015895374806],[-4.139859952959998,57.698504821349125],[-4.135422368479069,57.70163111240627],[-4.114031593432806,57.711405747976634],[-4.108770476026151,57.7117244718941],[-4.104105290776574,57.7137797270489],[-4.093716760637314,57.71578859350187],[-4.087909056462765,57.71479291969547],[-4.084804564100386,57.717445219730166],[-4.075058005206181,57.7189127139045],[-4.072191521932802,57.71620586938655],[-4.063765351301032,57.714326515806704],[-4.056855299630643,57.71592601233948],[-4.0487219459261,57.71083517291719],[-4.042511887531008,57.709304864436206],[-4.037503527943764,57.70659767823118],[-4.031515406113738,57.70783863147349],[-4.038645483321501,57.698815590354464],[-4.035381610926975,57.69442071567331],[-4.024381295242241,57.694603569790985],[-4.020370974167022,57.6920109274803],[-4.008006993486267,57.69140012777563],[-4.001709523990169,57.692936606645695],[-3.995389751702989,57.691545013051076],[-3.985861868936346,57.69139487477984],[-3.975862704780826,57.6941102298965],[-3.966357045646383,57.70035252324715],[-3.961814748167183,57.704331287496636],[-3.953406003095614,57.70993291625644],[-3.931093800610029,57.72794588482716],[-3.92962073395504,57.73254410939992],[-3.925949730191915,57.73423067123018],[-3.923359949645896,57.73771555356861],[-3.916633743595142,57.74352261709021],[-3.915267976871566,57.74593941185025],[-3.916556769821466,57.74917675295226],[-3.914853120050575,57.75245305950869],[-3.91102476127663,57.75280196827373],[-3.904923894577832,57.755794907170646],[-3.904946231804836,57.757208705785324],[-3.898180205705438,57.759721663569614],[-3.89429786655959,57.76290900822872],[-3.893907814303977,57.765604738180905],[-3.889057449202875,57.76733834462892],[-3.882144566468191,57.77154434029063],[-3.875994699928391,57.772304869287495],[-3.869558878283561,57.77609251040493],[-3.851256942904398,57.78931100737468],[-3.845660847186292,57.79660330434861],[-3.84096220098577,57.79992029336278],[-3.835580677845894,57.80190386026878],[-3.83133224888152,57.80513669202763],[-3.824513301994124,57.81253997196525],[-3.81165860556007,57.821845791627744],[-3.810688400723479,57.82398616927322],[-3.799336949962483,57.83146970492901],[-3.786964321075573,57.841288002448344],[-3.779796994247063,57.84905472414572],[-3.777484371967921,57.85392586959235],[-3.778816249834198,57.859502378445235],[-3.772378129968761,57.867463228250315],[-3.784304315899696,57.86709399859946],[-3.7973708509445,57.86542722906137],[-3.807346617838248,57.862657700815745],[-3.813484604115966,57.86018935732463],[-3.815150026573066,57.855773318478384],[-3.824672081845724,57.84395219782426],[-3.82995585894442,57.839410117578524],[-3.8314216494424,57.835068542730035],[-3.842864750086792,57.83410316744188],[-3.852632460681593,57.83142012763834],[-3.855418165344892,57.82886655062553],[-3.872754210811627,57.82623984800981],[-3.88115124290956,57.826933080063846],[-3.896941638077516,57.831791794433755],[-3.925540604975054,57.84426643449227],[-3.93146749129443,57.84891545176527],[-3.934893689532862,57.85404259919985],[-3.938926770106124,57.85586318941002],[-3.945643271065261,57.85586814159932],[-3.954511793723577,57.85453238834727],[-3.965414483907987,57.85450764582552],[-3.970694791867051,57.853832745601714],[-3.981205700578108,57.85051549503629],[-3.989795460156443,57.84875485107979],[-3.995474888591694,57.84587597946275],[-4.012251294746759,57.8391331355526],[-4.025170661363163,57.83460144892026],[-4.045130587938463,57.831918130238044],[-4.045935864765402,57.833495387354084],[-4.065237248491552,57.834202180327544],[-4.07323900611354,57.83195841787359],[-4.086286475574306,57.836368719925595],[-4.09313143524894,57.83928369895439],[-4.101124740010266,57.83956477811882],[-4.11232020461196,57.84141736976818],[-4.114337370928263,57.84251760872198],[-4.123247917366883,57.84316654934661],[-4.137738840819056,57.845088378944105],[-4.140147092541674,57.844130422055976],[-4.140284164966627,57.83982534218243],[-4.142574580099015,57.838053512243],[-4.155374334651564,57.837430467907254],[-4.162820008503984,57.839784374621786],[-4.171150771334861,57.847923271888845],[-4.17455540980942,57.84916413885081],[-4.179784795881636,57.854770712966186],[-4.18529082246789,57.857823335603705],[-4.188785280734552,57.86312790884462],[-4.207574366328414,57.86233601180036],[-4.211803136709729,57.86081039477842],[-4.223930695735377,57.859450072187435],[-4.238357401486622,57.859378690044146],[-4.252048997030871,57.856985329392224],[-4.257773116650352,57.85515394803704],[-4.267223877771609,57.854513635789644],[-4.282969877180803,57.85717915993111],[-4.290874657909397,57.85783090494821],[-4.295531709949369,57.85957157438855],[-4.299240272397824,57.864352761829835],[-4.306835736548501,57.86956997809406],[-4.316719609367212,57.869769920721936],[-4.331816277252261,57.876958190881865],[-4.33774029078608,57.87858151084222],[-4.334120606769424,57.880946561841476],[-4.318219852667161,57.872906177417256],[-4.311450898887362,57.87301262263212],[-4.303543727141221,57.87011499718842],[-4.289960762419309,57.86114223886107],[-4.282267878725142,57.85942907441982],[-4.282129971435428,57.861616722699],[-4.270255998233732,57.86090794431875],[-4.26711932965714,57.863783545717816],[-4.253799404834085,57.869718287847085],[-4.239750679439488,57.87059334894736],[-4.23002771807609,57.8717871139511],[-4.225151476911637,57.8699652427368],[-4.214030019404959,57.86980941143935],[-4.204657378527901,57.87166716735881],[-4.196689111884262,57.868115325436314],[-4.186603042713979,57.86653214256736],[-4.18192586445708,57.86689030119965],[-4.175799304447215,57.865612770599064],[-4.174784179456982,57.86038667213849],[-4.156288658172527,57.85438526906181],[-4.147862256739011,57.853095185535395],[-4.14254722717029,57.85344474432853],[-4.138730052293023,57.85074908136448],[-4.130728449903677,57.85123147833335],[-4.111792842608811,57.84814933845641],[-4.090834050368322,57.84891082762931],[-4.051567223820093,57.85698859719858],[-4.037979905927451,57.85772156192774],[-4.02208533944276,57.856515108533436],[-4.014623935750845,57.85684767659609],[-4.006903500697423,57.858372529207905],[-4.005636719962477,57.857265033203745],[-3.989027014323508,57.86032970200316],[-3.969817696839668,57.860449793949634],[-3.963689929757347,57.862449469240495],[-3.966020008942498,57.865454538109184],[-3.986697725297728,57.864247423239426],[-3.994290169277428,57.866190180916895],[-3.997588313225541,57.86577442131564],[-4.003329223964523,57.87018052919264],[-4.006434449509171,57.87386443274192],[-4.010703172713915,57.876175001108464],[-4.012278383624376,57.879437392753886],[-4.008965785560016,57.88242506141224],[-4.011467076745629,57.88662153919164],[-4.010661562449897,57.88953533858042],[-4.004091043495158,57.89296436402272],[-4.002185863785119,57.89878031220225],[-3.990528632833049,57.90346833268761],[-3.996838159571857,57.9169910580656],[-3.997746486507503,57.92197646051394],[-3.996209714035411,57.926473838985956],[-3.988468222603629,57.929000335981726],[-3.990937505803274,57.931809623678454],[-3.996319792304538,57.93444733769727],[-3.997016650432849,57.936197274512566],[-3.994046899636785,57.9421914226179],[-3.993594112779162,57.94636267114295],[-3.990368095337513,57.95355113063865],[-3.990016810991861,57.95742878203068],[-3.986002478898035,57.96472918684089],[-3.980698857467669,57.969560963437594],[-3.968492225646568,57.97336129504218],[-3.963519323682336,57.972837171674655],[-3.955328710435344,57.97547536279213],[-3.947515633387871,57.9760867311261],[-3.943428283164706,57.97917511345396],[-3.935643566212208,57.98199177442062],[-3.922576363211074,57.98293481039334],[-3.915840416564781,57.98285232090023],[-3.903151188756639,57.98672543958583],[-3.899851353889987,57.986411846709444],[-3.889799690520005,57.98784099965526],[-3.886243876655356,57.99025028871596],[-3.88220659665757,57.99526026964784],[-3.870589929366479,58.00083643726962],[-3.858788779568941,58.00174891633299],[-3.854706618989248,58.00448481317112],[-3.844248688392041,58.00354274895666],[-3.842605045611253,58.00527888685085],[-3.842408461807859,58.0116278624111],[-3.839281334117502,58.011876173908895],[-3.83877855950309,58.02084744279858],[-3.836683397737318,58.02799735562618],[-3.834414396174748,58.03177004374751],[-3.832940195246295,58.03747893277471],[-3.825811982539264,58.04188823678571],[-3.820010356520985,58.04256606886426],[-3.813875051053608,58.04545570109401],[-3.809010252756399,58.05073909621265],[-3.800137787504673,58.057304418158175],[-3.794376474233585,58.058912098061434],[-3.789704882129368,58.06167925747399],[-3.7853859347393,58.0608963437236],[-3.775588996930213,58.0637626151009],[-3.769736982005226,58.06340840861799],[-3.764670811903456,58.06180152340571],[-3.758570213429362,58.066414576143174],[-3.749168163054369,58.0667175238894],[-3.742692241447499,58.068731536110654],[-3.740065383072534,58.07209405942976],[-3.736333366516321,58.07303079242197],[-3.734617015143944,58.076410413459186],[-3.725579595652603,58.08081207255098],[-3.717538380253235,58.079484380498286],[-3.711008304023026,58.083356133331],[-3.703832252694859,58.086089006351024],[-3.689061850595622,58.09422172452508],[-3.683548216025905,58.09591354755823],[-3.677945027385469,58.099791041806014],[-3.672491763726289,58.100518573277014],[-3.665896405109105,58.10579466553676],[-3.665572788161484,58.107879419057234],[-3.659738617582079,58.11041161585393],[-3.65837751385186,58.11260598628995],[-3.649314719592243,58.1144304876979],[-3.642019317603814,58.113623755916144],[-3.63655682796678,58.1163953171433],[-3.627902523987221,58.118362155866414],[-3.627963836139777,58.12100870498525],[-3.618999662687187,58.12467489579644],[-3.612590884848967,58.131606718840395],[-3.60768635000784,58.131870833680914],[-3.599507442257377,58.133914140273646],[-3.592619081758345,58.137113076124024],[-3.58165654767452,58.14039821015386],[-3.572248383399921,58.1458460801893],[-3.563412231942078,58.1492919828432],[-3.561206767314108,58.151501887172756],[-3.554559364048499,58.15375703385719],[-3.547994529543438,58.15871467683208],[-3.543908907360555,58.15934361495347],[-3.526901046528666,58.16619578867608],[-3.519133450977459,58.16721376510785],[-3.513980375775813,58.17035976296658],[-3.5082889495154,58.17185635336811],[-3.502463933713791,58.17724836618174],[-3.49462292481808,58.18201604774515],[-3.493457562941658,58.18593635398565],[-3.482813498243557,58.193232386460004],[-3.475562800291202,58.195725605015404],[-3.474009343560596,58.200853001546534],[-3.470038138318566,58.20406793426557],[-3.463299100680228,58.213115591739445],[-3.454512867910666,58.21952368326442],[-3.438393965696308,58.22893511961358],[-3.432677404342015,58.23674513881541],[-3.428680485698814,58.2395538696877],[-3.426207261776364,58.244941423827115],[-3.416181528409724,58.24434697339962],[-3.410748927683724,58.24868100187709],[-3.409144989409743,58.25188301612777],[-3.399884569668749,58.25565600170676],[-3.399008201413469,58.25789236406226],[-3.392878719686952,58.26242453872567],[-3.375560864570959,58.271640471198474],[-3.366853131497512,58.27453824197031],[-3.352304024361747,58.27784501914194],[-3.346766338747031,58.2782241763986],[-3.337495322216042,58.281212096399265],[-3.327610826436561,58.28211369216156],[-3.331041090432175,58.28499551453004],[-3.322591394217409,58.286306635022285],[-3.3081105672378,58.28731076409492],[-3.302626673135929,58.28929798003544],[-3.293752963543039,58.29059080097432],[-3.291487763321536,58.295227946307946],[-3.286431806880861,58.29463396368629],[-3.279976198857748,58.295903257565705],[-3.277195444617865,58.29770416822837],[-3.270613955359159,58.29896076438326],[-3.259704780124715,58.2997315438217],[-3.250795649627667,58.298107822258864],[-3.238376662265933,58.30240091680065],[-3.233325479004803,58.302437130383154],[-3.225187748278961,58.30494681707119],[-3.222288709149302,58.30475537556422],[-3.209872415540547,58.30989180872815],[-3.20612116928705,58.31415159488973],[-3.199348814758122,58.31663599162423],[-3.198243227430607,58.31962845040485],[-3.192371878808027,58.322351024052836],[-3.190781534466083,58.3255230743207],[-3.187233642122685,58.32725816359164],[-3.182750714025185,58.332194053831316],[-3.175226680210079,58.33528856148798],[-3.164945817871205,58.340548181720116],[-3.153129883849666,58.349436082895245],[-3.15035178071377,58.34975209739671],[-3.146542522786549,58.354470428761786],[-3.142076126105151,58.356388502783965],[-3.135118375525091,58.35668211803114],[-3.124999717257999,58.36129568893489],[-3.123603238600197,58.36355076463463],[-3.116750188568713,58.366828975005475],[-3.114122595864234,58.36953299553925],[-3.107915238702337,58.37143983825602],[-3.106363267554439,58.380189137676126],[-3.100324162375371,58.38773571912387],[-3.098540264315757,58.39263182998523],[-3.100742757202568,58.39595331341505],[-3.094993346552452,58.39895135575054],[-3.091123069159962,58.40337654333639],[-3.087669475299581,58.40441637403803],[-3.090021520226207,58.41070529237224],[-3.083109950701786,58.415875499083675],[-3.085456167979755,58.41886009400521],[-3.079498068121647,58.422531012010026],[-3.080495474155362,58.42412767016567],[-3.069258728010299,58.428143386545436],[-3.068112376392263,58.43150946818142],[-3.057430512617307,58.441129554618804],[-3.0598118065018,58.44580919309295],[-3.053326155696431,58.44817814848721],[-3.049327021757879,58.45156476164014],[-3.051129605408104,58.457652259629434],[-3.056102913576887,58.45999248370616],[-3.054507196094178,58.46290945535479],[-3.049320469795935,58.467165420297846],[-3.050257327785884,58.4689190953455],[-3.047026107004152,58.47238829872284],[-3.050322650380215,58.47926929645607],[-3.055223116038153,58.48005178824351],[-3.05921998957211,58.47889518728981],[-3.06525891209883,58.47932567566255],[-3.077269581978844,58.47573587138859],[-3.094253749502532,58.475744813422345],[-3.104125660520551,58.47411983369677],[-3.110868848444497,58.47617327946834],[-3.121585119214564,58.48158868945511],[-3.12661424282889,58.48772243704601],[-3.130365588675563,58.498243272919616],[-3.13187752737713,58.50630474112399],[-3.129483240109356,58.51965505846659],[-3.124420290028079,58.525396737935985],[-3.124076189336698,58.52741529403157],[-3.119117533946246,58.53072442728579],[-3.111416338458127,58.53065389081063],[-3.106732258961949,58.53357125130196],[-3.1053291778383,58.5373952591841],[-3.097530246311341,58.54199083764276],[-3.090862791421838,58.544691030960394],[-3.082126114833804,58.550917540753325],[-3.081521789214355,58.555619243793764],[-3.069896978014234,58.5628760405298],[-3.067312737396197,58.56353076109883],[-3.067424268831877,58.57098115150956],[-3.063638098223746,58.57579177667595],[-3.063778796746513,58.578445631233684],[-3.059598707131332,58.581362431422036],[-3.065224204953863,58.58402122929713],[-3.067162657717968,58.588090959977265],[-3.072348380076607,58.59183989899121],[-3.056824312803023,58.595157037979504],[-3.045423336137883,58.595989490623055],[-3.042588219620185,58.59808191678214],[-3.042163238036806,58.603056756232526],[-3.037981319771617,58.60636084583421],[-3.03565567820654,58.610650413184885],[-3.04054554731284,58.614176665070644],[-3.03745257040102,58.61843204905661],[-3.038367928749571,58.62259217064841],[-3.036756709552464,58.632313496790914],[-3.033345289109823,58.633846285728175],[-3.031969943464764,58.63714462172583],[-3.024550254832864,58.639651447725306],[-3.023966295354061,58.6435361756841],[-3.030766483131186,58.64628414054481],[-3.040942873785413,58.64490522984575],[-3.044157840422355,58.64784671632698],[-3.053896461261058,58.64886575022108],[-3.059001319708584,58.64616345279194],[-3.06441005074778,58.64509310291017],[-3.072266254600796,58.64490570733804],[-3.085173409940759,58.64674830982075],[-3.095091287664557,58.6475696271086],[-3.107793353194416,58.646459407156996],[-3.11033559127023,58.64431240108444],[-3.123356574360495,58.64277662468155],[-3.129560776714854,58.64368692343797],[-3.134714665625077,58.64041439572052],[-3.140963713488893,58.63948247456942],[-3.152155190884034,58.63939974654844],[-3.15525719755122,58.63859947478741],[-3.163198100451174,58.63966856485484],[-3.16869684557257,58.64512724649847],[-3.170360441368614,58.65045629363774],[-3.177483796020442,58.654377392145655],[-3.180463241782723,58.6543141509083],[-3.184348105103548,58.657931338212094],[-3.19158773111597,58.660469196854834],[-3.197727599423475,58.65608831097082],[-3.205430776915112,58.65560587751844],[-3.211835935664548,58.656315441795606],[-3.220885466575032,58.65584275263044],[-3.22618658091611,58.65111007175697],[-3.235495854240308,58.6516901457032],[-3.242982855477576,58.65466647491736],[-3.250072247307002,58.65559836292802],[-3.260914129845547,58.652177318880476],[-3.268907957660057,58.6543334254313],[-3.272250813515105,58.65331867777284],[-3.277625573778921,58.65433695395641],[-3.286788126376417,58.64854206263006],[-3.290754443912516,58.649740945561824],[-3.294483599356588,58.64694779725455],[-3.302995795571061,58.64652773200786],[-3.305625927381136,58.64520676107028],[-3.323920083742137,58.648721381789045],[-3.338249202814406,58.648551645403344],[-3.343465184758463,58.64724519665797],[-3.346434656988237,58.64962857097971],[-3.346443371547793,58.65271833630301],[-3.351679219631867,58.6571760951893],[-3.354069894486016,58.663492357321346],[-3.362330955929548,58.66954450118718],[-3.376927948811994,58.67237126750017],[-3.380019810279445,58.67045100482225],[-3.385152680911681,58.6700060419413],[-3.392357048330522,58.66625010079553],[-3.403483926019575,58.66297646758361],[-3.407757328197226,58.65907641235894],[-3.409505388150909,58.6513459976036],[-3.412476270312108,58.647460016679325],[-3.413275509863335,58.63952435715953],[-3.39575531170546,58.63241754220341],[-3.381323577458206,58.628113645626776],[-3.375317421948021,58.62778728665686],[-3.372895368951458,58.622899881497275],[-3.366415158416499,58.62165300937373],[-3.36415196352021,58.619251848881746],[-3.356184694777205,58.619147497570914],[-3.351323327900102,58.614087848669755],[-3.353968882401263,58.60904801351764],[-3.361674345767776,58.60172794898463],[-3.371448542976527,58.59705393365486],[-3.376764470379915,58.59663423031672],[-3.384926714681424,58.600143016907055],[-3.395738993056606,58.60308360488285],[-3.401179983804918,58.6036657429561],[-3.409461753227447,58.60302908981151],[-3.420954107320615,58.604204988402174],[-3.431279958473838,58.604023970282704],[-3.433102061679235,58.606619292426515],[-3.427031879812107,58.60819223285787],[-3.42929409294071,58.61048091953657],[-3.434289928746726,58.61187770691883],[-3.444690248981599,58.61094478205735],[-3.449780676613744,58.609662302774524],[-3.452423990269195,58.6116795262719],[-3.460463350549271,58.61292322143348],[-3.467095179538215,58.61248573230946],[-3.480092207678237,58.60971303298723],[-3.483017959492364,58.61083803684519],[-3.504795932336555,58.604800346741136],[-3.510474457272967,58.602299532725326],[-3.517269092727024,58.60059460472769],[-3.516975432338123,58.59838391505492],[-3.525263848575323,58.598288525027414],[-3.530400018408466,58.60127161119686],[-3.541258786591526,58.602004180888976],[-3.548028197876654,58.605641562431195],[-3.550859240078851,58.611347231623384],[-3.539108522277667,58.61428197457638],[-3.535071356108248,58.62307381753198],[-3.540910898933242,58.622725513912386],[-3.545870361856542,58.623896595252454],[-3.579667079392146,58.61934037988203],[-3.583999713933816,58.61805646449332],[-3.589492993413372,58.61939893517114],[-3.610507830414941,58.61676421028018],[-3.614855496159044,58.617515419171625],[-3.623005440421604,58.61589652264476],[-3.630511278152741,58.61528684088907],[-3.642349593405786,58.618183983613264],[-3.646942700366704,58.617399424274126],[-3.64984304939371,58.62212756694889],[-3.652222428479089,58.622992590152585],[-3.670051011446677,58.61721900338985],[-3.672582453286296,58.61452540083272],[-3.672876167467598,58.608963041104474],[-3.678362916862108,58.61012665410406],[-3.685727626524977,58.60902601122336],[-3.694339424962038,58.60503491200813],[-3.697078249110632,58.60593119628182],[-3.704645352651277,58.60258196681866],[-3.710340492335066,58.60180833570865],[-3.712987156124933,58.59979595624741],[-3.720530908156728,58.59767584755485],[-3.734038476303596,58.59066462067186],[-3.735660037191195,58.5881113615646],[-3.742886194800969,58.58365954635026],[-3.751619179473727,58.58017668606623],[-3.768227603677295,58.5773809331162],[-3.776573632307644,58.57346778744147],[-3.78108715900771,58.56590721291597],[-3.787414220562062,58.5657375667856],[-3.790424319391763,58.56828812295115],[-3.792327247997422,58.57271803123199],[-3.799672502234268,58.57333216493039],[-3.806642574610453,58.572367459373204],[-3.807847963277275,58.57096532038999],[-3.819587997457742,58.56931733877353],[-3.821764174929793,58.568079167174965],[-3.829950879394598,58.569174594672646],[-3.83462271747331,58.56776047815481],[-3.840279231236393,58.56906295389279],[-3.844949519257872,58.56582940060092],[-3.850942088340905,58.56476671068874],[-3.855736981302242,58.5653146549613],[-3.863568729924827,58.56337766977843],[-3.880332145842661,58.56660082839143],[-3.886297407600024,58.56626182249079],[-3.892615844124772,58.56832935266781],[-3.900081117374376,58.56710969647065],[-3.907968972271395,58.56368064614357],[-3.912674361593212,58.55973619203681],[-3.919995876863424,58.56118196292086],[-3.921581935742783,58.56637841620708],[-3.926349376313937,58.5706306945681],[-3.938929070232763,58.57213929050968],[-3.943551413973095,58.5699332086472],[-3.950117480651611,58.56929740001366],[-3.951924504346883,58.57395924544807],[-3.957734473803464,58.57375405879098],[-3.966547458590186,58.56947725353657],[-3.972766730009557,58.570235320307994],[-3.985620281693276,58.57016756624553],[-3.990400002714384,58.56845773594274],[-3.996096799822757,58.568005523858396],[-4.006898535744365,58.57109821818689],[-4.006098863570489,58.5747948025353],[-4.011135668488772,58.583839642067744],[-4.010436803297196,58.58755179233741],[-4.015746581709904,58.594318565895314],[-4.016244625519049,58.6002803450094],[-4.019705485032487,58.60060331609809],[-4.019057047658596,58.59592406851186],[-4.023833794878655,58.59266963701897],[-4.031892210692286,58.59086344014154],[-4.042545307172423,58.591167098150876],[-4.044347034471246,58.589548351305574],[-4.042817487445699,58.58530007474102],[-4.050589679718713,58.58146873882867],[-4.047848185234746,58.578886587844316],[-4.050052069837017,58.57662981334572],[-4.048203235423703,58.57212802160121],[-4.060331563405646,58.56824630291715],[-4.064729021864449,58.56495508109068],[-4.07027056088979,58.564749081344516],[-4.071894682801712,58.56211765051942],[-4.069879303103084,58.55651743981745],[-4.071939975089518,58.55415294863014],[-4.081156284096111,58.554378511258086],[-4.083604464344788,58.560261722210114],[-4.088294007542427,58.56063023431221],[-4.09112729345725,58.55841008651263],[-4.098232947197971,58.5628174496489],[-4.103721204129587,58.563594589115844],[-4.110101324288665,58.56061513607746],[-4.113241586583945,58.566510725249415],[-4.126704055473422,58.56918582250582],[-4.132933986137211,58.56290165775515],[-4.144238420342332,58.56669777410471],[-4.149236329081859,58.56533853190876],[-4.154064065781951,58.56233340179743],[-4.15308035730214,58.55947055640924],[-4.155398163789768,58.55718121181067],[-4.157443540679018,58.55200357799816],[-4.157230431292466,58.54800572554425],[-4.164117172442049,58.54775867497912],[-4.175558932484965,58.5447802917101],[-4.17789750410959,58.542449728678854],[-4.184816000053791,58.546348021548994],[-4.191443363952916,58.54583528654691],[-4.195889536632509,58.54699462777896],[-4.199799284995398,58.55042250378867],[-4.210569081882109,58.55236228849506],[-4.214158057453603,58.550400317177484],[-4.21149343944978,58.54138755953492],[-4.222066557206165,58.54011612116479],[-4.213681473254452,58.53532062813019],[-4.213819666361089,58.532771255236675],[-4.222917512567828,58.53260503368073],[-4.235819251948004,58.53563232815204],[-4.2398782728299,58.5378570310896],[-4.24311617735522,58.53501988802014],[-4.240486899052176,58.53177759595108],[-4.245560196581193,58.52730018522166],[-4.258549295319964,58.527225016758436],[-4.26091753631493,58.53066021673503],[-4.270567097462491,58.53789652260341],[-4.293334634855616,58.54113318056886],[-4.298349203226508,58.54297784126656],[-4.303409471547051,58.541634741666584],[-4.305583162468263,58.54338720573006],[-4.313069112664166,58.54175037503711],[-4.323268965633074,58.54083578255262],[-4.331248482263629,58.54209720535238],[-4.343662901349925,58.54130966601775],[-4.345986274403633,58.539023814311676],[-4.357099590439412,58.53668823244311],[-4.363426439798372,58.53164389921004],[-4.372212182308588,58.523207062153354],[-4.376440619182531,58.52076859030079],[-4.383378648167133,58.51175506633973],[-4.389735832532811,58.51005193669295],[-4.390500828177932,58.51422901315377],[-4.40181221889868,58.50650480288048],[-4.404676895264128,58.503209458125305],[-4.412049055630498,58.499072842803386],[-4.416213345875239,58.49785340054997],[-4.418337882036086,58.50204069484385],[-4.42677343877161,58.50512937922373],[-4.434788222710941,58.502618997311046],[-4.443100037801671,58.49624794258227],[-4.449807058156425,58.492993271547824],[-4.442782745342828,58.492421942530456],[-4.441795231547782,58.4874676252039],[-4.446756959755485,58.48578273167911],[-4.449109721600508,58.482979460220676],[-4.446282929437144,58.47563435461923],[-4.441296841106786,58.47299169509166],[-4.44536910055161,58.46778999508943],[-4.445855118968034,58.46478874871205],[-4.453527135737654,58.463536988473265],[-4.456366455320378,58.46048613246919],[-4.459482352483258,58.460911569214296],[-4.457092124423385,58.46486586101394],[-4.446151228258758,58.47065473722245],[-4.445957758353914,58.47354707609955],[-4.45481618959326,58.47747489491987],[-4.455534070167276,58.48124829452932],[-4.451315731008495,58.48546206383014],[-4.451702417580281,58.48950865302327],[-4.4556743120112,58.49370318346241],[-4.4494318321988,58.49659888368484],[-4.448239622410223,58.499195812824105],[-4.437418735455764,58.50552504149578],[-4.431672439581805,58.507206432954995],[-4.41345689040985,58.50695293184915],[-4.407815760307798,58.50755758250864],[-4.409450879197902,58.51062211139272],[-4.406090553879887,58.51683518312923],[-4.407767528763342,58.520505405684915],[-4.404530697292251,58.525152753295195],[-4.404890286545671,58.52764374703481],[-4.396582194476154,58.53226001346862],[-4.38973576918585,58.53377129039778],[-4.386839602088141,58.54032102867342],[-4.391617333048795,58.54095986071944],[-4.396732331297138,58.53546471745735],[-4.400397542727992,58.53499282047571],[-4.402838860041603,58.53782581964615],[-4.40718758406645,58.53672009619144],[-4.408535742769794,58.53445763019073],[-4.404076261354049,58.5304307581767],[-4.408104015893367,58.52591234600681],[-4.420418814994288,58.52489902765629],[-4.428664015921567,58.52987083200036],[-4.429215368783158,58.532202712506205],[-4.422905982578647,58.5365456674983],[-4.427260674823657,58.54052987409415],[-4.425985720950754,58.54199781328626],[-4.427545497186125,58.546881152939434],[-4.423952561743747,58.54920778361499],[-4.426228683108541,58.55142445173177],[-4.430774617289755,58.551041972950856],[-4.432634382917262,58.55418735928676],[-4.436861361213856,58.556384851842274],[-4.442571249972719,58.555921466518726],[-4.441526627681166,58.553510946208014],[-4.453972239204503,58.550924161083046],[-4.451593924597508,58.554401796364886],[-4.453876953086386,58.5558272059977],[-4.456919062644255,58.56170353029123],[-4.461821445778047,58.56136256174205],[-4.46937304097657,58.56421404205564],[-4.474738774184331,58.563490799017856],[-4.478848680611051,58.56543763778146],[-4.49232233030342,58.56809698655716],[-4.492209093165907,58.56952779362614],[-4.498045700035059,58.57588808678499],[-4.507528101015067,58.57630532111575],[-4.514725940603814,58.57892300748495],[-4.518828318259531,58.579152613021115],[-4.524822555031378,58.57698633011637],[-4.526941444097857,58.58000856777037],[-4.533017039373694,58.578734313078],[-4.540671035680849,58.57942324803656],[-4.54374706695475,58.58103359688283],[-4.548137171398276,58.578471178764545],[-4.555766984405186,58.577173979408926],[-4.558968479320765,58.578610755197055],[-4.56563485026431,58.57837443733444],[-4.571044128958629,58.57554375343729],[-4.576853161192673,58.58038268643211],[-4.580110628735272,58.580110633500894],[-4.588989037375527,58.575232687313104],[-4.596659844447599,58.572543980762],[-4.599910329915771,58.56905931678933],[-4.597543996659928,58.56706754048625],[-4.59977768226558,58.56263303238073],[-4.598531451217377,58.55927530234066],[-4.601279714980699,58.558541264435554],[-4.604433302802789,58.55435309142809],[-4.60183498565341,58.55061398632453],[-4.595825006648365,58.54663836124615],[-4.594213317606511,58.53472052786279],[-4.601238915932321,58.53318560776189],[-4.603167395960661,58.527333008419525],[-4.606467046676417,58.52630909359049],[-4.615672552445638,58.52120678988487],[-4.619240285241613,58.52413512840103],[-4.627324311329541,58.523587983376245],[-4.633942084923653,58.52021306985315],[-4.638622219931356,58.52158153675889],[-4.650045059537805,58.51612556077205],[-4.652417897506038,58.511273775242],[-4.658908688205162,58.50764403050216],[-4.660674749604021,58.50511841215708],[-4.663344792646499,58.490627642691386],[-4.663502369708271,58.48342242415748],[-4.666131784121519,58.48234789906922],[-4.671897455541158,58.48393960742335],[-4.678430993099425,58.482653093320614],[-4.683499930459609,58.47881803244122],[-4.688435224146634,58.47874605930963],[-4.696070743776102,58.4770850656595],[-4.696440914117739,58.47352343875495],[-4.701301206462401,58.46846547461289],[-4.707025677001305,58.46774712745876],[-4.716867743017333,58.46349974311338],[-4.723232012675111,58.46496860259633],[-4.728000828408006,58.45890508753089],[-4.727684806046266,58.45659796977926],[-4.736335274538428,58.44955281455805],[-4.741329873939366,58.45007504092133],[-4.750232061129189,58.45354597799652],[-4.751148813928662,58.45540434328483],[-4.747672199729148,58.457977025454404],[-4.74398678039522,58.45820877055849],[-4.744132393849571,58.46238407293469],[-4.741225208528867,58.46677747729947],[-4.728506712695903,58.47526643249618],[-4.722409077004422,58.483029524772874],[-4.715836405292894,58.48912204105716],[-4.711928327904415,58.49585424812643],[-4.704198943877404,58.49923888809344],[-4.699002687445879,58.502655118199975],[-4.694353719388467,58.50393001368963],[-4.692089942548283,58.50788184172571],[-4.686847859156996,58.508149024174465],[-4.680371802262025,58.51350969212216],[-4.68230870678854,58.51571112416021],[-4.67115590352399,58.52408476028907],[-4.661151009042402,58.52557308423989],[-4.660164987340442,58.52775005009271],[-4.651510672895873,58.53417406008437],[-4.652384604764701,58.540850181133315],[-4.656936115914473,58.545239798709694],[-4.657483760531535,58.55258307144811],[-4.666790557762082,58.55074124631055],[-4.675305929983036,58.55126943488617],[-4.681334532025407,58.555357882212384],[-4.68552066918743,58.55625071193363],[-4.696358756946069,58.55606129352797],[-4.705215799986409,58.55800816364957],[-4.709269333508286,58.56184582083188],[-4.70550707986003,58.56494791135373],[-4.717429570920103,58.5699275997962],[-4.727414582856122,58.57030447661514],[-4.733117325152841,58.567666327840854],[-4.737654423846564,58.56944858566164],[-4.742926274546901,58.57557938165037],[-4.739380709347584,58.579298777122624],[-4.743547419914293,58.58485198378904],[-4.751142020005301,58.58328327431587],[-4.753803080050836,58.5842569096209],[-4.757102642437649,58.589426627614706],[-4.762790896592262,58.58866640849254],[-4.765995426361529,58.59306789069916],[-4.764736711401547,58.59827082370005],[-4.770342646315654,58.601456840724786],[-4.768810638439487,58.60428895596944],[-4.774552048867851,58.604497549118456],[-4.78024351019692,58.60071725125306],[-4.783578347966378,58.60147621817491],[-4.793010732701416,58.60030546972896],[-4.78573459275565,58.59421830255652],[-4.778982661711265,58.59275160734443],[-4.780625269450982,58.589269968574754],[-4.773536271745666,58.58722621283501],[-4.770239242970606,58.58459712627074],[-4.770159120474474,58.57988576305232],[-4.772282243527671,58.57747215844127],[-4.783947743791895,58.5778083356453],[-4.797407059173222,58.57701258111375],[-4.798680634285046,58.57228066636623],[-4.805356524726371,58.56596157306596],[-4.810535472614461,58.56512940655163],[-4.81580712626601,58.566631366284746],[-4.816196252191538,58.561842253893964],[-4.806321729140143,58.56093975380864],[-4.800833504345618,58.55918603953582],[-4.796387090743792,58.55539654786269],[-4.79502937789549,58.55195303939553],[-4.791688979853784,58.550484649273145],[-4.781990519008684,58.549909880541954],[-4.779696530696918,58.547580110997295],[-4.784195311195479,58.53881292490883],[-4.792897834618963,58.535766238919905],[-4.792023874849389,58.53396110108249],[-4.797281259238116,58.53061161142223],[-4.798542604377706,58.53500972107024],[-4.796310469906043,58.5361097554574],[-4.788127805588798,58.54439768752876],[-4.792811430195425,58.54828112590241],[-4.799073533755106,58.551572855373955],[-4.800634002559081,58.557226949922686],[-4.802651268445282,58.55912389701516],[-4.814061129203724,58.55923819597464],[-4.818691817752934,58.562038188033824],[-4.818214477002685,58.567800639343844],[-4.811612190376407,58.57201158717555],[-4.818974752529015,58.57468522155886],[-4.817816439176215,58.57867797469859],[-4.82141493248756,58.58041861231043],[-4.816155441415152,58.58722865345935],[-4.828301908836836,58.59474807452088],[-4.828329175253022,58.59806781257259],[-4.836908018825802,58.60132474087425],[-4.845913725119526,58.59922494699151],[-4.855067090351826,58.60274652526195],[-4.858322669261653,58.6055047381635],[-4.870072852193219,58.609367354907626],[-4.878423146900137,58.615205733206835],[-4.887918891494917,58.61249714528778],[-4.895094192248835,58.61248120960079],[-4.905753890415253,58.614334324240545],[-4.913329945773215,58.6139964814767],[-4.928724975522154,58.616432177144475],[-4.937886538054838,58.61712611377459],[-4.939584314769896,58.6137578164881],[-4.947364371034896,58.60991757157311],[-4.956783140217898,58.61061322315721],[-4.958459618613532,58.61373786002116],[-4.971384461213501,58.616355659650154],[-4.99154877684882,58.62343190173563],[-4.996999289292551,58.62692197502458],[-5.003280578838218,58.62542731717412],[-5.007139135213563,58.625817850125756],[-5.011194387396172,58.62228997782819],[-5.01621116088605,58.61464146661998],[-5.011025589763865,58.608427499630146],[-5.015119213910036,58.60687112973879],[-5.013443748469064,58.60391338495394],[-5.016766311989988,58.6000115359528],[-5.012096932546704,58.59866978398613],[-5.013446217444272,58.59524564505507],[-5.012498700950457,58.590837427272064],[-5.019928250587955,58.589368812407926],[-5.021730838298363,58.58642368414975],[-5.017613880608973,58.583685194574976],[-5.020400414618369,58.58257271375401],[-5.021622208851717,58.57850441998576],[-5.015915838632403,58.57745685478997],[-5.031156469950783,58.56981857289235],[-5.03203774328481,58.56175456393963],[-5.039119878102068,58.55854050590831],[-5.041449941879023,58.55269327234764],[-5.048728254257969,58.546526286358585],[-5.064615409453913,58.538787455510224],[-5.072677044243303,58.53644222533583],[-5.081939776590889,58.53760851161123],[-5.092089415434846,58.537714757058005],[-5.091779061638193,58.534778970493896],[-5.099978645257424,58.5286765356633],[-5.106332782896994,58.52757016469698],[-5.107367076189282,58.52266059292683],[-5.112013396624868,58.52257399225588],[-5.115580696803618,58.516583691952185],[-5.118453427638122,58.51624424653966],[-5.117835136876684,58.50937957574069],[-5.116529875504916,58.50705666746591],[-5.119001529377162,58.50224864098863],[-5.122363093850177,58.49963781795114],[-5.12108469041292,58.4952193891867],[-5.125600931422168,58.49369206614583],[-5.126199253874861,58.48893672074957],[-5.121076338205719,58.48950103820268],[-5.122001607724386,58.485483693476425],[-5.114134449504426,58.48367902394133],[-5.116294085103204,58.47933244296135],[-5.112970463923594,58.4787122123802],[-5.108963860112188,58.480845065754785],[-5.105843573731496,58.478350386658775],[-5.095553831512025,58.478212909512145],[-5.089371815331099,58.476591640723804],[-5.090266624370908,58.4718383486261],[-5.087111778672236,58.46921826989959],[-5.073270105923059,58.46589331377532],[-5.06772346767102,58.46294549224218],[-5.056179674995771,58.463557524769],[-5.055284652465197,58.460360628091586],[-5.061836755284953,58.4597440509944],[-5.065190177619914,58.46085643255064],[-5.069527124435974,58.45794592709376],[-5.07479036360532,58.45875704882394],[-5.076292826135763,58.456563178075186],[-5.064397186788711,58.456378292691795],[-5.052160043785161,58.45365712663546],[-5.044256644913785,58.45408157420118],[-5.031836086014899,58.45282503695304],[-5.019507888054463,58.45277385933897],[-5.019180257802757,58.4499336442055],[-5.01546943057367,58.445098959202184],[-5.005524282477129,58.442329340337494],[-4.996166861547839,58.44131203025052],[-4.991123293071489,58.439885109230914],[-5.000142100916915,58.437296217582],[-5.000302537288555,58.434753685105164],[-4.990928902869227,58.43002934284988],[-4.990102935059042,58.42673789773591],[-4.995836958707784,58.42536636884086],[-5.010104876232607,58.435862663144725],[-5.018299372347803,58.44019915003215],[-5.030516800678014,58.448115663406945],[-5.03772912075121,58.449828461222026],[-5.042342170981591,58.44956708324589],[-5.048299088436743,58.45116531775991],[-5.055672672797428,58.44930634620393],[-5.061725424165694,58.4521769421695],[-5.0702474773337,58.450615897511],[-5.07310190049731,58.45206805208737],[-5.077910171232835,58.45109702387867],[-5.077247788643237,58.44861902253255],[-5.087069737087695,58.44606396689742],[-5.101070915769267,58.44006287217639],[-5.096994804809169,58.438850287940625],[-5.083608841998074,58.43903852883718],[-5.083441542342629,58.43751924012933],[-5.102923346000407,58.438736421177126],[-5.102153386239772,58.43699987485965],[-5.109181129323336,58.436043035110046],[-5.108263672482517,58.43195814380126],[-5.113514761849898,58.43037731664452],[-5.114278183441677,58.42408834059271],[-5.110089619986301,58.422459223901846],[-5.107582346347481,58.424623125083535],[-5.103366137541512,58.422074173807175],[-5.092442084883825,58.42369560457844],[-5.091943928509338,58.420458775046164],[-5.08459584947583,58.419584557167596],[-5.078747315133927,58.420381420747],[-5.080672614801421,58.41673575091514],[-5.097751195188219,58.41705152577019],[-5.105192358716899,58.41480416033016],[-5.111141233898872,58.41622797421623],[-5.114031054859789,58.413362658985385],[-5.110437910660303,58.41078081614043],[-5.098909162508041,58.40922080306613],[-5.094593076182855,58.40673422980431],[-5.071897459408206,58.40723608024298],[-5.066221490704815,58.409012341319446],[-5.065370852881482,58.41340943073825],[-5.060582596130556,58.41457550461141],[-5.048831962568559,58.41465373229276],[-5.045551858044762,58.41141831241809],[-5.051497228002346,58.41151216391017],[-5.06129680128811,58.4085999979811],[-5.071479867144256,58.40234362999391],[-5.068866167332495,58.40132788317312],[-5.061949919408828,58.40300788840442],[-5.057107660157116,58.40264734618975],[-5.062736887680028,58.397776543815596],[-5.05609302754022,58.39666822060896],[-5.054316408709969,58.39493120263029],[-5.043499632244179,58.395045149048876],[-5.043875516985246,58.39335113965468],[-5.035672756526505,58.393105645593536],[-5.036815632382484,58.390495658260505],[-5.044934762052846,58.386190220924604],[-5.039213666037457,58.384340115803695],[-5.039323714303357,58.38094938763278],[-5.046367394045363,58.384152002552334],[-5.051195153236633,58.38223774263765],[-5.056154980949127,58.38217057535055],[-5.059648968452101,58.384873059261785],[-5.0632118971859,58.384105675228064],[-5.064065318442288,58.3903079175],[-5.071517716228671,58.38773864350829],[-5.077469052398358,58.389455965363474],[-5.071985034571547,58.39389259742818],[-5.078489090852681,58.394477712849486],[-5.08156317293144,58.3927321009972],[-5.091555778797241,58.39025322143867],[-5.089338469337271,58.39522727138452],[-5.098340191222706,58.39588585967156],[-5.114601943519307,58.39956677277988],[-5.118804368365939,58.402852626528066],[-5.124064784592015,58.403286025548894],[-5.126167327308115,58.40662740018331],[-5.133617268281002,58.412615034819034],[-5.145815092394603,58.41121942378178],[-5.144984350319155,58.40853013029184],[-5.1519565276854,58.40472772585155],[-5.150164952000942,58.4029006419691],[-5.153565768875256,58.40089538533331],[-5.14960779565874,58.39721811360117],[-5.149662219715637,58.39035036944759],[-5.144566572163016,58.38934776435789],[-5.14500661564304,58.38612394167406],[-5.154462821182251,58.38134890179738],[-5.155206907696987,58.37952766835285],[-5.165726072281128,58.37338100601678],[-5.166690725490155,58.37011712696159],[-5.169625225476979,58.368125613707804],[-5.174801322263577,58.361201753109356],[-5.169968540608431,58.361088837207596],[-5.161949150139687,58.35670818522563],[-5.1613526846081,58.35501080737293],[-5.169320057458938,58.3530223964873],[-5.175320048234328,58.355177081847344],[-5.183738121844168,58.35258158878339],[-5.178517090668866,58.349736564290346],[-5.176814749694751,58.346508279097925],[-5.173339793642138,58.34626471596923],[-5.171210137152424,58.34310538465708],[-5.175758152156768,58.340076035269824],[-5.171090905620393,58.33863252401681],[-5.16926276611201,58.33625569830877],[-5.163203781645562,58.33710678736767],[-5.162345403225933,58.33314653972238],[-5.167651163456835,58.33106667641514],[-5.168033802667716,58.32768956575668],[-5.170731884408839,58.322814329412076],[-5.163294636657448,58.320167558514214],[-5.162033568433849,58.31819455393178],[-5.151026228610861,58.32003025389923],[-5.146778129759891,58.32488927781104],[-5.137000181992494,58.32645978873142],[-5.137555390393623,58.32308936318235],[-5.133755808943481,58.32059871497149],[-5.140392945120289,58.31675994022669],[-5.143474840711424,58.31694030780804],[-5.147474106757004,58.31159320515136],[-5.146100446086769,58.31026094475439],[-5.139161662679951,58.3108719886094],[-5.13786415940718,58.30798744751631],[-5.1437118577873,58.3054800055312],[-5.148220354693104,58.30021019350925],[-5.144993944961578,58.298483187377904],[-5.139164111685125,58.29915683458751],[-5.135058494713773,58.29684453640981],[-5.140918122160039,58.29400886419367],[-5.139470512036666,58.29077302573737],[-5.130612707759055,58.293767532513776],[-5.120599791291942,58.286481114579345],[-5.122108038101333,58.28268303512903],[-5.127912118665741,58.284644068547],[-5.131385285610406,58.28802810768931],[-5.13748376687831,58.28607197160625],[-5.139425610382268,58.28314377297216],[-5.138691634948943,58.28034874104622],[-5.134399404941979,58.27782983095554],[-5.129929386144148,58.27811921862883],[-5.123291160195777,58.280232009482305],[-5.116223398031197,58.27979802279888],[-5.111434105196166,58.278301573013806],[-5.103064410507823,58.27906692810869],[-5.104239309193511,58.27680053387449],[-5.101726213266426,58.27459679787061],[-5.09266694928194,58.27106883590945],[-5.087685478243056,58.266655322871856],[-5.081847331018208,58.26384856030907],[-5.074614825040772,58.2621580890252],[-5.069269733056704,58.262268724148804],[-5.064429943994201,58.259248456140206],[-5.060931614563381,58.26050071071455],[-5.057678315734255,58.257576959431134],[-5.052841634651823,58.25744556499482],[-5.042416031658095,58.260138940055405],[-5.03809595570782,58.257581642935136],[-5.031415126704861,58.25532293717606],[-5.024954986731854,58.25734098393999],[-5.017370447355658,58.26118266758557],[-5.02005635239576,58.263487236911715],[-5.00712528945282,58.26373403442103],[-4.990804544243978,58.25867131968396],[-4.986010842746778,58.259655258460946],[-4.969628180620957,58.25684702859146],[-4.959753670756355,58.25753017877798],[-4.944952205320659,58.25986755649696],[-4.935901355350722,58.25918632561704],[-4.925497150751314,58.257493024456025],[-4.927072699419424,58.255407932796686],[-4.947375875231423,58.25374104823105],[-4.960861174153123,58.25404907038192],[-4.964835244606085,58.25315251263355],[-4.982244254614223,58.25480949631403],[-4.994843095921407,58.250564801182904],[-4.988876957303795,58.245914615911126],[-4.984341619266861,58.243769521666216],[-4.976252470681631,58.24212058636705],[-4.963417351225223,58.238015694021605],[-4.96023498911445,58.23571702810173],[-4.954468294223075,58.23409373961779],[-4.948858261005356,58.23127313463747],[-4.949372748411434,58.229057686537104],[-4.954707786292693,58.22796369082845],[-4.952396767811559,58.22588281941412],[-4.944789359707813,58.2247159887431],[-4.937707097655951,58.222539989466256],[-4.936940079470591,58.220020687498845],[-4.940981485270496,58.21573886227522],[-4.948100575882759,58.22200460098797],[-4.955653087968544,58.226324173123324],[-4.959194962609002,58.225693884455616],[-4.967107763476543,58.228039925776145],[-4.977455535045849,58.22812242058102],[-4.977908949587901,58.230583232933654],[-4.987650906287095,58.23519946660931],[-4.990458729524097,58.23818925859041],[-4.999135736525627,58.23994030620603],[-5.002821915101023,58.24201499429166],[-5.003252220679391,58.251126633858824],[-5.00711465639406,58.25476080538359],[-5.017661431022537,58.25768883708068],[-5.020843095308103,58.25760909903242],[-5.026997816677842,58.25478607954184],[-5.031989188381613,58.249373348954634],[-5.040438899618422,58.24811637698031],[-5.046285524375855,58.25089329643659],[-5.053697184187785,58.25074765893395],[-5.055788283401842,58.24636670898034],[-5.069590972299305,58.25071244925175],[-5.076869794791625,58.251984149560826],[-5.088046822301065,58.257978372765486],[-5.100255025229087,58.26222466284834],[-5.104472954488108,58.26437438972794],[-5.103495635508488,58.266263016941856],[-5.107423615771357,58.26982532020543],[-5.120072640051767,58.26954831652175],[-5.116620666776489,58.267011011338006],[-5.129838842808694,58.267821873792286],[-5.131999881805951,58.26496480716333],[-5.132894449277147,58.26032332510441],[-5.123932572718494,58.259540844704134],[-5.12005208108366,58.25642724684473],[-5.122003258070415,58.25031305023719],[-5.129128105938427,58.25088004679871],[-5.124375942609354,58.255225029852866],[-5.132043419737884,58.257059304187905],[-5.13476636300658,58.26018300528473],[-5.141206613458793,58.26031228774238],[-5.145455404509353,58.25861239078038],[-5.146956047635898,58.25573087041781],[-5.154438726896661,58.253594085433654],[-5.162285599854592,58.259893399151764],[-5.165288011025488,58.25891303955628],[-5.165278593438725,58.255655289457586],[-5.171338912802111,58.252305280561075],[-5.172772327324405,58.248126379464715],[-5.168680635786551,58.2447813070314],[-5.172435759469167,58.24054922395371],[-5.166197553580005,58.23844379434063],[-5.169756146411786,58.23611753734196],[-5.174844998314366,58.240141482237],[-5.1770294091463,58.24702733944753],[-5.182745322147682,58.25250217486538],[-5.189019766851742,58.250894049721055],[-5.189578118536348,58.24923535402703],[-5.198832804284181,58.24911607183178],[-5.203567068673813,58.246700964726045],[-5.207654980904862,58.24930360365491],[-5.21272953512123,58.24991746811766],[-5.211871785267373,58.2529454752272],[-5.216955827666742,58.256363144693964],[-5.220740334879322,58.25550824567272],[-5.232587716560524,58.25781077236041],[-5.231353409468642,58.25324921660338],[-5.237035566002358,58.252831116979934],[-5.242384784331085,58.256883722234626],[-5.239530616480616,58.260358106245356],[-5.246798611511649,58.260299299752674],[-5.257099781923574,58.261421041849594],[-5.25814184374736,58.265892926678056],[-5.261973881522007,58.267314037101656],[-5.26747765295058,58.26604980139857],[-5.270542419244763,58.26395801633037],[-5.279267253705287,58.26068636105942],[-5.280168376347877,58.25785534659021],[-5.273407019528672,58.25693236926466],[-5.269692182268704,58.25372447484785],[-5.260849777393517,58.25138908872457],[-5.252084511440398,58.25012340777578],[-5.254307970579388,58.247358658794155],[-5.260357469093072,58.247240219447754],[-5.267188584253218,58.244041060767614],[-5.271481213814844,58.24428612596167],[-5.277651824480157,58.23945220253262],[-5.282844101470081,58.237397080306884],[-5.289864268630621,58.23664553797511],[-5.2953892123939,58.23374360884927],[-5.294790323820926,58.23114801443832],[-5.303554818865964,58.22654414059207],[-5.309307821365574,58.22611641112765],[-5.309804323671277,58.229613430348294],[-5.31359340668518,58.23059366868605],[-5.315356792797643,58.234785815856924],[-5.319551283066469,58.23672159256521],[-5.318140230189061,58.23903681512444],[-5.325773464517003,58.24210084408537],[-5.331363047139263,58.24159641564881],[-5.337554646697185,58.24339767883375],[-5.340986118284522,58.25069179403886],[-5.350390779560633,58.25065648076069],[-5.356455052053384,58.252995896031486],[-5.365855924607336,58.252159564547654],[-5.369465636282446,58.253632785816755],[-5.371376430647483,58.259258505265656],[-5.373941466161239,58.262862496456464],[-5.385167182938527,58.25959008590108],[-5.386311532250849,58.256750830612724],[-5.394349261089111,58.2553867817723],[-5.397959249432409,58.25159643196088],[-5.396986119615461,58.243928152266484],[-5.399901710889276,58.24126628550978],[-5.404564866827214,58.24110149043413],[-5.403106413163393,58.23753598843038],[-5.405012465051404,58.235552589778855],[-5.398573762368688,58.23416476469227],[-5.391347214106989,58.231035818062885],[-5.381944725934921,58.22964503628582],[-5.377421206820522,58.22553131290801],[-5.371765648655413,58.22276058969213],[-5.370780252746007,58.2195948416337],[-5.362269180741888,58.21735935415299],[-5.36209911681742,58.210902959841455],[-5.358146429956986,58.20187936155699],[-5.35475789619781,58.20106521566842],[-5.346324833805284,58.201247215333154],[-5.340911080392792,58.19919058219225],[-5.345253453272941,58.1934482392485],[-5.336496135766299,58.18781904831868],[-5.338447777465547,58.18503999995193],[-5.332586149076927,58.1841462010427],[-5.3303420100726,58.18026346645132],[-5.322206877632095,58.181886903700196],[-5.315740045331679,58.18032954162612],[-5.311743692317886,58.177521267114955],[-5.307346960081824,58.17753657266995],[-5.304557972190305,58.172696878875925],[-5.317830660677902,58.16999708487263],[-5.31125866023872,58.1675569512302],[-5.309117119165604,58.161994950627765],[-5.299443727025472,58.16505911586846],[-5.295228626619474,58.16389636991268],[-5.291057071768311,58.16688039029469],[-5.287233212854303,58.16774308420317],[-5.280946816243064,58.16643554475811],[-5.283714031172281,58.16429610134014],[-5.287784510747735,58.16489131063481],[-5.294715089546338,58.16239065161121],[-5.303987580965047,58.16160675481009],[-5.309827421362484,58.15527577905798],[-5.298406825433513,58.151023957003915],[-5.293648370605923,58.150585318466405],[-5.287185014301087,58.15186140568978],[-5.277834867141932,58.14834171337482],[-5.273207789679721,58.149417925312534],[-5.264389975422519,58.14762188312296],[-5.252435981112932,58.152536703257496],[-5.250555017250508,58.1514315504026],[-5.243741118803577,58.15376681581258],[-5.241923503141668,58.15122634035512],[-5.243825967010357,58.14822177092729],[-5.248387200419308,58.14706833999032],[-5.250488195647295,58.14328562499345],[-5.262708766388095,58.142537272307884],[-5.263251215874975,58.14057296739032],[-5.269711904202402,58.13920736978929],[-5.27331640260971,58.13631858116038],[-5.278234227415001,58.137682318204284],[-5.286101738755455,58.13770696310938],[-5.289519330582735,58.140117446603135],[-5.296449109072389,58.1388731780039],[-5.295534772409972,58.13642958270124],[-5.28651986189739,58.12694633943756],[-5.279429035687244,58.124756287052975],[-5.275521208896851,58.12530627909703],[-5.269003756974317,58.12417049344562],[-5.270012429438868,58.12192453321596],[-5.278464557493276,58.122489150243275],[-5.286271742426494,58.120845287038044],[-5.290517795126222,58.12203441494994],[-5.301373773309905,58.12030179443914],[-5.299879976858338,58.1155408055379],[-5.294816986900504,58.11331702803809],[-5.285246847309866,58.111011715209116],[-5.279018250315089,58.105788393854866],[-5.274810763752823,58.10721346987158],[-5.269352897651601,58.10528199479831],[-5.270314470248571,58.101972129206594],[-5.277900492245839,58.103417342689816],[-5.279417780262952,58.10052901268378],[-5.271466042569227,58.098792192448485],[-5.277713604486699,58.09676192594266],[-5.281349813811119,58.090669525121015],[-5.276000386567804,58.08614157736722],[-5.278242407041696,58.08394465877452],[-5.284937304031198,58.085610104573846],[-5.289057764152812,58.07857374161492],[-5.28324753267702,58.07655315342875],[-5.285604655309261,58.07285207528787],[-5.29340786811647,58.07376934369314],[-5.294855099921905,58.07005567417476],[-5.299879721893481,58.06972769578573],[-5.299945968872883,58.06590865930801],[-5.308153718090547,58.06638936230236],[-5.30740475765781,58.06938396545408],[-5.312494565632156,58.06939534310359],[-5.316842219933562,58.071187584741466],[-5.321924455659447,58.06919887486833],[-5.325264976669344,58.06991605407396],[-5.327500698215222,58.074141451289805],[-5.332492194232715,58.0783827494326],[-5.341150578842931,58.080125024183374],[-5.345019638952714,58.077937144469594],[-5.35290123563325,58.077725181686006],[-5.353193314052239,58.07487263440742],[-5.356191950866083,58.073292480156944],[-5.357390872719047,58.070074417662326],[-5.364015570272032,58.07009804246699],[-5.36749934520917,58.077164341031775],[-5.371891716174917,58.07714239198348],[-5.379990410403889,58.08114316277597],[-5.380306215385749,58.08759668926225],[-5.387028541360504,58.08745031024815],[-5.39657691553898,58.09165869353312],[-5.40043976990496,58.097016157561214],[-5.403348188757689,58.097073246887376],[-5.412068461280937,58.102250968921346],[-5.421557147492813,58.10558725419977],[-5.428471364205262,58.106767504596554],[-5.437820837713101,58.10457824528268],[-5.439674888509379,58.10214611322291],[-5.437635647050773,58.09675397512181],[-5.443213045139989,58.09878299793668],[-5.44740621209015,58.097725654830725],[-5.448681463883681,58.09282811857169],[-5.451572363122836,58.08981037086467],[-5.455175157242889,58.08293045755677],[-5.449295422149054,58.08302257383405],[-5.447421754871127,58.07996319869811],[-5.45721962900369,58.07775662227381],[-5.458609003127688,58.07467070743338],[-5.456146743729019,58.069739776960844],[-5.453292471288145,58.0707476483954],[-5.446746855092612,58.066116109974665],[-5.445369309465386,58.06291293588689],[-5.437965753365071,58.059755032364855],[-5.426218531659238,58.058678760881044],[-5.424478728311864,58.056273471134205],[-5.418591636353137,58.05526780377213],[-5.41388810782847,58.051844488812904],[-5.419476178483859,58.04998019426923],[-5.421539687992385,58.04642177128724],[-5.424308978457518,58.03765240732647],[-5.41965904331166,58.03253713074272],[-5.41010600282616,58.03427236081954],[-5.401035907393291,58.03277240726177],[-5.386918167203043,58.02876014055259],[-5.376231980618434,58.02928348270618],[-5.370761163818029,58.03088839654544],[-5.36236894084535,58.028116559754594],[-5.356881840375446,58.024567294405],[-5.355364656436647,58.02219033896493],[-5.351042688874808,58.0204302461481],[-5.348314011390409,58.013153173268776],[-5.353549862123908,58.009889839186336],[-5.356507277417482,58.0063916491241],[-5.351701591016869,58.00534099118961],[-5.342396388307101,58.00560403705261],[-5.333063187917327,58.00711382797989],[-5.33023225234255,58.00544160018762],[-5.328087159931946,58.00128942765092],[-5.324415858597133,57.99983952153675],[-5.321104383726184,57.994562723615466],[-5.315353562275664,57.9926905107728],[-5.308277152768362,57.98818751834956],[-5.307971919599988,57.98543154185957],[-5.313323699694892,57.98346294216381],[-5.31260307366732,57.979603239953185],[-5.307994388492321,57.97770094789628],[-5.304187525917608,57.97815956034657],[-5.285885280832124,57.97673326484535],[-5.283221645714251,57.97535951569556],[-5.2719074853324,57.97482899992144],[-5.260707272001056,57.97344517750952],[-5.246163801266251,57.970325754888044],[-5.245362683177838,57.96596001740095],[-5.241099386660832,57.962298363674975],[-5.22729767284904,57.96039829524319],[-5.227019759631584,57.958436972113596],[-5.213201741353711,57.95717845967209],[-5.194328059170408,57.957236616876486],[-5.191883738635857,57.95142895938102],[-5.193756395036801,57.94597113946715],[-5.187063744328291,57.94465179014121],[-5.183440863814379,57.94029994686668],[-5.186635322711694,57.93733199767665],[-5.194038540807727,57.93546522371216],[-5.199701667825432,57.93734671492895],[-5.197443392667977,57.93102215326156],[-5.199373736100079,57.92905818176534],[-5.205581520077389,57.929989118994925],[-5.211955974301326,57.928510342617805],[-5.217076298823774,57.929106012388885],[-5.223174968248132,57.925408198795836],[-5.217775711908742,57.92212792938903],[-5.210611904545423,57.920864967807795],[-5.205980393278014,57.91780118039364],[-5.199487551141832,57.91552298876533],[-5.194584817735946,57.91071927842763],[-5.187074859027071,57.908182961642154],[-5.180508518833563,57.907177477355944],[-5.173980355124947,57.90122645245318],[-5.173851847343753,57.898546773366974],[-5.168787811470159,57.89793723935269],[-5.166481559000862,57.893160228509124],[-5.158612772457378,57.89544695826958],[-5.152057765979093,57.89584366427749],[-5.145517357156042,57.89353343724991],[-5.136724164317855,57.8865725998513],[-5.134104229855732,57.88061554473323],[-5.127105082643229,57.878513487547494],[-5.119020623719924,57.87838089496253],[-5.109446439240761,57.87496695780269],[-5.099645997741775,57.86925612456622],[-5.096502030738229,57.86419650307778],[-5.096435891468148,57.8608187695868],[-5.090237170072366,57.85905025537956],[-5.089099035184529,57.856612698045126],[-5.081148673622784,57.85112604365988],[-5.084387258207535,57.84781894726455],[-5.079437077844148,57.84461030579152],[-5.078294009298581,57.8408570001485],[-5.074599971987143,57.83742084841032],[-5.071468125147702,57.83218874410286],[-5.083540695651123,57.82858361896484],[-5.085902234299017,57.82977900168906],[-5.096093106696684,57.83989856626814],[-5.09999740458675,57.84575205459302],[-5.111338307952254,57.85949946718377],[-5.117707097075491,57.86590587237855],[-5.119403324741912,57.870047049500506],[-5.122344635533937,57.871909729588104],[-5.126927930999198,57.87156223034654],[-5.127055637384404,57.87489623538649],[-5.133539362463488,57.87567903227039],[-5.144704833484868,57.87458748879258],[-5.151221525208244,57.87560764353933],[-5.156718467742277,57.880288440827734],[-5.165867878769928,57.882276816314615],[-5.166952092447414,57.885565390067825],[-5.174295373815241,57.88712549615748],[-5.178667439523127,57.88694860231997],[-5.181099403707641,57.88925956115621],[-5.18751080044153,57.89019155743001],[-5.193986194183397,57.89440584381531],[-5.197634978451455,57.89794958407974],[-5.207483998845026,57.900549274867664],[-5.217075843829948,57.909201039030194],[-5.228520288730566,57.91281570353153],[-5.235973641800731,57.91372240727818],[-5.240522218628148,57.917435296815896],[-5.248011470924167,57.916762968175505],[-5.258042281318991,57.91720691861703],[-5.273509075101141,57.91483594990391],[-5.276890590679304,57.912838653169366],[-5.299903074891705,57.910467060075526],[-5.314919191550358,57.91086573032058],[-5.32247016789082,57.913353997247185],[-5.330806741852927,57.914958310209684],[-5.334156080114306,57.91872643373369],[-5.341369582611462,57.91973307908333],[-5.347842488212775,57.925113835743794],[-5.355096512282302,57.929103776860075],[-5.352349257446979,57.929757032497726],[-5.352620103995547,57.93537224836641],[-5.361087167540878,57.93925613947738],[-5.372702272312542,57.937046968363],[-5.369116805524574,57.93224785379996],[-5.371332351275021,57.93010814450206],[-5.375729884864874,57.93006316895701],[-5.377642273042627,57.932250480850634],[-5.385146752379587,57.93110224311043],[-5.390806136168714,57.931355673028435],[-5.399336056264229,57.933370214950564],[-5.404390523602697,57.93133811388698],[-5.406779100168518,57.92766051505013],[-5.394857100564897,57.92076196476993],[-5.396302513957945,57.91719967901853],[-5.393897470257154,57.912428954969045],[-5.386667807319756,57.91166482643251],[-5.385215191586721,57.90936831176534],[-5.378783300838339,57.91003953459286],[-5.360619905102823,57.90765094975232],[-5.345904687480121,57.907431342398525],[-5.339241061858722,57.90610221488453],[-5.334252932236328,57.90215170099436],[-5.324875208475682,57.89745592407958],[-5.319802201474104,57.894164163050334],[-5.313418206627294,57.887441406169096],[-5.314336538860519,57.88284676200926],[-5.311714413804004,57.87929289562831],[-5.30768136982124,57.87717799566284],[-5.294844820262994,57.87426284794796],[-5.276258270797994,57.87203533239306],[-5.255598091048452,57.86887955058639],[-5.246570001287595,57.86668600041009],[-5.241341119736839,57.862375096575946],[-5.2424562287262,57.8575288841676],[-5.238802525607168,57.85468313094132],[-5.229192651178817,57.85177792533569],[-5.2286090036596,57.8501569408828],[-5.234260562577353,57.84550527898888],[-5.238103889478356,57.84541164576786],[-5.258643900452475,57.85024047120186],[-5.260078429057076,57.852250222657],[-5.266441226168148,57.854014421358556],[-5.275190061183984,57.85454909773498],[-5.282785966356565,57.85691610818352],[-5.288110560470637,57.85548827563613],[-5.292795753824847,57.85601562900235],[-5.310903174988521,57.862243125089854],[-5.324374533500611,57.865525568604696],[-5.332145131260328,57.870555632669266],[-5.336619292341124,57.879148825141364],[-5.340219946059913,57.880511089406944],[-5.34741680058058,57.88526417343123],[-5.3557213064779,57.88871658345908],[-5.376354902549566,57.895102894243614],[-5.384331100950279,57.89838426564968],[-5.391382391944487,57.900346965383704],[-5.397049505372544,57.90473468066769],[-5.412989964189616,57.90518325344619],[-5.421555713335336,57.90789190077672],[-5.42468941317588,57.90772645454514],[-5.427509524191096,57.90356482823086],[-5.431335633711916,57.902962513545546],[-5.433367604191197,57.89524443353753],[-5.438102434545582,57.89391615477129],[-5.437627400567727,57.88878821995607],[-5.440523118988573,57.88661166472156],[-5.435219106535143,57.88467359322022],[-5.436453213954764,57.881904807234534],[-5.443608689806668,57.878436000109716],[-5.441060760392711,57.87531316925358],[-5.442677982832574,57.87338247506953],[-5.45034828849316,57.872526769963464],[-5.44880876065057,57.87010565475597],[-5.454458385198744,57.86894507281374],[-5.455904587586185,57.863539170121356],[-5.45562691206916,57.85748358907395],[-5.465428364772603,57.85313943421496],[-5.471114394493835,57.85412097606771],[-5.475172551518564,57.858360544730566],[-5.480605386977283,57.85733953479598],[-5.487792209277202,57.858238684658446],[-5.488892012483482,57.861147906398486],[-5.508119775394361,57.86224615785076],[-5.515317774345728,57.86534946887655],[-5.519948081100989,57.865470903321196],[-5.533465977472589,57.86815038191968],[-5.539074020695682,57.87085082041959],[-5.537840906624815,57.87588067709837],[-5.543223640540248,57.877579515982205],[-5.546310580010688,57.881404546208515],[-5.549927065661351,57.883559726491974],[-5.549436777205538,57.88813472352257],[-5.552991858803852,57.890376949890594],[-5.548364091141518,57.89780865512042],[-5.55196560782928,57.90242554214824],[-5.557240907003056,57.903468838301684],[-5.555165400638607,57.907427560704846],[-5.552047648640878,57.909287611237005],[-5.551668339815959,57.91283198635405],[-5.558603077936943,57.9133046954569],[-5.558270465476817,57.91536991736032],[-5.563477691548916,57.918328742206214],[-5.576790724450307,57.91414977966157],[-5.581168849655539,57.9159284595342],[-5.583598110821512,57.918606166195886],[-5.600165468427403,57.923611799981245],[-5.609968351863699,57.92507276954689],[-5.621337367377074,57.923539693822164],[-5.623033377893597,57.919917875282756],[-5.62682201755961,57.91703180831094],[-5.635346526527742,57.91479658379872],[-5.642037194616522,57.906558755801086],[-5.642698066569742,57.904247363083776],[-5.647275869978167,57.90084797184758],[-5.644870874539995,57.89719531140789],[-5.656279799071585,57.88859613505591],[-5.647047729687745,57.8854458670981],[-5.646999507651656,57.883554881220554],[-5.654738174521698,57.88164641853859],[-5.65596151452481,57.877907283725435],[-5.651909355312271,57.87580806228503],[-5.64791834163822,57.87097851273287],[-5.64512878206699,57.870505881655944],[-5.647499112116982,57.86650909584361],[-5.640004260603065,57.86184214003346],[-5.642419442322164,57.86078925523883],[-5.642715417264268,57.85499573457739],[-5.633337001485453,57.85598056952711],[-5.623596709541459,57.854044361357396],[-5.614425266885108,57.851128389195736],[-5.608489594026524,57.85109348839202],[-5.601779712450792,57.84827371693737],[-5.600269178514018,57.84456432508449],[-5.601839412062033,57.840860868471324],[-5.596599085014899,57.83791186862702],[-5.590043921770434,57.8394696168227],[-5.585635489575233,57.838652335173],[-5.582603549427699,57.835876684079864],[-5.584265021082055,57.83368655376295],[-5.581809645711606,57.8300594391802],[-5.584210272084399,57.824458395564754],[-5.583251586905164,57.8207457918026],[-5.585062186643367,57.817435775268144],[-5.584418925848579,57.81443792645612],[-5.588607368548703,57.81082228359208],[-5.592568144218514,57.805689174051764],[-5.597930217761722,57.802039876407974],[-5.594056693496837,57.798567465009],[-5.581585995745447,57.79820170924505],[-5.579852181915596,57.791328648711136],[-5.585454936854878,57.78926424269445],[-5.601159869415863,57.78942971029376],[-5.599213265339881,57.79354398479934],[-5.602285357614286,57.79565011882521],[-5.6097146261444,57.79636894116881],[-5.613828746655747,57.79365348389969],[-5.621936114214283,57.790140448691716],[-5.619290036184919,57.786413405705204],[-5.614621785064007,57.78618721259728],[-5.613653631429235,57.78298748723338],[-5.606211592853532,57.77781483040176],[-5.609019617103526,57.77573723567294],[-5.601907418140586,57.77440889510952],[-5.599332177649389,57.771596447031634],[-5.602998638818389,57.76771819916161],[-5.608220650822052,57.76862932045603],[-5.619656646531696,57.766724159043896],[-5.623427352377266,57.768594009510146],[-5.632363573676832,57.77506672658414],[-5.637644981166611,57.779724629237705],[-5.643886654497995,57.78287584120965],[-5.647984995390876,57.78620994384729],[-5.654126105878908,57.78811399366823],[-5.666027850024725,57.798896866837424],[-5.664470945156822,57.8041427317594],[-5.665649229220225,57.80783323362397],[-5.662592465269898,57.81179913145024],[-5.666546230876284,57.81370838400194],[-5.665615744254658,57.81564122982322],[-5.659818875937967,57.81964047872417],[-5.662052969732805,57.82587795444212],[-5.667021648467683,57.82779292585865],[-5.668010521883859,57.83242655371876],[-5.676152921744747,57.83196575692506],[-5.681790085379454,57.83389133800422],[-5.682575666625117,57.83588858209361],[-5.679566129740703,57.84258285968522],[-5.691690191584416,57.84369285271293],[-5.690289756963149,57.84643069342566],[-5.69262024279886,57.85000290517782],[-5.687794788184964,57.851820096953645],[-5.691343961869255,57.854611577617206],[-5.688563280823272,57.858549310930414],[-5.681931454962582,57.86412452956618],[-5.686993825028814,57.86661145691655],[-5.70430431954218,57.86974321036765],[-5.713187896365397,57.86966756098769],[-5.716551953608122,57.868750850520506],[-5.722720477111322,57.87170740807085],[-5.727014735325169,57.87081253969216],[-5.730763760202875,57.86726346074143],[-5.745335263443582,57.866649375342696],[-5.748774428228832,57.868813261268485],[-5.754372160374288,57.869991622877976],[-5.762819477370031,57.86937249892916],[-5.763812274938083,57.86765282029742],[-5.772112278780581,57.865473101982005],[-5.777205302865636,57.8611947753792],[-5.787040008041863,57.8603977840673],[-5.793902041143719,57.858686620008214],[-5.797327589498216,57.86062037488849],[-5.803548441239299,57.861673620009114],[-5.812190636667137,57.86016518163439],[-5.814893897820581,57.8546355402476],[-5.811083544462669,57.849706464080185],[-5.812023746177486,57.84727768405021],[-5.809334067755723,57.84201364819145],[-5.816328141875502,57.83220111845812],[-5.814003048045961,57.82974027215133],[-5.812615236916328,57.82434719058459],[-5.813939614005836,57.81822961200176],[-5.810303677260454,57.81264795246228],[-5.807471541832788,57.802590750050776],[-5.804650180780859,57.79629308508642],[-5.802290124947723,57.79354991354276],[-5.804578634151154,57.79034341105673],[-5.802745380624516,57.788042941367586],[-5.802711082391316,57.78356212102011],[-5.807461541417352,57.77609637269129],[-5.807595241405657,57.773134407999],[-5.810510799494414,57.76759378415388],[-5.805365006256128,57.76274531221589],[-5.807692517891804,57.7589711136331],[-5.812302841720856,57.755078641055924],[-5.813443232258584,57.75050394053209],[-5.809468822204209,57.747337576541334],[-5.800641257847617,57.74486095297033],[-5.790657394270867,57.74475059241066],[-5.785151832850556,57.74398854346165],[-5.777791967630439,57.74036155906275],[-5.777425054846942,57.73908596952421],[-5.760107630026216,57.731191504186576],[-5.748840197379315,57.73159892504203],[-5.739763832546907,57.73003457893876],[-5.721673764875329,57.72984374773952],[-5.714289536904162,57.73102733887589],[-5.707470101444744,57.73010007383094],[-5.702218762874979,57.73053352762614],[-5.696915921307511,57.728851941959746],[-5.690858561842648,57.72462813798784],[-5.68877756632749,57.71593233602221],[-5.69065035086149,57.71291269301926],[-5.6871631185887,57.711082436815495],[-5.680138918654198,57.71064070041277],[-5.680857752517506,57.70832636674805],[-5.676829337522259,57.704712643785605],[-5.674733483320849,57.70042590996585],[-5.678889342082869,57.69951388579686],[-5.68230917710645,57.70086174045859],[-5.687862486628449,57.699162506685404],[-5.686882296640432,57.69654346440453],[-5.680311645806913,57.691976414584694],[-5.685847281047021,57.68998377835409],[-5.686412319612063,57.693046469547774],[-5.693332857792005,57.69362388478306],[-5.695462647600871,57.69664530901607],[-5.70241182909787,57.69494774319078],[-5.705335496195059,57.69871263157664],[-5.713395874029877,57.69927262030618],[-5.716553871249951,57.70047801272637],[-5.721499536916576,57.69920508956818],[-5.725001225492656,57.700157412124526],[-5.724620515368878,57.70333056894697],[-5.727663376514415,57.70621670462816],[-5.731461220584591,57.70599226651845],[-5.738135610529508,57.708415774882155],[-5.752133943406388,57.70653554090241],[-5.759332117362988,57.70678912991467],[-5.770325124297464,57.70154559683685],[-5.769907705741678,57.69914857650686],[-5.773151806173699,57.697550315432544],[-5.78024793718874,57.69859510126936],[-5.790558272006738,57.69637841910275],[-5.791761496114932,57.68979350524978],[-5.788555390455292,57.684129358640256],[-5.791924912236798,57.68017215227533],[-5.7963892390042,57.67758988967789],[-5.799707915980155,57.67239235461085],[-5.809489632730005,57.66332362746522],[-5.811996339915717,57.66010211131478],[-5.810336881849906,57.65620072421023],[-5.810893201732428,57.652554342958666],[-5.817466997159401,57.650476702772046],[-5.819656635648635,57.64244010820469],[-5.818678130156293,57.639035208929776],[-5.813888074614031,57.636765954406904],[-5.804537558781173,57.63960143001218],[-5.801737578776878,57.63951943564431],[-5.793092655885547,57.63620560657888],[-5.788364158139839,57.63675664971461],[-5.771855251561241,57.63210824419967],[-5.75608119628528,57.62334066456693],[-5.751352163579545,57.61835664503405],[-5.746610829219562,57.61584075321683],[-5.733460221375542,57.605086677695546],[-5.73670400134501,57.596966682743826],[-5.730395519977217,57.59088698341181],[-5.730760107114934,57.58864657140513],[-5.727818815396808,57.58551042158361],[-5.721359591367747,57.58299496553464],[-5.716510366824457,57.582387197675615],[-5.704036364440664,57.57831730856317],[-5.68757845625461,57.577412264987316],[-5.681418135336191,57.57120731097594],[-5.681450557108945,57.56755631881703],[-5.68805826356662,57.56630692608822],[-5.691911270345168,57.5700690256432],[-5.696091045391899,57.568800353595414],[-5.701255134120396,57.57153931747117],[-5.70366536522954,57.56981884443192],[-5.703988835728023,57.56395213378519],[-5.700915103501412,57.56193862586736],[-5.6935826366741,57.56320544443044],[-5.690997367469338,57.55981537072416],[-5.686103378439759,57.55947303208229],[-5.68663576480792,57.555973738157725],[-5.681058490252878,57.5558984188664],[-5.673252862484252,57.55412569448211],[-5.667351436308778,57.550161959811845],[-5.668310714647433,57.5469829880426],[-5.66043708323811,57.547503984070836],[-5.651380673196046,57.55224365033104],[-5.640722517295639,57.55043464193114],[-5.635206541531494,57.550812234494764],[-5.63692017559937,57.55471126267556],[-5.634399816835376,57.55551661190753],[-5.6245148294624,57.55300701044158],[-5.614461201573836,57.55201989676666],[-5.606924237993917,57.55264745658889],[-5.60384263340852,57.555138590684464],[-5.598791011399348,57.55634997093866],[-5.587981008685626,57.55627684045159],[-5.583675712670359,57.55408076743542],[-5.559775512526954,57.55067366590184],[-5.549668665335986,57.553815545511185],[-5.540529691323904,57.553355094338905],[-5.526710625136031,57.550289406759696],[-5.523810404195033,57.54723849785994],[-5.525775245711739,57.53870095072402],[-5.531741264897681,57.53221064934368],[-5.539286240941498,57.53099307601302],[-5.543424706778343,57.53436838763868],[-5.555387863458402,57.53586543029818],[-5.556997181041881,57.53771237524889],[-5.562281375190977,57.536533829569706],[-5.561587805486273,57.53217091046537],[-5.569394831115022,57.53381096159377],[-5.571053808376027,57.53682411550805],[-5.577377824828029,57.53629960341014],[-5.582898227762518,57.53345035428178],[-5.588091325401694,57.534417401963864],[-5.592717183047724,57.53157520828738],[-5.598989641549156,57.53247058602317],[-5.605018886939192,57.53588980095289],[-5.612337390477933,57.533581155982695],[-5.615576704286054,57.52916410627409],[-5.622152377609229,57.530081105700404],[-5.619098989114831,57.525080453439756],[-5.621700422430455,57.52115351746046],[-5.626755621078301,57.52250499757969],[-5.632696107093378,57.52259014280971],[-5.631321142191334,57.530096013402726],[-5.628798901260549,57.53279823563889],[-5.636950352222442,57.537269643078744],[-5.644583523023741,57.537372852216215],[-5.645742857529776,57.54186136465399],[-5.656212277545971,57.54222796535543],[-5.657174595887369,57.539071475500116],[-5.65251291533428,57.531705226854115],[-5.654112629135964,57.528203948981734],[-5.650155708921659,57.52624007061955],[-5.653162932538399,57.5216758524401],[-5.649567007925775,57.5189031799971],[-5.646686836483056,57.51410850546761],[-5.651102513283356,57.511823017709204],[-5.654393588652238,57.51469437351868],[-5.662831295318967,57.51708354096402],[-5.664693475066835,57.52015350889825],[-5.675044967587936,57.527287040934205],[-5.681914753993836,57.52795861722949],[-5.686170169679691,57.52649019450174],[-5.69123273858818,57.53002807477818],[-5.700228411117938,57.533769540392974],[-5.699415744805679,57.53745695963647],[-5.700792896486909,57.540154103146804],[-5.698207001500578,57.54317432064971],[-5.699717423136186,57.550888675965524],[-5.701631551948394,57.55302165012898],[-5.710367785516208,57.55669369477765],[-5.713206972832476,57.556569669919945],[-5.717288756021571,57.551985675124506],[-5.710747274089297,57.54793937590856],[-5.716925617465261,57.543999400390824],[-5.726785956976328,57.547713581427494],[-5.734362119487311,57.54666229927766],[-5.738399993501631,57.54437593186141],[-5.742722787738562,57.54397347757459],[-5.74776649891345,57.548143626231685],[-5.747739252680686,57.55178112149671],[-5.742533640517058,57.55388757004099],[-5.752848188931634,57.55559403885563],[-5.757772745073655,57.557852398009295],[-5.755496909923457,57.55987114420712],[-5.761262611534534,57.56184360189715],[-5.768564868495301,57.560470337919504],[-5.769095736877901,57.56454971563688],[-5.775247885350639,57.56636165966588],[-5.780698872388506,57.566490593864835],[-5.782736602445578,57.56935597006978],[-5.781347771100703,57.57298039760628],[-5.783442295398499,57.57461683402921],[-5.791703490196016,57.57488126876093],[-5.807586780192041,57.581694389322486],[-5.812263069616503,57.58614747215584],[-5.816478349379718,57.58587618390486],[-5.823776297879059,57.581726207616775],[-5.823350652435521,57.57767524382454],[-5.83061943067997,57.580664470735336],[-5.838741235219621,57.57887562424029],[-5.842014160096761,57.57602923918578],[-5.842054705257879,57.570943631324155],[-5.837344473160096,57.569279865653684],[-5.837639462249201,57.561601630813136],[-5.841316989030124,57.56062203209768],[-5.844857171240974,57.562779857136974],[-5.850501525786871,57.562760478838285],[-5.850270096674531,57.55772361260321],[-5.846621874296233,57.555016291799525],[-5.84912523466628,57.55219315355889],[-5.853888266310729,57.55152616626108],[-5.855077541746191,57.548145148458474],[-5.854055613751822,57.542278290625624],[-5.855973017914279,57.5336916091518],[-5.854694582589577,57.52721215786775],[-5.859730047116468,57.52125424556492],[-5.865184849255779,57.50956933864279],[-5.870957869344185,57.50351632330641],[-5.868612386632425,57.5002975920506],[-5.86818039991938,57.49354048108844],[-5.871663610601213,57.490799027032786],[-5.868960517850554,57.4821471250504],[-5.873509400151604,57.47537625917406],[-5.872834797437493,57.47184549014042],[-5.862828339241656,57.460459913303616],[-5.86304715342998,57.4558353490623],[-5.860766971141578,57.44796703496893],[-5.854984788419263,57.442505947284964],[-5.850192931651016,57.44092635244795],[-5.837893658843067,57.44054140206204],[-5.830699187141817,57.44132524511217],[-5.826766900308449,57.440284144655706],[-5.817693903307621,57.431789033287764],[-5.822548275584021,57.426425985042265],[-5.825316697688224,57.42025134194364],[-5.825183573168173,57.41071143816469],[-5.819525131512522,57.41136081115458],[-5.816432481724679,57.40641434152372],[-5.811387597090977,57.40560618353249],[-5.807868758196233,57.399459564402996],[-5.814152215687057,57.39876655866724],[-5.819783960586825,57.40268922939703],[-5.821799922847566,57.401576036624725],[-5.82260426952434,57.39322232493825],[-5.824246333854269,57.39022244764961],[-5.830611864221845,57.39265947040989],[-5.833105144915489,57.38966949946402],[-5.829511137156466,57.38794033989846],[-5.82754661209448,57.382901343300105],[-5.829414712948118,57.37984232550812],[-5.824361607552833,57.374628435736106],[-5.823683163603718,57.36246606338805],[-5.820620294136972,57.36005516319301],[-5.813220863856962,57.36217698973681],[-5.813911342774167,57.368661111517746],[-5.809782331936074,57.37361003158605],[-5.806698034322231,57.37051163046043],[-5.807696902747916,57.364902414623124],[-5.805803548040663,57.363813390076174],[-5.805031306989052,57.35901305251354],[-5.796077314316054,57.352464090350146],[-5.79015173676685,57.349927643503854],[-5.787100784418113,57.346019521034926],[-5.778641162057655,57.3465726811272],[-5.77242328391753,57.348146793996],[-5.756165492985265,57.34926313302367],[-5.745979870411742,57.350515684552306],[-5.735627788179447,57.353816847290574],[-5.729320026325817,57.35473154132903],[-5.722687691397561,57.357468055114374],[-5.721171528155979,57.359955729516216],[-5.713730558843275,57.364926496801615],[-5.709372555653739,57.36592728518677],[-5.698715794125104,57.370323965694084],[-5.692483474988138,57.374025210363776],[-5.688604757452386,57.377987933899206],[-5.681589143151267,57.37831946261092],[-5.680421091594319,57.37978315198788],[-5.668913441056003,57.38187086230718],[-5.661964669226919,57.387064930255285],[-5.642536761030545,57.390757885552425],[-5.632121559480425,57.397136508560735],[-5.624830922428509,57.39792671577481],[-5.618321281214671,57.402312542262514],[-5.616259486539612,57.39998407191779],[-5.609185093096915,57.39876774862141],[-5.603820128148613,57.394608168119305],[-5.602683611418725,57.38800787355373],[-5.610312052188378,57.385321302938614],[-5.610393978682422,57.384056741235355],[-5.620610962153592,57.38302126258448],[-5.624510110498022,57.38078722060526],[-5.634472176711479,57.38024878845735],[-5.639589797236972,57.376332894662326],[-5.640401842395443,57.37202099972307],[-5.637660343385924,57.371309221056926],[-5.633011303190762,57.36494369546826],[-5.627307318387173,57.36674017924555],[-5.623217355445466,57.36508706492482],[-5.60895757392576,57.36431511238692],[-5.613558502642571,57.35925177499278],[-5.603251936562093,57.354461944669005],[-5.582670551562742,57.358981755247335],[-5.565809866935544,57.35753018905066],[-5.557812809451248,57.3593732068031],[-5.551655594059222,57.358025331997325],[-5.55000361292027,57.36161853715017],[-5.542899165323748,57.36440087127355],[-5.527929423766603,57.373593273582166],[-5.524259009663989,57.377410789961125],[-5.518360507293075,57.38001040065267],[-5.514959127572197,57.38378592282398],[-5.507563679184718,57.3865724562038],[-5.498275364177688,57.38797466184339],[-5.503733143547287,57.391519260231604],[-5.494877293387288,57.3931410774563],[-5.488925642494302,57.39718892016468],[-5.488525064119576,57.399838470374355],[-5.482336669317341,57.40148333267055],[-5.479022070306869,57.403512292850856],[-5.474945093065736,57.40816647965135],[-5.472593491806481,57.40883730579623],[-5.462251968440432,57.40387250207286],[-5.457290516677503,57.4033239648082],[-5.455692454010466,57.401265248244755],[-5.461310155079985,57.39735678973845],[-5.461759044136527,57.39449297306883],[-5.465110269417074,57.39219826575029],[-5.463468839831732,57.38892185407244],[-5.466829467053741,57.38793031002606],[-5.472568900569581,57.38279175618194],[-5.478939760621171,57.38064243856914],[-5.4860513760779,57.37692602731404],[-5.495996177776874,57.37431709887135],[-5.501199610918413,57.37164619208242],[-5.506390172858229,57.365626713990295],[-5.518468051285254,57.361886621183075],[-5.521981579994208,57.358974411119675],[-5.536241941571239,57.352977841870064],[-5.547220576376668,57.35235743424836],[-5.55640551525916,57.35296810118689],[-5.561311208246536,57.354109368392805],[-5.576600429216131,57.35416604356065],[-5.585994860113293,57.35043892315428],[-5.594378582529534,57.34374355220477],[-5.6009954659948,57.34361342993735],[-5.615189416002067,57.33863068786991],[-5.618550204045372,57.340696995945],[-5.628049332299645,57.3389306600402],[-5.634198683830703,57.34013384618798],[-5.640471402486051,57.33606750808677],[-5.64787100486386,57.3355966356089],[-5.642837642797967,57.34589820791172],[-5.647475114325408,57.34781887059185],[-5.655698268892587,57.34726162961723],[-5.660761998245373,57.34507426943961],[-5.66022937666032,57.3415484555937],[-5.675612917268921,57.33993236889201],[-5.683191673488828,57.34203985300888],[-5.686930768651749,57.34064273354657],[-5.68399954802253,57.33537215924437],[-5.687199090149957,57.33304503349793],[-5.683878820513191,57.33159787286158],[-5.682567108424188,57.32472889709471],[-5.696784807331285,57.32709921787718],[-5.702189544810825,57.32428869282481],[-5.705473677229149,57.31807280932928],[-5.713687333064729,57.31861238268867],[-5.720169326501362,57.31583121261688],[-5.720098447760044,57.31184593241667],[-5.722910762208757,57.311151215002056],[-5.727586195673703,57.30564503143802],[-5.72237707901424,57.304171351386145],[-5.722953856149539,57.300449167596064],[-5.727827726966279,57.29906202152511],[-5.729573234748191,57.29675079852006],[-5.727898977282457,57.294027773341625],[-5.72135072475676,57.28858935339921],[-5.734248993235236,57.28350051730553],[-5.732892151242806,57.280941632049014],[-5.726243842479859,57.27950106437572],[-5.7142893900106,57.27919728679063],[-5.694752001816223,57.28090675829136],[-5.692253704571456,57.282149058979776],[-5.68611414326917,57.28085055278177],[-5.673145985762136,57.280318182082084],[-5.663810504430891,57.28120598431665],[-5.652017080425435,57.285233971202764],[-5.643260317433483,57.28421897306666],[-5.639097136140907,57.28254434501995],[-5.633177809335725,57.28219616655197],[-5.623987243655302,57.277788656385276],[-5.619174302365332,57.27402841280426],[-5.607059913889217,57.27700682495201],[-5.601168038760651,57.277673170360764],[-5.595210952176767,57.27520800227565],[-5.594494247123187,57.27112897021191],[-5.578928230100478,57.2744632745892],[-5.576994433123882,57.272392219016396],[-5.571946073509601,57.27338556737337],[-5.567253142156238,57.27590951749943],[-5.558856141562107,57.27681495125812],[-5.549987293703555,57.276290256363616],[-5.544171211014556,57.27864908364083],[-5.53372716391981,57.27831603819413],[-5.52645952706721,57.28059351489567],[-5.522672881796982,57.279166162120525],[-5.52528274703463,57.27686608776206],[-5.532597876530543,57.2760598770355],[-5.525633326166647,57.27319374822546],[-5.519631893156918,57.27537773528111],[-5.518844301485501,57.28344664467452],[-5.506654797557345,57.29156928928423],[-5.498807851213121,57.29247768950799],[-5.491787202470369,57.29767142547761],[-5.487691170585464,57.29880108786149],[-5.49037703145948,57.30572231157671],[-5.485266907602297,57.308115241339294],[-5.480263071436364,57.31188403759442],[-5.474641882979966,57.31312111277089],[-5.463448754803345,57.31147226871947],[-5.465717582209554,57.31007472646805],[-5.472649233759435,57.31015747281676],[-5.476692862241824,57.30803371902414],[-5.485471978182253,57.30672063571415],[-5.488159519721904,57.30461794129382],[-5.485950267506581,57.299900324079246],[-5.486435913128799,57.29705057590157],[-5.490675672891848,57.294163950080176],[-5.494341782047862,57.29417885675589],[-5.497575120014117,57.29192859211082],[-5.497412142906265,57.289426775903465],[-5.503684651987344,57.28808323329623],[-5.50728292629698,57.285631934309485],[-5.516012468622264,57.28167497236193],[-5.517305886033539,57.27418705888279],[-5.514184410074828,57.27191015959537],[-5.510114043008072,57.271426229823646],[-5.499922407756845,57.26240194239059],[-5.494094714940835,57.260955162864],[-5.490325633108132,57.25803050938647],[-5.48303250049911,57.256511612020766],[-5.475268746324215,57.25245676378003],[-5.471198122875729,57.24824091601284],[-5.468065320339125,57.24719934279182],[-5.463421084378069,57.242457043859574],[-5.45203444469191,57.23813042757168],[-5.436175195440153,57.235393392789675],[-5.432483921105283,57.23418826481448],[-5.417872383969232,57.23189395783609],[-5.416898364035198,57.22900071912939],[-5.407168458851999,57.23299957606776],[-5.403249562899366,57.23015742628595],[-5.408902221292059,57.22540675269739],[-5.416233880006613,57.22513447622885],[-5.420109221186681,57.22245698534049],[-5.419964336406159,57.218674572376855],[-5.426727037335658,57.21928555480663],[-5.433321661771536,57.21876360233365],[-5.436798134645574,57.217036786679344],[-5.442446326860263,57.2179920955932],[-5.444917420040527,57.22245498931281],[-5.452915014928791,57.22495173429169],[-5.466673427763928,57.23106635395436],[-5.473787240377275,57.23241488113461],[-5.484646165166211,57.238833513673285],[-5.487179518750025,57.24209560797608],[-5.492646976110562,57.24628736068203],[-5.50582975164793,57.25267999933358],[-5.516460732906906,57.26423650169606],[-5.523076616158511,57.26950417797148],[-5.542691582370776,57.26928817695695],[-5.549875788558865,57.265057606967744],[-5.561888575154211,57.2617100154888],[-5.572169933884349,57.2602894894578],[-5.578121244609712,57.25827693797032],[-5.586166100810183,57.25828371834281],[-5.59236551592966,57.2571426254172],[-5.59460414052091,57.25978728512069],[-5.601896539359129,57.25879600910508],[-5.608707845725469,57.254148290617294],[-5.618603943074294,57.25249043787563],[-5.624182424102788,57.25313406283396],[-5.636340931060754,57.25086279962374],[-5.642258184954913,57.245616019557254],[-5.65016066422766,57.24109335069084],[-5.656468407827815,57.23404984893588],[-5.656201974123103,57.22734616145766],[-5.650253925132453,57.22519537531046],[-5.646965546158455,57.22538095226733],[-5.636340263576751,57.2234059071958],[-5.630687308087576,57.218861393821406],[-5.630063837922005,57.21447592034299],[-5.627763677308062,57.2129556828323],[-5.630331706414289,57.209195265183844],[-5.63605089278856,57.20673874469794],[-5.636222468342922,57.2044429974725],[-5.641348418416344,57.20182721717654],[-5.640017268052169,57.19978278063943],[-5.643117856109591,57.197295841018104],[-5.650672488491674,57.195658222102935],[-5.660445178546084,57.18973616441544],[-5.668160188300213,57.186467364180444],[-5.676148110113564,57.18445776016887],[-5.679920532884849,57.181771307485924],[-5.682915269193603,57.176352013424854],[-5.691078102863987,57.17264156931327],[-5.698733443583545,57.16743063719496],[-5.694750092270209,57.1664872510969],[-5.687887028411895,57.166783794156935],[-5.691683607118312,57.162707199521236],[-5.690485418005726,57.156916636056486],[-5.681911883267357,57.15347376243945],[-5.681141494372043,57.15005304469962],[-5.675010727792338,57.146866097355414],[-5.667722334055417,57.14583900011152],[-5.655874649799916,57.1420992296219],[-5.6451687864645,57.14363394876085],[-5.631782065705425,57.1449083663089],[-5.623853616974055,57.144589597830226],[-5.617635835005895,57.14586614088158],[-5.610826509081999,57.14540633578702],[-5.606025991551108,57.14349487247443],[-5.598156562936698,57.141905178562325],[-5.591866416218521,57.13962693121471],[-5.583608239114493,57.13913080037837],[-5.578840491167872,57.133342677038584],[-5.575766502678263,57.13129984197293],[-5.568934960987218,57.13383481661962],[-5.56085833897077,57.13195926338268],[-5.560447798498989,57.126380962224346],[-5.557784204442681,57.12244983407872],[-5.55120224721783,57.11701255963781],[-5.552915737803641,57.1126487646812],[-5.548485464879569,57.11107530981698],[-5.545909458365438,57.108500758413356],[-5.536186749518833,57.106339501415626],[-5.528423255343505,57.10209958437736],[-5.521844577540278,57.10205560908202],[-5.519132922758837,57.100113653057385],[-5.503321133230786,57.10444076059675],[-5.490928102026433,57.10537130197601],[-5.492255420646229,57.1037655721695],[-5.486859739763476,57.10058079427091],[-5.482579189060615,57.10416099417171],[-5.468615530809819,57.10596456244589],[-5.453715718433715,57.10979268735942],[-5.436386090749302,57.11239573149689],[-5.423101380653386,57.11534418332614],[-5.41773639099449,57.11432659765641],[-5.414652883699678,57.111884662707475],[-5.40754083059365,57.11072549778992],[-5.398370071526549,57.11098373913655],[-5.393365693386925,57.10973958652946],[-5.395226727626379,57.10723950113245],[-5.410412925887873,57.109887683027615],[-5.416615754275325,57.110145573395],[-5.424947275044162,57.10903244310756],[-5.426557012993993,57.10678593506625],[-5.437368494129337,57.10543771512773],[-5.451083823923341,57.105923291689585],[-5.453763384503791,57.10409638683535],[-5.461218855403226,57.10255996272301],[-5.476263940638719,57.10067322463134],[-5.482414312281025,57.10126190565954],[-5.485018157668154,57.09979154041749],[-5.49637158889089,57.09748819012223],[-5.504722032533008,57.09671526959115],[-5.511934625753888,57.098580776124166],[-5.517728719120297,57.098283230814644],[-5.521518327292012,57.09227030731793],[-5.526658799258787,57.089451042525454],[-5.532683696317851,57.08760447620268],[-5.549729685229611,57.09154075879585],[-5.559180541673066,57.09899031145241],[-5.564965133232057,57.09567466499292],[-5.567777693407312,57.0966688380839],[-5.574602455141145,57.10355830289232],[-5.577387703702865,57.10819852766298],[-5.585605493501125,57.11202245044003],[-5.59181630677358,57.11924778003572],[-5.610717742946668,57.120039165824295],[-5.63611993474546,57.12382165507921],[-5.64069943012269,57.127059953123144],[-5.646357453126614,57.12807934750082],[-5.655456010246358,57.12713799285014],[-5.665176377994229,57.12321272710924],[-5.670004525613562,57.123228644356146],[-5.676542748904663,57.12015541230418],[-5.684919636388308,57.11937873897709],[-5.693543828750626,57.120837374024624],[-5.702487687981876,57.11961576738408],[-5.709586310305647,57.11977880108742],[-5.722341908783431,57.118420298544024],[-5.724370257935049,57.112372150500626],[-5.728250652505389,57.109631354190185],[-5.728021482468631,57.105381052748065],[-5.733628555597865,57.1032269886668],[-5.73379724141339,57.09899629171118],[-5.744633760781269,57.092289108263365],[-5.757696826551796,57.0903196996652],[-5.764950572963574,57.08693690679856],[-5.766663311797237,57.083068730283834],[-5.771329095494008,57.083647477495866],[-5.780061266119477,57.07697344231862],[-5.782658811957717,57.073869475062736],[-5.788517509058258,57.071264642293755],[-5.789392328009385,57.06552435641089],[-5.793524393236949,57.06703549714712],[-5.797191175180937,57.063107554467805],[-5.794075871994766,57.05563611066397],[-5.785461077580706,57.04833566970671],[-5.780453420569079,57.04853838227777],[-5.779352793288718,57.04521171258007],[-5.772187038760102,57.04603943449691],[-5.763928416354984,57.04805047380496],[-5.75738333415334,57.04156703079675],[-5.758352157957322,57.03915981967285],[-5.754652538715355,57.03665909003034],[-5.756457238067183,57.03434727100028],[-5.749901350553138,57.03182069067291],[-5.749399735495956,57.02938121595592],[-5.735957405458683,57.0287127579065],[-5.732261827028742,57.031416073931936],[-5.733976480439422,57.034976502044614],[-5.728256436846032,57.03705321281782],[-5.713549361477241,57.03989131359189],[-5.706141981165145,57.04076196275385],[-5.691014120522117,57.038878955768816],[-5.684041371135005,57.03728192760789],[-5.679817379316871,57.03416067331457],[-5.67699538740638,57.02955328143921],[-5.679057891466657,57.02666956593154],[-5.683516130018892,57.025324578876685],[-5.686956813283773,57.01895669673213],[-5.683870667568704,57.01758668819367],[-5.679341734141275,57.010042060372214],[-5.670639972726089,57.00310090239734],[-5.662706586242702,56.994810559258006],[-5.654513161583867,56.992560024598355],[-5.644910812931922,56.99264714077998],[-5.637913963800249,56.99107987588151],[-5.635448488009507,56.98775772021128],[-5.628383070860911,56.98589525496609],[-5.626330691694037,56.98265983545019],[-5.622209817886366,56.98143078995978],[-5.616538040562994,56.981523144495675],[-5.614967625912126,56.98332620455628],[-5.6041840593028,56.986411208522014],[-5.601135907887058,56.98613946824228],[-5.59678280381639,56.98932153273521],[-5.591350498146805,56.99148258337987],[-5.584380163492087,56.992815451937076],[-5.573621399592288,56.99226497232883],[-5.568943051211406,56.994147244587765],[-5.561044577119187,56.99491643132951],[-5.555359890905808,56.99662007031911],[-5.552055321611227,56.99884468515021],[-5.547181675489994,56.99752129739713],[-5.535151046033583,57.00098261326119],[-5.533809880497463,56.99900226256794],[-5.525709891034889,56.993747086935564],[-5.538596997425395,56.99122073951067],[-5.546633240249364,56.99069177982017],[-5.559945854348669,56.98687006966207],[-5.56530112898662,56.98664548785397],[-5.57474234677917,56.983782111053614],[-5.579832952665218,56.98380720600048],[-5.582882204651828,56.98144079147928],[-5.589294801568398,56.980321777136695],[-5.603806062340947,56.98437680846861],[-5.611115596095774,56.9824890947072],[-5.622657013022737,56.97578533178937],[-5.640680082761635,56.974223078547254],[-5.647054816990916,56.9752688677044],[-5.656278746870226,56.978266451799456],[-5.660565422306833,56.97626460822307],[-5.668913248994023,56.97705637552849],[-5.678329371073244,56.9802094628568],[-5.688558521290481,56.98448867371821],[-5.690956757639838,56.98750166884277],[-5.695981390474691,56.98652151973219],[-5.708537331811641,56.99146755891261],[-5.716194684629354,57.00382719697053],[-5.721386152541189,57.00804227233861],[-5.72443262567517,57.016335471001014],[-5.726975417782191,57.01833836875553],[-5.744327757803474,57.01691898927689],[-5.749565351482746,57.017420147365165],[-5.761226730132615,57.01557555748725],[-5.771502211648158,57.015239007034815],[-5.780030497754094,57.016037867341254],[-5.782654362152831,57.01444800465539],[-5.807476731128414,57.01456474676733],[-5.815514395573679,57.01254930133996],[-5.820662016726865,57.01245770056289],[-5.822817129808233,57.00943639638387],[-5.82282798726088,57.005003397539426],[-5.827151774540444,57.00460223335424],[-5.829403919547224,57.008280796236676],[-5.834044467513013,57.00381823234603],[-5.83448939930033,56.99719869479026],[-5.831902651588637,56.99423629377405],[-5.836361960904394,56.99199820293718],[-5.840154398579653,56.992513801299644],[-5.8439165502495,56.98962430643493],[-5.844625123327318,56.98579917759749],[-5.843287236391562,56.98185268827072],[-5.846202681326936,56.97954660187415],[-5.847467556309717,56.97218419199531],[-5.84170133540445,56.968553830530254],[-5.84554138701657,56.966682345801466],[-5.850981214673587,56.958106870423336],[-5.856840085463254,56.95672299722886],[-5.85268432026073,56.952563241102084],[-5.854192153494555,56.94949646582666],[-5.861213587177185,56.948151990773546],[-5.859337847329704,56.94435171821843],[-5.865771836713264,56.94022335603141],[-5.864761720920476,56.936888192904796],[-5.871820601696162,56.93161979146968],[-5.875467096949578,56.92681031506497],[-5.882261143668998,56.92506610124383],[-5.890720042514961,56.92750020067474],[-5.901866455641956,56.92149645429083],[-5.900276789688177,56.91824168870607],[-5.893434477753956,56.91765957773374],[-5.880069912988808,56.91490176132675],[-5.877609353890111,56.91099494661371],[-5.866417638432925,56.90767812533231],[-5.859065285967112,56.90913304826182],[-5.851834295481806,56.90907679945597],[-5.849698461627884,56.90468379706765],[-5.854674952676475,56.90322190771494],[-5.851681257808674,56.899209702898446],[-5.860117055889547,56.8982386916328],[-5.862337680632452,56.899374848644065],[-5.880029872835994,56.89972510495091],[-5.884230548856187,56.904962431304725],[-5.89387880861966,56.9057631863597],[-5.900466237837098,56.901879815890545],[-5.89802165161653,56.89955542479157],[-5.898869295858383,56.89681343423126],[-5.904045805711841,56.89493412348434],[-5.924403392642123,56.89267234219276],[-5.920243261081034,56.88073611183565],[-5.908831788894085,56.88194399298448],[-5.905920632230132,56.87797540440322],[-5.900609892387991,56.875475557011164],[-5.894423604533746,56.877174995848684],[-5.89128630263221,56.87432812878482],[-5.887267740882701,56.87397688501208],[-5.863810843483929,56.88382771850922],[-5.849986844431787,56.88053258333866],[-5.839240583463706,56.8835971874462],[-5.834106819532983,56.88670877342942],[-5.82644006250715,56.88803213068106],[-5.823192372002551,56.880610350170485],[-5.818150134100301,56.88398371625509],[-5.817454582386834,56.88593816290116],[-5.802823621644793,56.88831823600683],[-5.800822991435438,56.89028987687606],[-5.79519587358953,56.89117152879467],[-5.791092513684478,56.89021824801569],[-5.784227864105986,56.89116128317187],[-5.77768021801408,56.893407060865066],[-5.770470448599076,56.89383648411366],[-5.768360965311746,56.89230428360225],[-5.760991151601322,56.89375399802526],[-5.75601433301074,56.89294638650894],[-5.748305834584887,56.89479214160812],[-5.738802765085245,56.89586849178874],[-5.733184699376202,56.89217507823502],[-5.741959753656556,56.888019047801016],[-5.729436504723521,56.888443513749515],[-5.725988752251485,56.885246834683805],[-5.738384228112641,56.88380154670709],[-5.745460586647603,56.88410624283391],[-5.752728642108871,56.88059251529374],[-5.762694954047151,56.87764971964877],[-5.765040936496137,56.87508295445646],[-5.785750825803148,56.86668657804858],[-5.784573467287005,56.86494743345429],[-5.789122362104313,56.859988128010784],[-5.786556087713127,56.85817971490746],[-5.777256926636973,56.8606062182091],[-5.772614415209497,56.85794599888514],[-5.767792292698797,56.85757032697872],[-5.761732016112638,56.85891769030453],[-5.753259759257269,56.85430428889585],[-5.748614682564515,56.85503386686969],[-5.742303830247656,56.85264659852232],[-5.740863858226612,56.85063533968972],[-5.735427829858904,56.85100064593145],[-5.730157082847041,56.85294319705965],[-5.724247566261404,56.85111036455585],[-5.719722065736151,56.85098023785629],[-5.713669061031815,56.85406030450044],[-5.716785354529258,56.854951959372535],[-5.712329058498371,56.8640442740389],[-5.70994771590943,56.86692932340276],[-5.703672150958549,56.86869016867153],[-5.697777690723929,56.874843108378755],[-5.687153415751521,56.87966378593073],[-5.682296345153722,56.878200588100135],[-5.675727125457302,56.870874441068736],[-5.683876886343482,56.86840789872848],[-5.69085419052768,56.86949180944262],[-5.693373090348786,56.868732143487215],[-5.697468891869462,56.86449475770402],[-5.704388551626112,56.86218102260624],[-5.706228658379954,56.856812675792995],[-5.710893365791601,56.85213346054778],[-5.710385212565121,56.84915907107885],[-5.712643028756418,56.84636307255068],[-5.718409986278401,56.84396589425838],[-5.730487909020547,56.84325436734585],[-5.736332996717306,56.84706507349043],[-5.739540370136912,56.84740676563415],[-5.746111634634773,56.8454381987389],[-5.751486107702225,56.84872468954761],[-5.763984627083635,56.84771404877157],[-5.764764207098651,56.844354755004545],[-5.774483303576487,56.84335951219582],[-5.774241164476268,56.84014346644155],[-5.779511936616274,56.8401096289994],[-5.785825619055408,56.83716666732072],[-5.790447633343359,56.83769604084771],[-5.795673961730214,56.836579402801924],[-5.805807413066176,56.838477796850725],[-5.810132529148943,56.83729367930525],[-5.814282432662832,56.834150135662426],[-5.815165549318134,56.831708902708556],[-5.83596273811232,56.836930440642575],[-5.840104960254701,56.83411714035357],[-5.848768854605487,56.83494692813921],[-5.856028860539629,56.833369336349364],[-5.861489745844888,56.82922149012371],[-5.862850770691069,56.82150493779289],[-5.8661727039517,56.81786371165568],[-5.864883665508214,56.81506232446078],[-5.867850303804008,56.81020918643953],[-5.86295249947535,56.808652693996784],[-5.856761027790981,56.80877703789246],[-5.844642935238638,56.80609436296072],[-5.837852053343551,56.80396139867301],[-5.83499710869344,56.80417068488722],[-5.830702612716285,56.801438974078145],[-5.836717516695838,56.7992802580081],[-5.844454693102106,56.80329928888089],[-5.849576244221163,56.803617720478684],[-5.851779228339948,56.80551880502377],[-5.858535876679091,56.807722221462036],[-5.862532325018226,56.80560855016121],[-5.868087565597471,56.807980873943556],[-5.873550491684639,56.80881824709796],[-5.877350436057235,56.80791778592208],[-5.88580331396682,56.797192548695726],[-5.88798157429768,56.79125295277494],[-5.884146162301193,56.79028908740035],[-5.880237144323445,56.792492499294795],[-5.870922836783437,56.79027357062362],[-5.868290229647701,56.790800435017445],[-5.864004341323665,56.78800215360711],[-5.857988874208032,56.78598114314851],[-5.852495237303145,56.78552624469758],[-5.849628170010682,56.786720852595245],[-5.839789838578703,56.78687164126921],[-5.835866840470479,56.79144332702396],[-5.833326130108905,56.791912662102355],[-5.823485916501551,56.78948612536734],[-5.81622756054913,56.78854518375653],[-5.812118957979108,56.78677287702996],[-5.80708084365237,56.78700787155807],[-5.806269645097091,56.78458248777092],[-5.816802219142155,56.78628689793845],[-5.832527115412709,56.78497328667517],[-5.837452872208222,56.78532516973919],[-5.845042600939525,56.783297300973814],[-5.847991423095212,56.77986584904545],[-5.854185117435484,56.78044763264972],[-5.862217705562596,56.77860279248447],[-5.86438402415314,56.780792518810756],[-5.871628308440676,56.78170950382345],[-5.873275638518945,56.78418047258728],[-5.880685028241208,56.783675604603125],[-5.886131248414297,56.785569426019556],[-5.893812313763759,56.77789331420058],[-5.890218526951762,56.77229581391151],[-5.884795954145098,56.766894666297766],[-5.889139424164918,56.765752008508095],[-5.886605679389816,56.763497740224835],[-5.891156967674812,56.75946663354968],[-5.901847693758718,56.75301310321116],[-5.907586212931919,56.752320589639346],[-5.914261420144433,56.75315846208873],[-5.914972976478104,56.75684526188307],[-5.917976601950367,56.76123776124452],[-5.929030463601449,56.76455367674854],[-5.933945204725419,56.76755019702975],[-5.943488969039017,56.77493108922742],[-5.945673094063829,56.7784146526548],[-5.950288781811253,56.779239457579045],[-5.959249166937257,56.78429169051988],[-5.964350229913335,56.78489374010201],[-5.970424387724747,56.77866651115732],[-5.968702954211078,56.774701904587744],[-5.977125886991699,56.772041242015014],[-5.981320263977049,56.76943435081424],[-5.991299572992678,56.769110361196994],[-5.999723106214734,56.77116904179023],[-6.003313849769058,56.76967333851229],[-6.014251638166014,56.77103871188463],[-6.015932308880582,56.766848062959035],[-6.020148708957942,56.76677044175016],[-6.023548600702535,56.76472726296737],[-6.028741311129479,56.76688386494507],[-6.035848545288102,56.76355220762184],[-6.043837626730576,56.76460496488453],[-6.049483615272997,56.76721810415172],[-6.054308756058225,56.765195134521385],[-6.059083409309329,56.765057542071055],[-6.066697605059236,56.76120305731711],[-6.072387391209154,56.76294146519722],[-6.082470276784537,56.76343854261949],[-6.09730799771359,56.7633152765712],[-6.100431463930851,56.765528049176396],[-6.113594124221119,56.765278142957726],[-6.130516177322228,56.76370162336557],[-6.139160445474398,56.76153499988641],[-6.145011382685837,56.76240147202267],[-6.148750728058529,56.76060423236169],[-6.15879248893488,56.75887525060463],[-6.156280206195245,56.75688629698137],[-6.161966563920734,56.75346334084532],[-6.16973359961888,56.75279420511354],[-6.175429189546015,56.756097044181466],[-6.182341089771968,56.75487576328482],[-6.185939076344125,56.755357348411906],[-6.192141396354041,56.75350287570293],[-6.189283185183286,56.750406574811755],[-6.190708639159946,56.746383651252216],[-6.187422844008818,56.744892587287495],[-6.188113011874072,56.742245188852216],[-6.183533569444709,56.740374890174714],[-6.186756335227318,56.73617916671325],[-6.192681509393048,56.738322358754196],[-6.203478623441514,56.7382953410516],[-6.212439824905526,56.73510100063542],[-6.213143318346987,56.731596822885116],[-6.209597968018156,56.73127615853372],[-6.214997373229838,56.726974479367016],[-6.226931557844462,56.72799501566935],[-6.227064529796615,56.72510366673057],[-6.225085566050882,56.71702751222635],[-6.22818349410489,56.71585205367955],[-6.225810956825796,56.71045578423789],[-6.219974624543348,56.706458593573004],[-6.218566878911997,56.703016983185584],[-6.214399813073103,56.69982178456214],[-6.206447260820422,56.695437056658704],[-6.200091351108194,56.693187766105574],[-6.194742333274599,56.69292765603919],[-6.189621606689984,56.688549777725946],[-6.176949116962733,56.68649402050853],[-6.167718871521794,56.68651595722628],[-6.164466465515539,56.68555025518824],[-6.15908445183323,56.68682753014735],[-6.14917358423918,56.68289594769717],[-6.139694276700455,56.682946592221676],[-6.13214116253532,56.68662949759775],[-6.12664913358226,56.69123815263958],[-6.117824000226689,56.695316649322606],[-6.116120374784726,56.69163383427173],[-6.110436616902037,56.68804307158026],[-6.107390906147759,56.69140178972805],[-6.096065761350298,56.687498431556506],[-6.091927253459597,56.69099346462583],[-6.080084944129016,56.69157594371725],[-6.075091494245783,56.69081344104889],[-6.071289914467564,56.69289564617167],[-6.06438583874038,56.69352434796307],[-6.051217400992753,56.69227242233285],[-6.044927431889336,56.68993229902923],[-6.04145224153975,56.6858727919131],[-6.031377371089787,56.6802873135306],[-6.014941671087726,56.68250515377717],[-6.000781547201141,56.68278166133332],[-5.993988990079585,56.68120153524435],[-5.988796985814754,56.683778098767256],[-5.985971742313896,56.68309534804411],[-5.987028178976464,56.678952025472825],[-5.980322668241708,56.67338932727753],[-5.974471030090355,56.67211076959589],[-5.971323223954943,56.67277335416782],[-5.970699518843537,56.679549997952634],[-5.961322931188376,56.6810458853386],[-5.959195186305407,56.68489483170993],[-5.953960720888448,56.68234574022069],[-5.951314251765944,56.68507352534287],[-5.946147645843852,56.686208704092884],[-5.944326653513055,56.68161307666479],[-5.946615527052452,56.6787439283749],[-5.942786961019341,56.67798414953453],[-5.937085590489812,56.68118610060747],[-5.940156881041456,56.683372811492724],[-5.938368463224819,56.68572242610541],[-5.934036209550559,56.68585503699749],[-5.927239997584633,56.68170870991974],[-5.928658248688624,56.67752760467003],[-5.925862994183102,56.67531393693716],[-5.920855703547059,56.677189380937776],[-5.910715488775108,56.67549449329134],[-5.904726707469038,56.676339091083065],[-5.90451510179216,56.67350880200009],[-5.898680322418893,56.67473492545914],[-5.88295581379004,56.67478183139305],[-5.876795896456489,56.67698367775226],[-5.872986746670412,56.676873079433314],[-5.866105170762374,56.67953294790861],[-5.860794248142113,56.680471220128695],[-5.855767408951242,56.67676526112603],[-5.85166538852057,56.67538628033833],[-5.839542315657628,56.673908927207336],[-5.833513234778493,56.67653614416323],[-5.823583256723998,56.68258294090716],[-5.814677948803139,56.685387521874205],[-5.812155075851499,56.68475456592693],[-5.802764292492246,56.692797144223036],[-5.793583289228327,56.69639081894023],[-5.784888865072694,56.70500409320849],[-5.779173999912584,56.70571732090572],[-5.777610657920365,56.71348019320082],[-5.771241587491016,56.708201364538866],[-5.761146587535915,56.70999503369456],[-5.755151577881382,56.70742035226559],[-5.752686379332753,56.70907538841459],[-5.731908341725952,56.71147800827857],[-5.724280535187046,56.70964765759824],[-5.718040087884354,56.70985681274823],[-5.713708446477918,56.705553633834185],[-5.707350393830001,56.70398106146993],[-5.702138971733869,56.70001841557839],[-5.691694733385746,56.698341850770255],[-5.686392226752823,56.69417449872807],[-5.685444073807379,56.68924411282049],[-5.668197633269729,56.68738493017481],[-5.667618423395137,56.683113381348875],[-5.663900338245186,56.680071699396784],[-5.655973399424226,56.68187391619376],[-5.642859356323926,56.68317134971066],[-5.636892948217883,56.68456872795408],[-5.632954526844257,56.68404550606678],[-5.616765458277697,56.68897675707101],[-5.606142245859617,56.68834119411739],[-5.601486457366358,56.6896952280202],[-5.595285245734077,56.689479929551716],[-5.59386968732466,56.687194956337244],[-5.588593105184853,56.68874084583594],[-5.577920826304791,56.68930180863371],[-5.570322895683248,56.686964992495284],[-5.561387949723705,56.68628610941064],[-5.556253562285174,56.687619752326285],[-5.544621879354794,56.68779440470919],[-5.546358978697889,56.68420714588449],[-5.557716478340023,56.68330292831044],[-5.562306046372075,56.68372898224075],[-5.569305858155405,56.682265139452134],[-5.589073733622021,56.681781714944194],[-5.601450339618194,56.68190046580882],[-5.607378009264199,56.67795708070215],[-5.615003452472173,56.67716925360315],[-5.631681179818372,56.67702047930654],[-5.636026405747008,56.67846688120082],[-5.653623606468674,56.67650804107778],[-5.661948792862747,56.676798083758364],[-5.665107915545489,56.678296382372146],[-5.672746640530029,56.67891163028983],[-5.678069505315849,56.68073228649483],[-5.68417381350921,56.68410747863004],[-5.691066435866365,56.684761709706635],[-5.702852236615319,56.682257974640315],[-5.706183913865081,56.683246629789096],[-5.707917947664021,56.68650812004397],[-5.716717064586463,56.69215255129395],[-5.72062956080154,56.69652658856742],[-5.739741599337019,56.70064225152188],[-5.747519488805539,56.70119937535111],[-5.749293152973869,56.69874079538863],[-5.757053790451702,56.695704075482894],[-5.767049984919365,56.69457632663827],[-5.769076908023425,56.69254134864964],[-5.774249890060473,56.69157526416653],[-5.780389160307732,56.68900611940755],[-5.784354383148232,56.68578352846364],[-5.786033431571109,56.68257647662102],[-5.791822311296364,56.67930707674346],[-5.806639236312907,56.675761318428066],[-5.80972360518882,56.67355387336073],[-5.818632469278898,56.670888853087774],[-5.824622614570894,56.66707217347299],[-5.841135923613721,56.660538713325245],[-5.844671923787203,56.659669612596375],[-5.851935857158197,56.66205230605662],[-5.863918381215622,56.66003950046437],[-5.874998212630624,56.65664195576671],[-5.880273837022362,56.652381652810725],[-5.876621278781998,56.64471774920682],[-5.867079535084545,56.64079338919613],[-5.86575851516598,56.63873044145536],[-5.85627629050443,56.63639950745084],[-5.851827631137936,56.637895218352575],[-5.841070746695044,56.63441127763964],[-5.835515755359843,56.62992076326535],[-5.829039570619683,56.628074943310736],[-5.832676771993147,56.62348951011959],[-5.837255189571998,56.62480481363607],[-5.842898977278547,56.630573794389896],[-5.851809887130754,56.63124647715735],[-5.857212733310861,56.63462606636271],[-5.867749771118616,56.638416712344686],[-5.87345407665222,56.639223641329075],[-5.880636293649799,56.64297393911186],[-5.891922312696942,56.64361465138788],[-5.892580653729531,56.64975793304266],[-5.898234806956811,56.65384737462236],[-5.902802938530905,56.65587107727103],[-5.907472339677828,56.66067892085731],[-5.915459692431452,56.66322411090667],[-5.922294616357989,56.663471754162615],[-5.923286406002734,56.666960807761754],[-5.928495772987008,56.669466934939145],[-5.9319485931744,56.667653811139786],[-5.941610230360544,56.66915529772837],[-5.943918249536495,56.66452314367893],[-5.949185596383786,56.66235071497998],[-5.950940289787154,56.65852728993789],[-5.947880727158135,56.657140798183185],[-5.941413053040658,56.6565556225357],[-5.931392972563262,56.65755090200596],[-5.925606709195153,56.65693796773503],[-5.922445510030691,56.658409024570965],[-5.917115033707563,56.65707544646938],[-5.918797668211599,56.654414756528645],[-5.923574930816529,56.65231730460185],[-5.930266837112193,56.651524116614375],[-5.94107370565922,56.65309006221151],[-5.943405905165037,56.65572270462134],[-5.950199995281476,56.65613644455722],[-5.955295101890182,56.652647359652065],[-5.965119981521933,56.65052692770432],[-5.988093234374659,56.64911303413594],[-5.995539089243795,56.65013732003213],[-6.00508483740255,56.649641265384695],[-6.003734706353939,56.64645652229751],[-6.007585288895432,56.64598172344231],[-6.005871656068981,56.6367919600495],[-6.002639252505401,56.634440314968856],[-6.00434737463838,56.62754842532639],[-6.003626969147868,56.624293939234335],[-6.000317014209565,56.622076037110695],[-6.001821964290731,56.62026957225862],[-5.98960156332303,56.613613556596434],[-5.98298934570985,56.612753858459335],[-5.978976215621628,56.61010836328243],[-5.973895885001094,56.59521892902964],[-5.969372094514196,56.59412716765673],[-5.964486592520692,56.590842813451765],[-5.959875334663843,56.5859363481301],[-5.961736998487721,56.58402997694863],[-5.954460018943107,56.58004461967795],[-5.947259514706321,56.5780257078477],[-5.945254284746016,56.57418687223989],[-5.936001091394429,56.56784446391955],[-5.93208271300183,56.567127898058885],[-5.928568945124109,56.56356142142639],[-5.923902228247682,56.56096197244492],[-5.918862942883083,56.559947717321315],[-5.907490599667195,56.55515826708739],[-5.907993356086654,56.5526156593378],[-5.899183080604731,56.550064721280734],[-5.891058312248768,56.54981613566139],[-5.885948181953999,56.55094286899887],[-5.878361191916371,56.54831621311334],[-5.873989081961332,56.545440439171024],[-5.870145233804362,56.5454974109601],[-5.861922142049175,56.54347409283846],[-5.856476805157097,56.54298700113055],[-5.850336626377798,56.54374862248969],[-5.847308556606349,56.541900280054996],[-5.839298654833635,56.54083551210877],[-5.838268100818069,56.53933877669755],[-5.830555887378849,56.53815184974844],[-5.822249341672064,56.53840795031685],[-5.815836149518193,56.53742737740783],[-5.806535423736056,56.53371618129041],[-5.791857617978801,56.53311080892366],[-5.783789401325666,56.5320937564781],[-5.775635648442973,56.53419798888445],[-5.773284370249423,56.54220362920157],[-5.770426449319634,56.54570276934571],[-5.763346334991907,56.55176661762146],[-5.764198001429155,56.55329182180492],[-5.75736413328875,56.558546668723245],[-5.754671421839305,56.559322279291294],[-5.748588664740859,56.557189932723595],[-5.748064787991164,56.554859002522086],[-5.758060405207196,56.54927429910022],[-5.756831898701018,56.54665452279581],[-5.758295110752791,56.54215945555717],[-5.764202074081921,56.538186014316814],[-5.7696542433244,56.53827226293147],[-5.773171785930641,56.53584555074993],[-5.771545867039139,56.53218148753886],[-5.765648314483407,56.5295858596834],[-5.761574730384118,56.524311895014755],[-5.757761859408025,56.52173813377518],[-5.756617196232229,56.519067297584094],[-5.752672441978418,56.51807717552175],[-5.750032200549173,56.523384603002114],[-5.743851424493984,56.52428161898372],[-5.737715983284672,56.52176385501785],[-5.732894896851309,56.51694224261031],[-5.721419003299,56.51540252973893],[-5.70913886593539,56.51480832019502],[-5.695190235088277,56.51143940114574],[-5.691007761528245,56.503301093420944],[-5.689830395771992,56.49860050112038],[-5.684867622459337,56.4971629434615],[-5.679492683968355,56.500154747723016],[-5.65948416568042,56.505583985559944],[-5.651567606979403,56.50821792700605],[-5.646942018224905,56.508475409950584],[-5.637802449443198,56.51380121677249],[-5.6286602996252,56.51555699134854],[-5.623701972445208,56.51940617297696],[-5.615858199592455,56.51987330258329],[-5.60980904671783,56.52185211237149],[-5.60368900985055,56.525230747104445],[-5.598675901075706,56.525371751152875],[-5.5898912371809,56.5300047055763],[-5.587288529637715,56.534305611462415],[-5.57611549572417,56.53582384780143],[-5.57496263199188,56.53852279954788],[-5.567188186716852,56.541155998448794],[-5.559691334707515,56.54493601503345],[-5.559779122418884,56.5480352531615],[-5.553517626142503,56.55006582635468],[-5.547695350896485,56.55333411031813],[-5.545557317125721,56.55842180768223],[-5.537583282088465,56.56577875615428],[-5.523352794582683,56.57419387756488],[-5.519341940595226,56.57949058194432],[-5.516519586079543,56.58566600723232],[-5.509571311535824,56.58962049922676],[-5.50080419074513,56.596385867099556],[-5.495631105786726,56.60115703995783],[-5.49184819849726,56.606715119644214],[-5.4987312553057,56.60788441329979],[-5.508434688091794,56.61055961846005],[-5.519880402314542,56.61275769813854],[-5.518923402724028,56.61657423599063],[-5.513628387074549,56.61714661757736],[-5.504048119825519,56.61643719701107],[-5.496814975312017,56.61483390451294],[-5.492380194404451,56.611483886623034],[-5.487689325886262,56.612150560308265],[-5.480293479001106,56.61540111625292],[-5.470432965090941,56.61446771448233],[-5.467926456948248,56.617090898876896],[-5.457885487855469,56.62362782164146],[-5.451617307733074,56.62659798196754],[-5.447821041792306,56.63146359754586],[-5.443411198450758,56.63220616111557],[-5.441521224786599,56.63679398762338],[-5.436707514148675,56.639111747507734],[-5.433517730383778,56.642607110031754],[-5.427273184701306,56.64319746076076],[-5.422005636343511,56.64601708643294],[-5.41299595947579,56.64418808029883],[-5.410655790320233,56.64212618622395],[-5.406414545504166,56.642588585942974],[-5.398277373151124,56.64726127861617],[-5.392926594793328,56.65281481813511],[-5.385300886256959,56.657499608520325],[-5.37777621497999,56.66059894471191],[-5.373232782079808,56.664097930377174],[-5.368819844106922,56.66522889962746],[-5.364324494558546,56.67065453980132],[-5.358406417780637,56.67286413774139],[-5.350575237806,56.680289558045104],[-5.351363794805148,56.684749666359124],[-5.343734255386409,56.687310258562306],[-5.339837416579732,56.687613606751576],[-5.335417806082805,56.69134959679388],[-5.319370510580829,56.69806696051185],[-5.316643465833728,56.70226137978087],[-5.308044093266081,56.7078929684746],[-5.30393563050702,56.707543646570166],[-5.301610682527365,56.709528196221456],[-5.293447030360737,56.70852462977127],[-5.289783017513772,56.704749785941814],[-5.291602243171573,56.70153739678009],[-5.284302959226169,56.69934804951608],[-5.277382957002296,56.70719751320642],[-5.275407735111653,56.71062501540812],[-5.265014695473087,56.71560844384919],[-5.258354916350136,56.7160993381916],[-5.24605438331688,56.718344352376036],[-5.242223076009874,56.72007932867794],[-5.242394091154715,56.72236803693747],[-5.25229388174799,56.727059358339034],[-5.25573817858498,56.730770030184694],[-5.251765719963817,56.737427033366934],[-5.246853209087867,56.73982500484815],[-5.243792038705424,56.74368478039746],[-5.230710244328445,56.75060045761621],[-5.229847177054253,56.75293308404393],[-5.231394426725296,56.758367428329194],[-5.224186164213552,56.7609498261738],[-5.215864718166364,56.767556232711435],[-5.20154016809344,56.77493218224539],[-5.191278633726198,56.78220241779575],[-5.174006755387141,56.7907740886818],[-5.164116313902818,56.798284188866596],[-5.155328975578373,56.800020671114765],[-5.152148013197812,56.80213445147779],[-5.151497888276897,56.805609843617134],[-5.138255742330831,56.81403930249488],[-5.137726063012707,56.816092215058056],[-5.13204691734719,56.81982066185335],[-5.127788826145033,56.82071047036311],[-5.125031390571892,56.824089301202555],[-5.115413812226448,56.82439106325132],[-5.113177924791025,56.8202482214219],[-5.113803063001314,56.81733461543111],[-5.124136329981361,56.81126395326861],[-5.134602696658317,56.80337417538385],[-5.143507606515449,56.794495397321164],[-5.1542351628162,56.78714557197215],[-5.162988717270268,56.78218651455702],[-5.16777794040081,56.77573658719978],[-5.172848897222883,56.77401651415715],[-5.172564079287406,56.76979261695125],[-5.182370873579992,56.76105413625196],[-5.189909844561088,56.75674431174307],[-5.194484205371993,56.751071798855826],[-5.199909479839058,56.748972911543575],[-5.20467236820894,56.74536715396168],[-5.209498822547922,56.740217012545294],[-5.214117419996029,56.738333320579926],[-5.223402093577374,56.73225394417549],[-5.22913471692588,56.72959294853506],[-5.234533932279813,56.72388040056713],[-5.233968741009783,56.72255478667238],[-5.239591562037624,56.71845335027991],[-5.240551945172403,56.716392290299176],[-5.239235894447042,56.71101500571649],[-5.248523143344213,56.70533268618005],[-5.248078668489661,56.70131618022474],[-5.239802919050048,56.70339622954397],[-5.232292332338781,56.700711324416325],[-5.223490737364656,56.70037864147098],[-5.219117801999935,56.7024397683805],[-5.206051933567998,56.70175309755655],[-5.195111452366807,56.699628904791034],[-5.188000476117145,56.700015283968376],[-5.184003916919678,56.69709814692472],[-5.188609977385418,56.69183128385536],[-5.183302105114239,56.68968212912646],[-5.177878023079015,56.68909172898575],[-5.175163405546643,56.69120782090213],[-5.169752418761134,56.69257993632091],[-5.16514372465443,56.688902056518295],[-5.162574183531598,56.68487198103528],[-5.156525608210017,56.688259782232976],[-5.148583917724215,56.68785059437487],[-5.145990576401187,56.68652647936707],[-5.135052394664383,56.6911459347491],[-5.120083453264569,56.69502414593286],[-5.109871843100177,56.695033407681954],[-5.104198011930366,56.69844425805605],[-5.096695880131405,56.699981234661486],[-5.091594535828184,56.699739504716085],[-5.082136896124567,56.70067066692936],[-5.073926436574487,56.703273654954984],[-5.069894844931425,56.70222618575673],[-5.063461353483317,56.7029833092519],[-5.057275406801371,56.705584776033696],[-5.048275629343439,56.70553579878113],[-5.037976794338282,56.70860636078475],[-5.035243951954296,56.70807437282309],[-5.025481494947525,56.711251277499095],[-5.021216462262144,56.71085148554328],[-5.012623105792825,56.71405742350338],[-4.996418489974589,56.712632791240935],[-4.979507175513589,56.71527228939515],[-4.978535423286703,56.712554955626295],[-4.988659035722594,56.71224942770748],[-5.011947230645803,56.70959296193781],[-5.01577599292681,56.707711540151585],[-5.023090659492752,56.70661280977569],[-5.032356712569349,56.70690250867261],[-5.039782000562431,56.705481007229885],[-5.05096971425132,56.70490352215309],[-5.051988082154835,56.702649383202974],[-5.060701853214009,56.70019279387245],[-5.072802610824091,56.69909290511012],[-5.086716426246465,56.69637924049554],[-5.089342820786086,56.69489655750296],[-5.098569535326167,56.693858206392754],[-5.106277421166631,56.69188000508396],[-5.111495408187519,56.6876309896389],[-5.115351110382754,56.68147695162201],[-5.120218015704875,56.68025567399414],[-5.134365104068698,56.68256894219105],[-5.135526541314913,56.68031402685353],[-5.148475814192199,56.677151955753054],[-5.154338480800329,56.678209804497044],[-5.158120272247755,56.68107216756434],[-5.165819578032136,56.68265547154337],[-5.16748531101118,56.68502484441659],[-5.181293361143301,56.688275461683624],[-5.191667123168726,56.6891002355423],[-5.198363554620129,56.68604820201433],[-5.21069105275876,56.687164549416394],[-5.222068489938446,56.68707546032171],[-5.227690045802754,56.685522075218785],[-5.23085451089998,56.68236653484622],[-5.239209203966047,56.678858358135486],[-5.24350033649645,56.67518770924744],[-5.248559246153104,56.672705922797206],[-5.249448750194289,56.670029942369865],[-5.258335036310548,56.67017419116548],[-5.265688511135363,56.672262900913054],[-5.271377220750552,56.669232348861],[-5.278133354156703,56.670322026630686],[-5.28264987917279,56.666593676565554],[-5.288928616166677,56.66529965750084],[-5.294919713698256,56.66286676792502],[-5.304203942909143,56.660674246010196],[-5.316839271559695,56.65409464069279],[-5.324804665704652,56.64864097435831],[-5.316677307665143,56.64987565663346],[-5.312858885305864,56.647516999591744],[-5.302206887352761,56.64641954405513],[-5.298160999381745,56.64435594032883],[-5.299963047039477,56.637832067195596],[-5.305661529304281,56.6350018046077],[-5.313847801986989,56.62960138027405],[-5.318292951803509,56.62803098948997],[-5.318862335874194,56.62374572222859],[-5.330765628333371,56.618460505252344],[-5.335911729987055,56.61709538708936],[-5.347097979607051,56.61075801545248],[-5.3613469403856,56.603912425258486],[-5.364382688304522,56.60073507413608],[-5.364449169273199,56.59690362084555],[-5.376767318320261,56.586973649844346],[-5.377387823630378,56.58377796646668],[-5.380511714037102,56.579705072513974],[-5.383917848394474,56.58220140599829],[-5.393048995824238,56.57129114031267],[-5.39831206579129,56.569146964056216],[-5.405222829058377,56.56423791603549],[-5.410216210305356,56.562100607307904],[-5.412239727439852,56.55716614154017],[-5.410857667489175,56.556208923288374],[-5.417655611799357,56.55186049751414],[-5.421197052941096,56.54776507980702],[-5.414298965110481,56.54853484899838],[-5.410292160022697,56.54591651404944],[-5.417937960425935,56.53915247964072],[-5.413964606898677,56.53863072885562],[-5.400598780673878,56.54270420703636],[-5.393614021851824,56.542118619850214],[-5.396146854557116,56.53885971026882],[-5.394525174428632,56.53328983667742],[-5.391012315600826,56.53357644950245],[-5.389461903869939,56.53002910416153],[-5.385755100606068,56.52642911685689],[-5.380950846676688,56.52390176976852],[-5.375862809266524,56.52736835916656],[-5.373470858938567,56.52737766559968],[-5.366797139135889,56.52348018598981],[-5.355561029730183,56.52843585255063],[-5.349273459376627,56.530510626418305],[-5.344643927484353,56.53381335725832],[-5.338035029500799,56.533586725871],[-5.335949818671963,56.53660491408138],[-5.328423854425953,56.54094668227687],[-5.325494302243046,56.54488895991005],[-5.319964687735495,56.54778777452263],[-5.311270997640611,56.550044374864505],[-5.302100957284749,56.55099333891538],[-5.298575450321774,56.54873085681687],[-5.288683598813257,56.547683447982415],[-5.275606850986722,56.55028007292842],[-5.2652676270322,56.55380027220964],[-5.260732544324612,56.554326654654545],[-5.255227109842529,56.55290153198768],[-5.250724844134855,56.55363973741427],[-5.246305409562591,56.551548446948736],[-5.249249044853232,56.548770139176774],[-5.262211231571659,56.54696500325761],[-5.27561954867638,56.544216307152034],[-5.280381367295377,56.546117732809286],[-5.292937189995493,56.54718956103476],[-5.301285037695292,56.54377927728471],[-5.304194792788529,56.54077665257192],[-5.306911811340935,56.534004332492756],[-5.31070117395572,56.53350509267135],[-5.31383674927083,56.52960441773996],[-5.322364715268378,56.52762707786747],[-5.328310888808188,56.527154951654595],[-5.332262942954238,56.52170721014918],[-5.342950694598986,56.51894939688509],[-5.351943809242233,56.52016227607634],[-5.359849312714662,56.51671122755325],[-5.365098705609651,56.51706072155321],[-5.373271278817478,56.51270164161408],[-5.384064250055749,56.51111048106664],[-5.390345342865799,56.51629614454547],[-5.398223440878293,56.516106708379105],[-5.401250450552262,56.51843579535046],[-5.398112074127136,56.523394367669376],[-5.403011309225895,56.52627896494987],[-5.407649861706117,56.52587478574972],[-5.405301357894181,56.52988048676135],[-5.400719926081837,56.53408218583712],[-5.401461394964476,56.53701418168493],[-5.409042931633445,56.53745975184796],[-5.422413323874727,56.532673167967594],[-5.430567582544453,56.52580882215921],[-5.432190257832915,56.52233331427139],[-5.438149456942716,56.519479383322235],[-5.443273922824418,56.514802633080095],[-5.444632325773088,56.51131718645787],[-5.4520168325189,56.505537093636676],[-5.452271940287791,56.500389373734485],[-5.459907213237521,56.49650411992351],[-5.466552905477354,56.48918476137405],[-5.471896266032582,56.484886261020506],[-5.47470678012808,56.48070795430614],[-5.46819874096513,56.48060694459465],[-5.461611509587925,56.48480516364806],[-5.455557725002993,56.48759555457861],[-5.451556159341399,56.48483370358151],[-5.458296951117028,56.47847408935506],[-5.455712946328775,56.475161292765115],[-5.448322250050849,56.479372197153516],[-5.442202503668351,56.48462618694773],[-5.437332265407598,56.49086560648743],[-5.434091960078744,56.49313098942092],[-5.422205446730842,56.49434145424669],[-5.416075545653279,56.4925056368507],[-5.410671671887548,56.489555464760095],[-5.405853118685854,56.48404570389507],[-5.400985405250998,56.47069598308246],[-5.403621203256004,56.46746544324361],[-5.417055223873934,56.459857065503144],[-5.40943859940246,56.45823368490803],[-5.392222223102014,56.45693850387827],[-5.387139792929371,56.4592107999306],[-5.374355182740731,56.4579375907054],[-5.36563797806802,56.4591139763938],[-5.36098725767258,56.46268958159518],[-5.363414304948772,56.467489142721945],[-5.361508399979272,56.47017757834584],[-5.353257842365256,56.469941564525456],[-5.345503808982211,56.47141407469918],[-5.339890549292829,56.470860570359385],[-5.332666292729365,56.466011608365754],[-5.318916703260665,56.46330495011831],[-5.307162727034617,56.46219860803672],[-5.302788258705183,56.46307753398545],[-5.287944764029345,56.46020603318407],[-5.284393624361935,56.46061837888253],[-5.277579044470571,56.464179710290544],[-5.263102581910004,56.46261524586077],[-5.255940643545429,56.46351458739496],[-5.243986841937757,56.454221633282465],[-5.241557782842857,56.45469329054359],[-5.236441695156824,56.45159699533408],[-5.23086761950238,56.450990851651],[-5.232677382441151,56.44756990260515],[-5.225993809179498,56.44763432761317],[-5.218641316024993,56.45118750067367],[-5.20481080160534,56.45417338812157],[-5.20220249880004,56.45577976932972],[-5.194964248793482,56.456698223805446],[-5.183555729853428,56.46133078347033],[-5.185032202665127,56.46563829426198],[-5.179469955334916,56.4703880108339],[-5.175301469581393,56.47113303000521],[-5.173390997209751,56.477523830616505],[-5.174362853589185,56.48137781967633],[-5.168925060230627,56.484838357221896],[-5.165019814131848,56.4834997762258],[-5.162253236958676,56.48763793135604],[-5.162043368109136,56.491282998706396],[-5.158853467820831,56.49266858036237],[-5.155616358868166,56.50103445408487],[-5.147143328847964,56.50362275514174],[-5.133478333919828,56.50417978577477],[-5.129324931888497,56.5095971156718],[-5.123969343496721,56.51030283875242],[-5.117771247836486,56.51520039224363],[-5.108728409100915,56.521121719592],[-5.102893952367869,56.530804969930244],[-5.094064763240528,56.53951533703101],[-5.090461794885266,56.541420818278866],[-5.089317734456682,56.545449338657015],[-5.083288872284387,56.55204867853649],[-5.082892162830072,56.55437315718203],[-5.07865733665082,56.55988228653673],[-5.07635386058114,56.561143858057804],[-5.067408586831587,56.55714573493838],[-5.071073826579846,56.555976509815075],[-5.075588389885333,56.55161937890973],[-5.076755193841838,56.54785112385037],[-5.081525932849573,56.54418224320431],[-5.084692527119213,56.53690803901881],[-5.089224668462338,56.53373015239105],[-5.092792698475249,56.53289973994725],[-5.095837420935277,56.53014516002374],[-5.099543295449376,56.51737829410352],[-5.103403956471547,56.51537617236218],[-5.103539964452837,56.512765973774016],[-5.110539418915607,56.50711646367511],[-5.117778176262998,56.50430553659268],[-5.11964834969254,56.4984830871767],[-5.125794421757903,56.49298892693917],[-5.134199735422289,56.491855521842844],[-5.136628775251133,56.49008171706657],[-5.139304303983645,56.48510150018572],[-5.143451919030394,56.4827042551812],[-5.142976869504166,56.47951616105758],[-5.135288859741745,56.477692644228725],[-5.141906103959999,56.47550716572692],[-5.147394409792426,56.47515229622526],[-5.156479721027952,56.47228761552808],[-5.165385578167863,56.46517942129305],[-5.162811272513684,56.46322252483578],[-5.170937677163444,56.458933906581784],[-5.175095832643898,56.45516438331302],[-5.181658062806196,56.453072465077014],[-5.190439496394324,56.44832066547578],[-5.197839148884236,56.446849030240884],[-5.201170467546548,56.448053038614695],[-5.210786635550257,56.446694170377704],[-5.213770115931104,56.444948419067096],[-5.229509103471082,56.44455108928149],[-5.234962257364951,56.43928126883177],[-5.244126053165331,56.437966630786406],[-5.248918948478177,56.43983948860249],[-5.255181533109829,56.445851958385546],[-5.25764099827996,56.449476696309496],[-5.266654147780119,56.45783813221412],[-5.269374079603485,56.45501111662043],[-5.268860418227062,56.45073659734466],[-5.275178559683819,56.453698256362365],[-5.277973971561132,56.45119267186892],[-5.283596585181373,56.45060338830235],[-5.291876858577697,56.45420085124479],[-5.295178031817435,56.45402146572596],[-5.300160182354037,56.456431259519846],[-5.310238970570454,56.45417224659683],[-5.316199186816988,56.45815996927269],[-5.326252971975948,56.451074565908016],[-5.330147265875272,56.45101766730601],[-5.333485875082093,56.45347297741094],[-5.338079055888268,56.45449470994555],[-5.342270541415611,56.45775839934582],[-5.348869640027544,56.459884456543655],[-5.355269307547697,56.46009261718297],[-5.356664937459235,56.45734437252421],[-5.365239168171311,56.45484826637511],[-5.369983744613153,56.45549612946195],[-5.379323905918714,56.4541424237095],[-5.391160721964765,56.45550485752993],[-5.398330987868313,56.452587218488546],[-5.406462170167591,56.453014034610234],[-5.409559908801456,56.45066245935906],[-5.413545068717251,56.45114792969538],[-5.415974392242108,56.45523894940612],[-5.427977716109282,56.45326059903452],[-5.429444804075458,56.450878973578114],[-5.437674985605159,56.45076607114712],[-5.435930448217414,56.45569432909458],[-5.441368596132377,56.455719688930444],[-5.44667001653352,56.45266135798157],[-5.461705846760716,56.44794409007871],[-5.465769045915627,56.44602168490081],[-5.471532816143026,56.43807113371825],[-5.478588313475155,56.43586214333555],[-5.482093587776881,56.437493454893804],[-5.484560703206791,56.43400775168073],[-5.483292621745349,56.430455328404676],[-5.485977725610334,56.42829224214878],[-5.484460076889254,56.42217289341107],[-5.482273328391461,56.41999216286929],[-5.475432660528226,56.417467345469305],[-5.473615653245219,56.41405070877028],[-5.47746782641869,56.41089308773303],[-5.482460153448526,56.41191081073852],[-5.486090369440124,56.41108587219131],[-5.489485781568352,56.40819603391425],[-5.499572598248545,56.405111808494844],[-5.503432349029496,56.40317940768192],[-5.50742602347785,56.39825102467353],[-5.512972955856126,56.396694869512714],[-5.514323752473298,56.392376115863456],[-5.523216669056682,56.386822528841314],[-5.523356565318187,56.383637652626206],[-5.530053929115114,56.37990456251915],[-5.523878280347384,56.37755411118498],[-5.527159966286377,56.3746348923484],[-5.533428873565171,56.3723478081932],[-5.529038176130013,56.370157950007815],[-5.536749988188398,56.36373516415845],[-5.53878962858639,56.35996819069561],[-5.536080955199811,56.35429965128024],[-5.527800437367935,56.35388867100994],[-5.524697989182958,56.35036735775449],[-5.523359722628522,56.34569351911634],[-5.519817882405559,56.34517219291963],[-5.51357691954186,56.34846211905026],[-5.511362974536259,56.35287188700273],[-5.504285172326075,56.355393892759025],[-5.497323704248306,56.35887686583478],[-5.494107640174263,56.3572181817446],[-5.487774412985684,56.35702825209655],[-5.479591751121994,56.35511438605643],[-5.470158546218069,56.35866972212909],[-5.466860509729878,56.36247517683082],[-5.459401340720137,56.36568210918792],[-5.450511721528549,56.366878645068674],[-5.449092008857096,56.36165795983568],[-5.453775146474032,56.36093404428998],[-5.458881038802525,56.357908290275276],[-5.47190897829079,56.35361297637076],[-5.476834328906712,56.35266557595678],[-5.488233108763464,56.35372033678529],[-5.494846926718381,56.35317857679827],[-5.502822567610543,56.35108661360944],[-5.50607835787556,56.34738111592234],[-5.512995156157028,56.34314456323037],[-5.516188538166181,56.34329568383468],[-5.530326631485226,56.34618808131236],[-5.530923030861019,56.34852210270297],[-5.539711749001263,56.3500601277316],[-5.542283866926651,56.34663300287215],[-5.545021822362829,56.3460421185197],[-5.54889964455642,56.348569729568275],[-5.556369846056872,56.347105549711],[-5.562281828428421,56.343714092280095],[-5.565288815478937,56.34002936344272],[-5.570815316497697,56.33629166372889],[-5.577649252363151,56.3334779319098],[-5.58035745887728,56.32647490288106],[-5.582749201123192,56.313036401376294],[-5.585825950626385,56.30793399403385],[-5.589421324117533,56.30534915016492],[-5.587126880055066,56.297995605944976],[-5.589960239757421,56.291989341467975],[-5.592066995108373,56.28197261143701],[-5.586423156095244,56.28385548551564],[-5.582666528967088,56.2815413655014],[-5.584935421046985,56.27738028878769],[-5.588087722397288,56.275149031987766],[-5.589601724547225,56.27096030513358],[-5.5934927745037,56.267484682561054],[-5.594511415089265,56.26413743944251],[-5.592375890788863,56.26229795231321],[-5.59546649144765,56.25985698357776],[-5.599217207516557,56.254303844576654],[-5.598764702564393,56.25103534663439],[-5.596178665439567,56.24884670469825],[-5.588094846638716,56.249713729340584],[-5.582054666779282,56.24794960663421],[-5.577375333076684,56.25018630819343],[-5.576840434427035,56.25241353078879],[-5.569532071428987,56.255616953356984],[-5.561610049626713,56.26048470826092],[-5.550939601227339,56.25899535208621],[-5.545167338709788,56.259197024983074],[-5.537494786189385,56.2578533906707],[-5.530046970635578,56.25927470921692],[-5.522327675700184,56.26280803587291],[-5.513049023283958,56.261687555781855],[-5.51185687452742,56.264805213052554],[-5.505820485214277,56.26945477342123],[-5.500213821780979,56.2692243479284],[-5.496417941015023,56.26697172009212],[-5.498037519783616,56.26372615396268],[-5.492834753168658,56.25987334528057],[-5.487309714793283,56.25734743891007],[-5.49008374849066,56.25604373518361],[-5.498424002756209,56.257524289637246],[-5.502441931428171,56.255449659861945],[-5.508148802925811,56.25436269108303],[-5.512771201515772,56.25047062254022],[-5.511351139070136,56.247134978494664],[-5.520636032859045,56.247413865680905],[-5.523013400405934,56.24961265993796],[-5.529565817367087,56.244502371175365],[-5.535885310636109,56.24516233415312],[-5.541103499460277,56.240753122613434],[-5.549661210769036,56.238563785075996],[-5.559003177385049,56.239284059067735],[-5.566764346455832,56.23741404249855],[-5.567422603965527,56.235536619091974],[-5.562919371210026,56.23167280483043],[-5.557862762927782,56.23341800665177],[-5.548879181369276,56.23052058828769],[-5.546412583207037,56.22333040031136],[-5.548723272259604,56.21394679919841],[-5.560987899887603,56.20940494649522],[-5.557596492111526,56.20571300588149],[-5.56115984764472,56.20380222888338],[-5.563153029699134,56.19990649950609],[-5.570667013720572,56.1951894794448],[-5.570986201419768,56.1898324115958],[-5.576100517109706,56.18574453302292],[-5.578858017545747,56.18133995093378],[-5.583719570253035,56.18095526645931],[-5.587082792983599,56.17745716647721],[-5.589620040133195,56.17238797158106],[-5.585667788236671,56.17120992875477],[-5.592134088785898,56.1681978195005],[-5.601259844959768,56.16279617066519],[-5.601913350981564,56.16031353270675],[-5.597463266520823,56.15933292847696],[-5.600689684667511,56.155507520853554],[-5.600053124156604,56.15395714063881],[-5.604051858681069,56.150146856396375],[-5.600188526443777,56.147060587156716],[-5.594206024222822,56.15267101754147],[-5.59110229312578,56.15157185424821],[-5.599160619481629,56.14543980047745],[-5.603020864596609,56.14416458210869],[-5.609066976665785,56.13869206637136],[-5.614506521321069,56.132059143681374],[-5.603647472120199,56.13154966300397],[-5.598293920996378,56.132648206909984],[-5.591664678675302,56.13772805459687],[-5.591935145993088,56.14148655993253],[-5.580115458804727,56.14573130031266],[-5.58020558601886,56.148186844942835],[-5.577161748737725,56.15113337209281],[-5.577359998394317,56.156362217240776],[-5.572004873123158,56.15809435185557],[-5.561914584883112,56.16395138126878],[-5.547672252434674,56.170549099563345],[-5.548717768333455,56.16543287650267],[-5.545987687854163,56.16535848754587],[-5.540608233175402,56.17089396311346],[-5.533842506339496,56.17434252440318],[-5.527526796653582,56.179544535957234],[-5.531626796981116,56.18209491410337],[-5.525979449709125,56.18753394034253],[-5.518397404702064,56.18797948239974],[-5.51452553779662,56.189662231446626],[-5.506113991414098,56.18733357997849],[-5.505183862872084,56.18350294625063],[-5.515106666608395,56.17954362823515],[-5.51981111578299,56.174680425256504],[-5.517378891332905,56.16871240941685],[-5.5246014103892,56.16040115395185],[-5.529711721906141,56.15894245402839],[-5.532310269391262,56.155487541999136],[-5.536691085316827,56.15241306906297],[-5.54274760144427,56.14524441817345],[-5.548317888658532,56.14321425958284],[-5.549096922420928,56.13848059349512],[-5.552660593201421,56.13408934252998],[-5.556342682634773,56.131858688974546],[-5.556539256944347,56.12851645836121],[-5.561712740108648,56.124580187941014],[-5.563125027223294,56.119891947671896],[-5.568863193604393,56.113576194539405],[-5.566393947088559,56.11002422431404],[-5.561671105826119,56.10840384630359],[-5.554876636539554,56.10988917269264],[-5.550935325708599,56.10736834098533],[-5.554774828830662,56.10407942151201],[-5.551659092895735,56.10178207549493],[-5.544951399722369,56.10047807034975],[-5.542087781170227,56.09645147850252],[-5.544342055112618,56.093329774226895],[-5.55077227288632,56.09006536657507],[-5.553100417418021,56.09115814416675],[-5.560927397665894,56.09163995780531],[-5.567158466087336,56.08804864784032],[-5.570837344454145,56.08852837982245],[-5.576401391202188,56.091905118114205],[-5.584361199937724,56.092235941234854],[-5.588773295250175,56.08681719973474],[-5.593462938351567,56.08483740674226],[-5.599909335313483,56.07910086423014],[-5.599875061786765,56.077528403236755],[-5.605067319507337,56.07408136532572],[-5.607434937794229,56.06957492234458],[-5.611546350135681,56.064558794730424],[-5.616213331103108,56.06093785500818],[-5.618833314295277,56.06214219143081],[-5.622707380408648,56.058181936653185],[-5.632688827124221,56.05277929235072],[-5.634325065077066,56.04797467872115],[-5.638803940116056,56.04359411622523],[-5.637565193102427,56.040420813993684],[-5.640536913923625,56.03626716914975],[-5.640828216200511,56.03351441443368],[-5.63693243909458,56.03319252294569],[-5.636969530302069,56.029954550226655],[-5.640626528818727,56.02899053386425],[-5.64583977333646,56.0297327670518],[-5.65406492337083,56.02824367356006],[-5.656698184389625,56.022900960308334],[-5.654951818422242,56.020309303598744],[-5.660089783920683,56.01370966637084],[-5.662332307991615,56.0136609480193],[-5.667553207908761,56.00922548293231],[-5.669541205003693,56.00599216965593],[-5.678168234457502,55.9982490526276],[-5.679786445674924,55.99535929911385],[-5.683869206105098,55.99240925294916],[-5.686589257241625,55.98863222710304],[-5.68333906970699,55.98608596713638],[-5.697107018294185,55.97590830583309],[-5.70788884547783,55.96433552669466],[-5.702097609023749,55.95926326715737],[-5.687512220172207,55.96247055543782],[-5.687580150295496,55.959901444166],[-5.698905664659934,55.95361814617527],[-5.700181983914336,55.950118029590016],[-5.705590651585323,55.94274851196814],[-5.707212934714591,55.93860396900162],[-5.702703825367938,55.93651434165261],[-5.69815461481892,55.93273984394862],[-5.69370364975384,55.93301293440725],[-5.688914461231702,55.934950447631316],[-5.683007369476237,55.94190253650982],[-5.678248747593587,55.945529096598925],[-5.675709170032991,55.949161121102264],[-5.674423928043622,55.954347131992535],[-5.669973405337091,55.95965903704067],[-5.672104324910072,55.96133980787717],[-5.668227455533597,55.963986529853536],[-5.663017397783425,55.97008506972993],[-5.649649227003128,55.979981799998896],[-5.65187481294438,55.98257729614977],[-5.661501971827323,55.98135162392306],[-5.661090807464648,55.986835295188506],[-5.656169189109187,55.99051083734895],[-5.651727418504524,55.999530952731526],[-5.64712849163817,56.000445076837444],[-5.641888989983788,56.008697156995936],[-5.641221500758856,56.003061174661525],[-5.643250441017792,56.00194462689054],[-5.653757815913963,55.98612706758661],[-5.657577252025922,55.98428271715833],[-5.64841447747486,55.982958669153476],[-5.636451165103147,55.99083512796124],[-5.629619995333814,56.001439127821634],[-5.612402713648179,56.016459490897404],[-5.610964455586861,56.01961983415527],[-5.6245184646419,56.02164040960091],[-5.624754493866173,56.02468602937794],[-5.621132081325627,56.026429876253545],[-5.618268294141917,56.02395150980918],[-5.612088400213503,56.02425784322431],[-5.596281662228057,56.03666955633809],[-5.59544257029288,56.038955323558724],[-5.588023971494374,56.0468365091367],[-5.581121176003637,56.05225663586908],[-5.577014921025255,56.052070192240016],[-5.583920570734401,56.04719417848108],[-5.586007821581825,56.04277276596043],[-5.595932693960575,56.03568172103059],[-5.608592126272895,56.02489978027425],[-5.601738898399875,56.02475416924467],[-5.594978947148582,56.02724886094713],[-5.594286887543356,56.030595785987224],[-5.589162972905597,56.032480453461545],[-5.581811395729845,56.03381378568231],[-5.569584204056186,56.04026008082945],[-5.567185666045922,56.03950685723565],[-5.573358597534162,56.03357819254978],[-5.590263693348716,56.02316051693666],[-5.594856253543082,56.01859843401049],[-5.593736652485536,56.01398265442491],[-5.588091412112092,56.01610730678221],[-5.585389307970977,56.01838432103946],[-5.572986938192392,56.024579897175585],[-5.569498912618212,56.02203403344612],[-5.574405974355079,56.019285231773736],[-5.577708478164872,56.01310057448177],[-5.584734362814711,56.010459700228715],[-5.59548102521594,56.009786794468795],[-5.600915489079209,56.005586419013305],[-5.606214936004867,55.999865628722745],[-5.614674504182037,55.993386393786714],[-5.617707489732286,55.98945340438098],[-5.618916094760052,55.985313228996105],[-5.623436930089466,55.98023936035771],[-5.630429214462281,55.9770795630616],[-5.63420467009152,55.97356933880642],[-5.63710978389201,55.96834492730636],[-5.641656714583783,55.96413736346415],[-5.647848788149035,55.96076291871891],[-5.653261399998557,55.95673153871605],[-5.657652630745608,55.95531979801581],[-5.662989897882454,55.95154375573945],[-5.6673852243894,55.94651156968317],[-5.666515696056085,55.944654678836805],[-5.671095019165954,55.94073181335813],[-5.673368974667367,55.93537964355188],[-5.681896128464482,55.92565218531378],[-5.680272741522023,55.92356528285193],[-5.685817558123791,55.91787845930401],[-5.689036257703857,55.91065975143838],[-5.681961662245039,55.90846292833197],[-5.681372962534836,55.902932781907204],[-5.686212939209737,55.898786553336954],[-5.686892695644908,55.89574950565753],[-5.682919453286813,55.88785711460835],[-5.676402120333233,55.886698951354404],[-5.671081860442649,55.89236072635136],[-5.658947026504892,55.901039556696674],[-5.658437249903953,55.90267768385084],[-5.643948551209506,55.903912667825665],[-5.643985405873296,55.90541314142138],[-5.638675958625069,55.910668501224976],[-5.635018512415911,55.910673277082275],[-5.631417263513365,55.91304011219999],[-5.631678205083072,55.91517774186822],[-5.62296075113565,55.9179209914358],[-5.619731819756451,55.923725558871304],[-5.615783611513036,55.92363040624517],[-5.60910129744629,55.92917199060742],[-5.602366525280428,55.93022179845838],[-5.599287790523725,55.928698906199784],[-5.589100438117165,55.93292125791601],[-5.583083264430702,55.92873237775293],[-5.586236202003967,55.92490015781957],[-5.588781668203663,55.924978757190416],[-5.595024233074303,55.9214067503758],[-5.597710255670366,55.91758245751105],[-5.606424046880625,55.91312920216172],[-5.612292567251444,55.90677993169143],[-5.614817993439837,55.90218758221026],[-5.619625975145349,55.90011299189839],[-5.622102713392534,55.89655590716818],[-5.619451312642306,55.8922327452224],[-5.622890315014023,55.88999150043154],[-5.627932003208108,55.88196187271571],[-5.642714229896852,55.86978186809626],[-5.649356218210402,55.866945832004],[-5.654233147684189,55.859716558591984],[-5.655905191597369,55.8528458977265],[-5.659059916858417,55.85171798147827],[-5.663263196237923,55.847470145102186],[-5.662007900178121,55.84474717219778],[-5.664836764979938,55.83923644847077],[-5.662560398475523,55.835424488582134],[-5.663618754205846,55.827812174117405],[-5.669466953241921,55.819204445329866],[-5.671509189867257,55.81444082829929],[-5.667475909702897,55.8122585954065],[-5.665782345527869,55.808499435406986],[-5.668351631902553,55.80614605141776],[-5.665145904885013,55.804349047547404],[-5.664927226187424,55.799055051989576],[-5.657471052336027,55.7967417567237],[-5.653382143006373,55.7933927620565],[-5.64929453811193,55.79277701522895],[-5.640866653086945,55.78695706518925],[-5.634523150042901,55.78695259749699],[-5.627506151349283,55.7881986358345],[-5.624710003169429,55.78996261331459],[-5.6152370240143,55.79244031585532],[-5.610546272156682,55.788940447169686],[-5.614443792763873,55.786210163888796],[-5.619624790698361,55.78469531996424],[-5.620795437324217,55.78183749796413],[-5.617656503835664,55.778702122466804],[-5.611949155896809,55.7767662029416],[-5.610210127243033,55.774007554033325],[-5.615928962500743,55.771083363425234],[-5.617137196618208,55.76820198939099],[-5.613717513523447,55.76460276998391],[-5.616606192429878,55.761442639691225],[-5.613762423315478,55.76035303171108],[-5.606782698010078,55.76143949547824],[-5.597094634316999,55.76446167192826],[-5.598587008037261,55.76119004181332],[-5.594578651536573,55.759431019390966],[-5.591329678363898,55.76151860695186],[-5.591401704896094,55.76671886409653],[-5.582625166407331,55.771790205430975],[-5.555872729891139,55.77971614127798],[-5.546229590143888,55.78467319638345],[-5.539580377919037,55.78568777221116],[-5.528593937594679,55.79294336721385],[-5.520139327358494,55.796358994004],[-5.515163555024445,55.80268288457513],[-5.51191691649463,55.80417298241834],[-5.506019763321748,55.809580546948574],[-5.497061429735968,55.81655131479567],[-5.488592741992669,55.81809582366652],[-5.484394622945056,55.81981087294643],[-5.476333419358149,55.82906163350516],[-5.473855309344727,55.835569199463],[-5.471693177671219,55.83667325369978],[-5.46339243497932,55.83587357453066],[-5.457460942018926,55.840931636302216],[-5.456390182466933,55.846324778602416],[-5.45056051891358,55.8472618224972],[-5.45035927761616,55.84247088841528],[-5.447274946896717,55.84129425447832],[-5.448778516826129,55.838698682159475],[-5.454235998492014,55.83597670401504],[-5.455907607419864,55.832888106016405],[-5.46275930919738,55.829728204743624],[-5.465938715337107,55.82695477938082],[-5.472442573715464,55.818841161044304],[-5.469381815624542,55.81773636053409],[-5.470762270584927,55.81351660703142],[-5.475502593304753,55.81170576118078],[-5.483631661487959,55.80665991709819],[-5.482258822024611,55.804321647792456],[-5.492978941055433,55.801016912096195],[-5.493633602545293,55.799541751258815],[-5.501620341560509,55.79630408119399],[-5.509764059962222,55.79466448023565],[-5.513950223224222,55.79101756267324],[-5.515521498313161,55.78630442984268],[-5.525240989484875,55.78235736107964],[-5.535779188251796,55.77637638901382],[-5.541829000597911,55.77457458329356],[-5.550500199304152,55.769158637978045],[-5.559541495562746,55.76791222927331],[-5.568055624827189,55.76866753974446],[-5.571824965717557,55.76750592830991],[-5.574232424852211,55.763493177976294],[-5.584406089792253,55.75411079856217],[-5.583677939625971,55.749392773248594],[-5.588103690660082,55.74724580344105],[-5.594186889691692,55.741931948522065],[-5.601637733927298,55.740181347744986],[-5.597558216100154,55.73702189726746],[-5.606066033368347,55.72874556514885],[-5.607951866144783,55.72328630991693],[-5.617875206718005,55.714061029160135],[-5.618046230225696,55.712122790385735],[-5.623338253183018,55.70890493282203],[-5.630128357389212,55.70253588592163],[-5.637356032317775,55.69712902370566],[-5.641869797180647,55.695079812968615],[-5.661234649839775,55.68800204507936],[-5.668075874912994,55.6850820248321],[-5.676126758154598,55.683190912250424],[-5.675138025982354,55.67910234261502],[-5.669662069072833,55.67594392291787],[-5.667247712547217,55.673017445723346],[-5.665765295532148,55.666956462713685],[-5.669292577071046,55.66334418030461],[-5.66748158556944,55.659378209059625],[-5.671432339268376,55.65749308390677],[-5.670139425696602,55.653098014627965],[-5.673470099712957,55.65140851671817],[-5.675548997000241,55.646023120054736],[-5.673873866533223,55.645030308171606],[-5.674943108386707,55.63769700068642],[-5.673465788570981,55.632449682297505],[-5.679026895735943,55.62793986040091],[-5.679242166056834,55.61803801549416],[-5.684963267230835,55.61473514484605],[-5.683742675166076,55.606861784678614],[-5.686152490250601,55.59937101384854],[-5.691606076725038,55.595131609154734],[-5.693422610075789,55.5875847974996],[-5.715291085118582,55.579327573842384],[-5.716279913077511,55.56855207060552],[-5.713528268307772,55.56705748391081],[-5.712843043009267,55.56081081946674],[-5.707249093970177,55.55236694002941],[-5.706061581486416,55.54819824062184],[-5.706295599110055,55.5427869447357],[-5.704263156298678,55.5366790654802],[-5.704904661531464,55.53266358267337],[-5.707223711011401,55.52856849294444],[-5.710481290697688,55.5278771510463],[-5.714621234436549,55.521182795001174],[-5.713160379047654,55.514011009926854],[-5.715054229673632,55.50872010261481],[-5.713376672986467,55.507480689929636],[-5.713003671497898,55.498059318577],[-5.711839933759419,55.49705606695872],[-5.714101103598902,55.48575177962534],[-5.714428179390025,55.47947434716576],[-5.712842004853073,55.47734195287465],[-5.713035495442483,55.47275459907365],[-5.715371646621285,55.4652875927789],[-5.714402025699995,55.46431894209646],[-5.714219170469324,55.455314399198066],[-5.716682453803468,55.44342833170766],[-5.721599312708229,55.432102310604364],[-5.724214922109645,55.42878002497073],[-5.731628019705212,55.42444345264204],[-5.738615148764994,55.42437816069944],[-5.74456949334631,55.42310861923962],[-5.750898762026104,55.422927914667135],[-5.754769150884564,55.41990007429235],[-5.753017450669427,55.41693703512025],[-5.756222347493049,55.41398355405717],[-5.764489444352968,55.41199361882711],[-5.773052102781588,55.4085552382977],[-5.774367916138387,55.405452761102794],[-5.786374825063083,55.39765809851273],[-5.79163309800919,55.39602473007193],[-5.797027798839594,55.38995725369087],[-5.794195218430738,55.38422364708361],[-5.79543962578066,55.37932909134672],[-5.798808439436439,55.37625233408534],[-5.797354193895603,55.368829399711714],[-5.8010097109617,55.365460383524166],[-5.800222669082359,55.360219837694686],[-5.802595556739542,55.35739425978372],[-5.79977099920387,55.35370091926696],[-5.804186701428615,55.347745268100084],[-5.798635019117925,55.34325113252084],[-5.798659647174713,55.3388980345071],[-5.797037442311183,55.333903774329734],[-5.802001385022679,55.32603369539711],[-5.798941690533527,55.321259602398],[-5.805228203733645,55.31075832584017],[-5.802793130662653,55.30772287745754],[-5.804030166639334,55.30546406306406],[-5.799985670541347,55.2996407250768],[-5.795903525373122,55.299081719458265],[-5.782318808950048,55.29436730438209],[-5.777200065576735,55.293820046501],[-5.772529675559087,55.291604114706594],[-5.76153529196725,55.288661522007835],[-5.743078500308939,55.289692518426726],[-5.735169144255919,55.29154462981046],[-5.730005868186647,55.290762971165506],[-5.723240695497233,55.29205325444443],[-5.715714637246207,55.29464772091016],[-5.710270254264375,55.298868920172595],[-5.704437930912437,55.30029610071483],[-5.701383541135923,55.30249567382105],[-5.694296350005887,55.30333727512095],[-5.688958787338049,55.30730244937536],[-5.675966931317717,55.30835015999315],[-5.668362731477828,55.307247353776624],[-5.653163399971578,55.31036687711381],[-5.647917092170406,55.30988993704266],[-5.644306326334602,55.30670682182723],[-5.639820939360153,55.30841880858511],[-5.629320926158235,55.30849335336315],[-5.618438371898956,55.30597971500727],[-5.616318056845482,55.307050567292386],[-5.604559576500697,55.30692380323613],[-5.59688352751549,55.30919328421677],[-5.581930989139905,55.31684182703811],[-5.572137589505021,55.31927166077245],[-5.568517231479803,55.32144567843374],[-5.561340309654839,55.32317945122501],[-5.560625767793179,55.32909881081391],[-5.557810629209039,55.33208970396147],[-5.554346201140623,55.33206477242321],[-5.550533011227258,55.33536779005106],[-5.543277567153018,55.33899545571321],[-5.544957899106471,55.340497710195955],[-5.536913081051885,55.34687684793867],[-5.534316399513664,55.34704197592594],[-5.52738721014548,55.352956533146546],[-5.522957061618632,55.35904134677547],[-5.518356378091402,55.36099929451777],[-5.518514242855324,55.36331005980874],[-5.515267230512221,55.3675441716851],[-5.518536638252749,55.37760140673651],[-5.522269173772458,55.382992117469016],[-5.524245658129109,55.39135564035194],[-5.527838087683423,55.39612533350424],[-5.539700268142021,55.40271913528826],[-5.540909465995212,55.40554789521112],[-5.544781536990103,55.4074047428049],[-5.549060544825146,55.41784106318686],[-5.552879396540148,55.420670293519564],[-5.542354942955126,55.420715160861164],[-5.535689077170129,55.42289538079956],[-5.538867898046004,55.42882315801182],[-5.542150136367444,55.428925857600376],[-5.549306961130765,55.42604318489379],[-5.559323328546688,55.424465960214334],[-5.565306070536457,55.42261006098251],[-5.564307582156862,55.418637944586],[-5.566912822629711,55.415275468238654],[-5.571103119168821,55.41546772964782],[-5.578939251169197,55.413869836508226],[-5.584034076833495,55.41398029348001],[-5.587482892321886,55.41643536683567],[-5.593851165002549,55.41876042509636],[-5.600336232839793,55.42399053861231],[-5.602200620960732,55.42742884649023],[-5.587887964161219,55.42763786074949],[-5.582672835638522,55.425906277338875],[-5.576974375342136,55.426043605754856],[-5.567091582875697,55.428204647286854],[-5.557949605987936,55.434846253068486],[-5.550515714601702,55.43544915312231],[-5.553934950029369,55.4406538446031],[-5.545813819061857,55.446651538628956],[-5.543408179963859,55.450446494432065],[-5.544868631534444,55.45585836814652],[-5.539721537788705,55.461734219464105],[-5.542885342689859,55.46471762750727],[-5.543450639479455,55.46785814090982],[-5.539463441308628,55.47067829226776],[-5.533523811614798,55.47208376273165],[-5.532561887857531,55.47521809783396],[-5.528787899442886,55.47767745514482],[-5.522476331304672,55.47844392190823],[-5.523254432109188,55.48210347362246],[-5.521036279592763,55.483682426212184],[-5.512687925008917,55.48612542016534],[-5.513799415609987,55.49202327876427],[-5.513508056365445,55.49728256205659],[-5.506466254455495,55.49991945324761],[-5.506772821463541,55.50240303716949],[-5.510687168421604,55.504376739532255],[-5.506726847468604,55.51131916477916],[-5.503877083360723,55.51437240771367],[-5.502422546420428,55.522605043342274],[-5.502784257000098,55.52649237684952],[-5.499445749927317,55.52852099460083],[-5.489668429697137,55.529717282989125],[-5.489745927972022,55.53595493473787],[-5.492841488597753,55.54626940235153],[-5.488336724264467,55.55037193670633],[-5.491699766276493,55.55243393310699],[-5.492346220306198,55.55533761160265],[-5.488497171623344,55.56344495118569],[-5.494257967124891,55.56738963388919],[-5.492771740120673,55.570484526870914],[-5.487558390596697,55.57244482925237],[-5.485344167443775,55.577771262609055],[-5.476683659733496,55.57974910917088],[-5.470962314554743,55.579718983329194],[-5.466720499784344,55.57422332794329],[-5.461940563631175,55.57427763105807],[-5.458219013176991,55.57757638835863],[-5.45868499224316,55.581463526917794],[-5.464157882301292,55.58589156854314],[-5.459919451664123,55.58619838596557],[-5.458716075475627,55.59119090657341],[-5.465676230354195,55.592916453397585],[-5.472376231241228,55.59943131089533],[-5.475469235051307,55.60566881286077],[-5.474861699315899,55.61333746526515],[-5.476111196244334,55.61829658551737],[-5.478041613600818,55.620089481860234],[-5.474818841100549,55.623885265069575],[-5.47735816156369,55.629765357637034],[-5.475825256945702,55.633000695426894],[-5.479209527698951,55.63719792389801],[-5.478128728926441,55.63890095059243],[-5.482255113621741,55.64303208503934],[-5.478191521556389,55.64659556656829],[-5.468031175884364,55.65143744537631],[-5.467917938087085,55.657631899980274],[-5.464231466438593,55.66142606017562],[-5.46349109746745,55.665356286908114],[-5.460524097158578,55.66978003817915],[-5.460338838727281,55.67380425368239],[-5.456501468954919,55.679536366745076],[-5.458719237156797,55.68311519635794],[-5.449588145645653,55.686638810556545],[-5.446844183961087,55.691732019034596],[-5.445524814128343,55.69755387124134],[-5.448200929869581,55.70010043354938],[-5.446446343432673,55.70376680202512],[-5.449362048865199,55.70595506441665],[-5.44690298237879,55.71003144390405],[-5.443606970280564,55.71164527120767],[-5.440630279958323,55.71547889742643],[-5.435598751844798,55.71893753583273],[-5.434113345943518,55.72142913319736],[-5.425969356019399,55.72610729488692],[-5.424307065653982,55.72986240907044],[-5.419731175206229,55.73301094342853],[-5.410756052840671,55.73524322927443],[-5.407667094507117,55.741114587905464],[-5.400501076600012,55.74648752743082],[-5.392745529901163,55.75069404115299],[-5.387832404269085,55.75039910886176],[-5.37633001514804,55.75442380747297],[-5.364767759626773,55.756782178828075],[-5.353280966242,55.762316430007466],[-5.351973383434804,55.76417182292312],[-5.345091216052861,55.76555169528343],[-5.338158604361127,55.76549047576683],[-5.327234857737027,55.7633209638368],[-5.319888032976425,55.76962885265357],[-5.316055173354036,55.77519410371096],[-5.316681805058019,55.7803106839318],[-5.313972414968956,55.78371926722429],[-5.318488167820753,55.79047496266425],[-5.318347056289731,55.79584603049142],[-5.320312949175191,55.80065669323279],[-5.322613838273821,55.80190257419157],[-5.324425113563184,55.80769731928109],[-5.330080789113746,55.81083011390166],[-5.332024642119173,55.81330370893252],[-5.331619600249038,55.81868466488198],[-5.336348086418907,55.822898711156995],[-5.33970380102685,55.827538301990444],[-5.344389731027605,55.83021136610639],[-5.349653493199631,55.831331139870244],[-5.356708800436286,55.83534613649834],[-5.356427169933069,55.837637408245634],[-5.36586717408142,55.84730917756137],[-5.377304298690129,55.85286619845829],[-5.383120008031852,55.858262388091774],[-5.385027024731459,55.86268716469966],[-5.394708308898427,55.86504450566439],[-5.402920271892403,55.866165122813385],[-5.41395179870648,55.86488554181037],[-5.409587902286773,55.8680661777371],[-5.401728394336629,55.86776427397317],[-5.395346568248544,55.870777241739546],[-5.403027994482978,55.876781830186424],[-5.407701787634408,55.88258886690765],[-5.410778238172919,55.88833397857854],[-5.405404144714557,55.886740552481605],[-5.404731296230056,55.889375449045446],[-5.408231448240331,55.892709297265235],[-5.412569787332954,55.890789956817876],[-5.41678203362129,55.89224274865589],[-5.419559328333794,55.896619501750884],[-5.419800044717928,55.90225892079546],[-5.417602702274606,55.90720190861441],[-5.420359943607465,55.90917602380463],[-5.420085025267611,55.913030756397426],[-5.422691841316632,55.9174490653976],[-5.422533879646172,55.921193561042095],[-5.42422634547208,55.923951538313474],[-5.424854429115844,55.93206157520701],[-5.427669422246727,55.93564236888397],[-5.429210431438722,55.94147481278156],[-5.42866259422529,55.946781068760984],[-5.434244946856553,55.95472149255983],[-5.441882778994172,55.95687087530139],[-5.449642899523259,55.97143163689824],[-5.447415989771428,55.97360953499857],[-5.447927434974191,55.97733534412048],[-5.444159726883584,55.981340073604855],[-5.445885109788581,55.98630860381043],[-5.444488339127691,55.989624794578226],[-5.448065784020562,55.99889747153535],[-5.446953350151871,56.00234597576419],[-5.449824748520063,56.00561101581637],[-5.448586214058676,56.01016442241419],[-5.445259417019691,56.01189292697108],[-5.447387507427743,56.01635479492813],[-5.446049912561276,56.02075808238961],[-5.439525264812998,56.022137075522174],[-5.43280544482099,56.02116202270876],[-5.430958678503091,56.01457392049973],[-5.42412594877772,56.009010064945606],[-5.414546241824551,56.007837522941706],[-5.410139744893851,56.0059097610723],[-5.409239326047732,56.000612284754794],[-5.404960994736932,56.0004735170807],[-5.40056762120116,56.002838939966544],[-5.393443734497582,56.00371691283351],[-5.3876370174278,56.00565867612472],[-5.383317850737775,56.00375634821117],[-5.38056715975343,56.00481453320878],[-5.372683021839595,56.01210608899848],[-5.366033764003556,56.016119627462324],[-5.364801034799054,56.021427918327156],[-5.361700201627509,56.023370858488335],[-5.355342569014037,56.023567532102284],[-5.353898174507443,56.021648776949434],[-5.345175663882293,56.02204233850359],[-5.3435172730639,56.02669664650418],[-5.337746716944261,56.033119285035696],[-5.337310605403437,56.044054226336776],[-5.339668995392737,56.049222652535136],[-5.336816106524382,56.05227120161161],[-5.330706427118519,56.05398277461354],[-5.325882410992554,56.057848460215816],[-5.334168928047415,56.06436371095104],[-5.332767786056174,56.066616801922656],[-5.325561017910253,56.06605174300173],[-5.324728229855663,56.06188924525992],[-5.321229264985056,56.058650882849356],[-5.314557271159608,56.057595218941984],[-5.305264626344414,56.06094185696222],[-5.297564685072743,56.06472255341134],[-5.29396696270935,56.07037374308862],[-5.294641223225534,56.07335663594728],[-5.291677870295934,56.080144212036934],[-5.282088107208534,56.08917055496772],[-5.269368080782493,56.09428212934748],[-5.2641470686109,56.094159706247744],[-5.256711459589004,56.097233064883746],[-5.259060763026879,56.101715451189214],[-5.253524944582957,56.10625768144189],[-5.255835088762713,56.107342950181675],[-5.254213927849298,56.11395648602041],[-5.24571107269771,56.12011472820998],[-5.244348692003003,56.12260570799785],[-5.236232922693545,56.12427609977593],[-5.236013723224187,56.128484615686666],[-5.230465463070309,56.13030839605416],[-5.22095400489086,56.134909000348436],[-5.215648716484722,56.13852280871725],[-5.209714171503336,56.140492325261484],[-5.204221499761986,56.144313655655715],[-5.193293392364343,56.149115101641065],[-5.185899412430895,56.15027794278849],[-5.181322512084827,56.150007629317145],[-5.174141528551608,56.151591279827954],[-5.163639741585794,56.155809110519485],[-5.147984239955943,56.15737346649443],[-5.146502793807111,56.156532952713356],[-5.13218822480621,56.16161735086147],[-5.123117566215353,56.16814964725412],[-5.117054256590668,56.17106711063953],[-5.11533373507554,56.175286118978484],[-5.108168280409011,56.18033893274361],[-5.105165582901313,56.186958738613555],[-5.106336600599919,56.1951590774272],[-5.104479288436802,56.195619279044315],[-5.104369960858773,56.201546022265106],[-5.098292545011159,56.20506958884897],[-5.094454249514876,56.20867161771884],[-5.090018238347547,56.217479749566806],[-5.082850310093116,56.21966698493668],[-5.077155914433616,56.22307648532232],[-5.075299403303645,56.22797504429532],[-5.070586470643057,56.231188991841904],[-5.071977264308789,56.233602165345204],[-5.064539074319677,56.23760719172471],[-5.063560510510712,56.239298925199826],[-5.053033453693444,56.246421644301726],[-5.047761985535342,56.244835726160936],[-5.046963164433595,56.24047326907838],[-5.047691674980189,56.23603270273815],[-5.045598416286435,56.233657265278865],[-5.034274588169393,56.23536505347702],[-5.022362618680557,56.23965701349813],[-5.009573982365789,56.24227471882551],[-4.996859668884096,56.24235439589718],[-4.978871116452291,56.24944994748293],[-4.977377837396463,56.25069941334232],[-4.967247512261973,56.25447107423469],[-4.948975113946974,56.25875545192351],[-4.94143903205783,56.262615823675745],[-4.934731319438261,56.267609319968415],[-4.929258383233512,56.26897861976552],[-4.926166428705345,56.265868943452816],[-4.936312001914813,56.2578028750259],[-4.943618850903422,56.25714375095022],[-4.949618059267677,56.25106008365964],[-4.958937756579575,56.247025226107446],[-4.963791843819658,56.24685053006472],[-4.969781429591403,56.243682938831526],[-4.973840522228331,56.23986305919969],[-4.985576926561233,56.23469916618488],[-4.994714286894358,56.233902842500065],[-4.997468328674844,56.231970874482954],[-5.004404741939937,56.231415940312054],[-5.0215332817254,56.22741355761336],[-5.030504867128688,56.22444683775775],[-5.045557980285388,56.215671040250875],[-5.055851058958027,56.21072007028818],[-5.061895036711909,56.20671856173529],[-5.061477195377686,56.20431081076084],[-5.07109473470009,56.19702453703953],[-5.080799621558459,56.18192808002257],[-5.085900747321142,56.17205271498554],[-5.083108455289629,56.16719450896457],[-5.084220261475008,56.16611139871973],[-5.100597422714453,56.15700311605108],[-5.11861967368678,56.15024396190741],[-5.124535817709589,56.14872795104695],[-5.136326194774668,56.142630698644965],[-5.141945583142176,56.14158433183374],[-5.152339535931527,56.137955400153885],[-5.162543124976477,56.13875244177451],[-5.174385001680501,56.136412278472235],[-5.181765930406523,56.136015449714456],[-5.201674247244465,56.12939743264222],[-5.206301788845814,56.12413872096398],[-5.210421603522891,56.12230106363858],[-5.208598620621906,56.117903028202406],[-5.211815705089837,56.11595843224222],[-5.208277596432116,56.11327713497204],[-5.210581367998298,56.11041687877429],[-5.209521982937621,56.107936287343826],[-5.211259358524422,56.10446145793345],[-5.215959517004313,56.101799384677506],[-5.220303518834053,56.095941530293125],[-5.23058308248963,56.09175311126492],[-5.238295020491645,56.08688509243578],[-5.244036956240186,56.084230484598166],[-5.244728400827515,56.081461367551],[-5.253785855837816,56.07734352632945],[-5.264103765327336,56.07180806302979],[-5.26585425699621,56.06782317693513],[-5.27036148507247,56.065235934409664],[-5.270253040027818,56.062155230433476],[-5.284484665617808,56.05520062826983],[-5.291022841411971,56.04803196985382],[-5.293825904853787,56.04266643071277],[-5.293602786321391,56.03779077826812],[-5.303722590049409,56.02691423500934],[-5.301850602461906,56.023907773233894],[-5.31038411268216,56.017832491922135],[-5.312956213285362,56.01394703519037],[-5.320261873955324,56.00903501637581],[-5.326124360296705,56.00835093776514],[-5.338793962706339,56.00975229625501],[-5.333565503729437,56.003645694466805],[-5.333831707191313,56.00068520257904],[-5.3421469440974,55.995726504615945],[-5.34248900189881,55.98901049463306],[-5.33991498370815,55.98538983123908],[-5.339684483420988,55.981139183177],[-5.343293765250145,55.97929710303909],[-5.347932569546772,55.97323291894193],[-5.347598295091752,55.966751877879695],[-5.342563896279115,55.96490092785394],[-5.341875846776697,55.96296420983117],[-5.334709083039686,55.96200782557763],[-5.331291966387513,55.95889530841725],[-5.332447889347367,55.95323607737549],[-5.335283585136936,55.94801678642487],[-5.3413812124516,55.94297769606484],[-5.344137893796097,55.93822062676737],[-5.342279120264063,55.93234108668515],[-5.346308670014268,55.930226703591295],[-5.348506330547189,55.926467364081255],[-5.348195811829547,55.923612376978944],[-5.343542034847758,55.91801208096486],[-5.351012543324453,55.909973683469545],[-5.351009979099705,55.9080902668393],[-5.346887356363678,55.90566273517683],[-5.348392046915633,55.90210384416266],[-5.352979864943718,55.89819209528262],[-5.34696106845026,55.895937634780374],[-5.346200485531633,55.891382229038236],[-5.348225644776464,55.887686900278055],[-5.345626259214227,55.886759723802925],[-5.341283861901377,55.889351946046574],[-5.33641450305872,55.88753056466538],[-5.337442968312091,55.88330326492055],[-5.331389253866775,55.8852663977186],[-5.327812781531818,55.88478336691167],[-5.323948767285993,55.88028484119022],[-5.327018977123871,55.87760719524036],[-5.317292473983797,55.87828445679918],[-5.318982678056993,55.87536104616721],[-5.316638506306435,55.8711107527977],[-5.313585384862018,55.872059744423815],[-5.310273380507288,55.86948334364587],[-5.314086190711784,55.8644880994646],[-5.317784556825223,55.85707652141394],[-5.31091313788551,55.855126604406315],[-5.310812986464815,55.85216699710241],[-5.301678971413004,55.85178787025083],[-5.294378330053665,55.85657868198953],[-5.288299792803958,55.855257154843294],[-5.289620502520546,55.847251977681324],[-5.28339664871998,55.84905462538877],[-5.271845727369695,55.847097128010226],[-5.267201913878045,55.8485422140249],[-5.258673768704087,55.84837754792808],[-5.25228637676494,55.84661835188673],[-5.250779471385231,55.84149339577767],[-5.247838318108415,55.83975515699292],[-5.241189418913436,55.83943623751322],[-5.236466281019536,55.83816275739569],[-5.232480355062768,55.83893292876771],[-5.225895659367672,55.83716859686545],[-5.217162044148075,55.82679382893862],[-5.20911371502598,55.8257412050298],[-5.204065775559933,55.82650224078045],[-5.200965231979698,55.82870917423839],[-5.199896391480665,55.83329041557836],[-5.201433781698947,55.84003778597512],[-5.205060608370413,55.841979481954965],[-5.20777367292512,55.84882198004002],[-5.206253219143736,55.857226797999274],[-5.211041586570944,55.858113180906045],[-5.213363614730822,55.860196610825604],[-5.21698945484555,55.866731887020684],[-5.219673440322601,55.86805956945704],[-5.224357822938376,55.87557380584421],[-5.239783057155392,55.89122273974584],[-5.24106257630933,55.894286097847655],[-5.239193194316022,55.901892382797925],[-5.232394952821637,55.905384964979106],[-5.215210452143333,55.91624571514255],[-5.207114367314744,55.91606054142072],[-5.205265233670403,55.92140557258219],[-5.199165709294561,55.93191073691502],[-5.194682203599803,55.93512421149146],[-5.195976485751301,55.93819660119093],[-5.201559222689157,55.94218234311779],[-5.202334066271249,55.945065912717965],[-5.198789027858495,55.95257921297646],[-5.199823614359734,55.955599881384714],[-5.196202094846311,55.957055923702846],[-5.185762773227989,55.95765015375147],[-5.190270440524469,55.947100739972996],[-5.185847014570049,55.94337666178017],[-5.184881335559058,55.940884505860716],[-5.178180956024805,55.93799218928831],[-5.176823071607543,55.93529884411894],[-5.178710525436085,55.93321841054467],[-5.173304162337301,55.93202745187523],[-5.1663802840147,55.93234963535766],[-5.162463357515347,55.92840497145875],[-5.15984332433625,55.92887232068268],[-5.151471087548254,55.92198603920647],[-5.144862563936284,55.92070688155993],[-5.13483133324968,55.91543872157183],[-5.120502248743161,55.90690328123263],[-5.112238679742251,55.9013413034288],[-5.101864710661162,55.89863139469458],[-5.098170449985612,55.899395124627695],[-5.089083856998416,55.897403250833214],[-5.078225060655043,55.897261986452875],[-5.073813165559334,55.9009501529121],[-5.073019097147031,55.90608051885099],[-5.075857212649819,55.91594747203878],[-5.07592097229093,55.92079121001667],[-5.078179588298775,55.923431564528116],[-5.080996000732962,55.931478578261],[-5.082017979330333,55.938293983328926],[-5.08740145691765,55.944051641751045],[-5.093582800065924,55.95436467381677],[-5.102880091348503,55.95871531047581],[-5.104808563120288,55.96288277488535],[-5.109890815544602,55.96410293158991],[-5.114999386059494,55.97092720896893],[-5.116986961334221,55.97172192909403],[-5.117758317544872,55.97881314538525],[-5.119977045453687,55.98396191107279],[-5.128518052443824,55.99598905821925],[-5.128750500865109,55.999259856734575],[-5.126021891452869,56.00599040633415],[-5.121282703790822,56.00531948981133],[-5.120209757330718,56.002461024839064],[-5.123393657098119,55.99937332943489],[-5.115446834668703,55.99272454490879],[-5.110323813031016,55.98246661193163],[-5.108194538148322,55.98001229309009],[-5.105924812601737,55.97150703911958],[-5.096275880457369,55.96410449440672],[-5.090075565431037,55.9637299011664],[-5.083490965984288,55.96144537969782],[-5.069421620605472,55.95246150891721],[-5.06692793354897,55.94625805972592],[-5.059607526735033,55.93367982023614],[-5.060625006349479,55.931353222694376],[-5.055984525093155,55.9269244103329],[-5.05616417314415,55.918330551114295],[-5.050399603467907,55.908023432088626],[-5.048088923735019,55.89652931005952],[-5.048299517663408,55.89124190088027],[-5.045698894041639,55.886697456683095],[-5.040799299923089,55.88178733593316],[-5.043374176483322,55.87455815640541],[-5.041391301527436,55.871511263714495],[-5.034659201323501,55.866972556292865],[-5.031712874982277,55.8681824120841],[-5.022007637852621,55.867983583355134],[-5.020806272456729,55.864846152615904],[-5.010438022686476,55.86544567941433],[-5.006014293771766,55.8640338291657],[-4.99954255112465,55.864001330349694],[-4.992890010060956,55.862263119010535],[-4.990335243623094,55.862860150752006],[-4.980366660907152,55.86041261131285],[-4.97527302027583,55.87291151712065],[-4.974518792821217,55.87688773190466],[-4.971717841967918,55.87940502006212],[-4.967529755144744,55.878609936583906],[-4.965477156046287,55.88530427532826],[-4.959652274949817,55.88788785610614],[-4.959336738801379,55.88973014299593],[-4.950893622349966,55.897660987830996],[-4.947731667721261,55.90762393713622],[-4.944948795787305,55.91074688440974],[-4.945566303449783,55.91475112625283],[-4.936065505151556,55.929650178446764],[-4.936268959623371,55.93250743930857],[-4.933105745030776,55.94154133866035],[-4.930594790560935,55.94411177986856],[-4.923249103527269,55.94477187242196],[-4.923107930869507,55.94923015833575],[-4.91039671095655,55.95894727844479],[-4.907537801575917,55.96891882103465],[-4.91088831668985,55.973812317233076],[-4.916329215965837,55.97673260942752],[-4.924875628248721,55.97923826229391],[-4.93099080732435,55.98248439156877],[-4.934544332060402,55.981220405149074],[-4.947947587992394,55.98350706833642],[-4.951387432460532,55.985532598729556],[-4.952748121467616,55.98956032521121],[-4.949239425863155,55.9924885276489],[-4.944064433486089,55.99260065967569],[-4.939244167311385,55.99451179137583],[-4.926629705511457,55.988913640119065],[-4.919792287115683,55.98851682162372],[-4.9170597931708,55.986432323056],[-4.906222771980117,55.98450602087752],[-4.899848420397483,55.981757368173184],[-4.895326764413833,55.98570013485895],[-4.894249994488892,55.998407737777136],[-4.897631131497935,56.005214667710995],[-4.896399747667171,56.00691644935299],[-4.900694944963546,56.010555696454304],[-4.901709382473064,56.016781763900134],[-4.898648343950482,56.020260573035635],[-4.901999566461299,56.02331879996464],[-4.903516850022746,56.02898647073386],[-4.906596645199201,56.03268917932209],[-4.905627277537907,56.0359165523453],[-4.911222249029761,56.04984125266493],[-4.905901502696309,56.05234433954871],[-4.904405289257811,56.05596343738344],[-4.897883184853723,56.05853041417088],[-4.893979912640027,56.06207379882982],[-4.887788378874094,56.070155162889165],[-4.885751267910618,56.07424509692341],[-4.882734242833613,56.075100379198055],[-4.881769825556761,56.078562903170464],[-4.878743134026336,56.080844811667575],[-4.878403138142136,56.08352598657203],[-4.874016033199411,56.08641478481126],[-4.875516338558902,56.094158625584946],[-4.884422179545532,56.09625361078107],[-4.887469632371768,56.09938949053692],[-4.892795283800125,56.100772129860246],[-4.902417951207028,56.10575239042123],[-4.908678936362824,56.112090334514996],[-4.907354156066962,56.116002001933715],[-4.910438125350401,56.11763716604663],[-4.91019613700816,56.12167433081837],[-4.907885859456115,56.124749011653925],[-4.90673532940226,56.130079469062345],[-4.901423998693024,56.13328307889804],[-4.899752217875265,56.13972232695765],[-4.901098144313548,56.141025524843],[-4.899737214955827,56.145826035233405],[-4.90078832599743,56.148021564224614],[-4.91085122490707,56.15598697955622],[-4.91300742541523,56.16144715962652],[-4.916766428717307,56.16422045529044],[-4.9126018098451,56.16793764869323],[-4.901793192886272,56.169028968363406],[-4.901575791716597,56.1650170014988],[-4.898632410805845,56.16264298820201],[-4.896262565966087,56.1580837738101],[-4.887272506712887,56.15062603448222],[-4.88295571736602,56.141865848816536],[-4.885168148154463,56.13160574206868],[-4.891380953705402,56.12506850121801],[-4.890960074833793,56.118176833603],[-4.886691958767191,56.108652560575685],[-4.883168353524573,56.10432150932855],[-4.874038928699402,56.10436373296136],[-4.8695357025986,56.10339620769423],[-4.865626015874012,56.100674535250384],[-4.861676279361251,56.10022150536109],[-4.857763743982194,56.103695515458185],[-4.853787319965009,56.111702022609784],[-4.847095330055513,56.117908619386576],[-4.839478938596876,56.12289028177256],[-4.832905163292481,56.12295147356525],[-4.828549563070361,56.127732592314885],[-4.829089261430852,56.13006172749368],[-4.826304274709242,56.14103575845966],[-4.821302354691427,56.14428716860525],[-4.819375078329833,56.14839580069703],[-4.81709959821749,56.149492208211086],[-4.816640274723198,56.153116074249574],[-4.810853967223206,56.157126478686315],[-4.800120846101305,56.166880136340644],[-4.790719697705802,56.17763183534917],[-4.789658756408214,56.181997195864774],[-4.786362839801377,56.184884944174435],[-4.780579688394749,56.184592788787626],[-4.777053268298026,56.18608777536835],[-4.779485208779309,56.189961000169006],[-4.76842650680198,56.19554386361914],[-4.761531410310695,56.196399243438876],[-4.756274875929272,56.19937757954046],[-4.752460901781338,56.20379853310195],[-4.747604326387627,56.203082385797046],[-4.746746697074831,56.200515530566776],[-4.749975972716747,56.19848426726007],[-4.749467356078348,56.19574877128683],[-4.758826101490422,56.190495939517746],[-4.767993748863766,56.18707756501238],[-4.774896648457087,56.180217401960164],[-4.780903967924603,56.17637910530231],[-4.782039654667193,56.172812108143226],[-4.788275313026913,56.1644830570312],[-4.793354736157784,56.160738743821376],[-4.805461505873582,56.149217912193286],[-4.811687076730505,56.142303462751954],[-4.815218908107367,56.13688382641704],[-4.820001527013389,56.12734934269288],[-4.819855254059589,56.12528623212261],[-4.823765527783195,56.12113582661922],[-4.828121818843402,56.11855704136016],[-4.834841689869167,56.11644695055073],[-4.83909620321408,56.11348628408305],[-4.845512352065612,56.101272228001534],[-4.850173542495278,56.09823344685999],[-4.856696872923295,56.08797935173459],[-4.859304846416723,56.08581468286187],[-4.864026081913734,56.07886118474693],[-4.866301934213151,56.07390589614165],[-4.880192110922018,56.0581413965766],[-4.88129721582536,56.04948728269386],[-4.877229088570886,56.04517961750499],[-4.871120119636667,56.04321509876494],[-4.868330333877614,56.03828051282843],[-4.866647358986613,56.02393400163943],[-4.868221158794478,56.021220523628095],[-4.868303164965964,56.01650847420218],[-4.866204337200788,56.012312777748015],[-4.854748905234547,56.00368243006147],[-4.852851090287528,55.999419847572376],[-4.854933027806799,55.99424445994365],[-4.852245996942623,55.98870852192252],[-4.847645811908587,55.986470677883844],[-4.838420204406455,55.983575276145395],[-4.82715154903573,55.98306942904309],[-4.819325647287443,55.98434805681074],[-4.803260976307918,55.98195416678373],[-4.796967988531415,55.984617575792385],[-4.785137863471677,55.9857960903885],[-4.780810771070502,55.98761245593463],[-4.771618078955334,55.986831776172075],[-4.766382067308174,55.987674842849856],[-4.76495544977073,55.99017332678062],[-4.769537275876741,55.99394267347823],[-4.766468789217279,55.9964484011974],[-4.769000216269904,56.00035547690408],[-4.774631139866975,56.00385479372964],[-4.784813049789564,56.00087100982239],[-4.791009776799118,56.002585164653986],[-4.791459730129917,56.004996506036704],[-4.795661700651459,56.00788727501071],[-4.795466990561593,56.01316082746387],[-4.805028193642369,56.0136833648148],[-4.811473165221798,56.01746726146048],[-4.814751345320563,56.022662500404486],[-4.819105921196178,56.02589958692413],[-4.826921814568716,56.03520817008511],[-4.832742029898576,56.04558686358125],[-4.839596889147428,56.05507225829313],[-4.841385857927687,56.059778860301485],[-4.839668609633726,56.063645776381684],[-4.839370431262942,56.06867728455077],[-4.836491889708639,56.07350029574071],[-4.837501563258205,56.077132735649194],[-4.832162225473662,56.07840239234983],[-4.828837562503881,56.077055789037345],[-4.826748372462947,56.068856659466945],[-4.819665114968014,56.06683457229944],[-4.816574275768631,56.063410435469436],[-4.81856926219422,56.061093443094144],[-4.820049167282628,56.0555999277832],[-4.819136476239627,56.052890946893605],[-4.807545717083972,56.04323912625648],[-4.804048306527762,56.03780059712545],[-4.794508365335025,56.02808928298213],[-4.788193780335298,56.02473480184556],[-4.785271620522884,56.018909742107866],[-4.784565716044608,56.01488082616172],[-4.779328378096402,56.01468353764376],[-4.775184240531477,56.013038529677615],[-4.769039662028545,56.01358930421032],[-4.762804097606723,56.0094552095602],[-4.763062923798215,56.00744137363385],[-4.756748458990064,56.00492220297413],[-4.739500446461657,56.00227776610639],[-4.729694314928959,55.999817748313994],[-4.722028384453065,55.99889884460654],[-4.709589123590598,55.992635782266646],[-4.709219468300192,55.99026468809633],[-4.705452679238704,55.984369294004416],[-4.702984676160436,55.9742585169089],[-4.705336223669627,55.96996886748061],[-4.698963579013533,55.96653939728922],[-4.690324470057362,55.96703042483723],[-4.685609339700163,55.96041544020486],[-4.67041773133379,55.95741742447832],[-4.666458101464919,55.954777969519085],[-4.672143865552624,55.95324355380931],[-4.681124462918671,55.95291351771846],[-4.691172252346807,55.949036060809625],[-4.67566707098378,55.942434963519986],[-4.669250343910551,55.94181922181426],[-4.677322111559556,55.93492786386025],[-4.685439097239204,55.93594653384875],[-4.697407547298774,55.938687907339194],[-4.705418668757249,55.93878898401727],[-4.696896380476328,55.95279829659166],[-4.724678677432696,55.958083100044306],[-4.73394302552872,55.96010511642583],[-4.795893036059901,55.97214871782524],[-4.804472971970484,55.95907749544153],[-4.812159957370616,55.95764835968965],[-4.815300041241069,55.962054794815245],[-4.820933410477616,55.96210751161754],[-4.830675650777251,55.955951537858226],[-4.844730935158744,55.95261655447507],[-4.854239136634262,55.952024467221044],[-4.858367525885256,55.94947930299346],[-4.878932799043191,55.94269008953533],[-4.881359212824043,55.936328511127556],[-4.881121983311178,55.931647239820194],[-4.877433257744649,55.92813614306746],[-4.8813960540298,55.92078487746879],[-4.883966091344909,55.912759563472775],[-4.880493682582048,55.90854055455757],[-4.874870007506161,55.91169323051984],[-4.873147751529141,55.90851180741085],[-4.880784082233208,55.907515306551645],[-4.882648490669476,55.90227871331532],[-4.896269263518429,55.89564316308075],[-4.89859810051675,55.891392237790626],[-4.894086827185282,55.88380654109516],[-4.889735803264037,55.881707415446975],[-4.889934193852152,55.87572954731786],[-4.891243933923361,55.87188382152948],[-4.891242646054762,55.85849285872525],[-4.889746707209776,55.8452179188498],[-4.892556210618828,55.838520618712046],[-4.890011829515198,55.82858369183844],[-4.88846166590463,55.81862155538952],[-4.883405820256749,55.809806897867894],[-4.878675992234574,55.80587179476111],[-4.878495049785105,55.80270828782909],[-4.873320994005331,55.80162574516814],[-4.870469583336464,55.798250492446165],[-4.872441716802971,55.79088195514795],[-4.868647699063821,55.7891898774695],[-4.863412644067366,55.78474918502988],[-4.862743760464896,55.781504455964956],[-4.860177966684089,55.779730461803275],[-4.857132971035133,55.77204289358513],[-4.857679048611987,55.76809029448852],[-4.860952524334162,55.76350068353463],[-4.85702080393535,55.759710741185955],[-4.857574429425255,55.756930135101435],[-4.869486040583257,55.749525852168816],[-4.874994561541636,55.74875338754728],[-4.886266143113319,55.74559447215613],[-4.88363034706835,55.7440203858647],[-4.884830817905688,55.73926211859926],[-4.88993325442242,55.73933358961179],[-4.895314854490168,55.73698108737705],[-4.89300414251514,55.73342642240132],[-4.901875364012009,55.732020598130035],[-4.904869326533573,55.73029309193188],[-4.902145410451776,55.724546942048384],[-4.904988312329997,55.72195105011574],[-4.902432029239223,55.71677984903908],[-4.90356954553138,55.7152211950467],[-4.905601794497325,55.698829930888955],[-4.900218609549379,55.694577772648415],[-4.89192834575712,55.69477254622869],[-4.883297439450895,55.692353541034656],[-4.880837235643698,55.68781520217664],[-4.87410144455545,55.68740326920349],[-4.863633838833717,55.68243707419391],[-4.860465781000383,55.67441814262152],[-4.851536895276514,55.67203268911727],[-4.851328333212708,55.66971386871064],[-4.846746363722374,55.66601882942588],[-4.842958632615422,55.66615702349041],[-4.83567284733543,55.659889549336796],[-4.833273748977171,55.65659568016723],[-4.832393372874281,55.651322345941786],[-4.826857525764066,55.65003881752703],[-4.826511119350255,55.6479244789181],[-4.820388384508817,55.644859077803055],[-4.820426639881257,55.643424440609465],[-4.826573287368519,55.64032096188398],[-4.823801161768019,55.63651953048786],[-4.815452988016942,55.635605894557735],[-4.814225238369819,55.63745258079448],[-4.807445850627873,55.637474990383815],[-4.802527502893405,55.636187037904],[-4.796981545082694,55.62983710727912],[-4.789911104500589,55.62787054001198],[-4.780238509793238,55.63188098086695],[-4.776703309164645,55.632264940537866],[-4.757865943242123,55.627579990167575],[-4.750971719427946,55.62460228751917],[-4.739327649919645,55.62178796205207],[-4.719405270682525,55.61439156377178],[-4.712372178072416,55.61226874626355],[-4.687903266699318,55.5991467987173],[-4.681918061836939,55.595006538477],[-4.675567814581246,55.589309054565],[-4.668992212909396,55.58215821879786],[-4.66454554324349,55.574756710432716],[-4.662047606414951,55.56856033824067],[-4.664323536064663,55.56274733322224],[-4.663785794590442,55.5577110078719],[-4.666563233470005,55.55266545237556],[-4.671278881148044,55.5490660728609],[-4.677758476741773,55.54801038251336],[-4.682532825037677,55.550319338555546],[-4.687078226728728,55.54877967751839],[-4.685913484891692,55.54530412808712],[-4.672412576376566,55.53921310259284],[-4.665529364109252,55.54032854823261],[-4.660009551401702,55.536899881232664],[-4.65781213235817,55.53179620867869],[-4.652198407792893,55.523932448852264],[-4.647024689876218,55.52378647192377],[-4.641387175541251,55.52168536991893],[-4.631918415776301,55.514731713710894],[-4.626556252967442,55.50855400566653],[-4.623069686432706,55.499336390582975],[-4.623013944797359,55.49549945565203],[-4.625327606341652,55.492722681776],[-4.629582705905587,55.49062322684437],[-4.630278594229602,55.48645821125083],[-4.62843604251943,55.485033572877306],[-4.62945446604913,55.478654015938076],[-4.634725769908733,55.47307455573244],[-4.641748975302706,55.47326734050835],[-4.641229505850638,55.471369363617015],[-4.646456373398546,55.47014538055319],[-4.643964825804546,55.46798175520911],[-4.643795913701983,55.46434949605042],[-4.646233627007667,55.459671214821576],[-4.645067002749665,55.45751132201004],[-4.650016185528875,55.45441724603233],[-4.650719299419435,55.451318909448396],[-4.661839109739383,55.44321587870865],[-4.6787491258521,55.4395279288704],[-4.693921367685129,55.43411861348319],[-4.703179144575003,55.434925489114],[-4.713295690291996,55.43375035241149],[-4.718282951497414,55.42962785327314],[-4.724479755941063,55.427222915061826],[-4.734959565890316,55.4261259515448],[-4.745994304223783,55.42171669211596],[-4.753848999705927,55.41654033350479],[-4.757216079636696,55.412703445445246],[-4.757738779262594,55.409798109823136],[-4.761943275575332,55.40602128053903],[-4.767272528442657,55.40397257768303],[-4.770694961711317,55.4002149334424],[-4.773502350242596,55.3879594231379],[-4.771196872837695,55.38340214534021],[-4.774258734261448,55.37887489921154],[-4.771368528344013,55.37342024797748],[-4.773280313552468,55.36737743356575],[-4.775952521175589,55.362691747320355],[-4.782030759300113,55.360028324689225],[-4.788727513812851,55.355940050106746],[-4.796902382689097,55.35294210342473],[-4.805695819230978,55.35096674434582],[-4.812538496883074,55.34701128758584],[-4.810357960760687,55.34591446200509],[-4.811825738574837,55.33915931011602],[-4.837309910529242,55.331302547757545],[-4.840496044316168,55.32972719884331],[-4.849205320590905,55.32290073742677],[-4.842927950028685,55.31989182525542],[-4.840217895230857,55.31244062537169],[-4.842639164683625,55.307335746878245],[-4.840212070579695,55.30338835646666],[-4.842894146292934,55.300526566283416],[-4.837907934242099,55.29603734329419],[-4.837503076126842,55.28617453863503],[-4.839658127946505,55.28086466975824],[-4.838562317920625,55.27806748880536],[-4.846241028192841,55.27375610270782],[-4.848323566690016,55.26752452323363],[-4.850875499346339,55.265941181470225],[-4.851089101306878,55.260815776164094],[-4.854115985020948,55.25576658424762],[-4.860003164618808,55.251725398696294],[-4.861201359811905,55.246347615165725],[-4.864927385999818,55.245427694049674],[-4.863515144770265,55.2390063700422],[-4.861041613449164,55.233614076067745],[-4.861808592597954,55.227562273081325],[-4.864933883548566,55.225508459162015],[-4.866337566956017,55.221847265997084],[-4.874099156266621,55.21817563690355],[-4.878722295729285,55.21865715051311],[-4.882414509168131,55.21470165013681],[-4.885187679958829,55.21437083976847],[-4.894869712499708,55.209108834625056],[-4.895034789480844,55.20709571880213],[-4.90456101873859,55.20234721790108],[-4.914144764993909,55.196158200432116],[-4.915372491445129,55.19403421966633],[-4.931026469251657,55.17887491860168],[-4.931317151911052,55.17384980366426],[-4.943190677447237,55.16407918959751],[-4.950999770585438,55.163843483877926],[-4.956142607369673,55.15955913071824],[-4.960039580310149,55.15921814949631],[-4.971586772671657,55.15236438332995],[-4.974686635524653,55.15172323078177],[-4.991748304223619,55.14393167242506],[-4.996845293004041,55.13816420103176],[-4.996187220577938,55.13461944323554],[-4.997102045715422,55.12758736826079],[-4.996342992979455,55.12491172537409],[-5.000091384965963,55.11532045493823],[-5.004564175446974,55.10685830016903],[-5.007494794802303,55.10675175269211],[-5.011896367005208,55.10387573161301],[-5.009320552617072,55.1013997334398],[-5.013139222938747,55.090456797035706],[-5.0165761975513,55.08666408738507],[-5.027242451314327,55.0818627073461],[-5.030689511100126,55.07827159431579],[-5.032921955020713,55.07373252775953],[-5.037771744998341,55.06762312938322],[-5.048715214838036,55.05719757499197],[-5.053642255424393,55.04870584044635],[-5.052396816851117,55.04261023713645],[-5.056500781925652,55.03462628084359],[-5.059542698746699,55.03192461164745],[-5.060874644258489,55.027944343614045],[-5.059332254528962,55.02239119361827],[-5.055266526789739,55.01667222103201],[-5.055023920570612,55.01153136984863],[-5.051015301837874,55.01096676680614],[-5.048948259902668,55.005809655053646],[-5.041699778895785,54.99971514060621],[-5.038366735564969,54.994211055470416],[-5.035861118505233,54.98753996311866],[-5.035496389826388,54.98281479898336],[-5.030332499590694,54.979574131390514],[-5.031489228165019,54.97387421375262],[-5.024662262028717,54.973144426641426],[-5.018274907375759,54.96908593990003],[-5.017595801330005,54.966408432650084],[-5.013971133406367,54.96353882184532],[-5.009677477952236,54.95685764234712],[-5.00656243324682,54.95388979197977],[-5.008192527175368,54.95062014700631],[-5.006663833050446,54.947637287420136],[-5.007922066878388,54.94453598353932],[-5.002989202025625,54.943163862195966],[-5.002584559490439,54.94006327099763],[-4.998805116356687,54.93888364115176],[-4.995866003447954,54.934703846341655],[-4.993874723048805,54.927557259751545],[-4.997652914084051,54.9201793575437],[-5.008405324006038,54.91259276154731],[-5.019009633124207,54.90814373467216],[-5.024126377200798,54.90860616390815],[-5.027425913152268,54.906229629300874],[-5.040710373996677,54.913409032859626],[-5.045011730918429,54.91766871933621],[-5.054153051409788,54.923578616552156],[-5.063840577787775,54.92840333167982],[-5.060930472073352,54.93059932162348],[-5.06537874207738,54.93312578380875],[-5.064529071145172,54.93732682027882],[-5.067136816320184,54.940913759973625],[-5.070560249613041,54.95082539565149],[-5.06866208425258,54.95270558328457],[-5.070193855165041,54.95707752508732],[-5.072445110549817,54.95844827357183],[-5.073357545509686,54.962149895153146],[-5.064832187523432,54.966141203457795],[-5.059659913973477,54.966531395354096],[-5.055520385072659,54.96375327641644],[-5.045824588432918,54.96704985688196],[-5.047493591556204,54.97028857385302],[-5.053962146606241,54.97010637045492],[-5.061435456156773,54.97484949536312],[-5.066916754848566,54.97618118545727],[-5.070173792310167,54.98176467238534],[-5.06978865310122,54.98853156817376],[-5.074205356858655,54.99139033751301],[-5.075123135000156,54.995883884035976],[-5.086682380170461,55.00102915055883],[-5.085254179465547,55.00365195331171],[-5.087807754967834,55.005963274428794],[-5.090530974681699,55.01319787373002],[-5.098438646785878,55.0186003071816],[-5.103574332745574,55.017836377662576],[-5.109090061838143,55.01848660300344],[-5.113087193471905,55.01767136725305],[-5.120488325797393,55.01421357086677],[-5.123296468775456,55.01159714073687],[-5.133747652817483,55.01020434782741],[-5.137921650246912,55.007525369109175],[-5.142884658367289,55.00696020817178],[-5.147993390518192,55.00871423934287],[-5.155961403481306,55.00882499756767],[-5.162553967601298,55.00573260894686],[-5.162373081499744,55.00383310454911],[-5.167821659545782,55.00158114009593],[-5.169292766257639,54.997846776159506],[-5.172678876312207,54.9963451503316],[-5.174006875467777,54.99057001186823],[-5.179575946970989,54.98783611477289],[-5.181675086283949,54.98141047358146],[-5.186031718719334,54.97746368041063],[-5.18448003979179,54.97421467706625],[-5.17987257828678,54.97210383096172],[-5.17881262519665,54.966783055732016],[-5.181479792664667,54.95988490868434],[-5.18345487030812,54.958801066920415],[-5.1873124657764,54.951407665901264],[-5.187396935221884,54.94358089025948],[-5.186037636210029,54.94254845173928],[-5.187551512906167,54.93462753247206],[-5.185696695736792,54.91643404710785],[-5.181126224973728,54.90851973285343],[-5.176571300241894,54.90636254090416],[-5.173014393468186,54.90068350839472],[-5.169971640329647,54.89944766526272],[-5.161989878839623,54.889318288689566],[-5.153647631837524,54.877755693978],[-5.153144958008107,54.87601196580315],[-5.147320396946635,54.8700413796751],[-5.146920611472806,54.865892613779145],[-5.148936702336269,54.862161222073674],[-5.145501473008936,54.859920803230885],[-5.14418369519548,54.85678747391452],[-5.13528232249233,54.850108386503365],[-5.132312329170637,54.85131347673004],[-5.124795983182029,54.84308110604678],[-5.109298280336991,54.83425666640752],[-5.108369879245178,54.83218920102884],[-5.103327526695777,54.82911493298326],[-5.093623867977874,54.828546598085],[-5.089073567761131,54.827570260904544],[-5.084698383155596,54.82392621852608],[-5.079215858818662,54.81713821739485],[-5.065696939296153,54.811582100825376],[-5.053968146136786,54.80931950156658],[-5.051863770496271,54.80597760091159],[-5.045291711693679,54.80286314130618],[-5.040914584242133,54.799434335365824],[-5.043071457591155,54.79353617646586],[-5.039733791720211,54.790984772602044],[-5.036827811648301,54.791403792668675],[-5.030813859808699,54.789607908936986],[-5.028520462356549,54.787400504639294],[-5.021993357622618,54.78451027047783],[-5.01882257658363,54.78189481625627],[-5.013813307293126,54.780422773469034],[-5.008940314235502,54.77768127344706],[-5.007158076167968,54.77493844303148],[-5.001716817890324,54.77177384928014],[-5.001376236958922,54.763712281844235],[-5.006331213052074,54.76272627956489],[-5.004353611056002,54.755133276131616],[-5.002799182944688,54.75395808769536],[-4.98911922308436,54.75003945842805],[-4.988454322839895,54.747491741617274],[-4.990961580972387,54.741638969885216],[-4.992568962473725,54.73484368656212],[-4.986646576444096,54.732207318363926],[-4.980779760190255,54.73308733330803],[-4.972828383163734,54.732279481221354],[-4.970490242019043,54.730793185271764],[-4.961188671541567,54.72950431498389],[-4.958407331295504,54.72444411709753],[-4.964855565128333,54.72147680883149],[-4.966925877260703,54.71890512372391],[-4.959747590692682,54.70807996761165],[-4.955090711142781,54.703739821503156],[-4.949536014727867,54.7016438610722],[-4.949265888007977,54.69969769369392],[-4.961936442705627,54.69555555788738],[-4.96329277073431,54.69380694359441],[-4.968935667417735,54.69197389900235],[-4.97429143997615,54.685333151488045],[-4.969435146191422,54.67818348998704],[-4.963961026787715,54.67634606896046],[-4.967957896010043,54.67324880681399],[-4.964593163632695,54.66752424454975],[-4.964592183268982,54.663871366860114],[-4.95675489983925,54.66271278487708],[-4.951445774037368,54.65849456852938],[-4.942964450645164,54.65454306436825],[-4.933785904552982,54.64820830983312],[-4.930040350297633,54.64734701599682],[-4.92236113659462,54.64310497122331],[-4.917711609282449,54.64240269834941],[-4.909354845819575,54.64307255462185],[-4.903907439696314,54.64024296827371],[-4.89594256834858,54.63887872480933],[-4.887617489439951,54.63837218189095],[-4.881639004771904,54.636198037766526],[-4.879094141361774,54.63413694043194],[-4.861102576933708,54.63353652812419],[-4.854939955895906,54.634364535079015],[-4.852687644386099,54.63721186709264],[-4.859832471770235,54.63862275131813],[-4.865314834040785,54.63800932442876],[-4.874226897539218,54.63902044855279],[-4.876251663617144,54.64177100895008],[-4.877949253767511,54.648112904812415],[-4.881746708519751,54.65320453677782],[-4.881778458642735,54.65674061290238],[-4.877195963202653,54.659411010320056],[-4.87652703313213,54.66798020421649],[-4.872732921162911,54.67076642777385],[-4.871384757989175,54.67502645877549],[-4.867486880466903,54.6772791528766],[-4.864384715165722,54.68083444158617],[-4.865027344784085,54.6838551936822],[-4.876271050862459,54.68894856681397],[-4.880404758831085,54.68929263392441],[-4.884353316565702,54.693543584103736],[-4.892239693551574,54.69376814702304],[-4.895203678114128,54.695439618571555],[-4.896133170694132,54.70016240256885],[-4.901061042128494,54.70091382053534],[-4.904806977237538,54.70486781942706],[-4.901445652618655,54.710472838975114],[-4.906027055248945,54.71521680562773],[-4.909733857979113,54.72301940277948],[-4.909730560916162,54.72596376481024],[-4.914341337975561,54.72943374817526],[-4.913770474770025,54.73515716026479],[-4.916864023744115,54.73697608403326],[-4.914597556455859,54.743016305514935],[-4.923999920847653,54.749454322266914],[-4.926460654492791,54.75348820073584],[-4.926709853081353,54.757027039266205],[-4.931373071881914,54.76250630996715],[-4.935658852504172,54.76432382868025],[-4.933523615653854,54.769107081913035],[-4.936648074433244,54.771346435770425],[-4.936294711109464,54.77496817428266],[-4.934209649866744,54.77621974460666],[-4.935956944579262,54.77940674579273],[-4.939876860256919,54.7817058798484],[-4.943880838711253,54.78757378505868],[-4.944637529425957,54.794279230184394],[-4.951220574942172,54.80155687366955],[-4.947961162733557,54.80614115178988],[-4.93794412557139,54.81531415124571],[-4.925791763072213,54.82271005297093],[-4.910795137035329,54.830784258871994],[-4.894184703609382,54.83782970629194],[-4.871082063087335,54.84654586712474],[-4.86960567414449,54.84615825642453],[-4.848048757280528,54.85163293892613],[-4.837910351812434,54.85314247410196],[-4.825909246795282,54.853094342469],[-4.818552313810732,54.85165172902021],[-4.812362171299799,54.84939324049232],[-4.804596136795009,54.84944618050324],[-4.792629615336749,54.84438128619119],[-4.787067635260358,54.83558591176979],[-4.781156910359772,54.83207437467783],[-4.762253580566252,54.82673028563738],[-4.751347080874555,54.82745457581315],[-4.744752496198539,54.825617257774766],[-4.728990167878778,54.82549825627695],[-4.709466462379234,54.82212885537832],[-4.707059702309091,54.81978235779626],[-4.696629556944576,54.813810973375006],[-4.693989423704961,54.81130672045641],[-4.678496518190832,54.80185757751151],[-4.671705381144434,54.79855271662448],[-4.650019210666633,54.791746191715106],[-4.625818472966748,54.78082645593288],[-4.619844224483201,54.78024282106849],[-4.610418428289112,54.77713800109195],[-4.608238588536617,54.77412491889038],[-4.600324317059268,54.772852095214795],[-4.598012211159683,54.769627725097784],[-4.593266349815008,54.76733544703225],[-4.587385841043909,54.76179866708464],[-4.588320745160257,54.7566457818944],[-4.585288556912641,54.75435886021796],[-4.583649661764644,54.74893096357592],[-4.580445794773373,54.74620351338911],[-4.579879469032761,54.742282720462775],[-4.576330462453933,54.740077606405684],[-4.574957138440408,54.736578466898656],[-4.570540092976184,54.73512695348073],[-4.563126251219876,54.7353891324224],[-4.551347031463236,54.73320603857894],[-4.545717265140916,54.730280635824705],[-4.544401209553284,54.72648242198702],[-4.547088023272065,54.72437552241772],[-4.540619572956273,54.719264242596765],[-4.536480030779639,54.72163333683316],[-4.530343023805282,54.72121508183224],[-4.52619743306207,54.718831319716],[-4.522947524095478,54.711510744125675],[-4.513188072314428,54.708274262555314],[-4.510720604709898,54.70869127753615],[-4.502221399426428,54.704969358868226],[-4.497570677946035,54.702115949564494],[-4.469837631335253,54.69491688297427],[-4.462921385741073,54.69400593804862],[-4.455788501041176,54.6942558994512],[-4.436380301982644,54.68883975479387],[-4.422344422224702,54.68275492005488],[-4.413370913646768,54.680794532519606],[-4.408307757871734,54.67807802265624],[-4.396009711302096,54.67810971040045],[-4.387119848372431,54.67877690969545],[-4.38062156778915,54.68145412695389],[-4.377744759700064,54.68473506539068],[-4.370301394332328,54.68746261090498],[-4.362333207433715,54.692017553689944],[-4.364331005838316,54.69370990460613],[-4.357908902380805,54.696268422082426],[-4.359552486366898,54.69979883899863],[-4.351496498195742,54.70504325089556],[-4.348615267970152,54.71143008228845],[-4.350559999485352,54.71748328629554],[-4.360439874355944,54.71833486481308],[-4.364130535718603,54.722917402047315],[-4.362147422905652,54.72614714446497],[-4.365991946170383,54.7285836641852],[-4.362133403322925,54.73748964983189],[-4.364679053471253,54.741958751042624],[-4.362417189361349,54.74369816144825],[-4.361824355952257,54.74798034322109],[-4.357420313811931,54.751692185301174],[-4.358785119816355,54.75455736853968],[-4.355046860992262,54.758348745171375],[-4.356783787392817,54.76074199311409],[-4.354408026744883,54.76774373806732],[-4.356298663050436,54.76980591718381],[-4.360530814339922,54.77044901017151],[-4.361627803643413,54.77270543424608],[-4.35568571110631,54.776165765848454],[-4.354274372932648,54.78016355190425],[-4.3561847688387,54.781592534986196],[-4.357723075085919,54.78694067144648],[-4.355053355171412,54.78936379463808],[-4.349892645278895,54.788995567503314],[-4.343262243728007,54.79010811481721],[-4.340412183829157,54.79938835587049],[-4.346391149980368,54.80848458282436],[-4.351716328517622,54.811586883792394],[-4.352618132877877,54.81347233219571],[-4.359308317995809,54.81722019711291],[-4.365590856661052,54.82313204770095],[-4.366080101869841,54.82603937146602],[-4.370975467396288,54.83411915250855],[-4.365749965863362,54.83290426157107],[-4.356497405206802,54.82711125402072],[-4.354223127586589,54.82923181052798],[-4.356286295785672,54.833241209714785],[-4.363402363737206,54.8377635109252],[-4.360594035383413,54.839544020349635],[-4.362635632519736,54.84289755845439],[-4.359551409675103,54.844494644054656],[-4.363266663782899,54.850359447354045],[-4.367913307029771,54.852956532118945],[-4.372885556320169,54.85153808962504],[-4.384460393702653,54.85549107391067],[-4.390756347116976,54.86104369897634],[-4.393511128595496,54.86598271277395],[-4.390989151664714,54.87023915118167],[-4.386955496712462,54.87232209887938],[-4.377016026462426,54.86825282398739],[-4.363941780679522,54.86195170689543],[-4.345141350256449,54.8554669538647],[-4.331760465525972,54.84938770674192],[-4.326759211941704,54.84602123696306],[-4.313694828609481,54.83877979786021],[-4.309500641532195,54.83446869630832],[-4.305238524103432,54.835232863432395],[-4.310493897220537,54.839452004196126],[-4.321601547904271,54.84558427641992],[-4.314330065530989,54.84508854053033],[-4.303878087619024,54.84275975582657],[-4.278981489069055,54.8390635058515],[-4.268212446106761,54.836151578864815],[-4.261159161903323,54.83486209215246],[-4.256699536265855,54.835591373414715],[-4.248087397195384,54.83454313426989],[-4.247168052065242,54.83108518160165],[-4.237883773335523,54.82839118636387],[-4.232176359253852,54.827805079875084],[-4.226203639239907,54.82525239159808],[-4.225396753076068,54.82258411450372],[-4.228831666442311,54.81884026457687],[-4.227962711801576,54.81578034317193],[-4.224117442905193,54.81514259136722],[-4.219165329246318,54.81957831583664],[-4.215952208002195,54.819857252964674],[-4.21250321600751,54.81750317698512],[-4.213631888786201,54.812812158276316],[-4.217457576415235,54.809236776100775],[-4.21510185949111,54.80580304262648],[-4.210970134776101,54.80542628388049],[-4.211584421233306,54.80960643620586],[-4.210054883538225,54.81228951431875],[-4.204168771741119,54.81157323545508],[-4.201811004935221,54.80922779779699],[-4.195277267760353,54.80614269124095],[-4.191696627157712,54.807089195375355],[-4.18857554098836,54.80539997176652],[-4.186691537858064,54.80016399620814],[-4.179717029997,54.79242548845154],[-4.174152954387107,54.789819809920985],[-4.171193972589406,54.78670527300329],[-4.164412009223548,54.785585171066394],[-4.161680690867075,54.783890118590186],[-4.159126945420214,54.77933621469834],[-4.154070535694585,54.779347021810075],[-4.152420842796415,54.77756513660042],[-4.141661825768951,54.7757961165166],[-4.133535563035471,54.776763575728495],[-4.125385134797416,54.78299900339753],[-4.124973955095128,54.77762036682158],[-4.115517418616347,54.77534083850263],[-4.110774133330372,54.7715018561499],[-4.110776590109971,54.76910102107539],[-4.10658480921783,54.76726657622008],[-4.098004625323601,54.76617401441475],[-4.090791403742043,54.76619880726547],[-4.091392652458576,54.7683312680544],[-4.089113797540749,54.772979760961555],[-4.092154962160971,54.77677524283069],[-4.088944394207338,54.78236198818993],[-4.091937209708345,54.78656278113786],[-4.090337410525213,54.793596742035085],[-4.088054655217725,54.79768528689957],[-4.081151789724546,54.79777333452494],[-4.077540342652092,54.79315233644881],[-4.071487067967671,54.79192289403678],[-4.067241313307878,54.78952983952095],[-4.065125131603136,54.7829541104255],[-4.065624094462038,54.78114975866606],[-4.056117030086025,54.77567744501895],[-4.054481859332585,54.773296277614634],[-4.048637906116411,54.77204416613243],[-4.047113169685414,54.76996033348106],[-4.040406798126827,54.76931919733759],[-4.030322818795141,54.77200423876863],[-4.016379859703802,54.76946837354782],[-4.006670647294951,54.770680104997425],[-4.004875694233561,54.77166793931658],[-3.98807335228177,54.769086171790136],[-3.984523635633072,54.76805850581449],[-3.966893784081627,54.7705315766444],[-3.959046360222893,54.77372354270263],[-3.957698449352212,54.777296556289066],[-3.952264323142596,54.78078616391718],[-3.941600565916625,54.785081964368324],[-3.937812289188785,54.787555855446215],[-3.926074547710939,54.78856964575862],[-3.922082661661335,54.78992633868941],[-3.908157006569641,54.792492018089334],[-3.904830452488481,54.7960092008988],[-3.886047413008266,54.79996700752314],[-3.883829822768873,54.80095598089829],[-3.873716670176174,54.80148193669465],[-3.868245233027139,54.80580324840842],[-3.865213947387432,54.810490380602175],[-3.856305964841018,54.81468411472968],[-3.853459788825645,54.81350164958725],[-3.843494256774211,54.814270892076145],[-3.835376353333144,54.816392837838706],[-3.833759747912736,54.81853391209826],[-3.824245748260338,54.82380030478914],[-3.82572657821456,54.827572712282574],[-3.819031883690753,54.83546383726399],[-3.81459116027005,54.835189640506],[-3.811528593186405,54.830011645956496],[-3.806811410576112,54.832144627871365],[-3.807459358748817,54.83553237876652],[-3.800984687730207,54.842212145001625],[-3.796638224975418,54.84530269596425],[-3.784965289864501,54.84908969851703],[-3.779042934166245,54.849757194636005],[-3.772393346898223,54.85441567848692],[-3.757830479384004,54.85770737785756],[-3.750312856524346,54.85776828325426],[-3.740601913409876,54.86000822542861],[-3.737934622870372,54.857110121293445],[-3.744074112034507,54.85533244971135],[-3.754429545836377,54.84984462946676],[-3.754276647270089,54.84595963926638],[-3.748586639255905,54.84313863857324],[-3.737132818258543,54.84732947028682],[-3.720720069918042,54.851081736776315],[-3.699572977386734,54.85382854986444],[-3.690982432995733,54.85421805837386],[-3.67121332957196,54.85232111936653],[-3.663625495452459,54.85114454230937],[-3.6509386398255,54.84600599864012],[-3.643375292355157,54.84462112444724],[-3.634682994088601,54.844190173625606],[-3.628443790852144,54.84627369319023],[-3.600038253795119,54.86386661296574],[-3.590704622762905,54.87019058475766],[-3.584655164969699,54.87547792645415],[-3.562922549833316,54.888207233559335],[-3.560920395968245,54.88860236563765],[-3.554808150159896,54.8936849841702],[-3.549123816912072,54.901584784595876],[-3.534537695205121,54.901847194802656],[-3.530762437123168,54.902764804222464],[-3.514440632648168,54.920287869052565],[-3.509859481855763,54.91740962605311],[-3.502947343188676,54.918149561058044],[-3.494713650473117,54.91468585403951],[-3.487771355982133,54.91629435666645],[-3.484425846844558,54.9201359528122],[-3.476645529080842,54.934047623484],[-3.47231183811291,54.940175528367035],[-3.467147540616085,54.94518092624557],[-3.465429276575458,54.94455547471959],[-3.471617377705181,54.93847187619255],[-3.474423964535915,54.933265738207375],[-3.477535892939299,54.92406102619567],[-3.470468623725368,54.92474436520168],[-3.452466953089098,54.93357055141426],[-3.450715732072753,54.932616358678274],[-3.460696654164319,54.927877395541636],[-3.467753300094127,54.92259778909719],[-3.468736454844379,54.917674417663164],[-3.461079206545355,54.921640184166336],[-3.453646087115823,54.92342339782057],[-3.458079976081823,54.91809480616679],[-3.452055723293209,54.91977563373454],[-3.443219368540462,54.920716707534986],[-3.429336716061834,54.92016631396629],[-3.421104406019453,54.92166037606825],[-3.416166708607123,54.92612173116997],[-3.413071653289812,54.92241011629752],[-3.404043514444491,54.926397209965444],[-3.400524246750273,54.931326815716574],[-3.402677969543278,54.936033698803584],[-3.400928154786662,54.94025086694778],[-3.390222979050328,54.949172149644134],[-3.380329520045847,54.954802962155895],[-3.369128000993957,54.957872901728976],[-3.365340912284956,54.95994656665717],[-3.351467620755533,54.96353012812097],[-3.344384325093119,54.96446692728693],[-3.342978163725181,54.96188073475717],[-3.354334713101507,54.96054149508333],[-3.361928568407324,54.958335720730304],[-3.381038085884533,54.94951051261589],[-3.366447904199862,54.9511492843732],[-3.349265900670072,54.95236574487533],[-3.341274456576354,54.9536404867854],[-3.328782504806167,54.957722099775715],[-3.32475364338357,54.95550226034256],[-3.316049903139359,54.959871028540334],[-3.303209738754634,54.961778023900926],[-3.296609484267641,54.96328562963786],[-3.289806249867352,54.963397562577484],[-3.265956291281619,54.960037389853625],[-3.25656656816628,54.95997846769579],[-3.217269255816489,54.962721296400304],[-3.204377506300919,54.96345355942751],[-3.192424930179706,54.96200409145782],[-3.181553734322592,54.958950526074105],[-3.174942660345596,54.958943635096155],[-3.163985846331642,54.954852283009984],[-3.155430606146502,54.95025095202032],[-3.148374247110189,54.949744486849944],[-3.145592699414879,54.95054179838406],[-3.133119486412633,54.962556221692395],[-3.126331217385785,54.96756558449447],[-3.1226859965144,54.971675655681466],[-3.118383490572126,54.97330055934498],[-3.095831377869986,54.971387781654556],[-3.086523582843345,54.96883462010987],[-3.077568281531705,54.967792775901515],[-3.070431491277039,54.970680321481545],[-3.0731987848352,54.97714968411591],[-3.071203578864681,54.982255510541655],[-3.064165202572422,54.98555069018797],[-3.057005954361801,54.985658054660426],[-3.056041455115381,54.98725436861593],[-3.058123937730701,54.99168104709716],[-3.045821367849223,54.99954109946333],[-3.046803035597033,55.004640631188735],[-3.04949725790956,55.009382993767574],[-3.045729973580958,55.01056932058417],[-3.043057329721372,55.013450898174],[-3.040555848839073,55.01866835245789],[-3.039977499773061,55.02272892590268],[-3.036422086233247,55.02200170950556],[-3.030679167102243,55.02440587886866],[-3.032798207491059,55.02870323932795],[-3.031354907329136,55.033174600514734],[-3.025875111228276,55.036458773296026],[-3.036042104838074,55.03934444585028],[-3.039258690778624,55.044513918247176],[-3.043131746245127,55.04708687269971],[-3.053282588815041,55.04974482278934],[-3.050637058771154,55.052904005628655],[-3.04362321279184,55.05497285395807],[-3.034173058119263,55.05541568534621],[-3.021197630498201,55.05488991062179],[-3.00007576588742,55.05246643490719],[-2.958593712658098,55.04929456282914],[-2.954832214778082,55.05493884105157],[-2.948194156488074,55.05550743716973],[-2.94366759245179,55.05819988906209],[-2.936450633419637,55.059618844243936],[-2.940561259922027,55.06179510994127],[-2.943118746543067,55.065089499834954],[-2.942260023723103,55.06786215068474],[-2.935304677045996,55.07104122695305],[-2.926183953550218,55.07056456661942],[-2.917145789371529,55.07526542487043],[-2.917266996128137,55.07796310526771],[-2.913681830270961,55.079069309804375],[-2.910358778651716,55.077101925925376],[-2.899678735711736,55.07705188361069],[-2.896440584407517,55.078284421094004],[-2.892571946416172,55.08519094660951],[-2.892793684322948,55.088043368642644],[-2.886031188694379,55.08667021798634],[-2.886273343404207,55.08933289098861],[-2.882787303377356,55.09111143001184],[-2.88445821571406,55.0954738250418],[-2.877070311778928,55.09506535176825],[-2.871324754849608,55.100422860583826],[-2.872740053706823,55.10158004325243],[-2.871134513031103,55.10601636779978],[-2.863613557590875,55.10671692795845],[-2.861523148957858,55.10805360475866],[-2.852367248702564,55.10840916134059],[-2.850495711099533,55.110846724839064],[-2.844502331234455,55.111938011348144],[-2.846285710287854,55.11480302178439],[-2.841736052609325,55.11793118715508],[-2.840835371242337,55.12259763793106],[-2.832591328069111,55.12150312637995],[-2.826804557656112,55.125939466064644],[-2.826851760815694,55.12723674459615],[-2.832980194512887,55.13264869414517],[-2.825502766975039,55.138314085788494],[-2.819267509369121,55.13839839066428],[-2.812736085768975,55.13618481355134],[-2.796841860214068,55.13886603920514],[-2.79053158051503,55.14134951785941],[-2.785645562692737,55.14162461870931],[-2.781934094340335,55.14572722706135],[-2.769756142244988,55.14996972701345],[-2.760203550195486,55.154840738946824],[-2.74560596005381,55.15879033057857],[-2.734967193557209,55.164532251247486],[-2.733815336372488,55.166683245424984],[-2.724943525049416,55.1686980104179],[-2.71328604958462,55.17213390456642],[-2.705221303399357,55.17241180325616],[-2.700944514067703,55.175444127967594],[-2.699740077696449,55.178032750478074],[-2.689998047982475,55.1887251190283],[-2.687352258464779,55.18967821864401],[-2.68544054314961,55.195244160441185],[-2.681250202933422,55.19860147717146],[-2.683331561542686,55.20189039141082],[-2.666814922998347,55.22158032170219],[-2.659991452771936,55.2198840455757],[-2.647976121864678,55.219876591086425],[-2.638967225215897,55.22268192163962],[-2.634657197082028,55.22546491556244],[-2.634880051316981,55.23047611051046],[-2.631524632539333,55.238600644722624],[-2.629934630192225,55.24496011764112],[-2.62045184792864,55.24717252531014],[-2.614604105954083,55.24566823171264],[-2.612013157489135,55.24768691543961],[-2.624088652606358,55.24949480352779],[-2.644350259195132,55.258218105707],[-2.640972748364323,55.26098558205912],[-2.626656290062402,55.262220937623916],[-2.628190911982858,55.26793255406574],[-2.623650693769247,55.26954185507808],[-2.623332953625139,55.27196427216769],[-2.61370938432576,55.27834718492835],[-2.60937528676553,55.283148470697256],[-2.605196198676976,55.28537438945251],[-2.59849159450836,55.28710936973418],[-2.589266397684681,55.291772974986664],[-2.57961812212197,55.29413841320153],[-2.573358644644185,55.29688797890132],[-2.573704668935131,55.30078618417606],[-2.566347535353286,55.303320381553114],[-2.565214346711514,55.30593330954232],[-2.557090025453201,55.31160922681533],[-2.559426768564458,55.31722722134923],[-2.550425350920251,55.315785489119236],[-2.543104991484194,55.319592290160536],[-2.53076884650594,55.32270888262875],[-2.525108902343649,55.32180873148749],[-2.517698551256772,55.324664596417456],[-2.513712435403775,55.32962537566655],[-2.509938003891074,55.33126132099473],[-2.501888164885226,55.33737528228186],[-2.50225363010561,55.34021953979232],[-2.498808757667334,55.342101771437214],[-2.496177276545031,55.346514534167454],[-2.488519377514233,55.35183429731799],[-2.481133223091342,55.353720015780134],[-2.473439449681019,55.354734888417084],[-2.46753800026469,55.352757450493854],[-2.46122382076929,55.353209178561485],[-2.444765306304489,55.35913776954934],[-2.439127632745835,55.359402583084155],[-2.429230693133029,55.35643483878263],[-2.42636738354057,55.35813774550626],[-2.414996902302542,55.3589218344103],[-2.408018289628461,55.35719228927344],[-2.40085629938625,55.35348700803134],[-2.399244538001396,55.34816653179422],[-2.392978661333912,55.34744733917482],[-2.378911990308368,55.34916940906115],[-2.374959625638009,55.353784031031836],[-2.358389568423429,55.35998710277573],[-2.354872137642261,55.362467491334364],[-2.341101937773235,55.36553577010625],[-2.338973515755524,55.368827691390734],[-2.346233349882609,55.373061007187886],[-2.337240600022019,55.37673343994406],[-2.330536356834168,55.38118891173409],[-2.334632932001092,55.38300004538414],[-2.335797737248304,55.385982745942336],[-2.335512551880732,55.392565450601985],[-2.343370593516108,55.39741466919131],[-2.344947052507932,55.39931336611718],[-2.340304182290495,55.401242997553425],[-2.334052214011889,55.402103091134144],[-2.332998703341763,55.40432179349586],[-2.335629343526754,55.40820801578259],[-2.332366605646499,55.40991070157809],[-2.32735025422437,55.4079654019119],[-2.313253726928868,55.406789312583506],[-2.312545170723194,55.40985518144178],[-2.306687064441478,55.41124840224912],[-2.301785578132034,55.41366063118494],[-2.296279127990702,55.41467868566779],[-2.293804053295422,55.41851876669546],[-2.294513613526648,55.42046510953877],[-2.284233174675097,55.42277176673333],[-2.27796600901095,55.42639654457393],[-2.273893005442298,55.425980731152485],[-2.270647111119246,55.429592930004574],[-2.26224336682264,55.42855815794186],[-2.260611500049451,55.43293396914151],[-2.25376224580943,55.43189708637491],[-2.24287612727952,55.43217439650749],[-2.236634804377731,55.4309619277956],[-2.23128209821045,55.42842929908969],[-2.223352198047754,55.43133287715322],[-2.221135796454763,55.43314208290529],[-2.205624484644412,55.43753879119357],[-2.194716673298052,55.44470456755896],[-2.192052759253203,55.452766897469026],[-2.188425909430885,55.456438588483124],[-2.189637665057316,55.4611657259462],[-2.184413688208491,55.46408498951004],[-2.166536238322699,55.467468507144446],[-2.173723835715326,55.47227105941869],[-2.190658580917096,55.474134526531],[-2.195995603645018,55.47533461582742],[-2.20096452543097,55.47501655220801],[-2.206188293445658,55.482618448171635],[-2.202232992819559,55.48824266614969],[-2.211941484639616,55.499423686695415],[-2.220181944796209,55.506173238339706],[-2.226540663814524,55.507097892310576],[-2.228972410965891,55.50980422248224],[-2.226627867991049,55.51951358405253],[-2.224283559685096,55.52278764301728],[-2.227602549818917,55.52840809291265],[-2.233217386699928,55.529613232689606],[-2.233824115639451,55.540827487262455],[-2.232248855632362,55.54482982149519],[-2.235173059057121,55.548334777917916],[-2.240768982293663,55.55268354120777],[-2.240253475516853,55.55548165837971],[-2.247854134555923,55.55673070607081],[-2.253317794360536,55.56151677275668],[-2.259867300412542,55.56369275191292],[-2.27005545846156,55.57010863101912],[-2.27559352778944,55.57516576504467],[-2.280147947975961,55.577319974975616],[-2.285480271195309,55.57775153670118],[-2.289493740187663,55.58107563227585],[-2.292162174740127,55.58540016401981],[-2.288211058817845,55.59132087530695],[-2.288954635729142,55.59836259786893],[-2.287861261130175,55.60117842533138],[-2.293885532897409,55.604555120589154],[-2.295135062310433,55.60862239178337],[-2.305949578635082,55.612083921717115],[-2.307286497294135,55.611103884235405],[-2.316094270180472,55.62045841694875],[-2.30893485435996,55.62247948481736],[-2.308626258404003,55.628875901276245],[-2.319816500935236,55.62772223827862],[-2.321828422883102,55.6261445672846],[-2.327773809528801,55.627251050053346],[-2.335857894957999,55.63271010638706],[-2.327263885245698,55.63618814858894],[-2.325594683456823,55.63832746486424],[-2.325335829978701,55.642744348642935],[-2.314994815338562,55.643536007840076],[-2.310337525924709,55.646061939490515],[-2.30578994883438,55.64704377278892],[-2.297992504639929,55.64694080047021],[-2.286855912009767,55.64322420389334],[-2.275791132570396,55.64264493658842],[-2.25898323979908,55.64466017553217],[-2.251449513415029,55.643217597290224],[-2.248617313105926,55.64003814897968],[-2.245696209611252,55.63958400625387],[-2.234183872446854,55.6411969445072],[-2.231623337682217,55.64475633541377],[-2.235378013384514,55.646405135406845],[-2.242494461123015,55.64768510147527],[-2.248091687230084,55.651125966381585],[-2.247695302604823,55.65252395155358],[-2.239571838364761,55.655130521064095],[-2.234187372777771,55.65801976128806],[-2.230353433177964,55.66226618941722],[-2.218452892508586,55.664260206737275],[-2.217091966802416,55.667369637950614],[-2.219343928434258,55.67179792694745],[-2.217827740212018,55.67647012129345],[-2.208894595471825,55.68060613340531],[-2.207702623277432,55.68463251396174],[-2.205356553205145,55.6864028944074],[-2.19746657202555,55.68866564001341],[-2.19119585308761,55.696318124194974],[-2.188235528186165,55.696704546716106],[-2.186131068972815,55.70010315110884],[-2.180597838595188,55.703274083768086],[-2.167231304852751,55.70603517018266],[-2.16774420354344,55.708380434859386],[-2.172500287192221,55.71080251349758],[-2.176904060907578,55.71613335051976],[-2.17716134898848,55.71811957377941],[-2.16946498381529,55.72210903306492],[-2.16158188859932,55.72289777340385],[-2.151751685140796,55.722505997456615],[-2.147848293208573,55.72672924785452],[-2.149763650505265,55.73298950133761],[-2.149427115186268,55.73576628812709],[-2.145592326235603,55.73873056787191],[-2.138732845129112,55.740472625499734],[-2.131370286053405,55.73961637075847],[-2.12626189582567,55.73738176740212],[-2.12268815143228,55.737351250560806],[-2.117152344740932,55.739425016851946],[-2.119189697846787,55.74164595014031],[-2.117973678658078,55.74508479537942],[-2.113426200727664,55.74841713404442],[-2.107530504143244,55.747813259227364],[-2.105970597752842,55.75119477720705],[-2.109302523353943,55.75830977180046],[-2.103133803308589,55.76166112181568],[-2.095562477508797,55.762758027090946],[-2.085639369270776,55.762040264118454],[-2.085712947665078,55.767984677228505],[-2.087394299353391,55.77080118367818],[-2.085851680599712,55.78257259199277],[-2.088547853148265,55.78687357833622],[-2.088111377078685,55.79063859312832],[-2.085727409555968,55.792895507723955],[-2.07697437056621,55.79411697411956],[-2.072528568338549,55.79707483506375],[-2.067096948982915,55.798513721440045],[-2.067154106096149,55.80024688778622],[-2.062241849717124,55.80273292242927],[-2.05290493601396,55.8026366817919],[-2.047998352457514,55.804268580069454],[-2.033215857687709,55.81165643959967],[-2.037017909968683,55.813118987365975],[-2.040004181612713,55.817174740069845],[-2.043523154511424,55.818815082459935],[-2.047473210224743,55.82306707915443],[-2.048238437203821,55.82633639556324],[-2.053419365117262,55.83088959369511],[-2.055169953860672,55.837404671692745],[-2.061099613778484,55.839287781799655],[-2.063719567770653,55.84311041646654],[-2.067892837515724,55.84252864492406],[-2.065458862187989,55.84716887527409],[-2.070701361873686,55.85222265687024],[-2.070880952780913,55.85616601518972],[-2.074688210734432,55.85735065690936],[-2.073050718682921,55.86242447817583],[-2.072659727784656,55.86779313351594],[-2.074276921590878,55.87037799331137],[-2.081345713634502,55.87619926864864],[-2.08738232646607,55.875571601147904],[-2.093595173798268,55.877816840251725],[-2.105919050212877,55.87876108192919],[-2.115195050990499,55.88280045230086],[-2.121248949061343,55.88341641875721],[-2.124543670301488,55.885451782712316],[-2.124902191155901,55.888569128283635],[-2.132341825492488,55.89204568468936],[-2.126412677717532,55.89681826280794],[-2.132781121702953,55.90268220593787],[-2.132681351724399,55.9048431316517],[-2.128899900818225,55.909051057331],[-2.132378872615664,55.90994675820577],[-2.13653621170174,55.91628363465499],[-2.143019847850589,55.918256545150136],[-2.149322675405603,55.917978672391],[-2.152449356679954,55.914402559256516],[-2.161792736492326,55.91489564619997],[-2.180527476442346,55.91882210455109],[-2.183839694936402,55.921234103631015],[-2.196669600382574,55.92350726644469],[-2.202934967476856,55.92637852952846],[-2.204316924441086,55.92837084757467],[-2.210446999542372,55.92936143945043],[-2.211964766044371,55.93122136991088],[-2.223436767898514,55.932528139837764],[-2.237065858222189,55.93177393892347],[-2.244419325960389,55.92931206259887],[-2.248149496821721,55.92697842197716],[-2.259161372102795,55.92454684283931],[-2.269503694969639,55.92590911473459],[-2.278944659459571,55.926009318690014],[-2.27983218006146,55.92858592356362],[-2.289850216484502,55.93043240525968],[-2.298978742922469,55.93075193309988],[-2.301913411478661,55.932309894818346],[-2.307522768559459,55.93101475199856],[-2.321165654110664,55.93314246411493],[-2.327386695362323,55.93194365173789],[-2.335726803233739,55.93466957904244],[-2.334292208575005,55.936482119764214],[-2.343570371527725,55.94030019890049],[-2.350330845144577,55.939395215473596],[-2.351786095681612,55.94346204801858],[-2.358805667614341,55.94456844051885],[-2.369002972677826,55.948442124126046],[-2.376899317244533,55.949513406997546],[-2.380723597516677,55.95233450866909],[-2.385591563691929,55.9540821439612],[-2.391485529614872,55.95779578141953],[-2.394092695212659,55.962024657466955],[-2.393481616499354,55.966988887266034],[-2.397048366288021,55.967844449122595],[-2.402419059327954,55.97161495373544],[-2.410165579896652,55.97072233283322],[-2.416468624913056,55.972093783704665],[-2.414254453148919,55.97628455553343],[-2.417914551511547,55.977651330094986],[-2.426409199208077,55.97710196069004],[-2.429419726539953,55.97952545473571],[-2.43727939386759,55.98274395422787],[-2.438110819562778,55.986958423844094],[-2.442614340239144,55.99043286615839],[-2.449435245033186,55.99185108635483],[-2.456802740306913,55.989831142749615],[-2.463117374752888,55.98922892232123],[-2.467071275962285,55.99238020021166],[-2.465280338230825,55.99368078686141],[-2.470413861662616,55.99728032337154],[-2.490521176707632,55.99979391559232],[-2.495463551300387,55.999492894379074],[-2.509342609678994,56.00223230704915],[-2.507617141714464,56.00465991843297],[-2.5113800682823,56.00631550918251],[-2.522008663712158,56.005836977385975],[-2.530481082227712,56.00775589754724],[-2.544978112596037,56.007170749084175],[-2.548258876812822,56.00431976743539],[-2.55320010187962,56.00481794831393],[-2.561614629063879,56.00883746117044],[-2.572761150645723,56.01775659396047],[-2.573842825730518,56.02081714698706],[-2.578620287981207,56.02189369079192],[-2.580926543002506,56.024303340414534],[-2.588169120649907,56.024648226350834],[-2.595580519875544,56.02740246235713],[-2.603169857270942,56.03275105902803],[-2.606748407356167,56.037248335384085],[-2.604118085532737,56.03941215321049],[-2.605730548854687,56.04183281457963],[-2.611908380782987,56.04313660123465],[-2.612787196552598,56.045716236829435],[-2.619893643664003,56.05131328229964],[-2.62728300550015,56.054231947707194],[-2.636337714556023,56.05378134824513],[-2.639026510203287,56.05529756427223],[-2.646755490985453,56.05496715925107],[-2.652136360621628,56.05983373646367],[-2.660973169738351,56.06065924125433],[-2.670196619897471,56.05921878387635],[-2.675574425215275,56.06122456804099],[-2.690258325959344,56.06324054939498],[-2.699525943319057,56.05903037941601],[-2.70627965988507,56.060497813973214],[-2.711482898436039,56.05998189356036],[-2.717520034355678,56.06304312286522],[-2.721342459879282,56.06012686425256],[-2.728297062764844,56.063341179888404],[-2.742698621195958,56.064033400680216],[-2.751604417723547,56.061077395069454],[-2.757381857742166,56.06202768389433],[-2.76849410262987,56.06512607570017],[-2.770757933898588,56.06790440571561],[-2.773910994227379,56.06790892801589],[-2.779321900138567,56.06518484459555],[-2.781417601627415,56.06660106040567],[-2.78835684707188,56.06679231782787],[-2.791922646744782,56.0652330936497],[-2.80151727595197,56.06561228924838],[-2.807712505420249,56.06333199315951],[-2.816190956300831,56.06592939587377],[-2.81767277712484,56.062714720870254],[-2.826277575688611,56.05445519856733],[-2.83466796192975,56.04988925859396],[-2.84157332060762,56.042311277390766],[-2.84508383204179,56.040846111613696],[-2.854541018224914,56.03939549275514],[-2.861232234614426,56.03946126172351],[-2.866061379798918,56.038011437179236],[-2.882434318553319,56.02735345511054],[-2.898503375346301,56.01504576862237],[-2.901719857029145,56.011276406023846],[-2.903502392170548,56.00394853060974],[-2.900767949272805,55.998761610633245],[-2.901328677673816,55.989713797368175],[-2.905880348804136,55.98302679080271],[-2.919735062272831,55.97691655995678],[-2.92546606601287,55.97687454826815],[-2.932615336062917,55.975104444255315],[-2.940199153612866,55.97714127756771],[-2.944869548463662,55.97546392151563],[-2.948946334690514,55.975540405361606],[-2.957311522761203,55.9734243424858],[-2.960253598528435,55.971815558647194],[-2.971341032832092,55.970273014138996],[-2.977083767682109,55.967557214255436],[-2.978338599807606,55.96471426054086],[-2.98209833700323,55.96160965676292],[-2.991826623813364,55.95817399006208],[-2.999932805301693,55.95624584212573],[-3.006353012292492,55.95597251727038],[-3.011942177225829,55.95257529040497],[-3.022108166981897,55.951535330699535],[-3.047089814415226,55.95727806625876],[-3.051760119292243,55.95745031859448],[-3.057171812296703,55.95567165901166],[-3.06619499573514,55.9507616900625],[-3.072438833481358,55.94965891132889],[-3.081223556093101,55.94930265470175],[-3.092346119443364,55.94974629820572],[-3.101511938687973,55.95289661133502],[-3.124952040644027,55.963868551496155],[-3.131037244074359,55.968191306135026],[-3.145883818531587,55.975014953526],[-3.150073450688579,55.978610498032126],[-3.149674348612157,55.98060718091174],[-3.155672386712578,55.98079995368321],[-3.158733108672316,55.98282526155316],[-3.158384969612572,55.98694116419901],[-3.163185966661865,55.98524260974783],[-3.17804632866487,55.98947373057624],[-3.181785614918132,55.9915036745345],[-3.184989549034365,55.989492510568105],[-3.195646957227742,55.985215814780005],[-3.197292599707923,55.981625461080476],[-3.200141670901065,55.98125002042902],[-3.216777652294795,55.98150737297631],[-3.216164669463081,55.985465172963885],[-3.220827956083342,55.988075145118955],[-3.229717718202989,55.98715287973826],[-3.233630015372368,55.98446935569664],[-3.239580756127081,55.98354881461093],[-3.248675174309464,55.984148839453034],[-3.253786400576062,55.98275810848385],[-3.257918269321871,55.98453464883039],[-3.263476122104357,55.980780277093],[-3.274186365098558,55.984033283726625],[-3.286633651386263,55.99198935438581]]],[[[-6.743104460321503,58.20787492733715],[-6.747012842385817,58.20973976739379],[-6.757100450371045,58.20957306866421],[-6.75878079498358,58.20780571402448],[-6.760804437966619,58.198752843488386],[-6.75742068863022,58.19778635788777],[-6.756538705445586,58.19436963316426],[-6.750496244443031,58.19648414815732],[-6.746464600389845,58.192565946409154],[-6.739128324875383,58.19518687403614],[-6.738517822031712,58.19148021495975],[-6.741338646704758,58.18612117033861],[-6.736325173832695,58.185372244709704],[-6.731934249347204,58.18782473086722],[-6.729535954576636,58.19191662580141],[-6.722368503599258,58.187680581707504],[-6.716078484647173,58.18603821677682],[-6.72469540567823,58.183726409150495],[-6.724789866229111,58.177714213410574],[-6.720619131950187,58.17688845323254],[-6.721211300107544,58.17282323233428],[-6.725361992553982,58.17292560465855],[-6.731199496524967,58.17565919677646],[-6.734917386563246,58.17417172088061],[-6.740924097838853,58.1819943440806],[-6.744979121099086,58.18462280672959],[-6.74762133655747,58.19066802707468],[-6.750691412959444,58.1926332266033],[-6.757583173825524,58.1904293914091],[-6.757923200199524,58.18780537334083],[-6.779561559613217,58.19310830245022],[-6.788666714916484,58.1943188705449],[-6.790980217742741,58.19795506627062],[-6.796961520038789,58.198252567299335],[-6.803993846724198,58.20014643024167],[-6.819319751470274,58.20148349864879],[-6.821144311644178,58.200639927208215],[-6.827963344826914,58.204672548737165],[-6.840186393917563,58.20269197971072],[-6.839239808051093,58.198936256378886],[-6.84265684067104,58.1968183181182],[-6.845778031177434,58.200212435602104],[-6.852473363253772,58.200078960662324],[-6.852543234405155,58.19504315450417],[-6.858920039786921,58.19395889746286],[-6.86809003213982,58.18995185172514],[-6.865175221199969,58.18651888605204],[-6.860857162250364,58.184650746136946],[-6.861392311049742,58.18140530570188],[-6.869129060363298,58.18361500969428],[-6.87344869211347,58.188285040713716],[-6.879008675503414,58.187901194233206],[-6.880285988620057,58.18411892255498],[-6.879357157460114,58.18045718480878],[-6.86919540479212,58.17360004149666],[-6.873056089083208,58.17096043908611],[-6.878822142835563,58.17234534591333],[-6.882359372653704,58.179253572967475],[-6.88745642927028,58.17898152839498],[-6.882363523579255,58.17234450457972],[-6.886112102850476,58.167473275394464],[-6.886277009841546,58.16463590365621],[-6.883587041808622,58.160494839338014],[-6.882527976676862,58.15008123169086],[-6.880209646445421,58.14649171819865],[-6.874116647839744,58.14076546398093],[-6.869682223381855,58.13409388045831],[-6.866472587244187,58.13220162574286],[-6.869808848954074,58.126132150410655],[-6.866283860871459,58.12416651963979],[-6.861628271133662,58.11740423524096],[-6.864898522375294,58.117076772113315],[-6.86780687528561,58.12168833934393],[-6.873709303480099,58.124502924003465],[-6.876929910880583,58.12753255639047],[-6.876541146528605,58.13015628744991],[-6.880808790606459,58.14050440824239],[-6.888833911530346,58.15050121898149],[-6.887976133659801,58.152270404944964],[-6.890261451449962,58.15764049613625],[-6.888613614082018,58.16333171481908],[-6.885385184884925,58.169925598253954],[-6.887530236635775,58.17382398325647],[-6.887712022335962,58.17780673269724],[-6.89147082299059,58.18111233835858],[-6.891942413493624,58.1855877350883],[-6.896705782981156,58.188423702895285],[-6.908589742498276,58.18547149057527],[-6.912928344079308,58.18693875032361],[-6.919132944891419,58.18695737586481],[-6.921116878618274,58.18882208852226],[-6.93185194240885,58.18939631496979],[-6.937089069717108,58.19298979421384],[-6.946222725945546,58.19525327461449],[-6.948642829906674,58.199034880426495],[-6.943822013768749,58.19958377481261],[-6.943937724435224,58.2039865809054],[-6.934280531623346,58.202679690866795],[-6.911472606868188,58.20328602706095],[-6.909533854784584,58.20681348819882],[-6.912191508369582,58.209821883539334],[-6.908018256595521,58.21199788738338],[-6.916786573104328,58.21673268168401],[-6.924796455594015,58.21620916222523],[-6.934156786161053,58.21737994041763],[-6.939426727225986,58.219780217503036],[-6.940981700123078,58.22272926069577],[-6.945581034252791,58.223112206009965],[-6.951023055805337,58.227330788456634],[-6.953182098371496,58.232798697290555],[-6.958668118295452,58.234412564043566],[-6.961229277865187,58.23227424227845],[-6.966642900533036,58.23271202722493],[-6.969146701312361,58.230923034562515],[-6.964280607605372,58.22820676272982],[-6.967641210354024,58.22584010912845],[-6.965841573343459,58.22261027003746],[-6.976376888632923,58.22022264106201],[-6.982671529002415,58.22382274965458],[-6.989711223125536,58.226588190281234],[-7.000646557134461,58.234351135258976],[-7.003934356891897,58.2332090267363],[-7.016047624319449,58.235131315960984],[-7.021146026124363,58.233239097166596],[-7.026922819177123,58.2342331006332],[-7.023787267210703,58.243566890842295],[-7.028379415564892,58.2437636487363],[-7.036028084958521,58.24055560011961],[-7.039705020638955,58.237403439512114],[-7.038550575977718,58.23383230515139],[-7.048219806907747,58.23284406663808],[-7.050570530677815,58.2304881393308],[-7.049289915768266,58.22622930065791],[-7.052282503588136,58.22568779262874],[-7.054921330008821,58.220454765976044],[-7.052291677336294,58.219411960323406],[-7.058946021595884,58.210780518970076],[-7.057334737890454,58.20778997970676],[-7.06032079082508,58.20584044286849],[-7.063227578771974,58.20148723304368],[-7.065194721360289,58.19556982051147],[-7.0496382564083,58.19358658380114],[-7.047747952874937,58.190358707445434],[-7.041080741135618,58.18728227935716],[-7.042395005295321,58.18359366781645],[-7.0493650702777,58.18356932421675],[-7.051392070657261,58.18584433353646],[-7.059786269468179,58.18135795021933],[-7.062565284870685,58.18334828140963],[-7.07048813620342,58.18324439577046],[-7.081661261692874,58.184427380109],[-7.08250381058917,58.18775423537352],[-7.086794231769584,58.18916191093947],[-7.092221607849641,58.18679457147689],[-7.099937398853291,58.18666565234856],[-7.107477588207053,58.1787425137106],[-7.101585198189661,58.17457368989956],[-7.10244209280433,58.17180051519037],[-7.094308873086669,58.16772481720483],[-7.090649816096721,58.164004175715746],[-7.094384526607134,58.16262206411446],[-7.09363926111407,58.15938134749845],[-7.101874883218652,58.156154205761155],[-7.099247266019691,58.15338036973827],[-7.107696894907584,58.14958189440192],[-7.111652454958946,58.15129000156125],[-7.116617200423218,58.15095995932797],[-7.114192612551458,58.14658568030331],[-7.110633122674465,58.147394547116],[-7.111046651433016,58.14210089612308],[-7.11786121728421,58.13967647964224],[-7.128535689705543,58.13978188797712],[-7.132117982169928,58.1379593379174],[-7.130566385776645,58.13539912564983],[-7.136332725799561,58.12673106973982],[-7.132237102243743,58.12551529429741],[-7.136957328894684,58.12227898609912],[-7.127692756152248,58.116919653522466],[-7.125320124183098,58.114056009307035],[-7.11748691837375,58.11347269706562],[-7.110675399230902,58.10984176278709],[-7.113639786503852,58.10491337924117],[-7.111605085966665,58.102637862252095],[-7.114370815963329,58.10017825956405],[-7.10718774592208,58.098973485903485],[-7.106601090606067,58.095946906324144],[-7.102244837108766,58.08985061884716],[-7.104670049771015,58.08192992541583],[-7.102833571900224,58.078058295026985],[-7.09928998196809,58.07667548600465],[-7.103240266789096,58.073363275344875],[-7.099716899449602,58.06920845903735],[-7.08967575094571,58.06839196799371],[-7.087523194978272,58.064667788760765],[-7.079544942910662,58.06425827767444],[-7.073308035907962,58.062959993404064],[-7.072975064912789,58.06097589030391],[-7.065837906488058,58.0599066572716],[-7.061993115844137,58.06110363013476],[-7.062691776152721,58.06483213136809],[-7.061170249645389,58.068109276205696],[-7.057914055467177,58.06813550304388],[-7.048968319663945,58.0715693041834],[-7.044280603979369,58.07174113333781],[-7.036145842567393,58.07510039536156],[-7.033278551212625,58.08041432343318],[-7.029014366302111,58.08076761156042],[-7.029365645862669,58.075189043484464],[-7.024636492313842,58.072659071100375],[-7.024156656033401,58.07039730802414],[-7.029096781864061,58.069608030013356],[-7.033679775444655,58.06701080032929],[-7.053538395927383,58.06342238489521],[-7.057100989172693,58.06096111289749],[-7.059372746581655,58.055431821486565],[-7.056906769351581,58.05324024907588],[-7.040673095687218,58.05425900627868],[-7.03266435187539,58.056560476453086],[-7.026540120455041,58.055858315908175],[-7.021612605159952,58.053768001473124],[-7.024472018186946,58.05201745186395],[-7.03580938084377,58.05049594227587],[-7.045998440496021,58.05128990544375],[-7.050791998661887,58.047806381311474],[-7.062340226946652,58.046411701183516],[-7.064775765625011,58.044226315188006],[-7.060646838917989,58.04065259524247],[-7.054318514066326,58.04107112062359],[-7.048168040151859,58.03458593077651],[-7.041730119478649,58.03722599691076],[-7.040284013031273,58.03328869481534],[-7.023288386601678,58.03690882997225],[-7.01560678841787,58.04073482399717],[-7.007022405341456,58.04091617781884],[-6.998406391198696,58.04372077874404],[-6.985408418712713,58.04601761206604],[-6.980482805296691,58.047501923043434],[-6.970048786030608,58.04793769693043],[-6.958817697351127,58.04929439090303],[-6.951533183444108,58.04907480518625],[-6.938993657460538,58.050363770378866],[-6.926540426490332,58.052345350445115],[-6.928934557314745,58.04995837445071],[-6.938856219161608,58.04918607836159],[-6.953325657680448,58.045482751169196],[-6.958329301315188,58.04516602780397],[-6.964883808605917,58.04288568876774],[-6.967183858656243,58.04094242646546],[-6.98576252434774,58.042234063885445],[-6.994291013388484,58.04092275171121],[-6.994931623136329,58.03949854747907],[-7.003240072592996,58.03734956132222],[-7.009398789077227,58.03457409211325],[-7.014881848467564,58.03448358889355],[-7.019643867483341,58.03215861691301],[-7.029125371362857,58.03143697686322],[-7.035222180143736,58.02734005662983],[-7.042817636947029,58.026062359840274],[-7.048580156615295,58.022436875080786],[-7.053134883744239,58.016092558542994],[-7.054290977053037,58.01113856658246],[-7.059750345924222,58.0094679706895],[-7.06286084804764,58.013059761527956],[-7.071422333844745,58.01820176588911],[-7.079412664383801,58.01960524147801],[-7.082623301543849,58.02107824547029],[-7.090171847997717,58.016632494618726],[-7.093177261122237,58.0099393389708],[-7.089778394168628,58.005532009719225],[-7.089896535559275,58.00320595004629],[-7.095663990144894,57.9988986580145],[-7.102129728063188,57.99866582854119],[-7.110073556171604,57.99614628627562],[-7.110341138002899,57.99262198506762],[-7.114849846152722,57.99020442212594],[-7.10895165421772,57.98585785993364],[-7.102776939174671,57.9865112592509],[-7.098446239597489,57.9891101769783],[-7.099251025766639,57.991547614687256],[-7.095084061532408,57.99411283832045],[-7.090421332328698,57.99421002721832],[-7.085873935948361,57.99118484737538],[-7.082566167746981,57.98668380231405],[-7.085415585069735,57.98462169219274],[-7.080263801933757,57.98060839353483],[-7.083655823100204,57.97539352597672],[-7.081331169049716,57.96891866382916],[-7.076290509416414,57.96590850664834],[-7.066626388431367,57.96515233744206],[-7.057030404215127,57.968711349049705],[-7.05782877894748,57.96591289285353],[-7.056220519087528,57.961716885303986],[-7.042581878444296,57.95983075477387],[-7.039321093976008,57.95544657671603],[-7.024504072160278,57.95362879451745],[-7.023036688250773,57.951901944165044],[-7.01706662059611,57.95273840452223],[-7.012370660615518,57.95567986720817],[-7.003777310121749,57.95177277440147],[-6.99455825062636,57.95495673840657],[-6.99455628097063,57.958766941742056],[-7.003638555591117,57.962655390584324],[-7.000403589793267,57.96518962904155],[-6.99639440182176,57.96339084607382],[-6.994713173692033,57.96068157116077],[-6.990080916459716,57.96005422783625],[-6.987385772536686,57.95668302063691],[-6.980549313051306,57.954500125738605],[-6.970687204822706,57.953434151742556],[-6.969649567111714,57.949673750532334],[-6.963606386161556,57.95020735648844],[-6.960284398274649,57.952186154637474],[-6.957146041010549,57.948827222724105],[-6.951970275690262,57.9484132111982],[-6.943602052805532,57.950062247374944],[-6.938388161142924,57.94642394682771],[-6.933189511817519,57.94454815788977],[-6.927308980198664,57.94570796414443],[-6.924643384623055,57.94065211039138],[-6.917748189313653,57.94029452129711],[-6.906052739185222,57.947494902030556],[-6.902329954546175,57.94621749542677],[-6.91521275048551,57.94080308460111],[-6.915793028363383,57.9373610903787],[-6.911715048373007,57.93568392421882],[-6.906199386228717,57.93567261755998],[-6.888956047501048,57.933509565525206],[-6.88200552971966,57.93451065942242],[-6.883661811191127,57.93102382744085],[-6.875174050393684,57.92983386149419],[-6.868932357445111,57.93308837287365],[-6.861225513585895,57.929310787424164],[-6.854947541360799,57.92984378359519],[-6.849782464095011,57.93336823092209],[-6.847364644141856,57.93008182362587],[-6.843110182549928,57.92742871373472],[-6.849785398893561,57.92513409494412],[-6.860219399257855,57.92652822078723],[-6.865147658811302,57.923728493171765],[-6.859339319710943,57.91921940684875],[-6.859089079041803,57.91634757117065],[-6.846409126525771,57.91260495991432],[-6.842733181846437,57.90961308073111],[-6.836992727527307,57.90862867706622],[-6.832401856310192,57.9061626290992],[-6.816945208278784,57.90240527510091],[-6.816769743275103,57.90042926453143],[-6.828220203371253,57.90161987119139],[-6.838148045426999,57.90428358723484],[-6.846536630002974,57.90546082760553],[-6.853210666339803,57.904076367191685],[-6.851738098026517,57.89980564526778],[-6.863053173920697,57.90257181215022],[-6.86798941737669,57.90261167662777],[-6.870142964127571,57.90077287691873],[-6.876045203002602,57.90149499250867],[-6.881379075017146,57.90630051377314],[-6.895494881270621,57.90763165507117],[-6.902215346371429,57.90900913477722],[-6.918348663774444,57.910983810672526],[-6.92330221590096,57.91025165156198],[-6.929832373720524,57.90604834104602],[-6.941379398187913,57.902823119527255],[-6.948436272564647,57.90522413459417],[-6.951394231715579,57.903511690320926],[-6.950268425618639,57.89571523784346],[-6.959161603947595,57.892699920946804],[-6.964470904180302,57.889248678257694],[-6.96371544037745,57.8833540361901],[-6.958900418660009,57.88028591541064],[-6.957883348552167,57.874567953983224],[-6.960985460051767,57.86951630594922],[-6.973493215922609,57.86558891415693],[-6.980633250149763,57.865276755017156],[-6.985350024650455,57.87001232597983],[-6.992278480047379,57.86883966467546],[-6.997474192478526,57.86571073603807],[-6.9947679292732,57.860995243495296],[-7.00057670086079,57.859007051470996],[-7.002299466855045,57.85294708596378],[-7.005672525303386,57.84698825871771],[-7.015217405054949,57.8446238581997],[-7.018569183420883,57.83862946941275],[-7.025873946813913,57.834788438965084],[-7.031235702181847,57.83519435286507],[-7.037778193184634,57.83429704669647],[-7.045806739394538,57.82940660163358],[-7.055209886176899,57.8258300394746],[-7.068660657566726,57.82361204671652],[-7.078199406575574,57.82590169293595],[-7.081335170206128,57.83324356894036],[-7.089637474400744,57.835055732805415],[-7.106456106497165,57.8416201193599],[-7.109933599881188,57.84168038091376],[-7.114825774845431,57.83875467570036],[-7.124737521340461,57.839761743871044],[-7.134052639189972,57.8372921679723],[-7.125052980498539,57.830899823500204],[-7.126878948767354,57.824356550158214],[-7.12435188581817,57.82010861182381],[-7.114832091226533,57.813214912826744],[-7.112260277884054,57.81303097299399],[-7.104333848380768,57.808371008716286],[-7.099147642871577,57.80882765329701],[-7.092971348901943,57.80734902320598],[-7.086653281073714,57.80713094016456],[-7.083708143076455,57.80545528993168],[-7.082149070674166,57.80142775815317],[-7.07630592420214,57.79967944687472],[-7.075410783283155,57.79414784441568],[-7.067632673919476,57.78841455217861],[-7.066747961704849,57.78663795726496],[-7.060525572339589,57.7831713101223],[-7.054775669648848,57.77807949558988],[-7.04863080042586,57.77791568783125],[-7.04511897247492,57.77507064055886],[-7.036590258768073,57.771589684209246],[-7.031748432207068,57.76874601207709],[-7.027372185858736,57.76782521175504],[-7.020108874298733,57.76415702137158],[-7.018773560311879,57.76237466805903],[-7.021334678066077,57.75966830680657],[-7.018263505556047,57.75834178171309],[-7.009736806501623,57.75218159344165],[-7.003942944698681,57.752791732748896],[-6.995993863258757,57.74723940405695],[-6.994326149777996,57.74499853925163],[-6.986838737300827,57.742023939492185],[-6.975345819066131,57.72947223835439],[-6.967197728174036,57.7276381781778],[-6.965044919051159,57.72965707712333],[-6.970406754960861,57.73458784531087],[-6.973354991499414,57.73984105888748],[-6.970864092356457,57.742327696547925],[-6.967146627206901,57.74112077561459],[-6.963865736992606,57.7373955249005],[-6.958546895576764,57.73868392521762],[-6.952429910406124,57.73750233377888],[-6.951012431200239,57.739802502823764],[-6.945610295219995,57.73898842534945],[-6.941105206982298,57.743379484888486],[-6.937470464157763,57.74965259705399],[-6.941167199906769,57.75293582201755],[-6.939453444658609,57.75517094867057],[-6.923242713908793,57.759833654502756],[-6.910982829602808,57.760899715806474],[-6.899002305745839,57.76415332447515],[-6.901401179974555,57.76781178577091],[-6.909734639585367,57.76985453562317],[-6.90787200909528,57.772004983757334],[-6.906618448630649,57.777608842738715],[-6.913844458625383,57.77995883425858],[-6.908664769432734,57.781460830659285],[-6.902962593793234,57.77948060428993],[-6.897204322566344,57.773731986326204],[-6.891582868731371,57.77424642336869],[-6.884317484271654,57.77275499583739],[-6.873193862279272,57.77379592673376],[-6.872225065555489,57.77547504968271],[-6.875795957015615,57.7803437667184],[-6.882059143570578,57.78562129520157],[-6.880456282772133,57.78665925072322],[-6.884552473394717,57.79067537338915],[-6.880052611853501,57.791892635365194],[-6.873816969675031,57.79548864798231],[-6.867650729853549,57.791183026156986],[-6.85799396237885,57.788527159698035],[-6.8554217452538,57.7901912545449],[-6.861186773941514,57.79403152611066],[-6.86196050081782,57.79714592640463],[-6.870448309679373,57.79726649743592],[-6.868193962171751,57.799637399245036],[-6.860991991046093,57.797498014757316],[-6.855868051009274,57.79956061154088],[-6.860922771338901,57.802895636962255],[-6.859251637730162,57.80611206782469],[-6.855925133021509,57.80777721704514],[-6.855700108184901,57.81283714967289],[-6.851838667632857,57.81133629925454],[-6.848369028102135,57.80313720731744],[-6.844033505348616,57.804481781758966],[-6.838578608121426,57.81418577348739],[-6.834688561353254,57.81634956656299],[-6.845478378293238,57.82237345667263],[-6.847860652585028,57.82454021761966],[-6.846252778190948,57.8276532500284],[-6.847865300367245,57.829748741958234],[-6.842925331993232,57.831324143426514],[-6.83940865688604,57.827455441228224],[-6.834341002778506,57.81903552685762],[-6.827607775651353,57.81614405713197],[-6.823629810652159,57.81279818829582],[-6.817738268060237,57.81171108388995],[-6.812782208249679,57.80937190267761],[-6.804127788563121,57.81300138716017],[-6.794354432160446,57.80492608486096],[-6.788411314934867,57.804903808388644],[-6.789236527813436,57.80978419154575],[-6.785407497326934,57.81401309900956],[-6.788494796913401,57.815618954880456],[-6.788851334370018,57.82324726176326],[-6.792450111705587,57.827446925969355],[-6.799068309564293,57.8313413380642],[-6.793133599183509,57.832619636304905],[-6.787211432861457,57.82902333852219],[-6.779233545592724,57.82687627337725],[-6.768831508152225,57.824979323565536],[-6.766236298263742,57.8225043809847],[-6.75837522008163,57.82195915320229],[-6.758230748223898,57.82876695522427],[-6.753136957082846,57.8291913507339],[-6.751155294869467,57.82205503149122],[-6.740553695023899,57.82457463613545],[-6.736348822992447,57.8268963630135],[-6.74042312287405,57.83088618258808],[-6.738032313847206,57.83360685592225],[-6.740539198362461,57.83996719920172],[-6.745218973632579,57.844694399531036],[-6.751998674082094,57.84148504105904],[-6.754529618430924,57.84206467172713],[-6.757098465025225,57.84769116532005],[-6.761439482565419,57.85081497384109],[-6.768122085379528,57.853215394261305],[-6.76291984809285,57.856007341761604],[-6.769445064624748,57.86182029150183],[-6.7738558893704,57.86759751566974],[-6.781188922549508,57.870238167200284],[-6.790801021630821,57.86958701905124],[-6.796410685315768,57.86796501767807],[-6.803765329232334,57.86764482417377],[-6.808900836197139,57.87548678128335],[-6.811914580169162,57.882032840022795],[-6.801452612291293,57.88277983211545],[-6.79267345316044,57.879519436852476],[-6.786968682892313,57.880301913058304],[-6.77744631614109,57.88336462239738],[-6.792842694782218,57.88998314309066],[-6.792806309625734,57.89229371629371],[-6.796448867040596,57.894866269964744],[-6.792769159225444,57.89666253439412],[-6.78763210690212,57.89570351225911],[-6.784674679976934,57.89737058106172],[-6.772933430193985,57.89825241399256],[-6.770291066668359,57.89481756850818],[-6.764270036455681,57.89296885748383],[-6.760304644763801,57.894710119860676],[-6.755462745991569,57.889845481774266],[-6.748583173260299,57.889105036985775],[-6.741714662924182,57.88556622371044],[-6.734479073680239,57.88762692615361],[-6.731561532284403,57.88438962882079],[-6.724553457063463,57.88402149612667],[-6.719653936850665,57.88596090867425],[-6.713996235837258,57.88296201730691],[-6.706693176743264,57.883909095084014],[-6.698259079539534,57.880780576625945],[-6.692309699024239,57.880273368918594],[-6.690141140876675,57.88166786895578],[-6.679074994262606,57.88041928302541],[-6.668323878976072,57.87989934355441],[-6.663868720476922,57.88492973946641],[-6.665311468371195,57.88817328627981],[-6.669061602666649,57.89006351918533],[-6.672540161568336,57.89434286909341],[-6.670113304972045,57.895295859239155],[-6.669684387930221,57.8997282350797],[-6.672738211794415,57.90164406348747],[-6.683625110241011,57.9059646344527],[-6.694529964998735,57.90910976895236],[-6.696382456183539,57.911321411208796],[-6.705822284786526,57.912423994038285],[-6.701779125685619,57.914782364553794],[-6.699554744453529,57.91793220936056],[-6.692028073694945,57.91802664248934],[-6.683250454753344,57.915918078524996],[-6.681704492576525,57.91793161561812],[-6.673477372566703,57.921149590904186],[-6.680252637415558,57.92578844806807],[-6.682907951140848,57.93233774698434],[-6.689854854938821,57.935094319875404],[-6.689231552222865,57.937312172978096],[-6.697270125217276,57.94354958597238],[-6.702168030781276,57.945684314737974],[-6.704732415284741,57.94866105502849],[-6.703882932164483,57.95095485024871],[-6.708643237322008,57.95433670160887],[-6.711855198037304,57.95439102378884],[-6.717495180035133,57.951281305702295],[-6.725351710883978,57.95087637495792],[-6.739822309021658,57.95218941162381],[-6.738942467599603,57.954237250920315],[-6.733750871882973,57.95445361906786],[-6.731286269452058,57.95269075165718],[-6.725681079943088,57.95427331350451],[-6.726616227281769,57.95834931047638],[-6.72108410627196,57.96086712492806],[-6.726129616576993,57.97268790515026],[-6.731067115788226,57.981485648347956],[-6.734015519813473,57.98348507152305],[-6.736547011428892,57.98834701025605],[-6.740244454282037,57.99223525235604],[-6.744194565198334,57.99371670132956],[-6.753611469985029,57.993971508731704],[-6.75628583604443,57.99582870789705],[-6.751323625714782,57.99743495131496],[-6.751303945662304,57.999761894268225],[-6.756034851582993,58.00318106248408],[-6.749050212821587,58.00625633411527],[-6.723857789408119,58.01298656983429],[-6.71660345699679,58.01698119558362],[-6.712402590771344,58.02097721380439],[-6.704750519314354,58.02520443456289],[-6.699786140020214,58.03118649076765],[-6.694592286124921,58.03356258884076],[-6.689599854108948,58.0375042503379],[-6.678134474361753,58.040907990665474],[-6.669444693855145,58.04625138698938],[-6.669970987729791,58.053454937609835],[-6.678680341875658,58.05550016881195],[-6.672705551936812,58.05778078322714],[-6.663793994951771,58.05728067804807],[-6.656646522286983,58.057891831119186],[-6.647208698998686,58.05729652084962],[-6.636186465347743,58.05748601486586],[-6.625097477851936,58.05565407992457],[-6.620759937898915,58.0542603295069],[-6.611545061904655,58.05470755335395],[-6.6027523846136,58.05125767655149],[-6.610889981188765,58.05042293559509],[-6.613632030377468,58.051227344796075],[-6.621562418367222,58.0472198379275],[-6.624299325606362,58.05027735798854],[-6.63247140326221,58.054944700846185],[-6.640584625973472,58.053789629617555],[-6.648475421696925,58.05555646965444],[-6.659351888302687,58.055099602417016],[-6.665057478895349,58.05337909813386],[-6.667469556700609,58.04944070015992],[-6.666127430233497,58.0427393513982],[-6.673003759135442,58.03674691003056],[-6.679913448006397,58.037811157452],[-6.688158375932979,58.03442900324265],[-6.691991081218813,58.028849978335295],[-6.701501626984189,58.02209463114462],[-6.704221225363517,58.01878624804638],[-6.709293381089438,58.01721836700354],[-6.71300067208396,58.01278291663445],[-6.714682128818081,58.00576451932553],[-6.709600908246743,58.001934118611615],[-6.704959774938718,57.994458590874814],[-6.712741183466771,57.98602655838541],[-6.712687034844251,57.98304217554176],[-6.708664485470165,57.97166692276431],[-6.708795557845871,57.96742263347852],[-6.702130332936216,57.96461601023158],[-6.69245190971535,57.95946939591687],[-6.690477356020381,57.95382155111042],[-6.681335728107646,57.94465154298253],[-6.678018345044046,57.942822044642774],[-6.674879222385269,57.935453965719],[-6.665041632254904,57.928170563345034],[-6.663348333614738,57.92535446631782],[-6.65683678526621,57.92025529849926],[-6.651221521047465,57.917493112190755],[-6.646473361881215,57.91737489970575],[-6.646302338709847,57.92377025961637],[-6.643977802056531,57.92427998768367],[-6.638785351187209,57.92112398079126],[-6.631981721045429,57.92165158187778],[-6.627805309678498,57.92033344957109],[-6.623863825039105,57.91683438434755],[-6.613165982816195,57.91520035587544],[-6.606092669082773,57.91717556755504],[-6.612970446194852,57.92084713435752],[-6.612385845162499,57.925703048113924],[-6.614704187980999,57.928020280586885],[-6.626168298694474,57.93392586800191],[-6.622492661279862,57.93591283292817],[-6.627583498694117,57.942666639576345],[-6.628336092502669,57.94509025314055],[-6.639117362587729,57.95285013343411],[-6.64263263925928,57.95608557439317],[-6.644775131415966,57.960540529514006],[-6.641375194529417,57.96153297218756],[-6.617874727018192,57.94772477797274],[-6.611111922682723,57.94900520752573],[-6.614053121437548,57.944319937470084],[-6.61093688864691,57.94258035732874],[-6.611717087391471,57.940163893874846],[-6.603791273197539,57.93560372672525],[-6.603013202733006,57.93191267840883],[-6.593904157885528,57.92429183648711],[-6.595408156408996,57.922042656890994],[-6.590063788958434,57.92036991996802],[-6.588417035045231,57.91661136908685],[-6.580618176263488,57.91503158073822],[-6.5780625978612,57.910033039894515],[-6.572353715211061,57.909258732120676],[-6.569195384289403,57.9145174363759],[-6.562058444771711,57.91454515096184],[-6.556146629443957,57.91650269038961],[-6.552510760898186,57.91548654845247],[-6.540165494476421,57.91636105656807],[-6.536859851888215,57.919492477632126],[-6.536909874800234,57.92216197157239],[-6.540075768859279,57.93155554994014],[-6.542938917482127,57.932802135715406],[-6.549066244210421,57.94132039930049],[-6.544826962151935,57.94450346997601],[-6.547200568853384,57.94761584732758],[-6.545880462634764,57.95261451541708],[-6.541015931392275,57.943259374590895],[-6.538810975842696,57.94168697062475],[-6.529028351215703,57.938403969391366],[-6.530135483054126,57.93645765460004],[-6.524147650256149,57.93329412295077],[-6.522237463615745,57.92907205528338],[-6.519266307392335,57.92662366012114],[-6.513140838917851,57.92859570634635],[-6.502701304846319,57.936332093597485],[-6.50217107802373,57.93993593906805],[-6.496320807154965,57.94014799890726],[-6.489128546220241,57.937677633036955],[-6.482797821715796,57.93728999720053],[-6.471224572863379,57.9377120738544],[-6.46660016208638,57.94169652349869],[-6.467543376541422,57.94618720585389],[-6.467312625664982,57.955387935478086],[-6.466286587013221,57.959714119332794],[-6.461571697914564,57.96044213461192],[-6.449072359789445,57.96614242743719],[-6.454061658577811,57.97088245989663],[-6.45017071807345,57.97301109322373],[-6.448525055910783,57.978842766911576],[-6.456954982009349,57.98529680210611],[-6.451038286939987,57.98939423248388],[-6.455681574334696,57.99363825358256],[-6.460414702754754,57.994991969080594],[-6.471518823397326,58.00063166514488],[-6.475753449355046,58.0013053785131],[-6.50177831456756,58.00167138292444],[-6.504220018904374,58.000006324004254],[-6.510056667356835,58.00021285715094],[-6.517689858308595,57.99873446403277],[-6.523935257316445,57.99964263152605],[-6.545407286864123,58.00057555200184],[-6.550893912266843,58.00362142092099],[-6.55733837084308,58.00347119402075],[-6.563079401991859,58.00185735838155],[-6.570900243326543,58.00300161508705],[-6.55583612492538,58.00637630784675],[-6.548502528097249,58.00704039657708],[-6.538773769866091,58.00470738608564],[-6.534979247377689,58.00571542009833],[-6.527348858997383,58.00514678869316],[-6.527333031122843,58.00802098599233],[-6.521630635183024,58.01095210516093],[-6.511338285398867,58.00743545910613],[-6.499165426980567,58.00622055827945],[-6.491794009908296,58.00835768352724],[-6.489467557397468,58.010085854439154],[-6.47754614146108,58.0106902550402],[-6.470648032805055,58.00939085983015],[-6.464744158998943,58.012930798266545],[-6.453970989716532,58.01129273225496],[-6.452430303901909,58.008090135807976],[-6.448902924425834,58.00566676587148],[-6.443663021758912,58.007743441093496],[-6.444049902673864,58.01017618120563],[-6.438287330483874,58.00995953847019],[-6.438119924195016,58.016272633915065],[-6.434649558114173,58.01551070145441],[-6.431428771511372,58.01074320429225],[-6.425170758377051,58.00932911466978],[-6.419620498223824,58.012337405500666],[-6.414013406417762,58.009605046065026],[-6.410722424354694,58.00991726450786],[-6.404067854401786,58.00563082912145],[-6.401032945345841,58.00174117122411],[-6.394245074459886,57.999781895567615],[-6.386690942759287,58.00089301087597],[-6.389840567534484,58.0043365363612],[-6.389463349732705,58.00740733090372],[-6.383730287800144,58.0085991590899],[-6.377185985356325,58.01566883720306],[-6.366713661727913,58.01756090938801],[-6.364952111367097,58.02577563689505],[-6.359330043509987,58.02908933404053],[-6.357675495668097,58.03665541727825],[-6.358252576128469,58.03930210617692],[-6.365628539704415,58.04082506102922],[-6.371934990990034,58.04087801628553],[-6.376717704004045,58.04219724546848],[-6.390113799527887,58.04080425522687],[-6.39336295533821,58.04267947721386],[-6.397951297221613,58.041446017308715],[-6.409306278364368,58.04333677889069],[-6.41209043124637,58.04578978256607],[-6.420303948395852,58.045248886517165],[-6.42225276486493,58.047674092212425],[-6.414784461208058,58.04766128805703],[-6.399429212002359,58.04628726755825],[-6.392033480312213,58.04731656450369],[-6.378710574656293,58.04725027156081],[-6.372370140412966,58.04928524171927],[-6.372741744453852,58.05419177180314],[-6.367069434382818,58.05698585790824],[-6.369055272486696,58.06149966579533],[-6.367297746454071,58.06488756071172],[-6.380425476438646,58.067929732253155],[-6.371436940295048,58.073329294847824],[-6.368543022523673,58.076311063177094],[-6.37197442868142,58.07861675699832],[-6.378407323152478,58.07798530555605],[-6.38101369159638,58.08427972670731],[-6.377487864875758,58.08972236461023],[-6.3795555485289,58.092662044054656],[-6.387645500996443,58.088998155912336],[-6.389307279003319,58.08619160914776],[-6.396313635208829,58.08449985895691],[-6.399276935396197,58.09090392410395],[-6.390233150962672,58.09216794934119],[-6.387508668839936,58.09794742083694],[-6.39293082908055,58.09749494787285],[-6.395551025780963,58.09582251960885],[-6.400094789594671,58.09725628004247],[-6.393784194324616,58.09945744732198],[-6.393345688378945,58.101963689682265],[-6.385127715123823,58.10330847401156],[-6.390826351955671,58.106403349329554],[-6.394406170331885,58.10498471500111],[-6.403094712597329,58.108905633155636],[-6.409977034034407,58.11029948313076],[-6.415407056367124,58.10884126951741],[-6.418555653373919,58.10625249229559],[-6.428560856460948,58.10485590285235],[-6.431311929499516,58.10225004254668],[-6.431110041885115,58.09917775784549],[-6.428256619345829,58.09652788997409],[-6.428778494731736,58.09316779933151],[-6.435516528100705,58.09266674825463],[-6.442286285642545,58.0937029981207],[-6.448010321430595,58.09615596967053],[-6.452339097527807,58.094367678488304],[-6.462460590852007,58.09639167663155],[-6.47342045635608,58.095976927649346],[-6.477154466665356,58.0927894960566],[-6.486860172673985,58.09437562828745],[-6.50012287155512,58.0927260773924],[-6.510059104088604,58.09389667754884],[-6.517567825631714,58.09054255702659],[-6.519135767890893,58.08857565319688],[-6.531065613519562,58.08845145689321],[-6.539360430877275,58.086453923644726],[-6.541042662225826,58.088448966603465],[-6.550732535709521,58.08756646623789],[-6.562277448125135,58.08825807473321],[-6.56779535142126,58.083486448969396],[-6.576110257515974,58.08816656967491],[-6.599622330809688,58.08702577810288],[-6.606021645245802,58.085528590119495],[-6.617956673676338,58.08459731489614],[-6.616550171535538,58.08660107519378],[-6.599358253900182,58.08815152037547],[-6.590654176306468,58.08829522104692],[-6.586216721653975,58.089749636335824],[-6.563054553698136,58.09143747068973],[-6.554897641449046,58.092772350277315],[-6.543958846482854,58.09230211907883],[-6.537013506014604,58.09324716320318],[-6.526182407396894,58.09579079537124],[-6.52222219666355,58.09480746522892],[-6.510163621021116,58.09799862134179],[-6.50704037238975,58.10243714495899],[-6.500703877406449,58.099332970976235],[-6.48735943083585,58.09947539112843],[-6.487404460749422,58.10277446422103],[-6.482633719264909,58.10201636761227],[-6.479125398443989,58.103772313172186],[-6.472452882536173,58.10399634227076],[-6.469738339932196,58.10263122143702],[-6.458242359998367,58.105173372590656],[-6.453771606501111,58.10875650918495],[-6.453858895792353,58.112200639954544],[-6.444325593850903,58.114419989037934],[-6.442936220511738,58.117791577031184],[-6.437042321190628,58.11952614918663],[-6.428829902073111,58.1202529789457],[-6.425464275651507,58.12237110490361],[-6.427949375470489,58.126021356116226],[-6.432347447446352,58.1261874847735],[-6.433183001656749,58.12865222300277],[-6.43779952140638,58.129654134948495],[-6.444068674463724,58.12790285956683],[-6.446887837498504,58.13076499086477],[-6.452242410805584,58.12928808993354],[-6.464783651123038,58.13161414682377],[-6.470530369685338,58.13591812978895],[-6.477771629004843,58.13562575601103],[-6.485652060420412,58.137788176042385],[-6.485497598880846,58.14007080126527],[-6.479261037310737,58.139839886832306],[-6.4710120572655,58.13778984659519],[-6.465558650852675,58.13804967758736],[-6.45648075327534,58.13393232992639],[-6.445364960091379,58.131708548451776],[-6.433487738126562,58.13223263858456],[-6.432234667011911,58.13078519946845],[-6.422536169110727,58.128658492769475],[-6.415461804500589,58.129354739126065],[-6.415673918514367,58.131805228963586],[-6.406736683726908,58.12991621059824],[-6.403568944955696,58.134297628898054],[-6.397344946874382,58.13382307585754],[-6.388817778362093,58.12885648482639],[-6.383742015760659,58.12864025264954],[-6.379215518822789,58.130608227345235],[-6.369619060913639,58.13185993592154],[-6.371393368042921,58.13371000311768],[-6.366970499295666,58.13972078901899],[-6.369321060476918,58.14286858339103],[-6.380956441814956,58.14427168180167],[-6.396181328817905,58.14355156232921],[-6.403856677600964,58.14051273122905],[-6.407803355933908,58.140577555408385],[-6.415314507951719,58.137091330168175],[-6.419029666518374,58.14043017659656],[-6.417501970687719,58.14245363055487],[-6.405746720874422,58.14198784847001],[-6.389731691141168,58.14608539737406],[-6.384957708539658,58.145757133155385],[-6.369704061051993,58.15021168644655],[-6.367110994149652,58.154792673433754],[-6.368366693006683,58.160307242270854],[-6.373402345032403,58.16355168034924],[-6.373746139293719,58.16793744053273],[-6.378671741796957,58.17338427689164],[-6.377241126783394,58.17607291028637],[-6.381441553983985,58.18100950501233],[-6.379700370475736,58.18536446189087],[-6.372833511227443,58.18722005721063],[-6.371006725420435,58.192440255290016],[-6.374291310664501,58.19361082046631],[-6.380371193837685,58.1882641220661],[-6.385857501051894,58.19056459483822],[-6.385336847966273,58.1931203958289],[-6.393372521925029,58.199333053383576],[-6.393547674839107,58.202579888772114],[-6.390412104108083,58.20593365786527],[-6.37957414496252,58.201468313193274],[-6.377676594760732,58.20283755347271],[-6.369656691095388,58.19994819023075],[-6.369156433852093,58.20205716315498],[-6.362839911153051,58.203971548383166],[-6.359822546531237,58.20252622727109],[-6.36253300402407,58.199074500526955],[-6.35593942313687,58.19386742851211],[-6.356803016843675,58.19113278160834],[-6.352985527414351,58.18870572911412],[-6.344710030546056,58.186940623067855],[-6.338916849834451,58.18713271951443],[-6.337656623144475,58.1895578422858],[-6.331879662414489,58.190417220068404],[-6.331580002262303,58.19512439950273],[-6.326378524725608,58.19505386546824],[-6.322587320076635,58.192800364354376],[-6.318672713341414,58.19457074573445],[-6.324561294538548,58.19617313536464],[-6.324198806372676,58.19914139789272],[-6.316998874292259,58.20195845446465],[-6.3119615072971,58.20181609882688],[-6.306306104869464,58.20532844276477],[-6.293853745963328,58.20574512553373],[-6.287252765094417,58.205001598790254],[-6.285031219949546,58.2025161026959],[-6.284934431353163,58.19876309931301],[-6.277297757902544,58.19809079846598],[-6.27782340673471,58.193885287950145],[-6.275195411145582,58.19119480284849],[-6.26952136236101,58.18837533481632],[-6.261744227100888,58.18805755633263],[-6.257426788096753,58.18625866338411],[-6.258775366048928,58.18387285042578],[-6.25390307067181,58.18040541572827],[-6.248060757923144,58.17985130813646],[-6.228218124871064,58.181979870328604],[-6.22224125634148,58.18503497325791],[-6.217530928125412,58.18557136994757],[-6.213074731575446,58.189114319852486],[-6.208029607262368,58.18891416764532],[-6.209916786245369,58.19478227367818],[-6.208365259331993,58.19734059734767],[-6.204041325243726,58.199430172420605],[-6.194414576385351,58.20134804343708],[-6.183812101131083,58.204448206460945],[-6.170632166117358,58.207448372992594],[-6.169742045187546,58.21053123433504],[-6.16605558401037,58.210433276993655],[-6.164368255883721,58.218518387360554],[-6.159731340147051,58.21957978547208],[-6.155754420358744,58.222131962224346],[-6.164323764368056,58.22858202108459],[-6.155786497812894,58.233233430707564],[-6.158768981934855,58.23651181388272],[-6.152839157066385,58.237269775870445],[-6.148685972040393,58.24206733235002],[-6.153075992026102,58.24374802556006],[-6.149860373107949,58.24963996896343],[-6.142829092402527,58.2497498582856],[-6.139269523886154,58.25388394122297],[-6.136274809635408,58.254386626220814],[-6.137163108447393,58.26087159165929],[-6.1429321449864,58.262350578776115],[-6.152282287674791,58.2599343541536],[-6.156543781300224,58.26398946585279],[-6.165642465134527,58.2627179525705],[-6.165048441142388,58.25782406647822],[-6.174884207901878,58.25234013674462],[-6.179242120981358,58.2533358245798],[-6.185034176289979,58.25249037547781],[-6.194165740624697,58.249539506594566],[-6.204221147871094,58.24743064542705],[-6.209267837724907,58.238480457718865],[-6.217446046434304,58.23836938238465],[-6.219167442813207,58.231482715143],[-6.224243370923817,58.228410973495784],[-6.237961586865209,58.2227669765848],[-6.242544438724983,58.224162119165335],[-6.248432483488181,58.22434007919977],[-6.249694112743487,58.22267756333593],[-6.258918684723218,58.22008192741152],[-6.269021184879891,58.212610959083065],[-6.274354367039266,58.21330356231923],[-6.285042850850482,58.208273760549126],[-6.291584370587834,58.20828110913015],[-6.295196561075806,58.210353627425036],[-6.303655926620926,58.211012427673694],[-6.304007691755339,58.21356260217268],[-6.311804245673249,58.21762278249682],[-6.315614073929521,58.217490216137385],[-6.328757474594306,58.22536110533304],[-6.333521790821417,58.22975683230446],[-6.334949206379104,58.233234437165514],[-6.327296613191416,58.236778680492066],[-6.322412789688148,58.24006401331843],[-6.322030731370174,58.243630962950874],[-6.316887786059104,58.243483263576266],[-6.314962439604129,58.24773012481004],[-6.318419718350649,58.250977312094214],[-6.323624993346558,58.2523818700051],[-6.324035682520347,58.26001192113256],[-6.317681199091411,58.2665474098361],[-6.312481459689927,58.267376209186374],[-6.301559779837606,58.26594825581408],[-6.296776634813939,58.26714634944383],[-6.28419262184142,58.26803817736761],[-6.279944350123086,58.26998293001262],[-6.281868422484768,58.27276903343288],[-6.276572090529278,58.27368770138812],[-6.281216141700379,58.27766585191038],[-6.278186616788124,58.282784481939444],[-6.27061836028094,58.28670702702509],[-6.275660131101753,58.29030699076923],[-6.272419512608158,58.292221253915805],[-6.267897519818892,58.2916423792394],[-6.257027855491025,58.293247331622354],[-6.252174471521202,58.294698671593004],[-6.245631881057927,58.294629648912604],[-6.241755673349534,58.29577469644029],[-6.237661548020301,58.30023607177612],[-6.240812100517243,58.30735235993289],[-6.238249492569681,58.312342841558966],[-6.226004499786354,58.317986840763496],[-6.221427115048246,58.31842423117904],[-6.219716915644307,58.32185019106159],[-6.20908037816772,58.32632423569909],[-6.208031912574089,58.329434143853355],[-6.203393536124931,58.33154272035781],[-6.196937470270782,58.338359832999835],[-6.192348434881098,58.340034724916634],[-6.186566157069183,58.33965339269194],[-6.18003980260118,58.341436270093325],[-6.169146881761133,58.34136516006412],[-6.16293372810722,58.34226017699329],[-6.164579014879647,58.345263839571174],[-6.168093902428188,58.34707800401242],[-6.176424657282307,58.3460056148543],[-6.184719209532204,58.34925008357576],[-6.194363608693006,58.35408089510429],[-6.195994401527638,58.35579790571702],[-6.204121584732575,58.359828105891495],[-6.208924429481366,58.36397546887652],[-6.212837084350386,58.36937227573929],[-6.209805771431095,58.37222380722934],[-6.207962288273348,58.37700095760273],[-6.209094374182125,58.3793151531879],[-6.204628477824364,58.382492536000754],[-6.206612155095781,58.38455392710337],[-6.202484658401731,58.386253446049054],[-6.199994943532034,58.389730726504204],[-6.202195178652174,58.391596239904715],[-6.198720953761878,58.39549609905822],[-6.194058624235542,58.39661577327244],[-6.188745298767581,58.40465354274692],[-6.188496613913941,58.40846984322205],[-6.179180620107434,58.414862216037086],[-6.175365445441952,58.41491487315612],[-6.168223593662093,58.41726541128106],[-6.170265699037362,58.42510281007552],[-6.168815691300897,58.42914250571761],[-6.17218287503622,58.430287132496204],[-6.172041810604801,58.43314669020109],[-6.17743754767984,58.43339326901018],[-6.181068110615101,58.435738506498076],[-6.1785057860841,58.43769704236517],[-6.185890426907764,58.44117840631419],[-6.189985423618268,58.44157942452622],[-6.193903860322401,58.4456773595372],[-6.190277272813948,58.4496447623013],[-6.195088663517041,58.45647401436689],[-6.190558476621941,58.46035411178914],[-6.181466383870196,58.464410084411],[-6.183880840181168,58.46912395595464],[-6.189530543448901,58.47008570024953],[-6.19382679297766,58.47365428288684],[-6.194623696872426,58.47666300718164],[-6.203286815831304,58.4790226157412],[-6.210803778512764,58.483984820557055],[-6.215776682074634,58.485232091436764],[-6.225318286364144,58.48943894076253],[-6.222359986436081,58.49505682535722],[-6.225725937759377,58.49672179391329],[-6.221578079082671,58.50016679448982],[-6.228776714903925,58.50104350360941],[-6.243304087583602,58.50700341112162],[-6.249004376254208,58.512616354879434],[-6.261154339630654,58.51616953160781],[-6.267672026444762,58.51528358031145],[-6.276022528033994,58.51119233995191],[-6.283289776774749,58.511177998644115],[-6.284396189677717,58.50857271983321],[-6.275537372588214,58.508099810555116],[-6.277427423328485,58.50512581541202],[-6.273336839759979,58.50012038869221],[-6.276109386077644,58.495903866271824],[-6.285904345063602,58.490438053638286],[-6.290842957139114,58.489743905826415],[-6.292640622187426,58.48634109138255],[-6.30102227008004,58.4844195544315],[-6.301947193302561,58.48214390212509],[-6.31429856120153,58.478334434112945],[-6.322868201145645,58.47909394070966],[-6.325413215874455,58.477997189775216],[-6.33302942226479,58.478611077686324],[-6.33854654252364,58.47404466641506],[-6.341363160168282,58.46910916691454],[-6.344210944917691,58.46881920437045],[-6.347375652776498,58.46505610016083],[-6.350373637317523,58.46487329929476],[-6.352268682194656,58.46153542600088],[-6.356756667120673,58.459323331341345],[-6.372363216764021,58.45656082219612],[-6.381907828443394,58.44969810886291],[-6.399872794870097,58.44850344648385],[-6.407821405708166,58.444512035891144],[-6.425417608066072,58.43944393712001],[-6.428368930334898,58.437138397984384],[-6.437896920609631,58.43442947364553],[-6.442323014900308,58.43100666934055],[-6.446363044536819,58.42513100659128],[-6.452889479326887,58.42225534851358],[-6.454781268626886,58.41982412086168],[-6.467669781917098,58.41601269899574],[-6.477674286990343,58.411415945506064],[-6.48448407503917,58.41022577740463],[-6.489697307560417,58.40744361304821],[-6.491540644091613,58.40340807825365],[-6.497577176897492,58.40081969676151],[-6.511982412145002,58.39732797340438],[-6.519264366209504,58.397016821502056],[-6.524818506994212,58.39262910762927],[-6.530339645941324,58.386209674370356],[-6.535351610201071,58.382901972780274],[-6.537978996559628,58.37703905575031],[-6.542096663520918,58.3738482843052],[-6.547036536952511,58.373654605972064],[-6.54776140780513,58.37031450096937],[-6.546160492646201,58.36591584577972],[-6.550083368184295,58.36519785366636],[-6.554805861527922,58.366803209870405],[-6.562084334075078,58.36499291860555],[-6.581215089814395,58.36375428599808],[-6.585335875765227,58.36003572004989],[-6.593919417056176,58.3593855416942],[-6.598454016544843,58.357149181161134],[-6.600813594067466,58.35319663521041],[-6.608919299239958,58.35101107733582],[-6.613768450706203,58.35185057344759],[-6.616117860858885,58.34808424617207],[-6.624299908696127,58.346536210060336],[-6.630020914579447,58.348259153192366],[-6.641192579429822,58.347749318434936],[-6.649132471839321,58.35447640857835],[-6.652090558087751,58.351914936217916],[-6.660199786619001,58.34932653819538],[-6.667846402617143,58.35080399112258],[-6.671989354937478,58.34517195402132],[-6.669893154171607,58.34255557570187],[-6.677446463919948,58.33915253684813],[-6.688692163865185,58.337909879217015],[-6.688176861042111,58.334375832030666],[-6.693002001313991,58.33268023528051],[-6.696532991052734,58.33722954696011],[-6.699916632235837,58.33718150254389],[-6.708821364688525,58.334720716293134],[-6.713208051799553,58.332104125265126],[-6.712695795446473,58.32917447307634],[-6.729476120364386,58.32479038590557],[-6.730409464480521,58.32058657251063],[-6.742010953781393,58.31894175649112],[-6.742476711628155,58.317125415468645],[-6.737597661947367,58.31490490077],[-6.743193919929226,58.31329829591055],[-6.751986220263206,58.31455439491434],[-6.755787882601365,58.306919729510476],[-6.760323819368774,58.3062108886404],[-6.763800273500718,58.308991151387815],[-6.770002642780226,58.307648548358316],[-6.775338666242054,58.31001716739734],[-6.779875213874861,58.30804825423862],[-6.786231120582934,58.308286787971625],[-6.786958174252691,58.305704804490375],[-6.795347981411654,58.30701798578726],[-6.803915553743972,58.30152330461217],[-6.797443204040692,58.29951253936132],[-6.805745439386301,58.29606604430583],[-6.805318964316269,58.29223649043891],[-6.81539419502515,58.2908895734075],[-6.82295274604609,58.28537302622802],[-6.828478576932895,58.283310866028906],[-6.82447562707573,58.280007939601525],[-6.818973388077247,58.278479745283796],[-6.810104291584534,58.27819559984842],[-6.804986611286091,58.2795426290743],[-6.789622017180677,58.27917506191467],[-6.79040721395413,58.27517403154029],[-6.800117640770114,58.27626801674786],[-6.802735360786484,58.273261180857276],[-6.810000537144189,58.2728596614502],[-6.818717980527081,58.27027176123386],[-6.815724443755874,58.265837483019695],[-6.807420295719492,58.259934824130774],[-6.810186355665801,58.257932411019816],[-6.810145628096071,58.253737474360186],[-6.802294761990847,58.25001692750397],[-6.801380262015163,58.24622824953766],[-6.795549140442297,58.244113416190665],[-6.7938457661752,58.24022394632314],[-6.783220219065028,58.23590142227399],[-6.781306532467291,58.23291746795319],[-6.773630495704049,58.236388722011775],[-6.769685868203358,58.232386833450065],[-6.764116470509193,58.22315098783758],[-6.765592665396238,58.22209551350976],[-6.757060573108427,58.21616625583744],[-6.750899758358496,58.21652026841913],[-6.743615494800785,58.211736403990024],[-6.743104460321503,58.20787492733715]]],[[[-6.653423555660472,57.35724137827777],[-6.650855334593404,57.353787943531884],[-6.63932800516401,57.35330579274623],[-6.634871780686086,57.35241341338395],[-6.631538651732463,57.349935928222486],[-6.620603310004856,57.34912083373287],[-6.607835790573406,57.34113026658106],[-6.601588306772038,57.340261997037445],[-6.594099623098947,57.335188798066426],[-6.589973029853474,57.33697227113991],[-6.58301182506482,57.33537363289768],[-6.582861418495087,57.33230292484969],[-6.577472976286739,57.333371977521594],[-6.570380130491834,57.333311048685154],[-6.570791386286504,57.33521194246482],[-6.564802073168463,57.33620336512748],[-6.56350878571279,57.34219133018336],[-6.566285308689938,57.344919216741424],[-6.563492372206282,57.34828129684664],[-6.564691363659248,57.35631490228083],[-6.567852731403441,57.35884889573666],[-6.562478889364105,57.36167512676902],[-6.562794408191142,57.365549340416706],[-6.565067401829976,57.367815258681695],[-6.567148406602389,57.37645001898032],[-6.569673121600389,57.377801862507376],[-6.568044961468247,57.38177373390754],[-6.56817312483184,57.38598217672988],[-6.57214559357617,57.38715722396947],[-6.568044735754253,57.389922914841726],[-6.559213191146942,57.389551040488016],[-6.555984179840024,57.38628886623148],[-6.552047874444632,57.3855203629268],[-6.550051354947344,57.38886490366442],[-6.541296711184574,57.3965427347646],[-6.538394081635551,57.39511401072672],[-6.542042829096276,57.39108394898611],[-6.533529097750664,57.39233759080376],[-6.53086458667068,57.39486399844073],[-6.530717359217331,57.399749728640465],[-6.520130648751547,57.394930301592694],[-6.517706110847467,57.39262854964599],[-6.521315917875143,57.39091301147669],[-6.526284097998833,57.38339377725918],[-6.522647585686297,57.37828455225922],[-6.527948591223412,57.370093082061075],[-6.524712130529282,57.36875708574912],[-6.519107424819673,57.37421872834702],[-6.51198592448272,57.37611074699201],[-6.510444733579615,57.379283533985245],[-6.505438799919753,57.38363111423215],[-6.499952225694976,57.384195580669925],[-6.495100962588317,57.39241374894374],[-6.492915542693198,57.40135489181774],[-6.483710659108587,57.395930837074076],[-6.488603849063117,57.388602122455694],[-6.488555930870452,57.385531381928445],[-6.485963768768101,57.38394740955545],[-6.486336223982483,57.3801457196124],[-6.477325350928097,57.37823474229945],[-6.475511890103811,57.37602380542502],[-6.477847183722188,57.37255427828875],[-6.480862798952476,57.37127751907772],[-6.482832057817121,57.36784343140613],[-6.480970808447098,57.365553346167175],[-6.475586647346195,57.364877332033885],[-6.471450457509593,57.361328919866935],[-6.466714392000055,57.36214138289793],[-6.461686230856126,57.35995191161891],[-6.456959552194071,57.359964996680084],[-6.455436966679883,57.35769223965433],[-6.459603913148371,57.353213731015444],[-6.461572537431651,57.346960382734196],[-6.459057925336701,57.33975097453339],[-6.470472760061913,57.3348660702467],[-6.468176826596564,57.33157948078353],[-6.462755995929135,57.33500563846997],[-6.458043011550958,57.335433867472645],[-6.457197514681496,57.33888163124167],[-6.446376676430906,57.34729327519937],[-6.439647894798556,57.34721829911594],[-6.428790898083973,57.34872313223302],[-6.414352070980717,57.34890943668954],[-6.407578719043488,57.351871539742014],[-6.407860085176796,57.345708973488705],[-6.406368027288047,57.344435636816094],[-6.398194552971497,57.34413932919876],[-6.402887583509255,57.341423350769674],[-6.401876684025826,57.33927688275932],[-6.397489319941656,57.338308158850154],[-6.389632019842064,57.33848771177904],[-6.381450149771176,57.333299846806185],[-6.37063381447334,57.32772295855408],[-6.362098845868429,57.32417946671651],[-6.360141784309131,57.32046562339308],[-6.350388713367564,57.312408435594804],[-6.345135402695271,57.307054826451946],[-6.336988954948394,57.303712139827546],[-6.331408179579056,57.30246137031175],[-6.330808544852936,57.29807523396543],[-6.339115573361151,57.29827488795673],[-6.351523268902952,57.30162175829816],[-6.357763733444832,57.30397473206283],[-6.369412826727857,57.31681565342284],[-6.374868265170281,57.320556806308645],[-6.386361770146807,57.326442414459606],[-6.394044139061843,57.32917233516693],[-6.406675204934284,57.33148810542823],[-6.411575392496165,57.335428945383235],[-6.41556834973039,57.33711436769976],[-6.41897504216529,57.335293792573864],[-6.423820094356849,57.33562777155941],[-6.427565789030893,57.338953938292555],[-6.432888751903527,57.339301306878816],[-6.43115535950025,57.33588181779158],[-6.428926576927875,57.32726239751558],[-6.433322972291965,57.32494780167701],[-6.439080690184602,57.32672125714783],[-6.445262163705054,57.32222231565978],[-6.44875787343728,57.32121438782405],[-6.452731322684685,57.32287414320669],[-6.457038113998608,57.322495574901204],[-6.458803988186583,57.31855192129885],[-6.465736122253702,57.31608847316678],[-6.480917778238242,57.31230955940152],[-6.48343610254793,57.310812037500774],[-6.480876196487707,57.30256130352166],[-6.482577911101027,57.30091305165859],[-6.481519862234729,57.28957313610069],[-6.476439304601533,57.28795565133138],[-6.464994559307168,57.287352487788084],[-6.460613120123992,57.28542347401428],[-6.459667921740465,57.28190079201547],[-6.461860469202606,57.279575205832344],[-6.457081374698134,57.27377747154327],[-6.456196160082852,57.26948275292786],[-6.449423447786454,57.260904459040574],[-6.436204820288477,57.255544541210114],[-6.431916991356823,57.25080338975575],[-6.428072661309837,57.24953612115513],[-6.427358310729978,57.24331501967616],[-6.421792529281729,57.240619849163565],[-6.41776286078759,57.23689448963571],[-6.410077212176544,57.23491746676636],[-6.402736148532796,57.23106885734681],[-6.394836769257626,57.23157984172844],[-6.385460531932955,57.23522235693251],[-6.374728493160282,57.23528247638713],[-6.363578880712606,57.23454677714608],[-6.354202685278267,57.237588795517745],[-6.353291818332512,57.24083114225678],[-6.347407245270721,57.24424149482538],[-6.346895116232687,57.23448322226982],[-6.349829002531268,57.230181464400744],[-6.354390457537938,57.22787365307123],[-6.36252248213538,57.228211522112645],[-6.371696249548289,57.22747376973091],[-6.377436942017573,57.228060413271926],[-6.382269701651158,57.227284503170644],[-6.385493158573611,57.223295468160785],[-6.38759753066156,57.218126844242164],[-6.385701041367354,57.213678328242004],[-6.378493737484199,57.20518387003818],[-6.375140389553784,57.20345726123861],[-6.354397889289175,57.18902537597229],[-6.347444037134943,57.185745843058896],[-6.340004664183113,57.18501896123331],[-6.328892750786539,57.187152615084464],[-6.313997615995479,57.192644212947464],[-6.310435166749492,57.19497918762105],[-6.296713865328148,57.199828372831874],[-6.287882048218732,57.19906694348628],[-6.283293298091436,57.1951453983215],[-6.284185261650245,57.19083859114359],[-6.287971738104321,57.18635630862868],[-6.292994834681707,57.183117573886676],[-6.294042693264628,57.18049157998539],[-6.299775585756965,57.17727318633981],[-6.30205767132794,57.17440239406358],[-6.314198184431185,57.17166906591578],[-6.315409266208547,57.165393971606036],[-6.32311211820126,57.16351491228922],[-6.322603216646448,57.160011515337736],[-6.31511091462609,57.15970328543553],[-6.312592422901766,57.157905899963495],[-6.304379827495452,57.1612866610024],[-6.274599026460135,57.16604328413162],[-6.256712595318175,57.169993354522845],[-6.246632680282876,57.16972393508102],[-6.215017785241741,57.175863712254014],[-6.211995527374323,57.17709396917573],[-6.203883392563011,57.176129898999235],[-6.186127387848409,57.173032884531374],[-6.170733416232793,57.1747468489378],[-6.165763636299213,57.1776594670769],[-6.164187242953185,57.18291863940247],[-6.166410117520735,57.18765134627922],[-6.165356301418109,57.19292013461669],[-6.168582979896073,57.195164447955584],[-6.167908229607048,57.19799262274705],[-6.164407124441338,57.19853166012795],[-6.159521986920089,57.19663905196883],[-6.158776480490859,57.19428522751849],[-6.150906307127523,57.19567022437198],[-6.146059847645457,57.18865274140267],[-6.13993238388917,57.18799382918816],[-6.130578375155028,57.18417492258441],[-6.123801775754481,57.18674066041941],[-6.120095301736869,57.18974017621654],[-6.111702379994538,57.187547388585685],[-6.110148021568042,57.18615508716397],[-6.111997130927413,57.17754708833207],[-6.108242181115533,57.175642463098335],[-6.103491449290545,57.1701329069007],[-6.103907527469223,57.16612663458269],[-6.109471969334567,57.15316592422921],[-6.107298707338733,57.149016145845074],[-6.113482629821277,57.13755368431597],[-6.107308558703768,57.134006487687344],[-6.102310921517545,57.1339769839027],[-6.097820613890141,57.13098565801871],[-6.093535235254071,57.130514351937066],[-6.087203555754211,57.125959731038286],[-6.081542676447808,57.12642766475581],[-6.080707044322061,57.13062285840765],[-6.075484811666966,57.132303657522165],[-6.074809283432018,57.13596214184672],[-6.067209747591972,57.140746720818306],[-6.064686130358362,57.14442557149592],[-6.064523820610753,57.151080627530206],[-6.060236870823157,57.152797806133364],[-6.055961805700475,57.15636234699482],[-6.054978056535451,57.160445189592075],[-6.047914396979105,57.16821178304257],[-6.047885533154242,57.17561327778878],[-6.043220227066742,57.17829338912958],[-6.037651195942323,57.17764837602634],[-6.03259505585192,57.17994231221743],[-6.029004726710244,57.1833389949219],[-6.026020530509901,57.193794616380835],[-6.023199018524516,57.19759081105921],[-6.025692964384147,57.19907265947481],[-6.027252847971777,57.208668316854315],[-6.034592547422014,57.21166049687523],[-6.037421583475774,57.21582897853774],[-6.035691638379872,57.21954535387318],[-6.031118041975037,57.22099811323617],[-6.02431042099944,57.21703365311759],[-6.020525702200598,57.206344872162354],[-6.016401829327353,57.204245235476044],[-6.008706419225195,57.20420558232749],[-6.004177103325333,57.1968906198432],[-5.99756848019329,57.19086745556246],[-5.994031371786837,57.18551044416144],[-5.994241057778292,57.179758843098995],[-5.996864504140272,57.17123629678946],[-5.990308691694085,57.16701223314414],[-5.985856487764284,57.16755138061988],[-5.977263905460709,57.16677686693433],[-5.965429229741951,57.169520390874695],[-5.957118996180381,57.17074970405503],[-5.951095087585761,57.17293144151468],[-5.941596139688755,57.17303725381422],[-5.93638703008487,57.17526456900496],[-5.925085713033267,57.17282265142738],[-5.92262017949882,57.170881242847685],[-5.916789195697422,57.16998015094428],[-5.89895986638036,57.171997284284714],[-5.890527854856161,57.17193567211871],[-5.891844576581406,57.177981975322375],[-5.881973610423247,57.17583348660554],[-5.873083141834622,57.1763018919591],[-5.862684733200505,57.18182879298264],[-5.854381042135389,57.18103247090107],[-5.851672583859582,57.18403789337279],[-5.848113213928084,57.18277157216506],[-5.855097028476789,57.17984877710993],[-5.856440693534841,57.176810646531244],[-5.867605886075341,57.17165620833291],[-5.885114587360325,57.16759893389394],[-5.893882377048826,57.16747961931967],[-5.901041558849745,57.165526067771744],[-5.909021303976527,57.166567661264025],[-5.917470796794319,57.16485164207564],[-5.920912112240608,57.16062585566942],[-5.925104036996099,57.159739308499326],[-5.928018527601779,57.15633006617599],[-5.933961752506039,57.156125605389896],[-5.941256907572069,57.15224121008248],[-5.945933813098969,57.14623409341841],[-5.958615522004281,57.14490960587514],[-5.96860020111404,57.14122442638072],[-5.978185806269942,57.136075509728165],[-5.972342452505475,57.13486725824885],[-5.975394923662785,57.13102978143793],[-5.981782489293191,57.13230599928148],[-5.987420520596975,57.12884454226276],[-5.996002524825903,57.12655225531257],[-5.999857564245069,57.12328645954971],[-6.006478435674513,57.11403777785332],[-6.001782948609285,57.11256940417377],[-5.994815601603766,57.11424504544709],[-5.992555536238303,57.10936077678569],[-5.988792816045654,57.10825693085794],[-5.991772423254887,57.105342966481544],[-5.999652420162346,57.10477399435714],[-5.999859290462306,57.10171460002505],[-6.002898413165132,57.09895130532676],[-6.00313693595272,57.096111191772586],[-6.010699895182462,57.08821681484915],[-6.008576928105743,57.083015520026144],[-6.012345003427437,57.07846166510675],[-6.012051415400255,57.07597578884708],[-6.00681137365603,57.072938068607655],[-6.017929739387731,57.07033793785256],[-6.022903610344668,57.07205742737552],[-6.026424431059838,57.068293355030704],[-6.032477264027134,57.06391253427031],[-6.033806290874155,57.05768757630681],[-6.038652940739367,57.05624348084251],[-6.038445977273808,57.052929354622734],[-6.035266253688942,57.0504692315366],[-6.03915463773713,57.04776293971559],[-6.030701471576732,57.04132306422082],[-6.033221993605047,57.0392410287802],[-6.030750346764148,57.03553954139978],[-6.025442915598975,57.03656030185227],[-6.023894745120971,57.032239975332516],[-6.021157630380417,57.03140635890017],[-6.023097474568404,57.02431122045087],[-6.019710141474659,57.01962382179577],[-6.007029367209849,57.0244910653449],[-6.003332487415914,57.02010992247787],[-5.998468288044035,57.02238684133657],[-5.991413674003295,57.02363290978178],[-5.985406280204633,57.027192079890995],[-5.975762587899053,57.028910903648324],[-5.973379241355524,57.03091094348223],[-5.968577625828034,57.0304367364967],[-5.962463704740192,57.027149052849154],[-5.955869298875736,57.03199408660086],[-5.955673829904315,57.03440287729614],[-5.94996317248898,57.0348271170814],[-5.9461449565037,57.037092226627855],[-5.937467014412212,57.03874965288743],[-5.922984396023462,57.043332969670544],[-5.91903857278994,57.046851044204146],[-5.916717669406208,57.05123434063467],[-5.909740216791614,57.055200364851075],[-5.899428697619405,57.05680268315629],[-5.898165089427718,57.05940015458703],[-5.892148960049447,57.062477364109185],[-5.896945009472373,57.06554250112497],[-5.892979226796214,57.07146458246833],[-5.889728628301752,57.07234524865985],[-5.88548115956104,57.07814902908893],[-5.885787623268272,57.08042873134632],[-5.88107776757625,57.0835321833361],[-5.877247830867554,57.082421790301716],[-5.871495442815722,57.083820926436495],[-5.868795977560483,57.09047529048755],[-5.863702619544453,57.09298297541253],[-5.86128030824132,57.09743200711112],[-5.856003611909303,57.10117681564185],[-5.850367220455878,57.109342663406025],[-5.840138418045408,57.10948602379952],[-5.839335421152983,57.10816286714813],[-5.831011882428822,57.10696040077535],[-5.826381541790813,57.10748414691151],[-5.816002307639549,57.11364070837752],[-5.81222189104275,57.11938431764843],[-5.808089038288082,57.119136953491605],[-5.804403216730736,57.12106969627364],[-5.803196341983877,57.125898602173315],[-5.798843263491566,57.13076451869305],[-5.803342595561321,57.13440779357902],[-5.801894329213747,57.136246381536644],[-5.792528954403748,57.13659326936679],[-5.787260187765416,57.1383531013874],[-5.790582031131307,57.14249995899863],[-5.78475670874656,57.142901788983366],[-5.781208811417258,57.14581412079944],[-5.783282855408848,57.151784429582946],[-5.79110202123397,57.15019400556361],[-5.794483935200778,57.145262536852066],[-5.801050895843775,57.148359548953714],[-5.79719551858953,57.152572785875705],[-5.798981096871422,57.156365010675394],[-5.795278284293991,57.16026873944604],[-5.798400654231785,57.163604193180205],[-5.800875228737065,57.169004678714266],[-5.799958711345958,57.173051437866405],[-5.797375207320625,57.173925442658025],[-5.787221957125864,57.16796599215677],[-5.780583772727436,57.166251364124044],[-5.773215499283526,57.16921564487523],[-5.764356684667663,57.16950003184258],[-5.750433047952845,57.174597171084095],[-5.749267046262235,57.17648414949758],[-5.74305815592248,57.17818915126698],[-5.737232064687361,57.17828207920415],[-5.719122185681289,57.18322613272764],[-5.712283694906973,57.18602262490988],[-5.708123873608101,57.188955298996596],[-5.697920306150005,57.19281246302155],[-5.694253482471079,57.19713267566168],[-5.688362111527067,57.19875811088058],[-5.679715520316984,57.20374125318181],[-5.672946599158127,57.2063042690683],[-5.667462867113231,57.21247503093391],[-5.668839667860459,57.21532524064673],[-5.666863058238514,57.21878151299081],[-5.663363393248574,57.21908609363852],[-5.662480006116275,57.22554916055779],[-5.667229158552917,57.23255790592867],[-5.666120057876558,57.23624500837371],[-5.658041343859412,57.24389359894671],[-5.652675192247649,57.24722812271284],[-5.646663714342124,57.255283184755314],[-5.648660411181466,57.25827740973079],[-5.654072347336125,57.25856494946367],[-5.660983813655132,57.26442761730719],[-5.666377821462142,57.26519166676873],[-5.675160064389101,57.26423799282476],[-5.692454099863546,57.26419780366673],[-5.716288492080429,57.26163308635572],[-5.729614878169303,57.2607611635649],[-5.731178090302984,57.2625173525838],[-5.72641979552382,57.26493343548307],[-5.717471065033314,57.26677675112415],[-5.715205000629379,57.27030530475784],[-5.716332918195761,57.27276684516518],[-5.726848933500255,57.27408052698226],[-5.729638206447841,57.27318759119917],[-5.739766083784071,57.27523280387042],[-5.761643729295756,57.27212263574348],[-5.770629616773155,57.27243288650504],[-5.784195977316075,57.26910247560376],[-5.792110928467351,57.26489853368687],[-5.802982430881248,57.261143983722],[-5.810975822402185,57.2570128433775],[-5.818486100636772,57.25920315247898],[-5.823254674584453,57.258068936451295],[-5.826761871570493,57.25557487654233],[-5.83418353812331,57.256508194626946],[-5.840247302301678,57.25515390979624],[-5.841414903413838,57.258238134665056],[-5.846238242378635,57.258112869534045],[-5.860035280259961,57.253769008076326],[-5.859738254438159,57.25220016620832],[-5.872851289475941,57.247696034473464],[-5.878975013086063,57.24391118730478],[-5.885616054529295,57.244181325596635],[-5.889328018355517,57.2408653376349],[-5.896613536124795,57.240694097962034],[-5.90548271705753,57.24304292412089],[-5.908118846643558,57.24566279223339],[-5.904085307142445,57.25095850677186],[-5.905400669317046,57.2544953011731],[-5.915752856374568,57.25861540182778],[-5.916999074685573,57.260505202162],[-5.923865868817877,57.263828869568016],[-5.929400557214203,57.26453237349967],[-5.94098654885014,57.26075671490275],[-5.946292735649946,57.26296826441268],[-5.957255332403354,57.265226149433566],[-5.962399092064685,57.26753208094983],[-5.983540918320591,57.27232802410208],[-5.997781353659455,57.272726752013206],[-6.002008334309825,57.2776365172837],[-6.006086268772656,57.28072374954743],[-6.010268615274743,57.281653946901734],[-6.017098811591361,57.28676151389231],[-6.024286846825702,57.28809230316003],[-6.031563596267076,57.28561978884221],[-6.037615764006039,57.28258825909773],[-6.042622533804991,57.2786639113899],[-6.050043656965306,57.27866296345468],[-6.059881784162845,57.27438406275376],[-6.07052439434812,57.26846863595507],[-6.074122531805033,57.26956132933725],[-6.074262540376147,57.27352686878839],[-6.077976080215722,57.275955565574904],[-6.067412791264355,57.28101927575038],[-6.054812996932115,57.28601294216182],[-6.045797549010069,57.290179441586936],[-6.04101166569434,57.29378207214344],[-6.041882723880944,57.29634376712655],[-6.04945640529953,57.29943130281824],[-6.048258561475238,57.302509291031306],[-6.049554802312916,57.30530452601767],[-6.047946580900405,57.31039201178839],[-6.056225138731856,57.31388811163593],[-6.071668055645115,57.31445391566112],[-6.08046088562651,57.31267128534031],[-6.082906986346958,57.314421717624796],[-6.090058567543146,57.31448663775087],[-6.093672188188905,57.315791485204336],[-6.099235234769624,57.31433578632237],[-6.104538745614357,57.315352245872326],[-6.119743036036553,57.31341824303758],[-6.130053115614013,57.30908326323268],[-6.136903226630877,57.30793781132143],[-6.143457410907589,57.30380090211193],[-6.14812463492668,57.301947171851985],[-6.152501435441445,57.30407312970966],[-6.140942073716118,57.31141521339718],[-6.132274707216161,57.315913780123765],[-6.127225007615296,57.31571564810224],[-6.122456135932183,57.31772475494662],[-6.107949396488825,57.31960925688268],[-6.104921741634559,57.317264111365446],[-6.101207283830521,57.31844208623395],[-6.098258383782336,57.32326836624694],[-6.10370811015146,57.32704169080393],[-6.106851453230942,57.33202148187511],[-6.106027033915686,57.3351778042356],[-6.1019093564603,57.33774927894219],[-6.094711564241432,57.33893729591435],[-6.09516363081624,57.34120212927735],[-6.099530644081735,57.341810564824875],[-6.104475553936196,57.339998993047885],[-6.11018450297272,57.3395506555949],[-6.117034218013967,57.3426337930701],[-6.118517640502701,57.34586563305233],[-6.123056003060578,57.34901343195956],[-6.123014826815362,57.35144635921422],[-6.132532109080948,57.35979531649644],[-6.135827268785112,57.361010613014024],[-6.138676071063183,57.36574673576669],[-6.145023582126651,57.37097716878457],[-6.138483775440402,57.37193546578433],[-6.132328948303178,57.37477728756118],[-6.12913963821686,57.38282249962219],[-6.126281137117943,57.38390553620777],[-6.123387583935389,57.38837981628116],[-6.124357571867511,57.395299131222274],[-6.130174350026171,57.39836344408339],[-6.134811059512593,57.403804360753774],[-6.141541001916212,57.4064515204699],[-6.153974792584951,57.40641914540135],[-6.158743544796646,57.40711223367556],[-6.166048607126458,57.40591722791185],[-6.169423026059407,57.40293583504978],[-6.177868434208234,57.40373014241194],[-6.181367806312202,57.407459110574024],[-6.187006986030407,57.40300531443383],[-6.196593861258566,57.404946494492584],[-6.191138491439007,57.408712965810075],[-6.18836125227757,57.41342327510222],[-6.184019494927027,57.41473055844382],[-6.176154057308264,57.41200190741956],[-6.173562989876511,57.412515071850876],[-6.166605071846264,57.419216858278375],[-6.153213962316308,57.42241051096293],[-6.146535494604338,57.42775653106398],[-6.142814708798194,57.44407452585743],[-6.139222795745455,57.45242079901951],[-6.139467966793672,57.45488116035217],[-6.136521695173856,57.46546767127523],[-6.135779813074131,57.47209516951769],[-6.138617869894995,57.47993951439463],[-6.138522191057812,57.485504463175864],[-6.142575490687768,57.496359936891174],[-6.147275514145483,57.5003148123857],[-6.142902705022639,57.505791209768326],[-6.140703267378492,57.51629471031136],[-6.141824899990782,57.520403341391074],[-6.140050209875548,57.525852601366765],[-6.142049965134275,57.53521541210612],[-6.141779555704841,57.540192590113584],[-6.138869444386248,57.544163888935856],[-6.143016057000209,57.55462699273153],[-6.142618757914837,57.562061457722685],[-6.147240611971852,57.56636885784451],[-6.144379754803054,57.57018216406389],[-6.145701216871696,57.57399646386151],[-6.143438282311021,57.57903912634565],[-6.138716861478048,57.582417919757496],[-6.144874113082309,57.58782247786274],[-6.148316787161956,57.586589743520065],[-6.153261267133372,57.591121973634486],[-6.156624076846767,57.59889036899153],[-6.166352257584721,57.603861537119435],[-6.174668150307054,57.61566538365662],[-6.175066395693901,57.61986070356774],[-6.181310156040981,57.62445599062182],[-6.186033568323745,57.629663474727],[-6.190609241803163,57.631835317665555],[-6.191525900199829,57.63411237719221],[-6.199413603911808,57.63410648586894],[-6.205578866395092,57.63797488818923],[-6.21560114051286,57.63544906499368],[-6.224086682058895,57.63550621755604],[-6.235063805135225,57.63907004209669],[-6.233565211472865,57.64351686747195],[-6.236291884506119,57.64584265835225],[-6.234808756090283,57.6480084127465],[-6.238917111431236,57.657103447702745],[-6.241275376718872,57.66026975842869],[-6.244765050726199,57.66104188881869],[-6.249798164100774,57.67279351514172],[-6.254016377837626,57.67491321358687],[-6.261338390014276,57.68119792880953],[-6.274739336466901,57.68282429425768],[-6.280761396727886,57.687583586210295],[-6.284839433086657,57.688245708437215],[-6.287528603192396,57.69151605845229],[-6.295681708337173,57.69169953712253],[-6.297816795205556,57.69391295587365],[-6.295847510106241,57.698223753742255],[-6.291302301587746,57.70040614672836],[-6.296659958039938,57.70770451419795],[-6.301779021776501,57.70672725783021],[-6.309693316173602,57.70793692609497],[-6.317861707471182,57.704933115561104],[-6.324632212025828,57.70057365933031],[-6.331234842487706,57.69987981389186],[-6.341208144601982,57.701943173142006],[-6.349211501780507,57.707176278032996],[-6.35280374653675,57.70812726552316],[-6.356671968234894,57.70606487109416],[-6.348014066718733,57.70266239952068],[-6.352693212883315,57.69826542368157],[-6.347001522411833,57.692130143086295],[-6.343572923355267,57.68488260969512],[-6.351326654860284,57.683887247161174],[-6.347541570943176,57.68186820599083],[-6.347221944630971,57.67906430954694],[-6.353035842573555,57.67456522769353],[-6.354774723552384,57.67129465334474],[-6.361222996725163,57.66901711354374],[-6.377270227033694,57.661526946722056],[-6.385665767520257,57.66011407616157],[-6.388324127419114,57.661490334996564],[-6.396132204908366,57.659788700340066],[-6.406643881667396,57.66117595353677],[-6.410624120581557,57.659850693703255],[-6.405914026820405,57.651536898310084],[-6.411911423938973,57.64840537227191],[-6.421823352014543,57.648251862818135],[-6.427714903134614,57.64230281778434],[-6.423983504532148,57.63659676431771],[-6.420562450028535,57.63322260627804],[-6.413066807341235,57.62977060433701],[-6.407511354565651,57.624474180740094],[-6.40493649058028,57.62007988724925],[-6.401544976424875,57.6186360744245],[-6.395614529702552,57.612469107834094],[-6.398343066343172,57.606769187407366],[-6.395368282401218,57.59969871379035],[-6.399233379295931,57.59656007836],[-6.392800298308866,57.59139628555191],[-6.395359095708169,57.58486770595063],[-6.390629733700307,57.58397574603341],[-6.381917341687589,57.585170106441005],[-6.37436429918239,57.58512030501154],[-6.372930620979623,57.588682888930514],[-6.367420277219793,57.587282928523194],[-6.361057935843348,57.58722254406975],[-6.368476685738365,57.57943191893775],[-6.3746841399563,57.57172688732295],[-6.380111542814967,57.570883685256625],[-6.381383804909602,57.56560163743373],[-6.384411523227144,57.56419948255707],[-6.390560247865932,57.56938878594181],[-6.394072104394067,57.570194551015],[-6.398087737571048,57.564779744570366],[-6.398767966966886,57.561891534333036],[-6.391832765774011,57.54865469046353],[-6.384106890456235,57.54782921422314],[-6.39055342447161,57.54498041945321],[-6.388599940429622,57.54202482723414],[-6.383065146488525,57.540311744727],[-6.374081938168406,57.534636890890546],[-6.376490638794471,57.53018685295227],[-6.373668814229121,57.52680433028311],[-6.370184724478368,57.525423317133644],[-6.369210339331005,57.51889630488443],[-6.361253358143657,57.51217958899993],[-6.354772833768996,57.50862476002058],[-6.346234026271926,57.50584575814732],[-6.331709359976773,57.497370778629396],[-6.331647407130819,57.495117366944974],[-6.319461085701474,57.48783589941402],[-6.326268165204432,57.485638921274635],[-6.327179820042289,57.48221348741181],[-6.325397085183972,57.47872147529641],[-6.319613902076532,57.47318860049515],[-6.32344265918929,57.469458900638145],[-6.330211024354799,57.47733197311563],[-6.332966651204208,57.48192810680828],[-6.332596335133413,57.484760285819256],[-6.33519731678594,57.490409453162215],[-6.341779288825688,57.490578357034686],[-6.340774763637854,57.48651198038012],[-6.34698659399332,57.4867895916969],[-6.348309597225939,57.49482814525972],[-6.34969595197312,57.496426068657655],[-6.362324833734597,57.501071429833324],[-6.366329927788298,57.504106447543826],[-6.375512841548012,57.503273278255854],[-6.377967209440549,57.50997186072716],[-6.382954824287531,57.51686649034704],[-6.385395897585588,57.521863837041494],[-6.391538446251659,57.525467656391385],[-6.399458846984438,57.52862238780013],[-6.402757057289207,57.527967535292056],[-6.403924643093176,57.524554077346025],[-6.407043298580787,57.523316285386784],[-6.405224097493705,57.51898196992792],[-6.401607544053355,57.517269182220886],[-6.401020314601395,57.50942468113836],[-6.407243559981056,57.507448767354255],[-6.414030479361754,57.508051985291516],[-6.420419006465408,57.50504789807725],[-6.42243437672816,57.498391826872655],[-6.426535021448432,57.49703715627158],[-6.431256152782611,57.49302169666493],[-6.435672027422157,57.49235803659524],[-6.437640344860461,57.48674390534326],[-6.434458399598082,57.47954756785424],[-6.43864961091998,57.4791785893676],[-6.44831842639515,57.48570057765221],[-6.444079452098706,57.490965174958355],[-6.440150867306415,57.49361400551128],[-6.436222616912918,57.49889521219525],[-6.432436642393319,57.502028015849625],[-6.430500020614856,57.507213702902924],[-6.425261324175586,57.5141963604539],[-6.427196939509864,57.5183014778997],[-6.430209813386341,57.519436685764695],[-6.437980880531492,57.51640197545082],[-6.440262666300436,57.512903860668],[-6.445677653464529,57.5087914658883],[-6.452714515846555,57.50593008670745],[-6.456372573357116,57.501883783630205],[-6.461515347815183,57.49946664429491],[-6.463661974550987,57.501445698783904],[-6.460505960908244,57.504042591688766],[-6.467599002614171,57.50808307659755],[-6.472430507577458,57.513892584233105],[-6.486219171564516,57.523471003213274],[-6.496230047819163,57.525681835259284],[-6.499884361735183,57.531379548723585],[-6.505330623423857,57.53438229970431],[-6.51003228335502,57.53487512391161],[-6.513743768505656,57.53790366075765],[-6.526503481448529,57.54071973686847],[-6.532018729882662,57.545295635146594],[-6.542030393777018,57.54860659558304],[-6.54414239293571,57.54656066496732],[-6.552831868504359,57.54460995514756],[-6.558334279988287,57.5480087717443],[-6.565043166192762,57.54890456170359],[-6.567187513948515,57.55119509988873],[-6.567900050306343,57.56374270350921],[-6.569717930072178,57.56723683123267],[-6.568484287256446,57.57155665068253],[-6.569943178095633,57.57518791583249],[-6.573789620198788,57.57964100411662],[-6.5794814380513,57.58266249295672],[-6.581652822507087,57.58820070481299],[-6.584851562564889,57.58946058629163],[-6.589196812367518,57.594506771173485],[-6.598177019123487,57.59606665987317],[-6.60533189554917,57.60040270969809],[-6.61292394687762,57.603192390038394],[-6.61614521933508,57.60625864826533],[-6.627161781563042,57.606313623800844],[-6.635026100231948,57.60884918632252],[-6.635263630514989,57.604077681410104],[-6.638402237106757,57.60017992109228],[-6.633037047469656,57.59384241643371],[-6.635535906594605,57.58795337344672],[-6.634830958089049,57.58265973413127],[-6.639231809345916,57.57747334121566],[-6.642267148164964,57.569113346000975],[-6.641070264090011,57.56230247135365],[-6.643357786533442,57.55828477911556],[-6.647715412740356,57.555320445596536],[-6.654303424606773,57.55497834188096],[-6.654157129427064,57.55045658358352],[-6.655961091240123,57.54628369779256],[-6.653230937529813,57.54310318906243],[-6.649117238839606,57.54344307383748],[-6.644980115293993,57.54689233413853],[-6.642093873195725,57.551431392612244],[-6.634800648977988,57.547543355666065],[-6.628884004510334,57.54564167006893],[-6.619697148777508,57.541204429360135],[-6.614458736359712,57.537353266843525],[-6.604937902484279,57.536037613343964],[-6.602929922160463,57.53282615054818],[-6.597446440675339,57.53097111638919],[-6.586419768134103,57.5224810224606],[-6.587967677046659,57.51907865556806],[-6.584775284014112,57.51658378847752],[-6.573248486786675,57.51466700789488],[-6.570159924991192,57.511508726364205],[-6.561150667599095,57.507399303825395],[-6.567236980585102,57.50232793881275],[-6.56395436288126,57.498833873970426],[-6.56492908097585,57.49576736185185],[-6.574545942183041,57.49484079031068],[-6.586265987698054,57.503236305416756],[-6.59408327379535,57.50812323883895],[-6.598873108594949,57.50992721273199],[-6.60711643382588,57.50784036925558],[-6.610967235743908,57.50782981895065],[-6.617823770022806,57.50232101936828],[-6.629515855049629,57.502876522169956],[-6.636233618168862,57.50452273210919],[-6.641073413454913,57.50191125548716],[-6.646449895056972,57.50299470822685],[-6.642931549675834,57.49819526595995],[-6.637769926929636,57.499518911778914],[-6.635920935871115,57.49778802969497],[-6.636564850821546,57.49424278638977],[-6.629321459318881,57.48896402762761],[-6.630878181489203,57.48543471328506],[-6.624497900105659,57.478774726826195],[-6.623463264151913,57.473042514310364],[-6.615176353014982,57.46883582296249],[-6.615224404470015,57.46234426587388],[-6.618223418664652,57.461244771141],[-6.62269453653007,57.46300996204154],[-6.625780959214286,57.461745163004295],[-6.620893964851061,57.456862429511744],[-6.616805338313647,57.45649354821823],[-6.611653334314871,57.454150463526496],[-6.603057034288981,57.45711431193011],[-6.592771072467912,57.44976371545647],[-6.591003009228359,57.44515725874969],[-6.59140275215587,57.44155104058826],[-6.582727702085378,57.43606041576799],[-6.58658276387658,57.43170131685151],[-6.588771701838406,57.436907704302996],[-6.59185612202336,57.438292756829455],[-6.597476107895676,57.444453980462136],[-6.603133358049589,57.44642921449128],[-6.610738079118226,57.447356882137825],[-6.618042532696441,57.437303298372576],[-6.627349062064272,57.438403995530734],[-6.635260044028941,57.44297987332412],[-6.63910755680172,57.443088971155504],[-6.64812534392682,57.45152081917778],[-6.648957792709485,57.45365786210101],[-6.654027777906274,57.456307419712566],[-6.652094128891164,57.458593533513735],[-6.659303079232549,57.46133378671925],[-6.667476160938557,57.46152463662491],[-6.665829972571996,57.4657306641554],[-6.665926957913269,57.46992779774046],[-6.66976863099172,57.472945265803325],[-6.677420721419963,57.47566992088687],[-6.676026708149884,57.4779021681007],[-6.677829546550896,57.480895323672215],[-6.685009520671117,57.48356694520877],[-6.686533808284695,57.490119888634304],[-6.691937147159995,57.48978993059283],[-6.698883594112907,57.49646434493805],[-6.703132152154764,57.49673473949998],[-6.702768729766577,57.50011166970442],[-6.704989569181443,57.505412384950866],[-6.712219772048857,57.51254513174771],[-6.71679970613603,57.51377240640073],[-6.728179804549129,57.51123160185025],[-6.733511626459381,57.50936257773569],[-6.739288578302059,57.505263655270326],[-6.748797026260799,57.49999371666545],[-6.749648068294962,57.49613398364255],[-6.749126270378548,57.48711761188854],[-6.750138110379583,57.48032373426536],[-6.746796857141073,57.46988362119491],[-6.743128624303874,57.46387800527541],[-6.727423776715486,57.456576554212134],[-6.722648268627342,57.45236167266061],[-6.725706363509851,57.45050977924136],[-6.734505937329438,57.45262650424145],[-6.7415252863563,57.45216596701362],[-6.746336027121354,57.45488738045368],[-6.746606847903299,57.45681840585673],[-6.759251733012806,57.45850042960819],[-6.771072892358788,57.45948920418749],[-6.781214245976582,57.45815957356935],[-6.785719254174463,57.453751236627085],[-6.778746087536366,57.44675229980861],[-6.779554904030941,57.44228216001128],[-6.786309894504888,57.440356516604375],[-6.786204798349732,57.43592107463859],[-6.788070814832903,57.433164770983154],[-6.784071542872904,57.42898551339919],[-6.789686682938049,57.42143107819541],[-6.785335135594072,57.41964920525202],[-6.780564754601366,57.42359097942383],[-6.781036094202621,57.42585799317938],[-6.767488845696277,57.42843250139284],[-6.760982172437853,57.42194129829792],[-6.757346679693306,57.422321817751204],[-6.74994270518157,57.42077568582391],[-6.744644046239808,57.41784531716446],[-6.739807930155986,57.413395044451974],[-6.735779281777105,57.400746250974734],[-6.729656928881914,57.395727936496456],[-6.732832079727991,57.392576907007445],[-6.739287404568937,57.390318588691706],[-6.732192484876721,57.38440157666075],[-6.732424045131974,57.38226091461297],[-6.72858133504605,57.38061999210232],[-6.726237497807665,57.37645781582435],[-6.717033850690081,57.37003016735814],[-6.708372835226924,57.36896981388766],[-6.701197470143506,57.370727295876385],[-6.70043916184587,57.36753983451055],[-6.695541989492689,57.366935900683366],[-6.686418409612179,57.36289591826503],[-6.679451540730486,57.35891440802923],[-6.676215815606889,57.35840525582098],[-6.674043671838609,57.35553118217356],[-6.669410891230406,57.35692236004875],[-6.661812488033276,57.35665592521351],[-6.658308175785258,57.35795981542556],[-6.653423555660472,57.35724137827777]]],[[[-1.082555946602135,60.60601532344264],[-1.075440125562831,60.60780797760945],[-1.069190197706415,60.610649626135576],[-1.054891289497005,60.60650896869209],[-1.052262770939104,60.60252618041504],[-1.048235247017856,60.60037588848878],[-1.043428713830612,60.601742366461856],[-1.03924731676842,60.60510649476521],[-1.035447957548622,60.60420373663024],[-1.02792723469218,60.60529418731892],[-1.018843898105436,60.616941056441014],[-1.020896629157052,60.620044814948606],[-1.019991728949358,60.62578019667677],[-1.022789354175828,60.62875017747854],[-1.032857982437229,60.630345126976096],[-1.043223036470642,60.63455246461714],[-1.04237710371075,60.63755611714297],[-1.046108515585623,60.64027636172671],[-1.052688810619407,60.642518343604735],[-1.050611213405078,60.6457027935556],[-1.054108636411752,60.64897514892927],[-1.055277675938305,60.65421178314139],[-1.064508553937815,60.65979851163846],[-1.063476871315504,60.66578469965865],[-1.058628780884014,60.66186290173061],[-1.047906961160825,60.65902169634838],[-1.042984151309827,60.6542637585388],[-1.04464279469968,60.651496629889],[-1.039743531969471,60.645452094803275],[-1.031135107826255,60.64237686301313],[-1.02796392959049,60.642396107356994],[-1.022376629850473,60.63966183245453],[-1.01575120293807,60.63838773891712],[-1.003047535741041,60.63882989003087],[-0.998992300908378,60.635649884948414],[-0.998788573638662,60.63325998786514],[-0.992235725530359,60.633830413335346],[-0.989801298411726,60.636559618565215],[-0.983059922981495,60.63641435857945],[-0.981160416743083,60.640121678261494],[-0.983168666705073,60.6413760123072],[-0.990041576490764,60.639688767883676],[-0.99441798673831,60.64064829073726],[-0.996628999823305,60.647452877717654],[-0.998728785868097,60.64932720017493],[-0.995720080272034,60.651859182266804],[-0.988975174161805,60.653882603345814],[-0.991062347876854,60.6605471978487],[-0.994205894881123,60.66299961833472],[-0.996750342930802,60.668257891669484],[-0.997573396434028,60.67457534865095],[-0.992964225774475,60.678164715252436],[-0.998434343690546,60.68593204438077],[-0.998356523361309,60.69108985281876],[-1.001739145318189,60.69362467464817],[-0.998233359180772,60.69853066253817],[-1.006517458960202,60.70193959032307],[-1.00029771694737,60.70313607511223],[-0.993019702007713,60.698668518036996],[-0.98645024249336,60.70050462508773],[-0.995112576485878,60.70262954297762],[-0.998719291646964,60.7072402327547],[-1.005402582972148,60.70767333074858],[-1.009085255121498,60.71404772561803],[-1.001419838301995,60.71551822575685],[-0.999204279084227,60.719699328875826],[-1.003105530067711,60.72233400309392],[-1.010776657580341,60.719952994756916],[-1.014463604796574,60.722254433925144],[-1.011118334972649,60.724341649980566],[-1.011809117911359,60.7268581018791],[-1.019961484211289,60.72674634739194],[-1.02493184942398,60.725585655957175],[-1.032609711053037,60.73075457836961],[-1.03727112124244,60.72999794132165],[-1.042353301889839,60.73419052660341],[-1.04629000525857,60.73327127873138],[-1.034652761761803,60.727499218210234],[-1.040886408535706,60.72576519323401],[-1.042646537389006,60.72298536293971],[-1.057951257386533,60.72784962042513],[-1.063962764120446,60.73074687473448],[-1.068634175218688,60.73056834654233],[-1.071683525153879,60.73259170527451],[-1.077675031478901,60.73018628559563],[-1.07676944208241,60.72756277457599],[-1.078050466173108,60.72099108758992],[-1.082085516962831,60.72147843539158],[-1.085271997949999,60.7267365473124],[-1.093332535927096,60.730194115239556],[-1.098203535241792,60.72910008049955],[-1.107267950240977,60.73081269486076],[-1.127572662741195,60.726461267121685],[-1.128012574631455,60.72443495271356],[-1.12360412007088,60.71736252470946],[-1.129377404152011,60.712951157533475],[-1.127895180710345,60.708479148176664],[-1.134084467777611,60.70554727046913],[-1.132526599028225,60.70251140708737],[-1.133173739452385,60.69684556572279],[-1.130575992539328,60.696393302340006],[-1.128100966702429,60.69174874897531],[-1.133597990037094,60.68788310997608],[-1.129303644689624,60.68214487474239],[-1.132214567677621,60.67602230484909],[-1.131645106541046,60.66998042525828],[-1.13744984256474,60.66813683281048],[-1.137065559219863,60.659240904426895],[-1.139996319898664,60.65086008890393],[-1.144817778920505,60.65008733234521],[-1.146578187949655,60.64541162859132],[-1.146576428709357,60.637864961304516],[-1.14446243691664,60.63312417039511],[-1.146158028472045,60.627415548565395],[-1.141342278428403,60.625009914790404],[-1.129638222880472,60.62361904166408],[-1.127546499567041,60.62088937911588],[-1.121131580174431,60.61757920529726],[-1.116128195745742,60.606116243338036],[-1.121105866022904,60.606359998103265],[-1.123397258563859,60.61117420196823],[-1.136521099584531,60.62215064724837],[-1.142573521469858,60.622687824669555],[-1.15327104334422,60.62163260326802],[-1.153925264571689,60.627419910724676],[-1.153388102927734,60.63536268213317],[-1.154197595078089,60.64068231543611],[-1.156192100078251,60.64244215577148],[-1.152618542324097,60.649023501689435],[-1.157175283870565,60.65662131374369],[-1.161703957344139,60.65128939580799],[-1.171028872449171,60.64783669124202],[-1.171495835248483,60.64282045491186],[-1.17722199428684,60.64234393656571],[-1.182586977919837,60.63532215862034],[-1.186754739974292,60.63627501630838],[-1.260665964442683,60.637020835958076],[-1.309114498666735,60.63771460838319],[-1.3171717527672,60.631030934600595],[-1.321599202878553,60.6303934842362],[-1.327173304211189,60.62252046031557],[-1.334596730604489,60.62539921755486],[-1.341848376056173,60.62511180009071],[-1.350056947995536,60.620397744505105],[-1.350773786826645,60.61381996958531],[-1.342006689593336,60.61195455808318],[-1.337885908961117,60.6082889682421],[-1.3371546691767,60.60529190444345],[-1.331601546670054,60.60084147195158],[-1.338436237912122,60.60067428706403],[-1.337471633488052,60.60390538891193],[-1.343317394076933,60.606781272707046],[-1.346598676257734,60.6050096921574],[-1.349627280101627,60.60997160140481],[-1.357286646422766,60.61012528956965],[-1.36179827062445,60.60827484028493],[-1.370753231958578,60.608002956813465],[-1.374598803868991,60.60606813878575],[-1.37871278209474,60.60914894848976],[-1.384786335098134,60.60912759309598],[-1.39067601745079,60.612561841374415],[-1.40367387264032,60.61201876351723],[-1.406221062894954,60.61555412599623],[-1.410187419844646,60.61444035548314],[-1.417603633779118,60.61599464113221],[-1.416332962963757,60.618072112460524],[-1.423469700903473,60.620709444153796],[-1.433587939919012,60.62126166382145],[-1.436909484504445,60.61729372554353],[-1.42978085738843,60.61645552546449],[-1.422605850893078,60.6177221902343],[-1.421784126131316,60.61106112495397],[-1.426007249601249,60.60725445894106],[-1.433837593266786,60.60544719158525],[-1.434807929389558,60.60322014199368],[-1.420056609078111,60.601464661332805],[-1.427376713889746,60.59953884276277],[-1.432277061235901,60.59655191328443],[-1.436895888440897,60.596575897349844],[-1.444520068865435,60.58957759409174],[-1.444494278596873,60.585231906833286],[-1.436001760762324,60.5836664800987],[-1.433705984203212,60.581676137231696],[-1.436084374435686,60.577668298532394],[-1.43427389430139,60.57476509630765],[-1.448230901349029,60.57160455191759],[-1.454392831976837,60.56862201320515],[-1.456882358189256,60.56593409962766],[-1.464996404354433,60.562361906062314],[-1.472707721967073,60.560789842303016],[-1.470821504618252,60.55623928475998],[-1.473028890655149,60.55337936185353],[-1.48540239782393,60.54865543833377],[-1.488951046037926,60.54848048616872],[-1.494637559797905,60.54565140669539],[-1.494343832142038,60.54286247451565],[-1.497014612662659,60.54048425944711],[-1.494169995985695,60.53414813490931],[-1.489031131809426,60.53184353314512],[-1.482281144209322,60.530641349415305],[-1.473226841635176,60.522148105860204],[-1.463947356409712,60.51487901093938],[-1.455341061169728,60.51114059933785],[-1.445100453418747,60.50939259736519],[-1.430376471461581,60.512724646496004],[-1.410682123924294,60.51157540034397],[-1.399245348579307,60.51456830249154],[-1.395484366126264,60.51262095543684],[-1.408330480562875,60.509212620715985],[-1.418330789857333,60.507994968339105],[-1.425252498151377,60.508366066325614],[-1.443114254524476,60.504158771155325],[-1.449870065248534,60.5046176946697],[-1.454481691609384,60.50809425489953],[-1.462021672861821,60.510188953180645],[-1.467634436820435,60.510485242636],[-1.480604754756408,60.51643066593465],[-1.485235287745412,60.52016571063559],[-1.495355988734493,60.52410553867271],[-1.505728421656131,60.52722847390938],[-1.50771171368699,60.52979469251638],[-1.518242673949266,60.531651210281574],[-1.518227715554559,60.53449734365054],[-1.522115320042245,60.53840794427548],[-1.518969368379362,60.54776571020382],[-1.523561295590871,60.552248918832106],[-1.532598974053493,60.55580931252688],[-1.547481595122484,60.55102105028059],[-1.550330516346759,60.54870971891067],[-1.55568549115152,60.548399887110534],[-1.559839829466698,60.545208306539564],[-1.561972834954082,60.54114357441908],[-1.566047921999388,60.53831067831122],[-1.566503857738011,60.5321529375684],[-1.569234175434569,60.52756926630291],[-1.568663682336706,60.52457310788663],[-1.565479934330838,60.523575177451264],[-1.568747939563634,60.51823458535039],[-1.567119430524293,60.514700780237234],[-1.573026975565458,60.51209355332808],[-1.576215134240353,60.50933741759527],[-1.575620586559172,60.50662491701554],[-1.5635307722226,60.50610922056902],[-1.567459440032523,60.50190116795726],[-1.574702683227282,60.50081107782901],[-1.583303203018515,60.50909482564681],[-1.585443905291908,60.50515093625734],[-1.595752528742393,60.50615306097545],[-1.60067442808867,60.50995226843934],[-1.613289309804691,60.508292388262745],[-1.613100336126207,60.50428744698758],[-1.616908301770786,60.501567155429534],[-1.615851360600147,60.499813323635564],[-1.628008766868991,60.49016614561616],[-1.633057914711862,60.48298378222144],[-1.617882887986549,60.479069803577104],[-1.612377241215441,60.47669706687229],[-1.616848035073044,60.473641090009316],[-1.605769078492609,60.47456058073289],[-1.605984973997012,60.478815263221115],[-1.597588180610016,60.47878214657995],[-1.593749993371473,60.47730701829379],[-1.587159712728996,60.4805918186353],[-1.580628243168309,60.47963140620501],[-1.575389896850418,60.48025681597518],[-1.569144330474883,60.47861796825123],[-1.561109272303603,60.48738272170093],[-1.556777295516265,60.489879721463026],[-1.548919828709049,60.48959483171365],[-1.546340119005177,60.48667254535746],[-1.536491397091053,60.479976608919365],[-1.530443203598373,60.481818531715874],[-1.521144163780864,60.47950044747128],[-1.515779867932004,60.479341926994856],[-1.510236955510677,60.48065861643696],[-1.502082172250896,60.48427735348955],[-1.4962864039732,60.4830282379671],[-1.497645489913968,60.48102573752176],[-1.493602626695519,60.47707153722948],[-1.508465693207259,60.473623644158444],[-1.506912731895733,60.46963589475176],[-1.510894353884315,60.46729725120348],[-1.511122378364763,60.46179867372095],[-1.506552265044819,60.46101866562114],[-1.503083223840457,60.45839300562108],[-1.502814743673033,60.45513724317661],[-1.495612262591595,60.45302714238702],[-1.493772069215378,60.45739726792277],[-1.489109239053528,60.45737499452444],[-1.488982128427226,60.46258213469543],[-1.483229066001712,60.46475975144823],[-1.481587574608021,60.471353610952086],[-1.488834358976088,60.473621724358374],[-1.487933335668232,60.47574621020757],[-1.480778097555734,60.47672330109587],[-1.470486141519473,60.48240593218093],[-1.464992887398108,60.48664445815432],[-1.463743854613475,60.48934204161183],[-1.457399533811272,60.4903588814373],[-1.454306330812043,60.48804865079331],[-1.459600104778455,60.48452625397351],[-1.457940245296959,60.48335230673637],[-1.46540014316492,60.47591654964172],[-1.46323879757361,60.472847053450764],[-1.468005638966407,60.46941827858282],[-1.463672396881142,60.46694978119587],[-1.452686411900825,60.467181808366306],[-1.439231520510702,60.47137927571765],[-1.44312827368468,60.46504760274516],[-1.447220702053123,60.464454032833906],[-1.453442182401349,60.46560015560091],[-1.462480951547074,60.46531536032004],[-1.466263936174347,60.459171114521176],[-1.466117572126633,60.45312337417736],[-1.462132722706897,60.45005912242226],[-1.44793773219864,60.45057586604731],[-1.445946190308014,60.449045726226046],[-1.435531381169206,60.45127197045329],[-1.430352992841585,60.450953700680515],[-1.431966406894787,60.448174459376126],[-1.438335357291285,60.446140755504594],[-1.443859730113456,60.44829631315848],[-1.449776233593156,60.444491367718584],[-1.450416048062513,60.435102220152515],[-1.455059786976384,60.43498657324168],[-1.457807005664961,60.43256451992412],[-1.45441935143808,60.42385477820241],[-1.450461834672984,60.424296455304756],[-1.450427427814486,60.42040851165876],[-1.454256175923987,60.41895171185415],[-1.452752874259994,60.41601398529604],[-1.446639163765301,60.4141032372141],[-1.440734417384407,60.415932749493095],[-1.429774068662518,60.41348904955489],[-1.425036047363346,60.41500411021936],[-1.418699266043204,60.415017080106836],[-1.412600902225188,60.41741916274492],[-1.408715988166403,60.416872264515796],[-1.39708800831688,60.418247902576915],[-1.395758283705008,60.41504093636133],[-1.390398402103437,60.408727792502205],[-1.394162055222116,60.40869733651543],[-1.399455957088327,60.41340551220725],[-1.404152462920112,60.41272620449089],[-1.408693378174619,60.41411117460621],[-1.413372199099835,60.41137980213624],[-1.413041590444801,60.40856348447193],[-1.415871664508322,60.40460276443698],[-1.409974877797251,60.40217409807644],[-1.405771535374695,60.398582771695665],[-1.398006660917307,60.39699014738614],[-1.393172546934176,60.39981904746856],[-1.386504362533484,60.398307054008484],[-1.395160379676925,60.39537455247824],[-1.408240585436108,60.396021299602474],[-1.410821838490265,60.39425939473858],[-1.412273003547817,60.3887348179542],[-1.404973227730594,60.3837290784842],[-1.391977045246984,60.3796138324368],[-1.387931564046057,60.37976413827209],[-1.383606691244231,60.37731992684897],[-1.377475073179987,60.37636932336771],[-1.374130832918371,60.38092483579862],[-1.373571099726026,60.384388962760674],[-1.368128737474235,60.387137785194845],[-1.36512823626001,60.3921786656062],[-1.354588075440956,60.39440605554098],[-1.352071839009961,60.39145506717241],[-1.35298538548607,60.38691886700956],[-1.348441329414738,60.382995420009465],[-1.353179827451947,60.3734289860032],[-1.360261735630722,60.37320094526148],[-1.364895898250066,60.36931545960501],[-1.354946804306284,60.36860957050475],[-1.343153076924372,60.36525585302054],[-1.334012368114539,60.367399599151724],[-1.321800766012669,60.36814797186867],[-1.30680905147385,60.36975445997604],[-1.296226773416949,60.368190575784354],[-1.287471914450403,60.36309789535237],[-1.284991743936229,60.35672748334884],[-1.273353343961,60.35554129057624],[-1.263539415096084,60.3511137526572],[-1.269007180776364,60.3497072014961],[-1.276606440761568,60.35267671272653],[-1.28422266709102,60.35377375023454],[-1.291389882625141,60.35838683642515],[-1.300621180723565,60.360666849161206],[-1.306646800595283,60.35876603452313],[-1.32151164809199,60.358489616682085],[-1.328336797431659,60.35764422413091],[-1.337829201842836,60.36003520179847],[-1.341536326510334,60.357946192536446],[-1.334490822693311,60.3527088070295],[-1.338268725261392,60.349687327477234],[-1.338371602659928,60.34262766801196],[-1.332450565346634,60.33803952132022],[-1.34009025603372,60.335018418588966],[-1.344978660960163,60.337465056854654],[-1.348139929926372,60.34471850088957],[-1.35592358330056,60.34506610141187],[-1.360644698150149,60.341744163084165],[-1.365949820770282,60.340485507499466],[-1.370488312203642,60.33668197629488],[-1.367707774343607,60.333409453372035],[-1.369532107504543,60.33084112884672],[-1.36697169615025,60.32885810989414],[-1.369930600745808,60.32377655829993],[-1.374163387108387,60.32161460734452],[-1.368635547162228,60.32004415508706],[-1.367488751669889,60.31567941961272],[-1.369345636358294,60.31089792410604],[-1.367009714742818,60.30992878852605],[-1.364951014965738,60.30455941547726],[-1.35939194412309,60.302904898451565],[-1.367670947080943,60.29694825030023],[-1.367411167706863,60.288939493864376],[-1.369133202591394,60.28620278201145],[-1.372960035572684,60.28553847035724],[-1.380271109060957,60.28786416373388],[-1.381095446647169,60.2956474000996],[-1.379978101527072,60.29991980560088],[-1.388386004390813,60.30407555310045],[-1.385072811289485,60.30658518299097],[-1.387460337477786,60.313622239059356],[-1.393563966336163,60.31615080493955],[-1.399677649055401,60.3168968080067],[-1.411553264243661,60.32038429034615],[-1.417583531582565,60.31580913153294],[-1.420883086255367,60.31746668211642],[-1.42364722789119,60.323337426655755],[-1.423321644026414,60.32702185252083],[-1.430100061283065,60.328748083452076],[-1.430220834254393,60.325969636178456],[-1.433834130595947,60.32486719862727],[-1.434723119982054,60.322141397775376],[-1.4449807903862,60.32153364149191],[-1.449324142547483,60.32217573236225],[-1.449264309606415,60.31819604693572],[-1.45568338258679,60.31755086353037],[-1.459326513122642,60.31398315809806],[-1.463406908268798,60.313505852093286],[-1.464447580683054,60.310187862936026],[-1.45675802272587,60.31060111713619],[-1.449253262962928,60.308083084430855],[-1.465356526800507,60.306056746466965],[-1.457853700913851,60.30059951593195],[-1.444265326997699,60.30009893444052],[-1.444419686465131,60.29750288369775],[-1.450951994475193,60.29742138849645],[-1.45242595345363,60.29918284215696],[-1.467126231226368,60.299714883808875],[-1.473969896921118,60.30833134328633],[-1.481546412868107,60.30643514507557],[-1.487669968154773,60.30714128310361],[-1.488878417563667,60.304612996098975],[-1.481989068404279,60.30315778558424],[-1.480439463008244,60.29954940978556],[-1.481294736616913,60.29649275566212],[-1.478260673758242,60.288778823092294],[-1.471575216730447,60.28848752987298],[-1.468559934176597,60.28538229773272],[-1.476799243906911,60.284135517198834],[-1.484151451092061,60.28636228029944],[-1.48244345085785,60.28858777000131],[-1.483773090475102,60.29293420614875],[-1.487040108672739,60.29500301617057],[-1.48840582159931,60.30092175904092],[-1.490507929924059,60.30175678828754],[-1.491215140934884,60.30725366604668],[-1.49499131985327,60.309993148775916],[-1.495076562017939,60.3138588705905],[-1.49800652104985,60.31814389783677],[-1.505244849368189,60.3195223450938],[-1.511392254825096,60.318826771600136],[-1.523618368681896,60.31463312926568],[-1.529833877087185,60.31414346171972],[-1.536608537618476,60.30801674782415],[-1.544874246215972,60.308992545445534],[-1.550696622104556,60.306053809816646],[-1.552813733231726,60.30208331329701],[-1.550111204907977,60.29926831925012],[-1.53722139768612,60.2992151236939],[-1.536559369926037,60.29562128661603],[-1.541151693238438,60.29502753860646],[-1.545750903141321,60.29705817285676],[-1.549486366992516,60.29549957307217],[-1.559541588739288,60.29759384514109],[-1.569733877496491,60.294996327678156],[-1.570941567723082,60.300163064498605],[-1.57759977142302,60.30225843775702],[-1.580294715329778,60.300219770516435],[-1.57577612590269,60.29707184906075],[-1.57738111382832,60.294661630898794],[-1.569275266530489,60.29272768261651],[-1.573546823003648,60.287654879459716],[-1.579249347253369,60.291453103908296],[-1.58378813652166,60.29297579849411],[-1.585557136199917,60.296128401313204],[-1.59060130483504,60.29492285915617],[-1.595215218313444,60.29674169664249],[-1.597585866955362,60.304339600491275],[-1.605532776210049,60.30782559000456],[-1.613826845516691,60.30549650066942],[-1.621187305587394,60.30697307385488],[-1.627529989116517,60.30506945895233],[-1.633828893546697,60.30523594231927],[-1.643133094507132,60.30826367540392],[-1.646394243308136,60.30440068184154],[-1.651630558930011,60.30375091869782],[-1.666240364202908,60.3044293524461],[-1.672667682171135,60.30242954368361],[-1.686640891533683,60.300961873816675],[-1.693164753158487,60.298482770437204],[-1.693779601508029,60.29540537240728],[-1.698066016259855,60.293526029825244],[-1.698214735748865,60.29112005903629],[-1.7026129485429,60.28978762800291],[-1.702678312680872,60.28556326653033],[-1.698322023863488,60.283376118541455],[-1.68561284428069,60.281155899956524],[-1.680729769987749,60.27846859794398],[-1.681085378086957,60.27629209565957],[-1.687414241559364,60.275216188046954],[-1.684483716396059,60.26975465504602],[-1.690026322416954,60.261821438070385],[-1.698303465691906,60.25880113610186],[-1.696813373873415,60.254811156773606],[-1.688886772619321,60.25467434177102],[-1.685915453209179,60.251381117165536],[-1.695580539216307,60.24843786939329],[-1.697369405528708,60.24641273540652],[-1.690484818202813,60.243438379191986],[-1.693281797260181,60.240990043146354],[-1.691549660835576,60.23503935458196],[-1.688015073439245,60.23380729522511],[-1.683522437799704,60.23535002279697],[-1.670750684700807,60.23232008326752],[-1.663195225706174,60.22874104423447],[-1.655664030115182,60.22679668629382],[-1.641632715297803,60.22974777476119],[-1.641386971425858,60.22595533588873],[-1.646016386572305,60.22468286548461],[-1.652464849750752,60.220847942175126],[-1.649228193854838,60.21717157150336],[-1.642519481670803,60.21425351916724],[-1.634730699808282,60.212028024109834],[-1.626228894782377,60.211515033102735],[-1.627436633734417,60.20763056096037],[-1.617317970439397,60.20663657499583],[-1.605955432336655,60.21089528912196],[-1.597881455107155,60.21012587010485],[-1.600154154964483,60.21538538738852],[-1.606782721047064,60.21867617415957],[-1.603089869765578,60.22064954632231],[-1.587790500803693,60.218733637425],[-1.587690842540165,60.22150153667187],[-1.574900365359656,60.21905133643847],[-1.569332289725765,60.22362437765194],[-1.569234990720258,60.22609148298464],[-1.56398006141521,60.22732242912455],[-1.561878005015193,60.225211744820875],[-1.563025154040598,60.22188432056064],[-1.555315760995736,60.21791697733695],[-1.555398735795479,60.21551717150776],[-1.55979042039968,60.210983931719525],[-1.559700465878452,60.20759406350923],[-1.562626122629526,60.20398070391144],[-1.560888571156223,60.20035644039187],[-1.556221179055747,60.19936671440189],[-1.550648955458318,60.207334800222],[-1.541110037258266,60.211762969356585],[-1.53795509316314,60.21529425399742],[-1.532601495183143,60.217157534009395],[-1.524778642154481,60.217126202220754],[-1.520573003235684,60.21965215777474],[-1.522057846810802,60.22366214158066],[-1.514650237852994,60.22902270257308],[-1.521561113223226,60.229887293248595],[-1.530259993337007,60.234018122559625],[-1.527843338469293,60.23846941888481],[-1.529429350666575,60.24373312728236],[-1.513844301702408,60.241279671468995],[-1.520300494848035,60.23919665301638],[-1.515954446192552,60.23240356347332],[-1.511084527160147,60.231583018398105],[-1.499768832110303,60.23210839016968],[-1.496027107516425,60.230624391838454],[-1.50561915918276,60.22859524064476],[-1.507466951317924,60.22431462105919],[-1.505317516591155,60.21876838604239],[-1.506815829719998,60.215134759486894],[-1.50324663904619,60.21487903215491],[-1.477761718567582,60.21868539875536],[-1.480611554764282,60.21559431060263],[-1.498845159898786,60.2129948676004],[-1.504396222181534,60.20864738741827],[-1.499659376392544,60.20632652240233],[-1.488805003569947,60.207084344021496],[-1.486670609479705,60.20454852903894],[-1.493940415237931,60.20456743339889],[-1.500869384506971,60.20564866945382],[-1.513757265909649,60.208839105842344],[-1.528382635069013,60.207432728911435],[-1.534391632399176,60.20416312659395],[-1.541370964022787,60.20495509964172],[-1.539320796492248,60.20063360948849],[-1.540409429205989,60.19888647391554],[-1.547685374747102,60.19718656531324],[-1.544953613805653,60.19179072199352],[-1.548123016574392,60.19079588982942],[-1.546848865766686,60.18641877209018],[-1.536315127994504,60.179679582213204],[-1.530120578499432,60.18112138521782],[-1.521008053255585,60.179872171075],[-1.5145600981612,60.181579912814584],[-1.510981713339684,60.180242375653165],[-1.514063626508248,60.17771890786176],[-1.513531541946177,60.1740804493214],[-1.510142706757566,60.17350680030253],[-1.509438593687422,60.16995748491027],[-1.512394382169752,60.166888568783996],[-1.507938387795939,60.16301563095499],[-1.499346817422826,60.16225170778073],[-1.495500577026152,60.16317186007064],[-1.494959880668976,60.166711137032],[-1.487823099990425,60.16516453440654],[-1.491098623000243,60.16167710229398],[-1.489352739538736,60.15900810664733],[-1.483993634275155,60.161863367241814],[-1.480685933952287,60.1602539887684],[-1.469351374711648,60.159863456763595],[-1.469718891689064,60.157175695231686],[-1.464428229145707,60.15462234326811],[-1.46245222766929,60.15208224840795],[-1.464180167103334,60.147164207020964],[-1.456757013487945,60.14738542844246],[-1.45119774342876,60.15247165225912],[-1.452215249967953,60.160610910386815],[-1.450110494495715,60.16150460100184],[-1.451646732842012,60.16608579136549],[-1.450651031714885,60.17068795522065],[-1.453251982009078,60.17641479796883],[-1.446729001394152,60.175120818565276],[-1.444254058039552,60.17812748058439],[-1.438767886850946,60.181465308312234],[-1.438452854828962,60.18556116488538],[-1.431696062073212,60.18458063501698],[-1.436309505010363,60.18069615689651],[-1.436273963013051,60.17834974902416],[-1.439479737317805,60.17374803122473],[-1.435225864631633,60.1695681789338],[-1.419144234641278,60.16588017899072],[-1.416222507537686,60.167048118630696],[-1.41454541897615,60.17117563788294],[-1.408125286363876,60.17743709628266],[-1.404499188547453,60.17909999701938],[-1.40178838326127,60.18443941267284],[-1.40569118575482,60.1844659139693],[-1.406305792811347,60.193371485874515],[-1.401067147202457,60.200293291044325],[-1.402596475676197,60.20805178454774],[-1.399867077523454,60.21218331640481],[-1.399287386355944,60.21586210636691],[-1.39513721839743,60.216326352098086],[-1.394605103135988,60.21053244029244],[-1.396813855522316,60.20589762384972],[-1.394334116369323,60.20301035399718],[-1.390214109223904,60.20193197888393],[-1.378399600110142,60.2032249775548],[-1.374890927691414,60.20901347890259],[-1.368457626676523,60.20907194748209],[-1.36847883127522,60.20233325236883],[-1.367382018571718,60.19886659348133],[-1.368862950157436,60.196417850375965],[-1.368757611818801,60.1901588924373],[-1.361503006030021,60.19277306042889],[-1.360243026651812,60.195896222560904],[-1.36333866318722,60.198093025973705],[-1.361156895050919,60.20177295949412],[-1.360379996031818,60.20693668323079],[-1.361843709254728,60.214715106915605],[-1.366664604807021,60.21579321552146],[-1.372888503053697,60.22081959370306],[-1.375300942291124,60.225414778381285],[-1.377768711408646,60.23713507625609],[-1.388889129102648,60.23537292514354],[-1.399091181986402,60.24179906732225],[-1.407003273781498,60.2442131445149],[-1.408817931378775,60.24835785647494],[-1.414958941138312,60.25225496739536],[-1.424889824152783,60.2525739784612],[-1.423742229058663,60.25506515235125],[-1.416323780143913,60.2561703949457],[-1.411025610013652,60.25498962347506],[-1.404217974149165,60.25118991781245],[-1.400175957248914,60.24569186882424],[-1.39174555005477,60.24396548922742],[-1.38421409082828,60.24587472896017],[-1.382137484086343,60.248720380382174],[-1.37840506216757,60.24930903635351],[-1.367207298228847,60.24543650885776],[-1.357525274587438,60.24573569832159],[-1.352344527235908,60.238885631590335],[-1.359175023230134,60.238671853884625],[-1.367207916518266,60.240250278517614],[-1.368968990666233,60.23506879845395],[-1.364785386616356,60.233378764505304],[-1.360587216477526,60.22874786009332],[-1.363500295504487,60.22468533269554],[-1.362068782362227,60.21743684534493],[-1.359457497424232,60.216318059133485],[-1.350007816587824,60.21688902482141],[-1.348020030968956,60.21611157380626],[-1.349800475245466,60.208214221005164],[-1.348702509167519,60.20170798057809],[-1.346219939115162,60.200914602585186],[-1.339997008929031,60.20494686793878],[-1.327872648921325,60.21515366178406],[-1.323473045934222,60.217169578721055],[-1.312949202647548,60.22617453680251],[-1.315047214172915,60.22840858405323],[-1.313401751849982,60.23147091880255],[-1.304847222564473,60.235484949594714],[-1.301033611797199,60.24176012735939],[-1.295315537403819,60.24597161016992],[-1.294708464658546,60.240176922191324],[-1.29897607905603,60.23611225924587],[-1.304514146045113,60.23364789470881],[-1.306864422284204,60.22939962094279],[-1.302056374027055,60.22448533905019],[-1.303361980461142,60.221652113156324],[-1.301177853173944,60.218093898613105],[-1.30668117121561,60.21635476706487],[-1.307037616975161,60.212373501068896],[-1.309998534679112,60.20920134154097],[-1.310811411655552,60.20175469769596],[-1.313519721459598,60.19774607878008],[-1.317040467592904,60.195833719282014],[-1.31573707505338,60.19060472659487],[-1.320391144792777,60.18554728193375],[-1.320666599357366,60.182684314731176],[-1.325722777762009,60.17611930705054],[-1.325043949707921,60.17274413876817],[-1.326249769336987,60.16710229471211],[-1.318973131158456,60.17086339694451],[-1.320765676424351,60.17438797217348],[-1.313780715809343,60.184716822338146],[-1.307810826234555,60.19510619806703],[-1.306769886219496,60.20051249566072],[-1.30168701817752,60.20415382661138],[-1.296066034574451,60.20616329600476],[-1.289718731695512,60.21044304867582],[-1.290370058029906,60.21211664591276],[-1.286842878662532,60.217749193549324],[-1.281271181460238,60.21620167794349],[-1.275088624631204,60.229036036076586],[-1.269134099664886,60.229703769410406],[-1.26924832486816,60.225380958462196],[-1.271261037725122,60.222128109805034],[-1.280034748250915,60.21382359682541],[-1.281433716446247,60.21074864735493],[-1.290142171576279,60.20570703973307],[-1.296747092195968,60.2056990941835],[-1.302844682940711,60.2006041803476],[-1.304718300325346,60.193206212760856],[-1.309275262008117,60.18729025426404],[-1.314442616411896,60.17648265979942],[-1.315170353370446,60.17295216930286],[-1.318333232113423,60.17174008251105],[-1.316810175844404,60.163843942077065],[-1.311970818040569,60.163314306587544],[-1.305767142917294,60.17537711948398],[-1.30352492211637,60.17657039514122],[-1.301630025355613,60.1821168235007],[-1.295752711723503,60.18448592742842],[-1.297599423852802,60.190121204707324],[-1.29308436257873,60.192628471234094],[-1.292578388438373,60.194689186282254],[-1.287735880657051,60.19644565638646],[-1.283980527718802,60.19554819282394],[-1.288725836275475,60.18744663021069],[-1.28636124673299,60.18548544357939],[-1.290189695710653,60.17684096489106],[-1.295891897383057,60.16938259879987],[-1.298154405274133,60.16173073926627],[-1.298257312727007,60.15732243698451],[-1.3027961596323,60.14756790897367],[-1.291290174259928,60.149411440040424],[-1.290743123047628,60.14713046869981],[-1.294011481973298,60.14377797709124],[-1.29776023606803,60.1426081255924],[-1.299614516889764,60.13965836865392],[-1.303092658956837,60.138653062796635],[-1.304255930660818,60.134717287770236],[-1.297612962454628,60.13160058323098],[-1.285925752028171,60.13274765595893],[-1.284348342485605,60.13617371484691],[-1.27531688500795,60.13655925124136],[-1.274526906127177,60.133269418984746],[-1.266762453431949,60.13742360946684],[-1.270213439680016,60.12580013647524],[-1.276951768664832,60.1078039637877],[-1.276181480625247,60.1055261986715],[-1.27837003601482,60.101344799437555],[-1.276551597488579,60.09790927559292],[-1.281482859627271,60.0972195624913],[-1.28080945428852,60.093048610865786],[-1.288451075083407,60.08501388335192],[-1.291472187014913,60.07656706828426],[-1.294353987953463,60.072891948558585],[-1.294969173907394,60.06889941649161],[-1.297825726403386,60.06678649283887],[-1.300106019362947,60.061752163109034],[-1.303017481971019,60.060398172280486],[-1.305820356052893,60.05350774554778],[-1.306876653729044,60.04422856987752],[-1.308404846908114,60.04197375471055],[-1.306115867051394,60.03941162270085],[-1.306761097049589,60.03645630012387],[-1.310405245816525,60.03340889164357],[-1.310925478905048,60.030399023314565],[-1.315010580250013,60.02810356686737],[-1.318807057581381,60.02410939635464],[-1.317274953044647,60.02183869151635],[-1.321075474049894,60.01978851289796],[-1.322187650854019,60.01408782286479],[-1.318316338257496,60.01220020478457],[-1.321617034728992,60.01041681680998],[-1.324147319054363,60.00646807036061],[-1.336210096785142,60.00593924382924],[-1.336950801704406,60.00261340138462],[-1.346767354503055,59.99915757861173],[-1.344140713599138,59.990093331178954],[-1.338018530727789,59.98683831800223],[-1.337745073906114,59.981319977779144],[-1.332930245650803,59.978026359371235],[-1.330895963731661,59.97165862428807],[-1.335240459678734,59.970288717473984],[-1.340563989448936,59.97164523202102],[-1.34257991175545,59.97432665667809],[-1.354728524483442,59.98065414494662],[-1.355783911799322,59.977511997020464],[-1.352820892139166,59.976482850092516],[-1.353279318445241,59.97226026657875],[-1.357498865868315,59.972675934692354],[-1.361334910588561,59.9697492672407],[-1.356020828854323,59.9680622930954],[-1.343330620078269,59.96852068081264],[-1.339071029342774,59.96970360241574],[-1.33270902117215,59.969149044584576],[-1.334288084796488,59.95854685131118],[-1.338513761451633,59.95432526467156],[-1.335859610427042,59.952482835130155],[-1.329982405215882,59.95255644083173],[-1.329351358255271,59.949581030048975],[-1.331692699138914,59.94566884410541],[-1.34055620309275,59.94630961052047],[-1.353070777844566,59.94312808571409],[-1.361303965888696,59.944795232730385],[-1.364974011058646,59.94193950329696],[-1.365397522493608,59.93662569846389],[-1.368869102944666,59.9334133211976],[-1.363049755752204,59.930738230629814],[-1.367988443157181,59.92824950959341],[-1.369474522035717,59.92563461163064],[-1.365008215099907,59.92139285078672],[-1.368100901485868,59.91751957741589],[-1.376352846475758,59.915881454298734],[-1.380629472712453,59.91718565520656],[-1.382562420153659,59.91372863356933],[-1.391745912188461,59.91562553363969],[-1.389854007775324,59.91054340086203],[-1.390450530382154,59.90628090660158],[-1.385669852639818,59.90231225830434],[-1.383912390227284,59.89633269956437],[-1.379078431058137,59.89390353097451],[-1.384041086178117,59.89227007287136],[-1.381832515542166,59.88898222448436],[-1.375254139464295,59.88865042262264],[-1.372267169079745,59.89165335956863],[-1.367113068489235,59.89110792382939],[-1.360618942927152,59.892890475873656],[-1.356961681574481,59.88747151556961],[-1.350528274733781,59.883852672787356],[-1.346532021819882,59.88583986421168],[-1.346077113203835,59.89445796624175],[-1.343435479812481,59.89700850381246],[-1.334397254705329,59.89852116879179],[-1.325910011243657,59.89793930700122],[-1.318548694451384,59.89641447886418],[-1.317602937188089,59.889970354226975],[-1.314277233933506,59.88607483462026],[-1.307162693018447,59.88022518099682],[-1.31271572522438,59.875241824727134],[-1.312052383170261,59.873457715401294],[-1.317810829355805,59.87003856614404],[-1.308980704972504,59.86017340859693],[-1.305376762400142,59.862201821592784],[-1.306467065982355,59.865836217632165],[-1.301072115868616,59.86986921249158],[-1.300826997684593,59.87517126743149],[-1.292924101503095,59.874633471382836],[-1.28920582877966,59.87201927683554],[-1.292949939839998,59.86928894233442],[-1.288197112748806,59.867067859411556],[-1.287581527264384,59.86487260989738],[-1.2829687840018,59.86108155684445],[-1.278321674421821,59.8589271346065],[-1.277267478455484,59.855837755080024],[-1.272656262695614,59.8533151642037],[-1.270713963224001,59.85773677995686],[-1.27263373988755,59.86670816896081],[-1.271638756414978,59.86909486310545],[-1.273815846918021,59.87646299887497],[-1.281165457735899,59.872267548051234],[-1.285891141311666,59.875518691651074],[-1.280445155662655,59.87684323378455],[-1.283392853405808,59.880228426641835],[-1.282736929535804,59.88381132078786],[-1.280091209538827,59.8854545514219],[-1.275312125637021,59.88437329152257],[-1.271951019053573,59.88562091845077],[-1.270501654102222,59.88939063885606],[-1.276530887043252,59.89283428075869],[-1.275925798954178,59.896499132966724],[-1.272136844877104,59.89903029924168],[-1.274059350551567,59.90086823462204],[-1.269585374127819,59.904852947699446],[-1.269619945372894,59.90881763030965],[-1.275337865825173,59.910619912454074],[-1.285228577753107,59.91539798029846],[-1.288620950220509,59.922011806558004],[-1.275797762236035,59.91931287399854],[-1.271527564962477,59.92033999482345],[-1.27163242754715,59.92478187053889],[-1.267826302865324,59.92654865484514],[-1.269753967851651,59.933020129523584],[-1.264977047210189,59.93267934807303],[-1.257998103022661,59.936010366772585],[-1.257618212048424,59.93883949222832],[-1.261037191152946,59.94105327086994],[-1.258846419808127,59.943711518762456],[-1.26461897978045,59.94806654030614],[-1.264597434133563,59.95098298170738],[-1.260949423943537,59.95345714614921],[-1.25376460715809,59.95489479051378],[-1.259212461400655,59.96311122102169],[-1.260866339035692,59.97112304952688],[-1.255357126697255,59.97300027425359],[-1.25405734415734,59.97615553186162],[-1.264107393054114,59.97522232455898],[-1.270610665888032,59.9795478637607],[-1.268228630466732,59.981371003576776],[-1.272202345360585,59.987778234455774],[-1.277319417804703,59.98982398352116],[-1.273805464385755,59.9919166995898],[-1.261585477242903,59.988490709192405],[-1.257154792433287,59.991142674832226],[-1.257398882379428,59.994733137350416],[-1.252648874995972,59.99630741846794],[-1.251376458833924,59.99295267681531],[-1.24246475849448,59.99206054978683],[-1.243059230747215,59.98886545908638],[-1.239973723263077,59.98616827561316],[-1.242181339819574,59.983355097190305],[-1.234332691936525,59.98109012843252],[-1.231570252128797,59.98354166792955],[-1.233005935424975,59.98593317657723],[-1.22818380028426,59.99469874852415],[-1.22120926733687,59.99498291091212],[-1.217800538388387,59.986129593400435],[-1.212067847342345,59.98317711290389],[-1.214142358928678,59.97533589763306],[-1.207203974906325,59.97217847994318],[-1.202177894620689,59.97372411585535],[-1.206495004652007,59.97673137159532],[-1.20308868130356,59.97831819746294],[-1.208172210044564,59.98355068884818],[-1.206276825574526,59.99012133741897],[-1.200809986276846,59.989909645420525],[-1.20167489441411,59.99389012723721],[-1.20802959500278,59.9963591796122],[-1.212437094346452,59.999633446298695],[-1.215914995055762,60.00647047067247],[-1.222881278854678,60.00748319024847],[-1.221993858296804,60.01259625840183],[-1.223594245557279,60.0160223431008],[-1.227806114933008,60.017557343325066],[-1.227762051627852,60.0206055983229],[-1.231024797075675,60.0226404887406],[-1.233417866311642,60.027386526644285],[-1.232677580740464,60.033012313773675],[-1.228667877469384,60.03387795759548],[-1.21574383918069,60.0330548779638],[-1.211185676616168,60.037037096428215],[-1.204075468423875,60.03646561908862],[-1.20148831404045,60.03806094081037],[-1.188489637227431,60.03702102807676],[-1.175099465419445,60.03825548570014],[-1.171411402972901,60.041101387276875],[-1.175818518235203,60.04217952491197],[-1.185064086443264,60.040996739406346],[-1.188758410500653,60.044074272194344],[-1.198431251145573,60.04519101549482],[-1.203520139795031,60.047839271281326],[-1.203826666883951,60.050397579305425],[-1.197643393248606,60.05413970462661],[-1.20031000317037,60.05942232947106],[-1.207070545978083,60.06024691949365],[-1.208184993328615,60.06283788993667],[-1.212650235967146,60.065341968336234],[-1.209724244803211,60.06720483336426],[-1.20861747522575,60.0729145512939],[-1.216709237281533,60.073420630123366],[-1.211926525357512,60.07596036937412],[-1.212166274628233,60.079095624811444],[-1.209959386033097,60.08367994767237],[-1.207307407249647,60.08558569162149],[-1.20860418004363,60.09148394316988],[-1.211682731542434,60.093567562996824],[-1.218044798590805,60.09482198860155],[-1.220646259145277,60.10062721065908],[-1.209697025755582,60.10254407304134],[-1.208453890856312,60.104512108063716],[-1.199673139142644,60.107785299991285],[-1.196385127731994,60.11169925202927],[-1.193626812526243,60.11820240182921],[-1.200940880145647,60.12251818551951],[-1.204620358807707,60.12284113076305],[-1.205521824351774,60.126957275233536],[-1.200681719095847,60.13032056017832],[-1.184911228099065,60.12562348621873],[-1.180815569304111,60.12205138217472],[-1.176350366444959,60.12034455812394],[-1.171903286889222,60.12116089899591],[-1.17138038988493,60.12514447080218],[-1.175660942231558,60.129575546195966],[-1.173741191863745,60.13486233212519],[-1.175389596686981,60.13647004277021],[-1.172285926566061,60.13962314032434],[-1.164157997216797,60.13999956340734],[-1.162021823961011,60.13223768881392],[-1.160028499680208,60.12957615488682],[-1.15496347864754,60.128803154693756],[-1.151810324669379,60.13278332501357],[-1.15966553980586,60.142408195836744],[-1.158143546602568,60.14665482921657],[-1.159980769833019,60.148619525126485],[-1.148092775876129,60.14993191135575],[-1.137028815290413,60.145603171803934],[-1.13181562378516,60.14853507637258],[-1.133874353474495,60.151541419207284],[-1.14215538607157,60.15357164278844],[-1.145138877540878,60.159309060075906],[-1.150801759950812,60.158029943304406],[-1.156267741650083,60.1609032504902],[-1.164729937121059,60.16943254330162],[-1.154436094212359,60.17315666836014],[-1.15497168421043,60.17974382655195],[-1.151389857038103,60.180578503278205],[-1.152787282043739,60.1847673728262],[-1.150537700459648,60.185655419275776],[-1.14701291056384,60.190867799807386],[-1.149974234399193,60.19176231669011],[-1.157893688921932,60.18883614144074],[-1.15949446668661,60.19252336592731],[-1.157981669154148,60.198431198084435],[-1.151540896640472,60.201636208908475],[-1.154892437213537,60.203534261560215],[-1.159544904295857,60.200430027662534],[-1.166036875155123,60.19801063452459],[-1.169973694502616,60.19460519099948],[-1.177390920195624,60.19260856261983],[-1.181901091459552,60.18891448417901],[-1.189191554577423,60.18685803964553],[-1.196977008652135,60.18147283074905],[-1.206633122619633,60.17726569716736],[-1.210722919181261,60.174415783328776],[-1.216004602784603,60.17597538886639],[-1.208930820183718,60.178038174219694],[-1.206346923891266,60.1816593988917],[-1.190415886398095,60.19257191064369],[-1.185672920401992,60.19760095583735],[-1.183600327690876,60.20451121797696],[-1.170238673166173,60.20840799922271],[-1.169938412766105,60.21101007257342],[-1.178529874040014,60.209970719783854],[-1.180954338969745,60.21202125734539],[-1.167506232016004,60.22204636903642],[-1.173487432130835,60.22415070247116],[-1.180322614578168,60.22114463194647],[-1.18282312655393,60.21857853997308],[-1.197426664877743,60.21063844503438],[-1.197643928181922,60.208168707601644],[-1.207160604787206,60.20497989231439],[-1.212369499556116,60.20201903960769],[-1.214485352041373,60.20519581107655],[-1.210653951655555,60.20622904232729],[-1.202044056123869,60.21338872221052],[-1.200896015903944,60.21607555034495],[-1.195440089286123,60.2192616310193],[-1.192881038057082,60.22277938512515],[-1.195650106920368,60.228008542731075],[-1.190542755488616,60.229037060932576],[-1.18487883654283,60.2321092044358],[-1.190903039733074,60.23456589372906],[-1.195728071564473,60.23514650664718],[-1.207967556186578,60.22899481618745],[-1.225156982994289,60.22867148042746],[-1.230387217885786,60.23020769170189],[-1.228906396712546,60.23229932168483],[-1.224103288279782,60.232695161481125],[-1.224510958710146,60.23584652687337],[-1.20694223941937,60.238110595875085],[-1.204534959791358,60.240348171252585],[-1.194418474878051,60.244365528887315],[-1.193542272837688,60.250770438416204],[-1.195193554397055,60.2528313141704],[-1.204921997632336,60.254422619657774],[-1.202922297400996,60.263484185801325],[-1.20586553759584,60.267326966141475],[-1.195889477100298,60.268675876702325],[-1.192171845047401,60.26263362700704],[-1.19931609914539,60.259067161344404],[-1.196536614795861,60.256420367028134],[-1.191412018665952,60.25547700371425],[-1.187703259762987,60.258808161747105],[-1.17728168137805,60.258971238678384],[-1.171610684031934,60.25827603029263],[-1.16923408121559,60.25565001506445],[-1.175569188769428,60.252616748344025],[-1.17878372225268,60.249132030518865],[-1.178904509187134,60.240692372489946],[-1.177221754665617,60.23901634166735],[-1.166434182175054,60.23961357260884],[-1.16353076312017,60.24306486369599],[-1.156488482214366,60.24201377887708],[-1.149471807542802,60.24326832684627],[-1.14476875767866,60.248737851385414],[-1.14348888745224,60.2593645074787],[-1.135605933677462,60.259043163047494],[-1.128478161837841,60.25989003671096],[-1.122913659744869,60.26335529508104],[-1.11829972444061,60.261000065079735],[-1.105184967847816,60.25816120905949],[-1.098786167302277,60.26053783743459],[-1.095715627776612,60.2631029724576],[-1.097403424101467,60.27072877852387],[-1.108387310764074,60.26632681076826],[-1.114811460441862,60.26737990516263],[-1.116696122664597,60.27122654285877],[-1.108159678922363,60.274366107994844],[-1.107604577297026,60.276162715184185],[-1.114340869140762,60.27711020690181],[-1.119566500294829,60.275748666144835],[-1.119343949182602,60.27158083751177],[-1.126199741563175,60.27107391118645],[-1.133958209190748,60.2723144983977],[-1.136670022109286,60.274094807454524],[-1.145694645272552,60.272579158656534],[-1.152973806284265,60.27310084190991],[-1.146561444707093,60.276715221350095],[-1.145356045196956,60.280649379906784],[-1.154965702924997,60.27809616125287],[-1.159456475737535,60.28065685111356],[-1.154957514349806,60.28388775752055],[-1.14895549247374,60.284789529463055],[-1.143050881710398,60.289286079820705],[-1.134736104791807,60.29216836072669],[-1.12489665682191,60.298234920283804],[-1.112714271767785,60.30328123442464],[-1.095229186543691,60.30039487756069],[-1.083545609250302,60.300871452970476],[-1.081587084339031,60.30490132222723],[-1.088232484048141,60.305855833966994],[-1.091519619720973,60.310002580719896],[-1.088959295859843,60.31733193016012],[-1.082883186817066,60.319687587862596],[-1.079869932021715,60.322225857835896],[-1.085040028152684,60.326077793512695],[-1.093896196456662,60.32405980000621],[-1.096115291976091,60.322054575620875],[-1.109019719440369,60.32222708759797],[-1.108816174652234,60.326378648532],[-1.113194918380804,60.32817238944854],[-1.118707017824442,60.32696904067764],[-1.120160667439785,60.32455966013346],[-1.133516913255723,60.32767798161435],[-1.137040747524576,60.32726812578429],[-1.143211669436733,60.332261930743805],[-1.147434591724524,60.33033612052052],[-1.152248201022757,60.33229297733562],[-1.151873323923901,60.33557698514215],[-1.158453761221778,60.33782773183172],[-1.16633871225965,60.328018274759636],[-1.169968322199777,60.32792068276561],[-1.173973554051389,60.331522959795365],[-1.171729721036162,60.33932090663337],[-1.174445041187694,60.34621587473264],[-1.181347036672633,60.34894155881396],[-1.177379975589668,60.35155784267646],[-1.165947902537102,60.352946604654505],[-1.15363387699551,60.34930219634364],[-1.148190718756263,60.35019856889413],[-1.141421055943223,60.34880720972856],[-1.126009995571498,60.348802816948925],[-1.123319752596991,60.346009595133374],[-1.117375303018209,60.345395565295945],[-1.105158013342906,60.34957007207506],[-1.09713881028731,60.35516853002673],[-1.082779917179004,60.35501640056986],[-1.07690534972603,60.35926803816438],[-1.074382672378418,60.36417135830335],[-1.075309071682677,60.3746703267354],[-1.080579779454781,60.37490257390236],[-1.080116313990015,60.379063029419015],[-1.072891432028684,60.385100824894856],[-1.074182054952574,60.387888865106795],[-1.082413598446835,60.3883903002155],[-1.085873989377801,60.386941509770715],[-1.090534842805447,60.38797459652368],[-1.092344611770092,60.39042029587006],[-1.097911657751791,60.39250087265237],[-1.105626299856157,60.392054554877866],[-1.108942982480683,60.393522426547655],[-1.115672648419227,60.38623132182737],[-1.115642052698796,60.38434549740023],[-1.123419511924864,60.3778241833931],[-1.124680416322,60.372119939206215],[-1.129264053617697,60.36975435927783],[-1.133115674666695,60.37076540904953],[-1.130885153050028,60.373638558061934],[-1.132054489097347,60.37597268044186],[-1.13043670260095,60.38204369254667],[-1.13906510655171,60.38143260546956],[-1.140744279092541,60.38345028385094],[-1.132256530769892,60.391929908263],[-1.124352146030393,60.39676281560164],[-1.118316943728902,60.402189492862085],[-1.11263083394211,60.401376843411555],[-1.105483182404799,60.40556270303449],[-1.09757700633231,60.405926917825596],[-1.093290266448835,60.409296419416805],[-1.086064873796196,60.41156816443703],[-1.082766564466456,60.41587793896302],[-1.074084176159162,60.42110212254031],[-1.070490215255196,60.421992977325225],[-1.066007433018167,60.42759605714676],[-1.05514070164249,60.431824984731016],[-1.047970352597522,60.439725012333135],[-1.053599757792965,60.443168183187865],[-1.051331393884146,60.44411732112117],[-1.053610134646324,60.44856920530763],[-1.064314382320937,60.447670512851595],[-1.072036857632672,60.44551112502204],[-1.072335450652358,60.44395981461963],[-1.079681619847696,60.43802165551467],[-1.085790803710682,60.43852611235317],[-1.090355054759047,60.43644723750114],[-1.090411299096459,60.43150013160668],[-1.095015310558553,60.429906247330315],[-1.100535441786608,60.42590211444126],[-1.100005383340895,60.418253728677946],[-1.108284252767315,60.41798164195059],[-1.113295624259986,60.42167405501968],[-1.108684321679275,60.42447530197337],[-1.110411235357344,60.42695159710228],[-1.119556798023652,60.42923552897525],[-1.120995168862214,60.421361398738185],[-1.132478646058528,60.41362483705062],[-1.136541716543528,60.41274433421383],[-1.133873460091332,60.40656288625403],[-1.126914573388466,60.408095994996],[-1.122410357678912,60.40547683265117],[-1.12375157416737,60.403049628755134],[-1.140274419851458,60.40027408415488],[-1.143222422766515,60.40308556496145],[-1.150506137184305,60.4042725364982],[-1.15304608621249,60.40291939722444],[-1.15618898189411,60.39683806573812],[-1.154207324173937,60.39452686434649],[-1.155977432540015,60.39168274460324],[-1.160839353036032,60.38958990385338],[-1.163216153074345,60.384274877654335],[-1.166894734621104,60.38940342862276],[-1.165861645153356,60.397531973458534],[-1.166440349533454,60.40045377750554],[-1.170166316002105,60.40309440974993],[-1.167708476306348,60.408017547808576],[-1.169578857515437,60.414413292651105],[-1.175629353381313,60.413521511837985],[-1.19606569063474,60.407554053517444],[-1.202976849326771,60.40478512805265],[-1.216732602992503,60.401193363248154],[-1.22100488237369,60.404236225174216],[-1.211641928065465,60.40674917514099],[-1.192488480451305,60.412735760485646],[-1.189315746874558,60.414382110554],[-1.193649303786286,60.42012799272333],[-1.201929797781622,60.41865586983935],[-1.236849478834765,60.40746239083368],[-1.247809849248753,60.40439455021683],[-1.254019640494677,60.40143761119908],[-1.257525236729982,60.40298987247365],[-1.250013323694868,60.40723982066978],[-1.237456584840007,60.41208912898133],[-1.229681037900911,60.41423082414236],[-1.228039531158258,60.41684767407405],[-1.210921450694222,60.42340986053575],[-1.204224540650057,60.4276844581153],[-1.195102721874997,60.43114050044981],[-1.191391681520251,60.42951979787756],[-1.194338133683007,60.4271626889567],[-1.188891670236288,60.422676105430696],[-1.181936790676006,60.420833339340284],[-1.168165842151973,60.41998493593173],[-1.16676250134235,60.422315204027065],[-1.172645365651264,60.42773473581731],[-1.17601698584283,60.42836618034487],[-1.172956388443256,60.43194332138108],[-1.17710617093351,60.434150880158384],[-1.187519789333634,60.4314536863681],[-1.190646093225748,60.432846475163686],[-1.176906256808759,60.437031895443745],[-1.165985459822265,60.43707629958154],[-1.165840226724917,60.44133142771726],[-1.174924807521836,60.44676183110686],[-1.189495577687619,60.44492605056958],[-1.193794750654586,60.4474509356411],[-1.176778809526982,60.45330008090666],[-1.176441361451782,60.4589538335334],[-1.180271522199746,60.46223048122989],[-1.14099715090539,60.461693466772154],[-1.104249626070675,60.476417207794995],[-1.100904858084281,60.47817256675791],[-1.097293441223266,60.48591862603618],[-1.096870111310254,60.49015474770653],[-1.10029016426141,60.491914370742286],[-1.109219735291396,60.49388406147611],[-1.115596432199862,60.493116540490874],[-1.12189580774804,60.49904291432238],[-1.121432136461236,60.50084193830384],[-1.112036421208042,60.50291230656373],[-1.109708867989767,60.4978237027004],[-1.100187177371308,60.49589944806172],[-1.09335523326505,60.4991862474112],[-1.086460466685142,60.49798636562293],[-1.0845012209141,60.496260652901796],[-1.068035311386789,60.489462767099184],[-1.063085869471426,60.49038888748489],[-1.051466510448711,60.49516272359272],[-1.047763212671185,60.495196520338915],[-1.042885605306249,60.49789846416548],[-1.038733907365252,60.496771394165975],[-1.052862687771903,60.49284795797849],[-1.053674767816098,60.49139821117444],[-1.041506387299025,60.489292890224334],[-1.037842151256687,60.49418078660198],[-1.032684024733333,60.49405103732768],[-1.027343435687903,60.49795409694658],[-1.034360840608612,60.49918575033723],[-1.035135184113093,60.50499185774516],[-1.032720473215797,60.50659513272124],[-1.035849218612648,60.510689770635786],[-1.028896870053408,60.51024435454331],[-1.031319352064307,60.51542043741621],[-1.026279456858511,60.51828407512639],[-1.024575534410634,60.52164780045465],[-1.028342167521965,60.524530584354345],[-1.021051865590265,60.530972002080645],[-1.022799806564251,60.533681214551216],[-1.028987163338432,60.53110798027894],[-1.035885617276626,60.53032553376119],[-1.042587731583013,60.53390246378835],[-1.037496880474715,60.53541032379456],[-1.035285825629765,60.538857621948765],[-1.040327737635253,60.541676505949724],[-1.048397558997767,60.543531767512874],[-1.048153971176464,60.55003266417844],[-1.042325568595579,60.550197590834486],[-1.038133056208356,60.5475186905441],[-1.032028720243748,60.54753482035198],[-1.028367259405745,60.54925919696293],[-1.02120892852212,60.54691285458266],[-1.013524823728739,60.548701611483956],[-1.014571529151771,60.55115612889195],[-1.011346198789684,60.553184053862026],[-1.017576827797511,60.554874021986144],[-1.015505539207873,60.5576279445505],[-1.017966215836392,60.5597192980639],[-1.023203297776522,60.5604166983468],[-1.01333727170117,60.563856930080554],[-1.007234644306578,60.564489715847024],[-1.003678679886916,60.56623665818763],[-1.006916481698602,60.570409058212825],[-1.006936628495627,60.5751097519379],[-1.002478622780518,60.57825968656118],[-1.003531538098293,60.58170202792786],[-1.017574984502313,60.58255917277439],[-1.01455360867567,60.58894441021473],[-1.017629541105847,60.591050151393105],[-1.023035870361732,60.5900571190908],[-1.025304816803221,60.58697050293117],[-1.029066429659766,60.58741176653403],[-1.030385219557877,60.597015402584724],[-1.042710477389619,60.59731508240704],[-1.047648818888886,60.59641198793697],[-1.052094473204187,60.598607463210165],[-1.06108098275275,60.59826761417011],[-1.063760705536172,60.60315746213154],[-1.07133440595216,60.60423289297841],[-1.077997615235093,60.606256985000726],[-1.082555946602135,60.60601532344264]]],[[[-6.336661592458064,56.5345061965847],[-6.329429624451396,56.53147153691249],[-6.322570914443459,56.53269558742808],[-6.315162780507965,56.531743852376984],[-6.312050795768172,56.5284973586787],[-6.305097927625731,56.52903568046614],[-6.29531468662075,56.52822364690009],[-6.290491941050626,56.526807654215695],[-6.291135364544441,56.5246583642102],[-6.287671724926902,56.5228813632963],[-6.280418023782228,56.523702111577784],[-6.277376606477833,56.52284920447149],[-6.263516154434682,56.523160037205734],[-6.262822841600985,56.524807221472],[-6.254733848499079,56.52597801756569],[-6.24812013884771,56.52530443818869],[-6.23759826400705,56.52659517071355],[-6.229948006272643,56.52881956042856],[-6.226272737398463,56.525239506977066],[-6.221185841837936,56.52271017263537],[-6.212170911982616,56.52166221783402],[-6.205927786974343,56.520047512361415],[-6.2026307620276,56.51742888153959],[-6.196008572628532,56.514481163952595],[-6.192298746307673,56.51548708386078],[-6.189539100377233,56.510609741489],[-6.182285548771158,56.5082132767264],[-6.178431482635374,56.511051086056824],[-6.174509318070503,56.50846093605116],[-6.175456610228886,56.50668075203772],[-6.157362005889435,56.50147469378159],[-6.152808165340634,56.501393489596566],[-6.149361544723374,56.49917067480646],[-6.149805908083481,56.49565298050949],[-6.144442466719862,56.494523905385314],[-6.141704701189455,56.48980410260411],[-6.149653314225297,56.48541492586337],[-6.149358459114807,56.48065214778123],[-6.142550419318701,56.479162200214965],[-6.136435509486804,56.48092582958403],[-6.134479306932133,56.4771411730614],[-6.130515964742335,56.47529036167692],[-6.125852623644526,56.47505360168555],[-6.122560134557943,56.47204259560437],[-6.117136112921857,56.47244324025917],[-6.107017732018117,56.47601193048156],[-6.101827567123557,56.47901927759049],[-6.096358391774734,56.478485223255916],[-6.085847708340342,56.47921166137166],[-6.064609991584243,56.48272106368576],[-6.056718784309608,56.486058684309455],[-6.051431221251237,56.48684761226991],[-6.042577168841337,56.48650628610049],[-6.034197417583931,56.4889276107887],[-6.030582171792755,56.49086890389638],[-6.023523005674582,56.49262155045131],[-6.017630657563886,56.4962028252085],[-6.009604635795441,56.49523697069049],[-6.000475840493098,56.49188721907317],[-5.997980527155108,56.48992731367103],[-5.996700459147235,56.4842403891878],[-6.002146851730554,56.479618811426],[-6.012545296374761,56.47851017389667],[-6.010995847419343,56.475118887899704],[-6.018474295135817,56.468172697330765],[-6.022164456885922,56.46727513096283],[-6.032063745022187,56.467636889016106],[-6.042604177121242,56.463260293084446],[-6.053004014934407,56.45332534996775],[-6.065912160321316,56.44981340582733],[-6.069631686604679,56.451035704686284],[-6.074154702858761,56.4490264402811],[-6.084914433312876,56.44838166854281],[-6.09814391982595,56.450932195593495],[-6.102261862401001,56.4507194734729],[-6.118913444312991,56.4516058718749],[-6.12537087344877,56.450505210876116],[-6.129984272725078,56.44865182484176],[-6.13020632860718,56.4441209311889],[-6.131997937049543,56.44223110304757],[-6.144090511327868,56.43900332225678],[-6.145252127186914,56.43707590570636],[-6.139849289005595,56.43121325401329],[-6.144362051726271,56.42898492785629],[-6.146212387310896,56.42432662027742],[-6.150018314660893,56.41964591794019],[-6.151992899210183,56.41340053665405],[-6.159820492797821,56.40790827557442],[-6.168491175693107,56.40532158528558],[-6.172863346443971,56.40251859813272],[-6.183387577520016,56.39991959486607],[-6.189933014413138,56.39661803853643],[-6.19079856796071,56.394978932174084],[-6.197925143832192,56.39225529564688],[-6.206715953433695,56.385378141799144],[-6.205656990646759,56.383862760896],[-6.210082527279612,56.38026779948056],[-6.20838150435543,56.376094237725084],[-6.211748886846062,56.37349298271123],[-6.205014117972582,56.36658124244854],[-6.204787644871234,56.36438105274712],[-6.194492880405011,56.35821478069901],[-6.185951915412015,56.358256741346075],[-6.176473344466648,56.35708958030708],[-6.169880826605528,56.357777803131675],[-6.159287233262011,56.36270384498834],[-6.152373267402048,56.36503328134205],[-6.142116487579511,56.3664004740319],[-6.129328036230879,56.36561382387224],[-6.122628150218885,56.36718618458157],[-6.117836386457031,56.3655021569364],[-6.111347263140821,56.36550210075866],[-6.101348947775403,56.36707043159556],[-6.092427780800745,56.37096656348003],[-6.081960202628254,56.37194087720266],[-6.072718457796931,56.37876427751845],[-6.064605551175765,56.37936370786176],[-6.062794549016206,56.37528467998941],[-6.056292708013228,56.37639722463319],[-6.049704881573221,56.38257514671493],[-6.039603904869249,56.389123661704474],[-6.030408395524739,56.392539349599225],[-6.021959562631601,56.39428892142072],[-6.016463256460056,56.39121654079488],[-6.010140174938954,56.39113825735666],[-6.004018611055903,56.392590857843025],[-6.00092315960383,56.38889878684959],[-6.002920384130072,56.386877447134644],[-6.010265872242273,56.38894449479589],[-6.015449088428442,56.388286378541714],[-6.017865762602171,56.385853697376156],[-6.012177364468674,56.38120379062611],[-6.013304692863271,56.3789343837894],[-6.00907679593022,56.37513535453455],[-6.018152182636491,56.36677467753433],[-6.02679217824411,56.364666525599475],[-6.031475784059764,56.3646642046042],[-6.043677060420236,56.36191359886289],[-6.045696252999128,56.36042314812609],[-6.053641845605486,56.35863612932267],[-6.061210265227363,56.358074992639104],[-6.06372709298073,56.36085207076243],[-6.07616338110091,56.35426940626755],[-6.088309245311272,56.35241989123198],[-6.091042380881737,56.35091675108946],[-6.090228641233647,56.34781411353743],[-6.094763656662121,56.34563077950124],[-6.10174017373647,56.34644553737964],[-6.104369037006694,56.34446351852252],[-6.112326714362953,56.344389883372365],[-6.128405014318575,56.34541913349473],[-6.129555799916762,56.34206226169079],[-6.142956229735171,56.33998190604042],[-6.143148949544037,56.337745142220804],[-6.157548445995276,56.33703714348086],[-6.168026328976199,56.33935551079146],[-6.174308138546743,56.34149541826729],[-6.179860645412289,56.341775563911305],[-6.180831259975093,56.33932804868757],[-6.187705950526839,56.33722845178709],[-6.186744745697943,56.33513765831436],[-6.191733770507057,56.332815645222745],[-6.195388397266888,56.333882447477194],[-6.198718902832844,56.33706371177351],[-6.217585174674481,56.33681658311264],[-6.223281215608401,56.34124937610554],[-6.232471165621583,56.344244861611195],[-6.238864667806387,56.34421477777031],[-6.251386896997491,56.34235949171447],[-6.253817591454227,56.337653169336626],[-6.248284824558486,56.332649517824734],[-6.249976668865078,56.329189084645],[-6.242053730719345,56.326665014144915],[-6.24132427465605,56.318874583036106],[-6.250140162763559,56.31930123336102],[-6.258894096075897,56.32053432855931],[-6.267502831957073,56.31842075694989],[-6.273336589481736,56.32219090377821],[-6.267257912267599,56.324122249951515],[-6.270627785953679,56.32972143160477],[-6.273292536880995,56.33819592851789],[-6.281458371886434,56.338961275883214],[-6.284966175240098,56.340854401161565],[-6.289507874939228,56.33696002610293],[-6.293314727937487,56.34381164797961],[-6.301233036313398,56.34444940436787],[-6.307550507843048,56.342453240031226],[-6.30947785372952,56.344103933624716],[-6.315279557445496,56.34463914226863],[-6.317739872771019,56.343339089684136],[-6.333630963380116,56.34779295928266],[-6.341036967553444,56.348241075652716],[-6.347644631355048,56.34749541763559],[-6.356777024872446,56.34470696204967],[-6.362259668186131,56.33874753107997],[-6.36480617167543,56.338047868359055],[-6.367958645004861,56.332811649112784],[-6.370746817135949,56.32369548642914],[-6.373648614667973,56.32140278383619],[-6.371608708946548,56.31595694831624],[-6.377905674801545,56.308349930979944],[-6.372293669391921,56.30731179079915],[-6.371851109081365,56.30464717815999],[-6.366980929809149,56.30407726517523],[-6.367118513045593,56.30096492897969],[-6.375224127648778,56.30111457958497],[-6.378005061186141,56.29947813189236],[-6.377301640748159,56.29482155926824],[-6.381281069349837,56.29468508731395],[-6.385727116874018,56.289666031449414],[-6.385334768156015,56.28744488005991],[-6.378433833528121,56.286281937746615],[-6.376083631130109,56.28835288648174],[-6.37189401557601,56.28678775410045],[-6.371400764548055,56.2840305014899],[-6.362474744272295,56.28438182099753],[-6.35875961502519,56.28668494549896],[-6.356741118081338,56.29160391711424],[-6.351506887819391,56.29073145697621],[-6.354695664891224,56.286711243192094],[-6.347077114828142,56.2812186995223],[-6.343052100563587,56.282578893937554],[-6.337768526302529,56.281685150746895],[-6.331478956782096,56.284896289054366],[-6.326256912354427,56.2830465674706],[-6.3308122710777,56.27858332860235],[-6.329303602721121,56.27175574680775],[-6.323619132828314,56.26922959256179],[-6.31850151114276,56.26949849790331],[-6.311391339088734,56.268438198120144],[-6.309355041731664,56.266431627807286],[-6.303409217172155,56.26774065202161],[-6.298564019084686,56.272446798636025],[-6.28539825464471,56.26949099408101],[-6.279186399431415,56.271972777214515],[-6.27156144308913,56.27099998828879],[-6.274247168848941,56.268636145777315],[-6.273466872036675,56.26519600265451],[-6.264233457846394,56.26435037281974],[-6.261543051884845,56.26870628438626],[-6.254659070236905,56.27482099620111],[-6.253600553257918,56.28278814915816],[-6.251172027475739,56.28504191857435],[-6.245160952941864,56.286693862533745],[-6.239382819245921,56.286907512279306],[-6.229653082618775,56.28459678066634],[-6.226052694690663,56.28284568877812],[-6.223472617489663,56.2855276647415],[-6.219448658868287,56.285416006438076],[-6.21648527710822,56.28896799848427],[-6.207836796998274,56.289361697097306],[-6.204960800375072,56.28850177306499],[-6.189108004736262,56.28977762291816],[-6.189448328889948,56.28668581889099],[-6.181950461431502,56.28717360343416],[-6.177862158419298,56.285940381368746],[-6.175049192617112,56.28868400517745],[-6.169822682213613,56.28961589973996],[-6.160489466300947,56.28647246770371],[-6.156179340419208,56.283712624215525],[-6.150281934091252,56.285508005003074],[-6.137306773380786,56.28621638727517],[-6.135829152415848,56.28974622497498],[-6.131923302502604,56.29235897483142],[-6.118945699250892,56.296789529808265],[-6.112426558835492,56.29580148831919],[-6.105781101935821,56.29649451885937],[-6.10223563879967,56.29570841618468],[-6.093937261941696,56.29720207710434],[-6.087950842337003,56.297256297119546],[-6.078385133035312,56.30211370545432],[-6.067708081346255,56.29533856583319],[-6.059115251151654,56.29300408326772],[-6.046204885016428,56.29210988791191],[-6.036382975943203,56.29595616596889],[-6.029462114401268,56.29765226309345],[-6.02531754452767,56.300682949792204],[-6.016790544164905,56.302961163117416],[-6.014143268425392,56.30524585477029],[-6.003474105588776,56.31079402557651],[-5.99635864424924,56.31267883859797],[-5.989420892175481,56.31823905714435],[-5.987381373161473,56.32159611813034],[-5.98117140414237,56.321885207857484],[-5.974171598154037,56.320914341458774],[-5.959681898416401,56.31752768452223],[-5.945673344181041,56.318663383804456],[-5.940562243993676,56.32056637195716],[-5.934631911866439,56.321276745819006],[-5.92550144257595,56.326750901518714],[-5.918801310708856,56.33377042090049],[-5.913744315160574,56.33678553604467],[-5.908623850883261,56.34171776400286],[-5.904752720193906,56.342968519385245],[-5.899026928134193,56.347780052164694],[-5.891827190514128,56.34927010704405],[-5.889805098938039,56.352944020365044],[-5.87907062444959,56.353005825997734],[-5.874173043951127,56.35504578457986],[-5.870832409756273,56.35433384633821],[-5.870798014217213,56.34971751371238],[-5.866112694223514,56.350224569392836],[-5.863510117224402,56.353132941540174],[-5.853596190582057,56.35304462407686],[-5.850470795790166,56.35097755279616],[-5.849023594427036,56.34648883995374],[-5.850155752268173,56.3430096995701],[-5.859362261004832,56.341780511702105],[-5.864568519568718,56.33939248795665],[-5.863619201174322,56.33321317179067],[-5.873719093743297,56.32850027343822],[-5.878323851628545,56.324916566850156],[-5.884968508140338,56.32378457481591],[-5.889497048137758,56.32172426200373],[-5.88132985222366,56.31667557189608],[-5.874623619752846,56.31452545811366],[-5.853927744330552,56.31224975349466],[-5.846542909812455,56.312012087971226],[-5.844311933121086,56.31066075245539],[-5.834615026171264,56.31043128767288],[-5.827883260427726,56.31388134693946],[-5.829914734559156,56.31607088519808],[-5.81665845617383,56.31876903801271],[-5.809516953060863,56.319276930699914],[-5.803770076268635,56.32225468179385],[-5.790748219012071,56.326048743500856],[-5.786509520195316,56.32818367979378],[-5.779790267595668,56.32954457014084],[-5.773880698025789,56.33263373014923],[-5.759628053632185,56.33755445557478],[-5.757520929319399,56.338760395474736],[-5.746079641902814,56.34152154648338],[-5.742000532126869,56.34516065512529],[-5.733381084239037,56.348410676013394],[-5.727747652685971,56.35348084359366],[-5.717298192289983,56.35598185914712],[-5.710596407647484,56.36020930338271],[-5.705394337102297,56.36126428167569],[-5.69521678975747,56.37056884594245],[-5.693685516354462,56.374997803121275],[-5.688863606480981,56.37824805827477],[-5.691916210374178,56.38324613451904],[-5.699562983897777,56.3842182312701],[-5.708773894175336,56.384104518116914],[-5.714672492275787,56.382615851262386],[-5.721243167726254,56.38306861846404],[-5.729368546942561,56.38239794408112],[-5.736494913974245,56.380119541489314],[-5.749884907394848,56.372912620729664],[-5.755021352061769,56.37069336373006],[-5.766087576345402,56.369547935552816],[-5.772287215260368,56.36736301832711],[-5.784722238528613,56.3654143762893],[-5.790552428468752,56.365608225151085],[-5.78817274386252,56.36826708480796],[-5.779714539142192,56.37070612287789],[-5.771676072721242,56.37395900611722],[-5.766904814341382,56.374949494025266],[-5.762279354506171,56.3793072012455],[-5.757484500470381,56.381628775336935],[-5.757819039119611,56.384774654646804],[-5.756082277983227,56.38976370571114],[-5.751996587523048,56.392800824472246],[-5.74169594823321,56.39128273660234],[-5.740038234568232,56.393270477241096],[-5.731368393453667,56.39586889904186],[-5.730188497980406,56.39996137651463],[-5.732153171809403,56.404621781678365],[-5.734843443124018,56.40667165336593],[-5.742900875181575,56.4079659603279],[-5.744143398240001,56.40930409902614],[-5.730778188611914,56.41293080809932],[-5.725488380787494,56.40951144616721],[-5.722207466777707,56.41037435223961],[-5.721406961989302,56.414462509391655],[-5.715734600906471,56.414345069705995],[-5.71037813410987,56.41205998634162],[-5.713399925743004,56.40812113382383],[-5.713709207287069,56.40530656277482],[-5.717914494318847,56.40394858235462],[-5.715753891354933,56.40033596002503],[-5.719511588865986,56.395646546999494],[-5.718416441133865,56.391071351861484],[-5.709390128799141,56.387021731774794],[-5.695722010281508,56.387812566157585],[-5.689888849150328,56.38607588146759],[-5.684809449269897,56.386681200790335],[-5.680482218632415,56.3845036444002],[-5.667647528131749,56.389654307630074],[-5.663361053616009,56.39632226315141],[-5.665713774169315,56.399206244954236],[-5.661697723113379,56.40161779025718],[-5.661296775959025,56.40394036715747],[-5.655495485807148,56.40946952694584],[-5.65218965153687,56.41684983468006],[-5.655411811810394,56.41738058030289],[-5.656817599444443,56.420193771013125],[-5.663802789126375,56.41835549588958],[-5.666598650293444,56.41984622917048],[-5.664379040231952,56.42273961696444],[-5.657272216301537,56.424248830908994],[-5.652830155660349,56.423692059060436],[-5.648136921339041,56.43049722345391],[-5.647773078035119,56.43685562859194],[-5.645486538980371,56.447049536903286],[-5.648070149470189,56.453029871638165],[-5.652698182046054,56.457210152342626],[-5.657321134328239,56.45758091283137],[-5.661246060258445,56.45345233336736],[-5.6681449438814,56.45188709882234],[-5.672678456767612,56.45234534949321],[-5.67925498474783,56.45669886976346],[-5.678182408175248,56.46113632100011],[-5.687870439534755,56.46507784956806],[-5.696452424192024,56.47115287304172],[-5.701381427477548,56.46929028599897],[-5.710252932245149,56.473423547729276],[-5.70910342500934,56.47798859923637],[-5.714275680003679,56.48291286650183],[-5.719374022444825,56.486255813569855],[-5.731939147900236,56.4851958038626],[-5.734904200213325,56.48317339856271],[-5.740334590616507,56.48227960823969],[-5.746396793749446,56.48372399884639],[-5.750314923865894,56.4862103223438],[-5.764102048729169,56.48917239574418],[-5.768200950507625,56.49157896815534],[-5.771731721878755,56.495476377995764],[-5.771404548630463,56.49880863756985],[-5.777513363216874,56.50221657564637],[-5.776857035282265,56.504573434429545],[-5.786515778410383,56.506616683096006],[-5.793725681737882,56.51204752211458],[-5.793779782954921,56.513970055225826],[-5.799826932159001,56.515969911507476],[-5.815521954525548,56.51483632095223],[-5.821628637257413,56.517332393586464],[-5.826112233228987,56.51663222310026],[-5.826472003881404,56.50999602193755],[-5.83258400109282,56.508570978500295],[-5.836966509443648,56.51008190095511],[-5.839969013487233,56.51381231072027],[-5.846729923540146,56.51697030203754],[-5.848783895437784,56.519257973041746],[-5.854217130885534,56.520860712488414],[-5.863435823999753,56.52193178247831],[-5.871870347700555,56.520576343796186],[-5.882172032607805,56.52125704366821],[-5.903018288182236,56.521884393789506],[-5.906425676380209,56.523234772554595],[-5.910823068115127,56.51937262635045],[-5.920799595234765,56.517565057492675],[-5.925045981352747,56.52110857234136],[-5.927885832459444,56.52104118068858],[-5.935287713067346,56.52448892928019],[-5.941071473319654,56.52524054142638],[-5.942968015931582,56.522546465954186],[-5.949746137652278,56.520321106320836],[-5.954809163256504,56.52215070569778],[-5.963368427321459,56.532530755322014],[-5.963123290783837,56.53684500165635],[-5.966368615707259,56.54421300256355],[-5.970473231613331,56.5472649970383],[-5.970277623649466,56.55223047576498],[-5.972341197856863,56.557590366211016],[-5.976768504635497,56.56101312518517],[-5.986372908577462,56.56624789729581],[-5.984626125626237,56.56860690259133],[-5.986552925610547,56.57076973717175],[-5.984089513496616,56.57328662423135],[-5.987298287565982,56.57572393350289],[-5.989575122978652,56.58007229963354],[-5.99586929198343,56.58050385743968],[-6.005085731283986,56.584602374724184],[-6.013139068744704,56.58977646476882],[-6.018472236571267,56.59870341139554],[-6.023161020642688,56.60163151857993],[-6.024337141001725,56.60425517656405],[-6.032229911364158,56.61068509816091],[-6.036772283894045,56.611120277278005],[-6.04983606207684,56.61536306409348],[-6.051805441262482,56.61210289233548],[-6.059912145735435,56.61501616664235],[-6.062102875682418,56.61761265158069],[-6.068230807717339,56.62039946573898],[-6.068396488844582,56.622012711649546],[-6.062581859510818,56.62344397310296],[-6.058155140255725,56.62795634064692],[-6.059823827348975,56.634066237117146],[-6.065675498286279,56.63862750449458],[-6.080661655862874,56.6394266973023],[-6.085400992797176,56.63888427471055],[-6.094829478475816,56.64177619802695],[-6.104457786187052,56.642815514843576],[-6.113821858564237,56.64456967441022],[-6.116927430639794,56.6479740100462],[-6.117113564250371,56.65401551270661],[-6.129427055385856,56.656952328984275],[-6.132375481216356,56.65100444651508],[-6.141516699222487,56.651590466908985],[-6.14706780514585,56.65340540475104],[-6.153659395394672,56.64926074381894],[-6.166765123464011,56.64450536486621],[-6.166359626597485,56.64225270457516],[-6.182782794794013,56.641709987788246],[-6.188993350221938,56.64374008736842],[-6.196489798236977,56.64260582829653],[-6.200523504598012,56.64101264050535],[-6.201798878752038,56.636270551821326],[-6.209524355777603,56.63223188749841],[-6.215793129074741,56.6347398159175],[-6.229051788876315,56.63422628729978],[-6.226726480606791,56.62708823887507],[-6.228963661925547,56.62077070102082],[-6.227269500849525,56.6121227824222],[-6.220725266364686,56.60721013558686],[-6.224863867957716,56.60505131126611],[-6.209433108474659,56.59475991673612],[-6.199177763625399,56.591487337458865],[-6.192499408829804,56.587737979014086],[-6.194492942122482,56.58528742654541],[-6.200561557425013,56.58732159337292],[-6.208627917749822,56.592287061241436],[-6.209539802211335,56.593888442370556],[-6.218221256260709,56.599812757999146],[-6.230278207312701,56.60520335822675],[-6.23498660721395,56.6061850546591],[-6.238057372261784,56.60964619756847],[-6.246442924298163,56.609166415621594],[-6.251074857636054,56.61235803209852],[-6.257294748359188,56.61393020151692],[-6.263259901913607,56.61403587241801],[-6.262821652984228,56.608780701288374],[-6.276500982686533,56.603755152327714],[-6.278854819974391,56.60635417492164],[-6.286406574708336,56.60629611165245],[-6.294490105074994,56.6071860279801],[-6.3024087515384,56.60326048483736],[-6.307601936946896,56.60433057965621],[-6.310846979542688,56.601902072027706],[-6.315794946521295,56.60232378998523],[-6.31669970391271,56.604847479749104],[-6.322339849912368,56.60644013811299],[-6.323477721427415,56.60405763104891],[-6.320725269573502,56.59703032683488],[-6.322220817839115,56.59563818281529],[-6.317868694455857,56.590366321680165],[-6.320368262182711,56.58756320516948],[-6.317175600677849,56.58558320123242],[-6.317764996780729,56.58018436032364],[-6.31529010251379,56.576205187846625],[-6.308552198857061,56.57448759200803],[-6.293392679863056,56.57988299865536],[-6.286758404055376,56.58080029688238],[-6.282967887058549,56.5784695525184],[-6.288278437789015,56.57660168211894],[-6.290691458111596,56.573240076267744],[-6.29803338206751,56.56773818962958],[-6.300359026553316,56.56483807382643],[-6.307560364869929,56.5612740989614],[-6.307401021135647,56.55951683883217],[-6.316621555192288,56.558463431895504],[-6.31936409476838,56.556735601315964],[-6.329598973571079,56.55686906426028],[-6.334577812840668,56.55362828993321],[-6.338774025948196,56.55265867094848],[-6.338656986441459,56.54751819684523],[-6.337217129232692,56.54575175546333],[-6.341227097411299,56.5432370788545],[-6.340035526582636,56.5397306344124],[-6.340815297061041,56.53566953445072],[-6.336661592458064,56.5345061965847]]],[[[-6.339496173458961,55.784547602678174],[-6.324485596260629,55.786786339415066],[-6.31652720211618,55.785982684275815],[-6.306582619922301,55.78272985352383],[-6.3018812020302,55.78257544276406],[-6.295001035736717,55.78415653593342],[-6.287478745905642,55.781865211945465],[-6.285073786172548,55.77958825176612],[-6.27860214891722,55.77725972480475],[-6.267590563940527,55.770695238651996],[-6.268919423671894,55.76509789230506],[-6.27157750756854,55.76220283852845],[-6.28027047556171,55.76069918147094],[-6.28565250944964,55.75810178150089],[-6.294794119676678,55.756441088170526],[-6.30213133629102,55.750544654938444],[-6.314706808881778,55.75015066877759],[-6.320663352410541,55.74590528151487],[-6.327952036035497,55.74584800268504],[-6.332659196705902,55.74257428385268],[-6.332333701385195,55.73605139070865],[-6.333736299263877,55.73303370126941],[-6.340133802433801,55.729641441577634],[-6.337683764647223,55.72796072508751],[-6.33644763502622,55.72370422180348],[-6.337887558139959,55.72018235348884],[-6.341458921733073,55.717762385791204],[-6.337173184924153,55.71468145532567],[-6.33103645532286,55.713579791724605],[-6.317701421060652,55.716465070004055],[-6.307846839561067,55.71400995234025],[-6.299772425428199,55.70991315487832],[-6.290421186721629,55.70331067861737],[-6.279130559590834,55.69278186727136],[-6.270292642041738,55.68147963594694],[-6.270448009429886,55.67940379941453],[-6.266531398520939,55.67326779847974],[-6.263839149737364,55.66674644647052],[-6.26311971363018,55.66014294242161],[-6.264491097789405,55.655206991881585],[-6.274102140145811,55.64982548372503],[-6.279349820390802,55.651356523306724],[-6.301988837674024,55.650451161709306],[-6.303671856907679,55.64716763229869],[-6.308789016608642,55.64568359066218],[-6.312712247438846,55.63884932582909],[-6.323358121703101,55.63159969408613],[-6.321844176351648,55.62872818793682],[-6.325701283991743,55.62766560121811],[-6.330920002746769,55.61785273315156],[-6.330298490060454,55.613809279438776],[-6.332119265782914,55.61180659216928],[-6.329142926395395,55.609388959668465],[-6.333956255730161,55.60607064657214],[-6.331255700467888,55.60276636401418],[-6.334175501517454,55.59820631780952],[-6.333294649830615,55.595768550255876],[-6.338937939962471,55.59113888149361],[-6.323807015659878,55.58801367455426],[-6.317342851262613,55.58909185265524],[-6.313117692571955,55.58648408106908],[-6.313252854241033,55.58193269014283],[-6.303406505860405,55.5837868015043],[-6.296959168864807,55.58033021131715],[-6.291293328829927,55.57964129651385],[-6.287546349811421,55.580776394006406],[-6.278304910509307,55.58040729005505],[-6.266918602538974,55.57907347679688],[-6.261644122779335,55.5866504838799],[-6.251746961441497,55.590866700407055],[-6.240948475137896,55.59175852757318],[-6.239504210393897,55.594340355079915],[-6.234048311850713,55.5969890484592],[-6.235679221333419,55.601060818301164],[-6.230774491960854,55.60551601075735],[-6.227875858295818,55.60581851976592],[-6.223650589161569,55.60907174277316],[-6.220487744276651,55.61445119239146],[-6.21319003626323,55.61937030911149],[-6.21488709300865,55.62244173086948],[-6.219540573376854,55.62661646072657],[-6.215280204003708,55.63023479055063],[-6.206546637795316,55.631231221977544],[-6.204435263840109,55.632770605027844],[-6.194331076280241,55.63268899355728],[-6.184222592506978,55.62777261845196],[-6.189965729329118,55.62512456874601],[-6.186041876296354,55.62334492400063],[-6.176947626778832,55.62467715436369],[-6.172842418152428,55.62777151165126],[-6.167403620069922,55.62872117386703],[-6.165532005861209,55.63048013892207],[-6.160685770774155,55.63041285483871],[-6.15766466435251,55.62833902778561],[-6.154017140433891,55.62845022201106],[-6.14979352936493,55.62543310710825],[-6.141167824555517,55.627227919323964],[-6.13294908526048,55.63091408056873],[-6.129929838492047,55.633851558354515],[-6.124246556417492,55.63551619340209],[-6.121222506831635,55.63356570181034],[-6.112920207593223,55.63660664889381],[-6.110357055471573,55.63905973667841],[-6.102757681815056,55.64067790490359],[-6.091719266041476,55.64635496418492],[-6.090650993184463,55.641075634466596],[-6.084161102593178,55.63902501345142],[-6.078444587580913,55.6417695625676],[-6.074750093583938,55.642221671557],[-6.074525505648777,55.64594781893769],[-6.071389262066608,55.6494793889504],[-6.074086107989706,55.651752233829],[-6.072463153473293,55.65423884480446],[-6.078163227454445,55.657622221408126],[-6.076752826239585,55.66024032311568],[-6.070896016971753,55.66342981456732],[-6.061708905860002,55.66014104127865],[-6.055308477575714,55.65870820998031],[-6.050686935005666,55.6619961272841],[-6.051855059463157,55.66393690249584],[-6.057844340561815,55.66475761192641],[-6.053319888186342,55.6690802282671],[-6.047889618886261,55.668085237574665],[-6.039703918341045,55.674291784498855],[-6.038140394356062,55.673713799400176],[-6.028772062875904,55.67654474573799],[-6.019215535812084,55.68423468771476],[-6.020966599625132,55.68530407977602],[-6.028263970127582,55.68434858575798],[-6.022934318602679,55.688587627680405],[-6.026113151472388,55.69586836093045],[-6.032432473792671,55.6936866413613],[-6.03303231189585,55.696801000468064],[-6.030600276455078,55.701089761863614],[-6.034974487540319,55.70111672238144],[-6.039420678270458,55.7038435869696],[-6.040497141475754,55.70855647525404],[-6.035618479828251,55.71298439054217],[-6.036224206679881,55.71545553530904],[-6.032283687266458,55.719105981768806],[-6.029690800240012,55.72408794294822],[-6.031023154340917,55.72895345994267],[-6.03357758248312,55.730093421138044],[-6.041843738691133,55.73096786799499],[-6.0472947475007,55.73420097276751],[-6.050162500723552,55.73741576685756],[-6.052527472772083,55.74238548744375],[-6.04673867824947,55.75505185172077],[-6.046163413872784,55.759576366822394],[-6.048649507346226,55.76401338306723],[-6.054795622903463,55.76927821582525],[-6.061845531240962,55.774166606708526],[-6.074642091704647,55.7792101690133],[-6.082244096530981,55.781556533741636],[-6.084328572274692,55.78332628310462],[-6.084816391919004,55.787446934928845],[-6.091438265314699,55.79062130118406],[-6.093245967531816,55.80030521993858],[-6.097232615497544,55.802838714396344],[-6.098664617841444,55.808479155822354],[-6.10346279281944,55.81256369795409],[-6.105680824570462,55.819631129336855],[-6.10270800638387,55.82919055443094],[-6.10496427328247,55.83240219874815],[-6.101219431713522,55.84063745906129],[-6.102856015354726,55.84278794883825],[-6.105539892536191,55.8516447878532],[-6.109390954787031,55.85524103047349],[-6.109233330903156,55.86236899767896],[-6.112415182351696,55.86561253473582],[-6.113154839713639,55.86965274891218],[-6.116115249520833,55.872080726216105],[-6.117447837103657,55.877619126802934],[-6.119758158660517,55.88188815863844],[-6.128037958069014,55.88456550387187],[-6.131625012302194,55.88955319143267],[-6.131990046446702,55.89356815192819],[-6.126238161107856,55.90291661926482],[-6.125938683781445,55.90818327900974],[-6.122700137774574,55.91214826724669],[-6.122236138192791,55.917453693242884],[-6.119793956251386,55.921447638927965],[-6.121480613297084,55.92631495216339],[-6.119421522736594,55.93097952920865],[-6.12032429446051,55.935658171159055],[-6.122639669151607,55.93803934086483],[-6.127681326830952,55.938814535190076],[-6.135083126512215,55.937680055415704],[-6.139493496174485,55.93531933249087],[-6.145051836303285,55.93425976916517],[-6.150521435274827,55.93536586233014],[-6.157619575502286,55.93384724502471],[-6.163160486697508,55.93489820905289],[-6.168406613945091,55.92937836735702],[-6.174397828013544,55.926328686511745],[-6.185045390619906,55.9265828371585],[-6.190278826331636,55.92557720184778],[-6.192797382755078,55.92820293197002],[-6.199882058426819,55.927502493321875],[-6.20299408283867,55.924662090135406],[-6.206959051502037,55.91795211647872],[-6.212087455361188,55.91452081345638],[-6.219369344665458,55.91293555825239],[-6.227720148319615,55.90970323803608],[-6.229589427885446,55.905671785420765],[-6.242626825911372,55.898280231966204],[-6.255274760391685,55.89311678830948],[-6.267896409452722,55.89072752326313],[-6.272237892337545,55.88807638105678],[-6.271410555716701,55.88502290094093],[-6.274718481960962,55.88284557636024],[-6.28573811666528,55.878666322360786],[-6.29547665094145,55.87688276875449],[-6.307387151437851,55.87680315560794],[-6.315837611186025,55.88251478259562],[-6.319886731470169,55.88302460255428],[-6.324754237981281,55.875797448022695],[-6.3247627702866,55.87113364436127],[-6.314982560102324,55.868486905319635],[-6.321372289426622,55.8674034047186],[-6.327752106396401,55.87154556602707],[-6.32895248305412,55.8741340981289],[-6.325364285452791,55.87797056785499],[-6.320396208040276,55.88709905215218],[-6.324287191900185,55.89121197969454],[-6.33141300321328,55.89217529787753],[-6.335108554219861,55.891213945107765],[-6.340250865860774,55.887978009666554],[-6.351268137561828,55.88389628554527],[-6.349462278078345,55.882489637638216],[-6.35690013120409,55.880823042287794],[-6.360197491108776,55.87869584961979],[-6.359915690215986,55.87654270383201],[-6.367142000593004,55.87620964231817],[-6.372205281716806,55.874783855464955],[-6.373269576363467,55.872642183313765],[-6.384145475567794,55.86830961156015],[-6.389980585765925,55.86410319269429],[-6.393657575402226,55.85843112039321],[-6.40507688135708,55.85695629081672],[-6.407329020427422,55.85728475733918],[-6.416392055017675,55.854431749656925],[-6.420705343300611,55.85581377241265],[-6.422919241485316,55.85993547747686],[-6.425892465756248,55.860820500365065],[-6.434243868646814,55.8595272030238],[-6.436559361803026,55.855715284363434],[-6.443666286492162,55.855773194870046],[-6.453252967144785,55.85283999206646],[-6.456324859130381,55.84867191612307],[-6.453874157587007,55.844029550619666],[-6.457865869940084,55.842940263248664],[-6.458991931730219,55.839517330976406],[-6.457141763275446,55.83509159263446],[-6.465690458360581,55.82748616050292],[-6.459587688069556,55.826525154941635],[-6.458799571772466,55.81867430431443],[-6.460770608265006,55.80876233624969],[-6.470636482746728,55.805866837711065],[-6.473800894622397,55.802688775248406],[-6.478491091657526,55.80195104290267],[-6.482598551672335,55.79858090054002],[-6.483589571541599,55.79297322206291],[-6.487470858481852,55.79236271527944],[-6.482541165933958,55.78823429548917],[-6.47862919877747,55.78697842157711],[-6.464112234972434,55.78553303042066],[-6.459227696033459,55.78030472558067],[-6.459891855445574,55.77076851401288],[-6.462188483407346,55.767622244875916],[-6.469881587820242,55.76096477565585],[-6.470687647513564,55.755264100373246],[-6.464025171636889,55.75070798107117],[-6.473356844148372,55.750444441779614],[-6.482160325486134,55.74704224853374],[-6.486921117519096,55.7427484466201],[-6.488094401462257,55.74005648016227],[-6.496442685549046,55.73653941609779],[-6.500160209491217,55.73103297694189],[-6.504321642375661,55.721853589460665],[-6.507746716461503,55.719011173889925],[-6.504586341619507,55.71675713397947],[-6.499236645999157,55.7167961839544],[-6.496174159404643,55.71510953280644],[-6.500817235323135,55.70852565408168],[-6.50045182746659,55.7057685814123],[-6.507766935711969,55.70393011323736],[-6.515206653549287,55.698695429713005],[-6.517796621485322,55.6951278442498],[-6.525965770697517,55.693949384859735],[-6.521616343865219,55.689391962385294],[-6.518406589396459,55.689244998128615],[-6.510763719483991,55.67974074324353],[-6.510347927500755,55.67733635112549],[-6.50439879810217,55.67440421605668],[-6.499885877777694,55.67485879387348],[-6.494186017506845,55.67215988646219],[-6.488599992508477,55.671625266033985],[-6.482113912789331,55.67273522692342],[-6.476647294778325,55.67562098067253],[-6.472812444901139,55.67994819069259],[-6.464964618420733,55.68225375570233],[-6.457617639741199,55.68672636148128],[-6.450879834322548,55.688311497153215],[-6.450869793061731,55.68983200668904],[-6.443745704759823,55.6909675191405],[-6.4347958126071,55.6948221657943],[-6.419940749732134,55.70273896143696],[-6.414191449977106,55.70662497333225],[-6.410627206280972,55.71110670265154],[-6.402996045014953,55.71619765748253],[-6.393733964794899,55.72465657003276],[-6.385949372491861,55.72937408116632],[-6.381117756114008,55.7360741425694],[-6.376879755540292,55.73879790138838],[-6.37711974744418,55.741563253770025],[-6.371938281132604,55.74454085075838],[-6.370971892123308,55.75078869541084],[-6.368183071635473,55.753897591489206],[-6.369442282583621,55.7561688295206],[-6.364124586879807,55.7598182892393],[-6.361525603908396,55.765133794957364],[-6.356696739617353,55.76866297618976],[-6.352727629508403,55.77466909324017],[-6.350258481877586,55.78152673954277],[-6.339496173458961,55.784547602678174]]],[[[-3.044545476575455,59.103131580983366],[-3.049461459272579,59.10874054590094],[-3.050688873688926,59.11181646948916],[-3.060781481921039,59.11155557354839],[-3.067359975571974,59.11302117337026],[-3.070836860039745,59.11592660176836],[-3.06990210798715,59.118715733766024],[-3.0718603137229,59.122970928873805],[-3.0751013419806,59.12427059741187],[-3.084006657117507,59.124415611001844],[-3.090588508419483,59.12076712842378],[-3.095341312532075,59.11966731391133],[-3.115576008625481,59.124359879293806],[-3.119553566727933,59.127562384339626],[-3.127750950325208,59.12899211081987],[-3.131539085516605,59.131963285467656],[-3.142509295043235,59.13244372244179],[-3.146820297981579,59.13333792396402],[-3.152133724017916,59.13789904531241],[-3.161782234183385,59.142065555615204],[-3.17149775052933,59.14157674538459],[-3.181425499798312,59.14476843266725],[-3.192177038620313,59.15022763116523],[-3.195513284136138,59.15374718982744],[-3.207021558337305,59.15343773160605],[-3.210493010579073,59.152615969817134],[-3.222496306338845,59.154039304820266],[-3.225380349001543,59.15215301224548],[-3.238134973880523,59.15262838702167],[-3.249834815020641,59.14848193657778],[-3.253810885192657,59.14816159437045],[-3.271591413896526,59.14460364239849],[-3.27868506855843,59.14062171671672],[-3.281318664330445,59.14117055620943],[-3.293965055325902,59.14034549249074],[-3.29667751137599,59.13932329898992],[-3.31413923017387,59.1390309710815],[-3.312743388157938,59.136629999954984],[-3.329623420705459,59.138139538154505],[-3.340340025947991,59.13812185393464],[-3.338954979992426,59.13438819312275],[-3.325613657268468,59.13356589482005],[-3.320322211084269,59.13034699902498],[-3.326212521744031,59.128719698109464],[-3.327277708913761,59.12093898238031],[-3.331071924630063,59.11796678659394],[-3.342777003509752,59.11529367331247],[-3.345340325517279,59.11255831355001],[-3.349255074543952,59.11178208460779],[-3.351622380081187,59.10701522363076],[-3.35747018277619,59.10308045448762],[-3.351093734436784,59.09593397080399],[-3.352281938609851,59.09410193673006],[-3.351043548876724,59.08964384654879],[-3.355281052726705,59.084111932984406],[-3.351151341107911,59.08093604552323],[-3.346920546384006,59.07578424252605],[-3.350797069979133,59.06601870997607],[-3.350050454948368,59.06135069673125],[-3.34367297670332,59.0567043421227],[-3.33663086488282,59.05599665074628],[-3.336128101108156,59.052928351382405],[-3.344375349516383,59.04973635878045],[-3.345554726532438,59.05181053609328],[-3.352149467346024,59.05100003314414],[-3.356191618789954,59.048904615580554],[-3.357875821060788,59.04396327820591],[-3.354468037220557,59.04245141348205],[-3.349698777079841,59.03767896498761],[-3.35283080113427,59.03245764309271],[-3.358399987990826,59.03118865669735],[-3.366369977810947,59.01539418221653],[-3.365819868975515,59.01320307503105],[-3.358678449087918,59.009409798424144],[-3.361453283100489,59.00780527806259],[-3.367381822589822,58.9999045149918],[-3.367460588720852,58.99697564855389],[-3.364510797158946,58.9955382602213],[-3.363498322619034,58.99172272253121],[-3.359249923367037,58.98504908530764],[-3.36111774528259,58.97942397419256],[-3.358708198384169,58.97619610941634],[-3.353543580087334,58.973755992082864],[-3.353206130302759,58.97153564259902],[-3.356540563115085,58.96618265314067],[-3.354052532763448,58.96228816268157],[-3.345586731642132,58.9633662034146],[-3.342648509196952,58.961315625076374],[-3.335958473689705,58.95979773650599],[-3.333956906441096,58.95618166328533],[-3.327125685065278,58.95222087941015],[-3.316190272117899,58.952133158126706],[-3.313885488604566,58.950357562035265],[-3.304796028877798,58.94925143236701],[-3.294455117092004,58.95007747432848],[-3.293486452862268,58.951734387676105],[-3.286290648055727,58.954928151100006],[-3.284284690389263,58.95993105818961],[-3.278219724555266,58.960673743391375],[-3.27433022026768,58.96382962338058],[-3.268684375118517,58.963557301064284],[-3.264525259635351,58.96185920548175],[-3.262195761734878,58.96443900189812],[-3.264686562659601,58.96744414834151],[-3.260890511492756,58.97306954066344],[-3.253604497399663,58.976043188420995],[-3.245722538424654,58.97035587393797],[-3.241002952443863,58.97105240143901],[-3.234363875766361,58.96759427013468],[-3.233212882713253,58.96351686857223],[-3.235971942105714,58.961899907172196],[-3.233206243308682,58.95316756141452],[-3.235646148114133,58.951447666835065],[-3.234906654586853,58.94603709985509],[-3.238399126411419,58.94262126676554],[-3.232231011563917,58.937496084057706],[-3.228993328038981,58.93064797681487],[-3.222285331370788,58.92435178293894],[-3.212448969642175,58.920288696943594],[-3.207664057615152,58.91471647323197],[-3.202665514859806,58.91183960151801],[-3.194862284840175,58.91333466169467],[-3.194913823746215,58.91075648486406],[-3.189343912226074,58.90843045569629],[-3.183311656484595,58.910276749995894],[-3.19070108674242,58.91300572455186],[-3.191262590128049,58.916653334369215],[-3.185336493863809,58.91783589564057],[-3.182383716695431,58.915991205233524],[-3.183774097653697,58.912780157252435],[-3.179870993161169,58.911307851627484],[-3.171963436084778,58.91610228354913],[-3.164054526435274,58.91617555391169],[-3.160973894470952,58.91885997765786],[-3.154682747752883,58.91976148905677],[-3.151229137925591,58.91811096825222],[-3.137502441063262,58.915973674009386],[-3.129149807979713,58.91702858799291],[-3.11643229247704,58.92049093605202],[-3.122128306022895,58.92428117386499],[-3.117969629751878,58.9286641975981],[-3.114248215181894,58.93015490545315],[-3.098738433359956,58.93161871035494],[-3.085303781183914,58.92739509241166],[-3.078840689791451,58.92868592436586],[-3.076607497754998,58.93238869171194],[-3.078734601957675,58.93791782544725],[-3.074414958572015,58.93964587482259],[-3.066816240955266,58.935537876314996],[-3.047774770797315,58.93836643348212],[-3.043640238420358,58.93753227404416],[-3.037209427238746,58.93943416247955],[-3.031827848518543,58.93913772410815],[-3.021816882935477,58.94223313097289],[-3.015255372173645,58.9427760878412],[-3.00950555634483,58.94487779903785],[-2.994425987640342,58.95243461263731],[-2.991352071309821,58.95695595837573],[-2.987677205778286,58.957758241718324],[-2.983641960309705,58.961540402720466],[-2.973439893183385,58.960458111544646],[-2.969696214501374,58.95809365321278],[-2.973106815653691,58.95048709171841],[-2.974026950553022,58.94582345481657],[-2.97323562986365,58.94037247581143],[-2.968117563991202,58.935819734659155],[-2.961528580354841,58.92767447378978],[-2.955041540096935,58.923989983860466],[-2.950080919220146,58.914430953248306],[-2.946930428947753,58.91370594360504],[-2.939759696819949,58.90687234811801],[-2.940062740834424,58.904990352575425],[-2.933817566628941,58.900633017726],[-2.93671514270862,58.89494931242242],[-2.928419207175315,58.890062316068835],[-2.92320022901852,58.891245748405225],[-2.915731882361292,58.89098009576342],[-2.918732159261223,58.89432318178793],[-2.910769331588301,58.89573487161725],[-2.9062096513304,58.89497659840177],[-2.897280799139419,58.89523115653517],[-2.895866787934875,58.89074764229054],[-2.899688152246708,58.88769437666176],[-2.900383560676334,58.88420927997968],[-2.906007176329045,58.88026757605983],[-2.911322198680913,58.879017689484215],[-2.921420234845332,58.87892715043721],[-2.924348301499719,58.87756622360496],[-2.923814327694022,58.87393263306655],[-2.921066470818785,58.871949449628424],[-2.915816441543104,58.87225713332544],[-2.913690097913588,58.86942427926471],[-2.917049603580197,58.86643126213408],[-2.913484142592304,58.85668325907229],[-2.91785294511169,58.85486767849367],[-2.928901202679558,58.8589316436218],[-2.937867745952744,58.86106452226517],[-2.941152221651348,58.860714607932216],[-2.960204566772298,58.85280914050703],[-2.96892504536401,58.85400318504446],[-2.967959309160885,58.85629078153713],[-2.958952482766991,58.86099501011006],[-2.974483844454846,58.859061850669086],[-2.9834546962139,58.85696946545006],[-2.989787158973934,58.85399766102417],[-2.989394331543881,58.85225829062022],[-2.980757987450339,58.84871636976958],[-2.97073787600315,58.85319023451602],[-2.964469277528692,58.850784407802756],[-2.965705146690744,58.84842386474155],[-2.957732072424508,58.84612656398919],[-2.947292808377831,58.84504591409313],[-2.930486439083481,58.841592779691204],[-2.918490202015014,58.84366091925203],[-2.914434802457917,58.84271888296356],[-2.909077117665243,58.84509996789284],[-2.902721272219486,58.8429864582158],[-2.911046232448681,58.838197501824865],[-2.923215714418648,58.836507787561935],[-2.947584338268127,58.83504225487398],[-2.950366394556418,58.833582095540905],[-2.95250581015252,58.829671148147874],[-2.955875995605683,58.82701201471122],[-2.959660999083861,58.826971336238216],[-2.96218351035282,58.831369536872565],[-2.960453652387482,58.835771578630606],[-2.963364791543498,58.83648185263003],[-2.973805547837589,58.83410966446565],[-2.986859026164618,58.832599544213416],[-2.990179489440595,58.828646572804864],[-3.001697981302333,58.83057938986641],[-3.010264703159349,58.83318097919973],[-3.015583555751712,58.8332074931273],[-3.025307775476991,58.827203781000456],[-3.029096057534576,58.82406606480707],[-3.033947387297507,58.8236761133167],[-3.036654920201141,58.819528344893726],[-3.032555348886133,58.81600818402445],[-3.023898827692277,58.81784650397964],[-3.012532789641808,58.82234065022592],[-3.005426612444381,58.8258351738952],[-3.000908386819463,58.82434526267724],[-2.999602026219401,58.81933842015304],[-2.990237561513982,58.81375510032151],[-2.984108153168822,58.81092618940692],[-2.985023560661377,58.805790875792525],[-2.994692889168956,58.80333303005001],[-2.998185887681097,58.80135709421787],[-3.001534160999725,58.80397524694334],[-2.998234059671826,58.80634136581875],[-3.005569957101458,58.81267999380677],[-3.013333305819266,58.81393950714206],[-3.02260984930427,58.80736649865145],[-3.016808116578202,58.798817171771894],[-3.013740746947014,58.79742584551679],[-3.005853822379205,58.79721008542621],[-2.996237507972335,58.790030458529586],[-2.995587967019368,58.787347329206554],[-2.991000630649871,58.78548759277162],[-2.981622472739645,58.786821242102505],[-2.983800948574304,58.783292896232176],[-2.980014840928993,58.77809008589101],[-2.981443611136935,58.77380587023651],[-2.978873041981229,58.76916767643231],[-2.981448562638742,58.76638002354376],[-2.980661208784474,58.76077263858582],[-2.987875203446553,58.76108576994752],[-2.991512535028191,58.75908910131916],[-2.993205628595893,58.75433117317965],[-2.98821401206158,58.75286517224653],[-2.986249863830535,58.74850446856303],[-2.97697002098218,58.74400448764701],[-2.979006701417622,58.74232925596854],[-2.976831929867824,58.738957949801595],[-2.966860655034094,58.74114919340233],[-2.965784230795534,58.73204738044865],[-2.961113544944445,58.7294723118886],[-2.95537405403723,58.72958866835719],[-2.934293576792868,58.73284193288796],[-2.920152787123687,58.73344941965294],[-2.916294927993884,58.73525883965706],[-2.916866838434484,58.7378243391462],[-2.923221168174619,58.73934169908304],[-2.91697451236238,58.74145563897541],[-2.914430107993882,58.74759454326627],[-2.909118784253728,58.75370534429001],[-2.914335910605023,58.75572065345337],[-2.915999824750084,58.75826133320202],[-2.925030130189314,58.759446115663025],[-2.929442248735058,58.76141451082659],[-2.931505492829932,58.764225146412166],[-2.938856844583512,58.76763231067342],[-2.937353328285092,58.77009786552254],[-2.926397548689861,58.77334571347213],[-2.924580339435663,58.776153759114536],[-2.92392541953187,58.78196758828982],[-2.919699028785327,58.78547359020757],[-2.921221903741618,58.790260533931274],[-2.930210229175741,58.793371765977525],[-2.921441260732763,58.79768650783649],[-2.921417580382819,58.801230694149545],[-2.914357948582085,58.79958171021892],[-2.911314362639637,58.803824458638196],[-2.904891440158698,58.807616684641324],[-2.910757326023631,58.808654029542595],[-2.904465046580451,58.81404307710002],[-2.896667061092365,58.81826304963041],[-2.88856771063427,58.820186315288694],[-2.886374867580909,58.81717832239018],[-2.882045792587361,58.816685298329176],[-2.877541539975587,58.819121201843956],[-2.879888159010241,58.82241479497357],[-2.886697017546626,58.823758455820375],[-2.885708326365992,58.831569934613604],[-2.888145499370863,58.834478345512345],[-2.898619071595938,58.83600710874505],[-2.905562614945358,58.83958691296692],[-2.902700765650582,58.84219895369568],[-2.895372317432737,58.8407645796095],[-2.888631725781978,58.84101599404889],[-2.887377148841987,58.842907087476625],[-2.87677890903919,58.84445787348239],[-2.870775441878674,58.84635405630372],[-2.866887298922614,58.84907999001846],[-2.856445914320001,58.852740385016055],[-2.862408840546028,58.85408735650083],[-2.872349696058996,58.853478050763385],[-2.883556751348739,58.853663096171125],[-2.888267520110507,58.85567662976263],[-2.890507013882277,58.86005744554063],[-2.88749367770965,58.86410715292884],[-2.889524280591356,58.86661595806314],[-2.884390746366591,58.870039836978385],[-2.882394734115709,58.87296518092562],[-2.888937336459357,58.874688632667784],[-2.907183736870893,58.87180798897597],[-2.908908799420788,58.8690799473875],[-2.913318802267276,58.86948259166873],[-2.915459299611027,58.872327026561685],[-2.905366259275757,58.87844349240032],[-2.905613380393902,58.88000090235932],[-2.900364056987927,58.88365886309579],[-2.890357459674991,58.88500092706985],[-2.882839936385267,58.8897551450297],[-2.88587859700111,58.891470403773056],[-2.893475168934606,58.88998554108392],[-2.895597155350032,58.89085549206154],[-2.897019834748004,58.895339847116965],[-2.89304428528162,58.895887422655385],[-2.887863609003131,58.89959379572424],[-2.880118816740004,58.89882143952713],[-2.861937509685834,58.89179502939866],[-2.855163986871756,58.8909814774791],[-2.854252072324433,58.88848178348037],[-2.847784056263169,58.887924498492204],[-2.846654776057854,58.88353476805496],[-2.836580572115788,58.88050829848255],[-2.835295088302362,58.8774100703741],[-2.840586341241071,58.874953511529554],[-2.837963718071359,58.8725753097451],[-2.832796936657406,58.871759144234375],[-2.820695157908237,58.876560720390906],[-2.82160652168914,58.8801051428691],[-2.817930738884063,58.880758063532376],[-2.819937458155231,58.883899483298066],[-2.815804854029851,58.89021870354117],[-2.804036591669106,58.89429181378567],[-2.801315671901841,58.89639233509488],[-2.799990174517656,58.901965205054225],[-2.795870889671358,58.906773961212224],[-2.790796037815432,58.90712037918841],[-2.787302139238124,58.91027251177493],[-2.78576588358039,58.91417962315668],[-2.780556036116041,58.915444312545766],[-2.765496812162684,58.91254649861352],[-2.759554453703758,58.91344645940091],[-2.75131593026713,58.9184018583827],[-2.751408684843599,58.92179253144584],[-2.743432659060676,58.92254100870786],[-2.741259451259007,58.920406159562155],[-2.73054821751392,58.91901048571256],[-2.713262989571843,58.91892833718177],[-2.711231287435495,58.920449220094085],[-2.710682949118385,58.9253719607166],[-2.714299302322402,58.928664173784064],[-2.711948293257223,58.932840675488805],[-2.718156561802523,58.9370812352147],[-2.713663117117618,58.94177077903509],[-2.714437966369319,58.94689097520241],[-2.707954108225206,58.947244557037095],[-2.706644814201238,58.95069766851924],[-2.709389816075972,58.95309399737219],[-2.70355989443807,58.963253525982424],[-2.703703150271209,58.96473727527749],[-2.710584769910882,58.96648234057101],[-2.707369196959748,58.970538635091096],[-2.708121702459853,58.972971008846166],[-2.716604314367374,58.97265397276497],[-2.724126997080304,58.97002829085181],[-2.724761055201381,58.9685042871811],[-2.736551699082359,58.964274164666236],[-2.742695565802353,58.96543616133612],[-2.751370003984076,58.96212690242203],[-2.760320291928299,58.95997217937723],[-2.7637809662165,58.95804784949142],[-2.776295123830929,58.95567061571303],[-2.778298375571873,58.9519198077505],[-2.786235250004407,58.951244906554436],[-2.793721374598988,58.95191942619119],[-2.80562901596695,58.94808721406336],[-2.802787279315879,58.94561536374363],[-2.790849667284003,58.94128378753757],[-2.78882228717497,58.939021293013006],[-2.792396785179036,58.935930617936506],[-2.791821674229205,58.93335120718038],[-2.795860805118325,58.925580268138866],[-2.782760492231387,58.92723019217437],[-2.78017096511882,58.92570202839552],[-2.790339085535531,58.92101140460325],[-2.79785580965569,58.920433513674894],[-2.803921584668859,58.92527978703786],[-2.798922145993578,58.92750127384566],[-2.800879281743517,58.92958173655912],[-2.819091801461614,58.92903737004332],[-2.828023893651228,58.92665165335075],[-2.827695729858777,58.93071857797463],[-2.822886729897174,58.93390343308174],[-2.82499473431768,58.93640557975744],[-2.829585461283271,58.93794427966269],[-2.826139075679211,58.94517273234296],[-2.827702980839972,58.94937212983516],[-2.835775595874551,58.94984377774556],[-2.833842701487237,58.95207008211443],[-2.840277472226367,58.954852047877154],[-2.832150672764116,58.9575207841755],[-2.833745046552254,58.960335929687325],[-2.827553717916045,58.96192851569711],[-2.822496817837123,58.96525409572455],[-2.81188304483925,58.96652371071227],[-2.806702962959708,58.96809455356869],[-2.796920364883941,58.96753911694963],[-2.793443179618543,58.96371578304025],[-2.790888690888354,58.96393440039379],[-2.790710314146777,58.96867110528663],[-2.793403133273484,58.97755374647732],[-2.791728508115751,58.97939430119774],[-2.796493603945425,58.982801122517465],[-2.795566890077666,58.98697303136482],[-2.798916296614909,58.99200322100938],[-2.802699727128927,58.99343201316732],[-2.810854903420824,58.98544928183213],[-2.816317860017616,58.9850691663971],[-2.825198889009103,58.98248201242989],[-2.832551040551658,58.98176133642452],[-2.838715741554766,58.98251452680961],[-2.842353746525167,58.9808842032353],[-2.846903664030521,58.983179651437744],[-2.848682125043993,58.986235874474815],[-2.857755733804924,58.98580961302828],[-2.866662298390079,58.978191009038085],[-2.865553937703675,58.9751296452591],[-2.869792584652503,58.97277514491185],[-2.878630696574602,58.97185502934412],[-2.884858782212237,58.9678510535498],[-2.881558473426995,58.96507331205409],[-2.881647850438799,58.96169672367367],[-2.888662904725185,58.96099667384882],[-2.890789803593909,58.96425024894617],[-2.901470437414344,58.962478803125414],[-2.904260434194036,58.96391246045226],[-2.910875997314336,58.96250359373226],[-2.917672301478269,58.965166933054704],[-2.918594449948414,58.96930336519872],[-2.913508642764297,58.973219212119744],[-2.91938787657463,58.97806502883433],[-2.91915089391546,58.982097380945156],[-2.914977550700075,58.98368247004055],[-2.906635515993218,58.98363163074449],[-2.898761062728473,58.985632749552046],[-2.89415932691901,58.98806165124857],[-2.888240626995966,58.98911008003342],[-2.887515505224748,58.99115732104875],[-2.889683542128181,58.99566613169926],[-2.893717692977714,58.99425077781823],[-2.894177382818246,58.991643128929844],[-2.899340357445537,58.990232364531394],[-2.907430887394137,58.990121992100576],[-2.91412274822996,58.99370409639537],[-2.910313881041713,58.99715807927234],[-2.906622021005861,58.99820692670227],[-2.90671241347669,59.00157684371285],[-2.911641629008861,59.005505512485186],[-2.904290769159261,59.00760203820012],[-2.900702190823832,59.00572489694995],[-2.897193634235959,59.006906008888514],[-2.898539135435888,59.00943199316953],[-2.910004825598609,59.01096397515697],[-2.915651500661983,59.01089721328175],[-2.92101174221365,59.00702072396659],[-2.926597181525677,59.00612586925169],[-2.930187090275554,59.009416791421465],[-2.925595354883823,59.01257777866679],[-2.930469688631604,59.01607684697049],[-2.937470280493856,59.0119786163606],[-2.940947881998184,59.007910138158906],[-2.943757425443108,59.007319392078124],[-2.944371505551114,59.00158414607673],[-2.948453327334168,58.99430304240518],[-2.947172200999914,58.99131816098375],[-2.955146127746618,58.98963128852427],[-2.958896845781033,58.98483910490563],[-2.966763430009355,58.98516854674202],[-2.96865185285111,58.98878366446738],[-2.969553550398144,58.99628326560301],[-2.975403633178622,58.997034128870446],[-2.979065131885232,59.000324085013446],[-2.990712523567777,59.00106801925054],[-3.000770921153786,59.005580033511556],[-3.000937803029189,59.00970558721446],[-3.007237744399086,59.01067251645504],[-3.018085307503009,59.009134546574444],[-3.026412524600016,59.00916940584364],[-3.035268656160876,59.01075414840094],[-3.041393311083713,59.008587263221045],[-3.041701221852462,59.0050084622115],[-3.056785752254629,58.99776768655566],[-3.060920099656914,58.99862929917516],[-3.071990751092998,58.997232255350724],[-3.079270617547999,58.99764420143323],[-3.087326451768876,58.99914313681735],[-3.087162185331872,59.00133054599936],[-3.077540078359913,59.0029225060518],[-3.075479869478516,59.00529720463084],[-3.079813483376376,59.00652839136971],[-3.088244410520478,59.005117815370404],[-3.089889566413463,59.001867147203534],[-3.098562557648903,59.001928571217924],[-3.113482795550631,59.00703897466733],[-3.111264147696458,59.00896565858992],[-3.102302472377931,59.00896950997118],[-3.097128464606083,59.01265715027302],[-3.09547291006016,59.01628612350463],[-3.087788651588726,59.01671015014191],[-3.085469043060812,59.02085919676617],[-3.08030320332025,59.02342163327932],[-3.074498778147807,59.02407884966635],[-3.063997892682111,59.021752291017926],[-3.059274355457823,59.023799212054044],[-3.061857647839923,59.0300119236538],[-3.058490081638837,59.03103730069105],[-3.05104860506594,59.03628004841402],[-3.054211125650084,59.04184693627594],[-3.060757382762343,59.04564014522036],[-3.057068265508836,59.0480503119484],[-3.051055487074497,59.04854110493754],[-3.036319435336473,59.04717521318598],[-3.026601132288762,59.04148846446242],[-3.022551530227971,59.037581352530395],[-3.009834113999875,59.037815800220336],[-3.010975518235786,59.04167058403254],[-3.014976595269673,59.043607975481315],[-3.011256316409019,59.050628859747],[-3.002907878745307,59.0533153070123],[-3.002869873607935,59.05667453484795],[-3.006199769036791,59.05964392302582],[-2.999960231818271,59.065076338380294],[-3.005338344418105,59.069121115490645],[-3.002454837653602,59.071319529956895],[-3.008416982781971,59.07822191667815],[-3.014933207922221,59.081649433154496],[-3.018792673696163,59.08217779154463],[-3.026454687646848,59.08108366205623],[-3.035015545162326,59.0874873332625],[-3.043556360510924,59.0891099678547],[-3.045340245450892,59.09497006244444],[-3.053615381490477,59.09656096060724],[-3.052288942866347,59.100041097188715],[-3.044652410425825,59.101736495416766],[-3.044545476575455,59.103131580983366]]],[[[-5.371026233413018,55.58437957175064],[-5.365583480900459,55.58069471290039],[-5.357978507520393,55.577509480475996],[-5.356655759530363,55.57512275679677],[-5.35012827242123,55.570873601366294],[-5.347160051168735,55.560706350582386],[-5.344155969110052,55.555078491889056],[-5.346617948516583,55.552491148490375],[-5.343748505864975,55.54642356018972],[-5.344478940425663,55.54354368739759],[-5.349507361266497,55.538443365579155],[-5.353294304688252,55.53292729932653],[-5.355030809478316,55.526797512533314],[-5.351921732290147,55.52183443749307],[-5.352609714299461,55.51725731370201],[-5.351131894637526,55.51301823100986],[-5.356400111960374,55.50716024731518],[-5.346526022364277,55.505241483319786],[-5.341027598420404,55.502626220370054],[-5.336530593812742,55.50206474918943],[-5.3261782867336,55.4947333697448],[-5.329026288498554,55.49095176136961],[-5.326427218403059,55.48623495575369],[-5.327586395939076,55.48327248108856],[-5.323893113309517,55.47890006318401],[-5.318191573977633,55.468010801315366],[-5.315269521480761,55.46453784216124],[-5.304390613280385,55.4611982736927],[-5.297244257379327,55.45726988105858],[-5.293909449369895,55.456421142848924],[-5.289279837653007,55.45223926129261],[-5.262990542275534,55.446029953519705],[-5.260402869856976,55.44256120309962],[-5.245381030688478,55.436820389212045],[-5.244001465003953,55.43802577736949],[-5.218784893088855,55.43474108871956],[-5.213637852507354,55.433046979987715],[-5.205907174095532,55.4323392741546],[-5.191906674077017,55.43243959086527],[-5.187832630566275,55.43356272042519],[-5.180212369805947,55.43306269426096],[-5.165314582018811,55.437045551886996],[-5.157940762001567,55.44084139158647],[-5.1343166002044,55.44314320758554],[-5.129429943347277,55.440770077173426],[-5.121873867490287,55.4417094725065],[-5.115449835296586,55.439440681959404],[-5.108425058556147,55.44072170664804],[-5.099191971263887,55.44383473327653],[-5.095306459823732,55.449388255033654],[-5.084682776027601,55.45290214877256],[-5.082894709132823,55.45451599140467],[-5.080971741479611,55.460282051642814],[-5.078439936343226,55.4642339619513],[-5.082535610801587,55.46916514436066],[-5.087664247999102,55.47996124653561],[-5.089869544964771,55.481722423875425],[-5.09330784739818,55.489231153912066],[-5.090981923751975,55.49446278140084],[-5.091423446388313,55.497225929441775],[-5.086979900003349,55.50139440576724],[-5.082500076860798,55.50264009220044],[-5.079228981886621,55.50727765959509],[-5.078958348637593,55.510038082437624],[-5.092075963142529,55.512348537409],[-5.106412405145967,55.51878363897793],[-5.117475782054633,55.522529821983284],[-5.121358219985082,55.52480872048684],[-5.12556309645639,55.52948679646736],[-5.123590901511902,55.53465517078242],[-5.111607361373228,55.54163907965675],[-5.104098057880788,55.54255612272431],[-5.096457628278992,55.545417844157875],[-5.093461036439625,55.54868772669068],[-5.084826477704678,55.5501606072799],[-5.082590769000127,55.55249136066967],[-5.090368525057277,55.558030832303174],[-5.096830485717569,55.56113539308507],[-5.104319344945045,55.56789047650999],[-5.105662852002573,55.57063879668192],[-5.112839747500599,55.573612047231514],[-5.121997578032798,55.57573879243119],[-5.129864442878418,55.57668690800787],[-5.141301498328123,55.57706922088547],[-5.149475958413369,55.579093294074305],[-5.153450883573728,55.586009555334805],[-5.153159643616109,55.590133606937606],[-5.144987628945823,55.59348572785531],[-5.141375785745331,55.59691820173513],[-5.132397084618112,55.60099584251049],[-5.128336323169264,55.60832305053427],[-5.127366895412641,55.61190332941331],[-5.132487289157495,55.62212898165658],[-5.137411968251175,55.63519586815048],[-5.138368603876277,55.6443681850664],[-5.141258958429259,55.64891593042293],[-5.146053581370983,55.653111789955226],[-5.149147852252614,55.65804070408934],[-5.152712690073058,55.66135721111854],[-5.150709019781506,55.6651359929159],[-5.155190291607452,55.670025516459724],[-5.161166402314587,55.67903247330688],[-5.167825581101403,55.683958009147446],[-5.175526135116526,55.686986304955816],[-5.190442769475445,55.69408346672241],[-5.19623952564234,55.69987055041988],[-5.199734979316644,55.702026959843614],[-5.216072884985487,55.707789445782986],[-5.219226560139392,55.70944632194607],[-5.229173306801374,55.711697643353865],[-5.236877635022989,55.71474006096352],[-5.242000575996802,55.71583195153911],[-5.254337252433879,55.72054434354281],[-5.262304392017177,55.72153744641831],[-5.284921472318119,55.71963037408894],[-5.288603747784342,55.718151705441144],[-5.295344420932553,55.71337674903872],[-5.295197044070381,55.71015496189746],[-5.290480246021751,55.708525759577284],[-5.287531822806616,55.705861856117615],[-5.295666136993096,55.70608590065195],[-5.301946982133147,55.70807917696584],[-5.316762026821568,55.70612862287839],[-5.320412641402362,55.703836173777056],[-5.326582605973178,55.69734413260847],[-5.327720276025824,55.69260219288157],[-5.330898485407495,55.68851956851882],[-5.345575338191626,55.685755426052665],[-5.353934830950559,55.68301862159681],[-5.365622825915239,55.6781984431881],[-5.372649691862192,55.67119930658919],[-5.373380100652589,55.66730417911369],[-5.376814923807276,55.663231176856904],[-5.382055835399511,55.65365084475282],[-5.383830910814935,55.64179692876035],[-5.386663990261929,55.63585667336959],[-5.389271412927524,55.63301542134052],[-5.393529489838079,55.63107244735232],[-5.396093947638271,55.627193780527755],[-5.395684982262111,55.623204183675924],[-5.397828993592966,55.61805592579029],[-5.395712143423428,55.61076008466103],[-5.389334502075391,55.60588383159254],[-5.380835801920791,55.596273718620566],[-5.379416656212827,55.592698577359045],[-5.371026233413018,55.58437957175064]]],[[[-7.495731580814604,57.583135213660746],[-7.491696719421864,57.57966528929532],[-7.494022069498456,57.57457691261877],[-7.48776806511414,57.57520692175487],[-7.485203445360779,57.57019043127545],[-7.488557467784817,57.567687155926535],[-7.483835073350152,57.566560014583956],[-7.474629114974626,57.56623073645315],[-7.469202165443913,57.564100502976515],[-7.459410525720427,57.56207299236359],[-7.455443884825182,57.567423447430635],[-7.448518584482172,57.56928027954282],[-7.441906875444822,57.56933131307883],[-7.44013708572547,57.57151823617732],[-7.428340600457144,57.570053715910824],[-7.421480657509008,57.57338306947733],[-7.417716991169278,57.57250830590034],[-7.424135131949169,57.569483485973116],[-7.431431550499575,57.569497428192825],[-7.437162841578292,57.570469531481706],[-7.442766384467623,57.56764360169693],[-7.45186071582988,57.56655896103266],[-7.452883594056003,57.559084406633],[-7.447023436558436,57.56115604864544],[-7.441064997250398,57.56000073547983],[-7.431395596852552,57.55361448330879],[-7.422112779549038,57.54884438678412],[-7.417005836242543,57.54506844993033],[-7.416700057087728,57.54318268989992],[-7.410152039307858,57.542312396960604],[-7.396345368585162,57.53336658652674],[-7.393712585135663,57.53056002912368],[-7.395708268512127,57.52883025919103],[-7.383322381572955,57.52461628948538],[-7.377567908052643,57.51904156914666],[-7.375285732285288,57.51252906293612],[-7.375398570902759,57.50654865890499],[-7.373564924381395,57.5038642008829],[-7.38040085814493,57.4963184415431],[-7.376065762974473,57.493444039259714],[-7.368460071053883,57.49599177993227],[-7.354112542968267,57.49731433025237],[-7.349895350050957,57.504400697306494],[-7.34395668305446,57.50443265180932],[-7.341407202280694,57.507456670954475],[-7.338302934009631,57.51497225901572],[-7.333001016395986,57.51767547015868],[-7.331924175186285,57.514122359440734],[-7.33606122863945,57.51268258168589],[-7.339881072284958,57.50662604482422],[-7.335252510020163,57.506529965710264],[-7.32871835769043,57.50832326975919],[-7.31999512749565,57.50852598393121],[-7.316494675288795,57.50693714315975],[-7.332859919967512,57.50457511696347],[-7.339434220039861,57.50317583262409],[-7.334876241106282,57.497218314293065],[-7.333162300635944,57.49298491897109],[-7.325044531519953,57.48946828179744],[-7.322619954876972,57.48974460274318],[-7.311716269724808,57.486648260917136],[-7.299809810106804,57.48626232572567],[-7.290544027459777,57.48946180098904],[-7.278291569681568,57.48845571390122],[-7.269173698287884,57.48604388631875],[-7.263873570288485,57.48311357817883],[-7.257959800174754,57.4843588789693],[-7.24808331100155,57.47903569978604],[-7.238646287270683,57.47912769212859],[-7.235446858035254,57.48427214483415],[-7.229279189769384,57.48217923668163],[-7.228733718764513,57.47784759325319],[-7.220718622556958,57.4769117953219],[-7.218196739322597,57.47547774116485],[-7.204186194662879,57.47271453371272],[-7.201210802163243,57.475159166330194],[-7.205507913525561,57.481842554399556],[-7.202707516691006,57.482976123467196],[-7.205770859002958,57.48567662412396],[-7.211719210388815,57.48693031738254],[-7.213565656684887,57.489328331108034],[-7.211664957965128,57.491638666216744],[-7.215875516893872,57.495958813949294],[-7.214228953800614,57.497885218314195],[-7.21724061191204,57.50041936749985],[-7.213702896300239,57.50402586251789],[-7.213625855315573,57.50734492714995],[-7.208411051286125,57.508874634922805],[-7.201378235982353,57.50821172265011],[-7.198357533208675,57.51117998142765],[-7.204202897193116,57.51290269076958],[-7.219953175028452,57.51568950737013],[-7.218024585115448,57.5172857038666],[-7.212042925963483,57.51474860507191],[-7.197397150585034,57.51094070653857],[-7.195159751469233,57.512909216716764],[-7.190319557840644,57.51273551589343],[-7.187707374561264,57.510535203986606],[-7.182007999979357,57.51078352635262],[-7.175859139336437,57.508278670972395],[-7.171638873661789,57.5094644650076],[-7.162833257802411,57.508260390975614],[-7.157831437311042,57.50894689658166],[-7.145763747722055,57.5124012405897],[-7.147909828599547,57.51398258185172],[-7.148375390317717,57.52000112597008],[-7.144232834689389,57.52187110175574],[-7.144060145712772,57.5250310122513],[-7.139948650097179,57.525016309133015],[-7.139915351557535,57.529083796118925],[-7.13457840091866,57.532518309148315],[-7.131857057737579,57.53683124071958],[-7.134018169556206,57.53964042605593],[-7.139136420142913,57.54176205688786],[-7.133521999571952,57.549175828938516],[-7.13591684412298,57.55173702981253],[-7.134853235952892,57.553926378732434],[-7.14742004927548,57.5562656791221],[-7.165747629491459,57.55471442011884],[-7.167336071520501,57.5519903450101],[-7.164838518427526,57.550549651249696],[-7.16611994873603,57.54760873176102],[-7.174130199668664,57.54880050567355],[-7.179028974044146,57.5513525321578],[-7.185450537087944,57.55253337071756],[-7.200751974940752,57.55138949058204],[-7.205952147900702,57.55332880886583],[-7.214836157153782,57.55214059273187],[-7.230369869853309,57.55255999026365],[-7.237382925501243,57.55096193780393],[-7.257267688680451,57.552555744399065],[-7.27355144836192,57.55254076533953],[-7.286627691036961,57.55331890235745],[-7.284423396071829,57.55541903661656],[-7.278872295248568,57.55405907764164],[-7.271246912184077,57.55470514945774],[-7.27134918057436,57.55976712289302],[-7.285832870134022,57.56197487992746],[-7.283472969131501,57.56335352107017],[-7.275202602855737,57.562290089743186],[-7.267146562066408,57.564345094247734],[-7.266460905194887,57.56644435453542],[-7.26015126890887,57.56573976352247],[-7.257961347297887,57.57010913471275],[-7.250047070546509,57.56935941117938],[-7.248547296997486,57.568204410352386],[-7.253147802378114,57.5598815312615],[-7.259408254747711,57.560740573545246],[-7.263533482246606,57.56246244760504],[-7.268892631412635,57.56148697777413],[-7.267031190873966,57.55614765009118],[-7.259628214639904,57.55366928559393],[-7.249880025626632,57.554327112018235],[-7.235748016920131,57.55355938964117],[-7.229429483136656,57.55409997955136],[-7.222685094883377,57.55609494793588],[-7.205931524337716,57.558040254978394],[-7.20687723512644,57.56050718160116],[-7.201711698709584,57.561265016610186],[-7.198900472512986,57.55934298767145],[-7.187325432638019,57.55935684412504],[-7.181461448055199,57.55791557236643],[-7.177132655438294,57.559083375482096],[-7.176796582930143,57.5621925319827],[-7.17034032404256,57.56400538222552],[-7.167301595985981,57.560765714649385],[-7.169184640963219,57.559112890048695],[-7.163918395039768,57.55680498783726],[-7.160470018242532,57.557927113980476],[-7.145228749667243,57.55716503128767],[-7.141955451694901,57.55881935273278],[-7.134509484896393,57.559379564343594],[-7.118637428860918,57.565199291581386],[-7.111766300280569,57.57373368219867],[-7.112911813336953,57.57854593734469],[-7.108681377666983,57.58116040349559],[-7.110972407009859,57.583933241933345],[-7.103478636541843,57.586936264685775],[-7.100762015246224,57.59348403688259],[-7.107916459418573,57.594076023596614],[-7.112915492523264,57.59619919969549],[-7.123594226260251,57.59319666485623],[-7.123862305552339,57.59022551085925],[-7.13024987393427,57.59001511494844],[-7.137360294433254,57.59242928957807],[-7.141644772767972,57.592510996735896],[-7.153361670028186,57.58775388739543],[-7.154234702763468,57.59337788632174],[-7.159054418683638,57.59592955585446],[-7.155080532530922,57.59756782585017],[-7.157941250453661,57.5995032201259],[-7.152899364926462,57.608868463604836],[-7.161686184771876,57.60807078248709],[-7.171411627998567,57.61124086533833],[-7.166775213600111,57.612743792765734],[-7.159874480680083,57.60941907930774],[-7.154235441441541,57.609399614923426],[-7.150526256129438,57.6119581721249],[-7.151775277752122,57.61443917394184],[-7.160245902387657,57.61493409422006],[-7.167636184855325,57.616318562770424],[-7.182737007476758,57.616666944701635],[-7.182553883025931,57.619459424461446],[-7.171094557363029,57.620054977749184],[-7.175804666071065,57.62309657339781],[-7.179660886134466,57.62373457360675],[-7.196338207434298,57.61983152172296],[-7.202854439347549,57.62241256743355],[-7.196493491269931,57.62458161847686],[-7.190769713830167,57.624069613558845],[-7.191398966545158,57.62770595249431],[-7.187333047428137,57.62865610864664],[-7.188238721252637,57.631435256690104],[-7.192913946444136,57.63448212481482],[-7.198522829711105,57.635339804150995],[-7.209411359345197,57.634733925201694],[-7.211539552018099,57.63777644038726],[-7.218544542234725,57.63853506251855],[-7.216078595891694,57.64116375773914],[-7.207801629333711,57.63902861325849],[-7.202971527299425,57.64120753607085],[-7.191983751734909,57.6390599077509],[-7.188275299843985,57.63981987892349],[-7.190092403338833,57.643020376401545],[-7.183815501358191,57.645420007028484],[-7.179803005402718,57.64464456232078],[-7.181231733219759,57.64172455130458],[-7.172498027528179,57.642784843840325],[-7.164677663475713,57.64242596357374],[-7.167136489515372,57.63765988574657],[-7.172610197519371,57.63668869139022],[-7.181735477208071,57.638203665822175],[-7.185168134166551,57.639974651598735],[-7.191897234191425,57.63874853986254],[-7.192328486150739,57.63601789288403],[-7.187170193632047,57.63608169289876],[-7.1853912721943,57.632146247572216],[-7.182561870110955,57.631070310472694],[-7.180247143549258,57.626666375102126],[-7.176836441623854,57.627683749498146],[-7.163966756413103,57.62122890366664],[-7.155559084786293,57.6209520715498],[-7.159579685381265,57.62911982621408],[-7.166387758702625,57.629988344441585],[-7.165860844863526,57.632236946985365],[-7.15693690962729,57.63088356321914],[-7.152697976812825,57.62932471564417],[-7.151728083390311,57.62662894427455],[-7.148061661480867,57.62567191763458],[-7.144198770156736,57.62746808799202],[-7.13249192033073,57.62817183121231],[-7.1238941368449,57.629835135366875],[-7.124433716795925,57.63144632960612],[-7.113082060067832,57.631443659928756],[-7.121677185864969,57.627450769584286],[-7.129927671675995,57.6267627124676],[-7.13162055623915,57.624335481180665],[-7.125992709109334,57.62177504056635],[-7.120550988171678,57.61696187824871],[-7.11447328883225,57.615121105126136],[-7.111038058203422,57.612097739707494],[-7.102292944596775,57.607966676992056],[-7.095400017539665,57.6103329282823],[-7.095007677822201,57.61225626851562],[-7.087681946474595,57.6222514429836],[-7.083783169140087,57.622971042002796],[-7.074372760745917,57.63106180479375],[-7.06904550494551,57.63482011065772],[-7.070623910436589,57.63597130523385],[-7.062358267799123,57.64003272982756],[-7.0658124242946,57.64452316500308],[-7.087153221635241,57.64906993224056],[-7.086671261029667,57.65093382524068],[-7.094570655645262,57.65154000554528],[-7.097265972230798,57.65657674495589],[-7.104032723022028,57.657485444552556],[-7.108901331758684,57.660895486233734],[-7.117235712038361,57.66402809339036],[-7.119387675596583,57.66149347946012],[-7.127627450691921,57.664910894829035],[-7.136706947737266,57.66275108825719],[-7.142972016659457,57.65999003104107],[-7.148676608012749,57.65488511624248],[-7.143869894637771,57.651234676661275],[-7.13726966043593,57.6509682592526],[-7.129795085167888,57.659941601561684],[-7.113364575232306,57.6550480715179],[-7.107522865580624,57.653972863708184],[-7.102636260878694,57.64857869028623],[-7.108435234094908,57.649810588858315],[-7.110113843859275,57.64833629789892],[-7.119108013662456,57.647567653148286],[-7.121087843068086,57.64935878710028],[-7.12973969679927,57.64934918001485],[-7.126948894401403,57.64492335298825],[-7.13312172036036,57.64158613374542],[-7.139417743377152,57.646467419164374],[-7.143495816578422,57.6507865481067],[-7.148649964591337,57.6498519862561],[-7.154206368934446,57.654168946195085],[-7.163754932904397,57.654682753691745],[-7.168964007439276,57.652602383885885],[-7.182044428372195,57.65615980428192],[-7.176374079424704,57.65735985740718],[-7.162725764589049,57.65676737321093],[-7.163886905735223,57.66049893015543],[-7.161182254237888,57.66473058130128],[-7.152921469328114,57.6652031625067],[-7.158146377493979,57.66781948277084],[-7.159525894988518,57.67202352931778],[-7.154728869946026,57.67625504811937],[-7.164790835433164,57.680504539279184],[-7.168941099247188,57.68374931259692],[-7.1734666871045,57.68426572971193],[-7.177067778311001,57.68824360388974],[-7.191795352786091,57.68914227639644],[-7.192601124281993,57.69281539874737],[-7.185651144984419,57.69485567541851],[-7.193239468350875,57.69820141767408],[-7.199900498301286,57.69742335359447],[-7.206496166232253,57.69180037384189],[-7.208474286860075,57.68838138520388],[-7.218086331304854,57.69089799188872],[-7.22328304484447,57.68983543745013],[-7.225456200386451,57.686848082474334],[-7.22959277440426,57.686465307523406],[-7.244320126436395,57.686880056591995],[-7.247221320648108,57.69003036380004],[-7.251796567485626,57.69041148021158],[-7.258127178716509,57.688879157372455],[-7.259074547046454,57.68522233797248],[-7.252739066317031,57.682489715101966],[-7.24475095970067,57.68515697892661],[-7.243305291954242,57.68265703318051],[-7.244673660377599,57.67604042339824],[-7.251834873876354,57.67059104768694],[-7.261693936965169,57.667568982977244],[-7.266601306911047,57.66800043474414],[-7.272201153030103,57.671181484284325],[-7.286197039886801,57.67300751685825],[-7.290920163443566,57.67084781442562],[-7.293513212505037,57.666469139832486],[-7.297771832909933,57.66441409829896],[-7.310297370717533,57.66538120456794],[-7.29901151985779,57.66824050387635],[-7.307053911922225,57.67516447107382],[-7.312560788031936,57.67760985667304],[-7.311004643293937,57.680514507526716],[-7.316070891689988,57.682811846945334],[-7.309180495536495,57.68663395689189],[-7.308310249544954,57.689464673487215],[-7.311757021865362,57.692455728963594],[-7.307574153431954,57.695502287874305],[-7.308656411874891,57.69749499088285],[-7.315210551200525,57.697147184631],[-7.32105142700215,57.69549276402473],[-7.318937283928439,57.69328719036864],[-7.321811472744505,57.69151923773782],[-7.323112659466187,57.68745536042846],[-7.340566120317329,57.68144447473918],[-7.346613681157977,57.680985871922985],[-7.34672483665708,57.67718805584688],[-7.341637126131675,57.67725957945443],[-7.338478694063753,57.67383864605262],[-7.341301441107226,57.66985857054861],[-7.351939711340174,57.66496212061273],[-7.356783351325074,57.66347863466016],[-7.370636031436278,57.662340609652226],[-7.37362309620127,57.66617756442837],[-7.37293014873492,57.66869537847478],[-7.376905176776679,57.669677911204055],[-7.384066897283368,57.66836901351341],[-7.397686686727836,57.67014477689269],[-7.399483195098802,57.66779734905023],[-7.403914576780251,57.666160477638066],[-7.414184687123112,57.665670559432336],[-7.418753480064179,57.66325146851706],[-7.424954398019326,57.66150896946637],[-7.43321609168132,57.66264006593489],[-7.441790328767407,57.66279597075279],[-7.443757789534861,57.66111542360688],[-7.434186370602577,57.65518166696541],[-7.426419942784905,57.656461048812915],[-7.424170165520458,57.65494690637616],[-7.431602845411398,57.652786566903686],[-7.437855127632093,57.65406505293614],[-7.445718390900102,57.65962503165557],[-7.449554725883154,57.66331657555966],[-7.458317344343331,57.6588697733059],[-7.470080723062283,57.660901637078084],[-7.476833984904265,57.66347499856177],[-7.486437209394987,57.66207210223576],[-7.491178711336407,57.65734773165959],[-7.486405540979672,57.65088558136008],[-7.493922471625069,57.65060506513343],[-7.491878219488017,57.64622108878678],[-7.495389329183359,57.64526618424267],[-7.498019263861408,57.64017355570986],[-7.503792004418867,57.63868862529118],[-7.499648339425406,57.63514702138778],[-7.499966387175469,57.630660976290706],[-7.507379187326717,57.626816412678515],[-7.512836510026982,57.628934972328146],[-7.514213465251444,57.625212544214165],[-7.519944939056751,57.624798729805455],[-7.527419063334889,57.622236353313774],[-7.516727463102013,57.62010018236959],[-7.516615700611754,57.61377160156395],[-7.518343479893669,57.611138071692466],[-7.52473518840443,57.60962312477376],[-7.526081034895105,57.60612688655732],[-7.530715781093157,57.605798401586824],[-7.531738921430572,57.61002594203266],[-7.534917081656595,57.6108863031637],[-7.543031223579995,57.60856479386627],[-7.543639387800397,57.60636533436583],[-7.548277701547048,57.605808330304754],[-7.549504440931454,57.60189940027813],[-7.545834788419719,57.59892705529463],[-7.539065729142021,57.60006102656561],[-7.53420213536393,57.59850892013585],[-7.532617154633191,57.59435557381344],[-7.529613114666126,57.59107275683602],[-7.52198548695038,57.58806289000279],[-7.515030468679833,57.58969606173725],[-7.506105182287162,57.58543346133126],[-7.504975585545413,57.581904371974254],[-7.495731580814604,57.583135213660746]]],[[[-6.096692096660816,55.87162910846062],[-6.091404620248537,55.86550015227396],[-6.086835812925997,55.86319257972082],[-6.088399793530959,55.85472739029752],[-6.089953725663195,55.85331318723749],[-6.091474544128932,55.846998756498074],[-6.086335335764796,55.840033737403125],[-6.087943101008552,55.83457529923702],[-6.086812512586893,55.830431081221725],[-6.082534379398346,55.827196440402815],[-6.081165273859475,55.82168415238918],[-6.078727978451676,55.818167863894445],[-6.069095968116869,55.808999691349236],[-6.064730901246049,55.80588878872921],[-6.055620650249748,55.802588377074684],[-6.048606707011726,55.80263645561931],[-6.042633757648376,55.801592273119205],[-6.036959335411879,55.79892733566288],[-6.035757585985794,55.79665115029386],[-6.030209347389802,55.79471560068444],[-6.01395566366415,55.7979847789469],[-6.002415417366651,55.796870595248755],[-5.9982943248011,55.79474769251312],[-5.989783081595029,55.794251263806274],[-5.984216393620627,55.79601032298362],[-5.981290002918539,55.795570205377366],[-5.97862085331107,55.79233391633292],[-5.970315422323551,55.79157768293151],[-5.962598395466959,55.794641782384176],[-5.956832049938945,55.8023052253783],[-5.958743833119692,55.80383530608988],[-5.953783050893613,55.810330527438545],[-5.951258275689132,55.811935164220955],[-5.953290422441495,55.81570155041255],[-5.946363849851037,55.82102857751094],[-5.942600288011474,55.82260355946322],[-5.942322496048037,55.830725654045494],[-5.950939807419534,55.8343498266676],[-5.945790562786664,55.84341537822124],[-5.943593369150057,55.84893546816771],[-5.941276458879472,55.85149897370443],[-5.942600581829412,55.85355268000635],[-5.93651679790175,55.866504667270625],[-5.929192426285,55.86974706277743],[-5.920764834480301,55.871499959839994],[-5.910491500856208,55.87121125167824],[-5.903138156086506,55.869021508723435],[-5.901215599921799,55.86731552762428],[-5.895900667005101,55.87163053144918],[-5.898333815865189,55.87294182042457],[-5.894991620697681,55.87749453439174],[-5.8980231565962,55.879169951467105],[-5.900103538070137,55.882602029354686],[-5.895308343955696,55.889822119744835],[-5.889500522705891,55.89174602460056],[-5.882767267739149,55.889463460800265],[-5.882610965066714,55.88262069582285],[-5.872578967353787,55.89031084593889],[-5.877252760455877,55.89288732818574],[-5.877255503395455,55.8965192525454],[-5.874531911577986,55.899776702866276],[-5.875785978444385,55.90515326979215],[-5.873419923923128,55.908358947939675],[-5.867755099186179,55.913199751336236],[-5.868218901880778,55.9170473600797],[-5.864906332486922,55.917308859678116],[-5.860177749888205,55.922295190960426],[-5.855017585441703,55.925514380364085],[-5.85072260755364,55.931421018675586],[-5.850752665634517,55.93344872536522],[-5.846298316877386,55.939491450687505],[-5.850548276740786,55.94058146477009],[-5.846977026460327,55.94632681869013],[-5.843791608577343,55.948025182386594],[-5.838203617596339,55.95497883819442],[-5.834290929318017,55.96831304741189],[-5.827379003734817,55.96846070992345],[-5.822151711602947,55.971217365066614],[-5.810988067768719,55.9841254485775],[-5.808531258574283,55.98971810939942],[-5.808363888358888,55.99306833855795],[-5.804176905612724,55.999024612859735],[-5.797714645300329,56.00380550380382],[-5.793162028478245,56.012605101887914],[-5.788567700700805,56.01314214418618],[-5.78548195220623,56.01513522012184],[-5.782053949381754,56.01356981170142],[-5.777284718138528,56.016195230286684],[-5.775064992899317,56.019846558207874],[-5.769016221343763,56.024986305302434],[-5.768668282864743,56.02841387090153],[-5.757623675074544,56.03719455447317],[-5.756765899711291,56.04138573110642],[-5.751154912598172,56.05012855617177],[-5.73844201654684,56.06509494438179],[-5.734100778199029,56.067901566964345],[-5.730286203264295,56.073083911474],[-5.727366706332277,56.074147838484315],[-5.723265970001923,56.07888000392252],[-5.719374103885832,56.08153763577432],[-5.712086504761959,56.088514517239915],[-5.708151791659948,56.094756232781755],[-5.697454073919241,56.10178526209527],[-5.696612434647267,56.10659402357793],[-5.691627153249686,56.107125516992426],[-5.687550410010314,56.11143306449199],[-5.687598418935408,56.11403468165187],[-5.693723492133321,56.12361171137828],[-5.687371257594515,56.125306066682995],[-5.687635541521229,56.12979391069852],[-5.691563430760078,56.13092983449522],[-5.69165420921212,56.136170961383094],[-5.698156647562033,56.14461344774957],[-5.702596898507122,56.14790603821216],[-5.709105570974819,56.14987210403895],[-5.716762037007492,56.14830733991633],[-5.720271105197053,56.14858191925115],[-5.724343948854717,56.146345107452554],[-5.724353209099729,56.14436217682172],[-5.719892005696891,56.13970245944821],[-5.725020824049762,56.13966548078278],[-5.729045521900284,56.142093006638056],[-5.737579340369436,56.141542515866995],[-5.737374599069192,56.13719855498951],[-5.744789626499077,56.13836738220931],[-5.748989195223264,56.135340893626385],[-5.747892158443997,56.12882466337978],[-5.754115342903943,56.12825324470943],[-5.756306323226455,56.12543145785184],[-5.770986110276757,56.12133637537595],[-5.776833278347686,56.1190479460218],[-5.78545655200343,56.10913609875548],[-5.789777268110257,56.1093001011898],[-5.791816670233794,56.112720885056554],[-5.795814739526801,56.11357439791341],[-5.799925360279588,56.112256345841615],[-5.805021623696262,56.10845741462086],[-5.804547453169661,56.10414688882757],[-5.808253667828851,56.10428423753728],[-5.813021891715758,56.1017404751215],[-5.816343801662245,56.10197938344995],[-5.823552688082735,56.09566837916244],[-5.821298778723758,56.090136236856445],[-5.825333827636836,56.08922428411322],[-5.833164030376542,56.090167975791346],[-5.837192536433032,56.089192887426535],[-5.840737717893096,56.085710463588626],[-5.849955403428998,56.08356153209666],[-5.86021572372366,56.079068290109845],[-5.864061300877254,56.078772433327536],[-5.872876582914094,56.075047255833226],[-5.880697900562331,56.069689173052446],[-5.894355764103521,56.06612000765036],[-5.90477137413973,56.0611908349497],[-5.905626109726443,56.056060637996964],[-5.909227546834355,56.05520455103708],[-5.917392914990756,56.04976112018464],[-5.924828409713083,56.047952577678096],[-5.935609699984754,56.043258969968015],[-5.939368465796598,56.0423879475378],[-5.954223154477911,56.03574761945973],[-5.956682933805814,56.03294839516091],[-5.964402804903822,56.027293819286974],[-5.964710616256865,56.02259610535823],[-5.967568871044505,56.01939262431503],[-5.966046109688119,56.01561715877302],[-5.973087491063811,56.014196822855716],[-5.976484932787118,56.01242351089641],[-5.98042976514839,56.00661720545481],[-5.985020539479092,56.00467465485475],[-5.992116528161976,55.99956622668311],[-5.993727870425474,55.994581485304785],[-5.999500239556126,55.99143995228657],[-6.002870589736897,55.98664518030871],[-5.999477695131231,55.98121598698129],[-6.005239758487258,55.97629391128054],[-6.004714843934643,55.97346929661316],[-5.998742973832308,55.972633854046464],[-5.994470625241236,55.9754434524688],[-5.988353480399454,55.97172108230313],[-5.980101809956669,55.9698390383211],[-5.973427497636545,55.97042794869091],[-5.972639073721889,55.96798044253486],[-5.967571718134961,55.964690801656204],[-5.960610820369249,55.968191065817194],[-5.951217479752672,55.964762980773514],[-5.950150978531976,55.96311023090977],[-5.936652480418549,55.96224886380316],[-5.924283717180009,55.96234093776222],[-5.918278840754526,55.965245328463226],[-5.920845265925286,55.968976357260246],[-5.915104073117925,55.973088831655666],[-5.905423945331596,55.97316082299635],[-5.902679898905321,55.975511258347545],[-5.894902710429745,55.97414888624042],[-5.893428798543635,55.97658568348307],[-5.887804540950786,55.97741630638269],[-5.884375008894634,55.97424687921197],[-5.88928541000873,55.97108835715858],[-5.882372846077933,55.96907647792146],[-5.878074236299842,55.97514244699015],[-5.874705286438143,55.97416945372478],[-5.866642346113911,55.97723577984729],[-5.861612462615244,55.98108679800036],[-5.856743172384058,55.9795443856121],[-5.865970077646295,55.97694396016041],[-5.874202816399904,55.972178176328505],[-5.87969334120063,55.97177774217806],[-5.881624004442867,55.9681648875019],[-5.889613724394763,55.970286652204436],[-5.892985046109779,55.96734566471826],[-5.906274102588984,55.96043834709686],[-5.909902405204469,55.96057041329206],[-5.915256056894174,55.95786882584641],[-5.920110816096218,55.959160245271605],[-5.929986695393866,55.95959786436867],[-5.936883479792907,55.95608612583446],[-5.946787443207867,55.95465011748708],[-5.954085396902127,55.95642469354972],[-5.961449451268708,55.95573635070202],[-5.962962346378242,55.953729041136164],[-5.970417370333339,55.9516361704396],[-5.973897062553516,55.952355622501656],[-5.98012683196121,55.95144828608081],[-5.985313657346763,55.95208968780633],[-5.990959467097515,55.95072860103497],[-5.99729424145192,55.95068927075251],[-5.999432638648301,55.953160205073544],[-6.014251149728857,55.949296225659474],[-6.020225487015306,55.946789948265014],[-6.027423005168765,55.94773254272864],[-6.033588842015347,55.942458511145354],[-6.043461817485251,55.940942721010494],[-6.047167361050778,55.93584322310221],[-6.051825529189362,55.933045881259375],[-6.058786333610165,55.92577926390744],[-6.064611851620984,55.92298330839115],[-6.066726666883106,55.91940156608511],[-6.066716745413335,55.91617696853324],[-6.069446888334027,55.91510725132423],[-6.074168509917915,55.906398298865234],[-6.087735342064481,55.89954911958343],[-6.088333309286382,55.89572960932505],[-6.093239932107599,55.893007724724114],[-6.092933685715585,55.88646187426208],[-6.094379984610732,55.88287936034286],[-6.092192808058228,55.8785230570443],[-6.096692096660816,55.87162910846062]]],[[[-7.402350839062111,57.345189672480835],[-7.398392152247869,57.33269482504802],[-7.398246664273553,57.32706922610128],[-7.399724430622304,57.32235649629364],[-7.39945990523596,57.316713520507484],[-7.402496226530592,57.30984666892429],[-7.401017144363371,57.304607003466714],[-7.406149769905622,57.29505876494493],[-7.411730451432615,57.29307389635211],[-7.416228176051132,57.294064006671505],[-7.419941820740679,57.29288116453307],[-7.423862814032663,57.286550471980284],[-7.438107161089802,57.28953500006166],[-7.43923717720042,57.2855918113386],[-7.432745902381796,57.2842668761357],[-7.429025926468576,57.286287368384826],[-7.4228081481071,57.2841671144617],[-7.420923198540265,57.278924495754275],[-7.42903429262594,57.272279089838214],[-7.42609136230287,57.271790067600236],[-7.424944921131901,57.267779980304084],[-7.427471679380455,57.261049550604085],[-7.42669549590694,57.254166060960124],[-7.428754166788536,57.24955996146352],[-7.432059017833234,57.24633702977639],[-7.440997825969371,57.24248782145406],[-7.45448558090705,57.24424837873313],[-7.459528944643252,57.24104703112547],[-7.453174336978552,57.236662852187926],[-7.448055055767991,57.23956395609029],[-7.443504054338608,57.23659121583203],[-7.437307036975857,57.235514935510935],[-7.433955196004451,57.231526856743514],[-7.43454403868365,57.22500174687436],[-7.433124975205367,57.222636112571614],[-7.436563634506863,57.2209677259692],[-7.43332284689953,57.21853268090435],[-7.429078701692233,57.21862947111215],[-7.425944320600074,57.216698118073246],[-7.425228853514111,57.2114211484926],[-7.427830326321241,57.204860162761356],[-7.425051238514519,57.201570668885395],[-7.424928588871833,57.196285108902536],[-7.42795388075807,57.192993285786635],[-7.423575175428976,57.18629209420264],[-7.42264468397261,57.179679010873954],[-7.411017244191985,57.16426556713252],[-7.409001282177826,57.160600762146316],[-7.409453919612523,57.15793532484879],[-7.419518907070205,57.14837877091888],[-7.415059001514228,57.14779518228474],[-7.413987897407245,57.144439657933184],[-7.407786563353719,57.14282325738493],[-7.404683017414965,57.137629587559],[-7.41165382850625,57.131608191836904],[-7.415751065107528,57.13003508956725],[-7.41364187054439,57.128096064410734],[-7.409032270820471,57.127941742427204],[-7.404283391715571,57.12965346354106],[-7.399969952791713,57.12769783465357],[-7.398018610154095,57.122468807590074],[-7.394201898460333,57.121483383662785],[-7.392527787392086,57.11787574235798],[-7.394800076691339,57.11483042639675],[-7.394333267437063,57.110664055651334],[-7.388338584600641,57.11139772029533],[-7.38130651858694,57.109867425104625],[-7.379319938865071,57.10543978554022],[-7.374624786664461,57.10342253277332],[-7.367201928449441,57.10349308855863],[-7.354241135016388,57.101266436762316],[-7.345430862441322,57.10262710715226],[-7.33908076231311,57.1010537285219],[-7.333528476862346,57.102638796742745],[-7.323656896636742,57.103100098326436],[-7.321097767209024,57.101746757668245],[-7.315011597497767,57.10269409204644],[-7.306554184054368,57.10208604313864],[-7.297623347495618,57.10584024104441],[-7.286958231433606,57.106704772552675],[-7.279636493789591,57.108125514809124],[-7.27284210761235,57.10477686187066],[-7.265252178611698,57.103382550853276],[-7.258302164735174,57.098514484265465],[-7.246426354576684,57.099143948669386],[-7.241525304849669,57.09664015465582],[-7.234900417332494,57.09530347996725],[-7.228110412172028,57.09621302814501],[-7.232555119089445,57.10362608200724],[-7.224354392382287,57.10398254438257],[-7.22307583905187,57.10916043988749],[-7.214234657966078,57.11290376676363],[-7.211508235818114,57.11761997441862],[-7.218814034346547,57.118988940627254],[-7.225353091676876,57.11914148392867],[-7.228409567280089,57.12496785746348],[-7.233105339413517,57.12658459921345],[-7.238282876715975,57.123888814264284],[-7.244545971063369,57.12774754271539],[-7.246661876417535,57.130299805155666],[-7.244623813181685,57.13337273023299],[-7.245959860840808,57.135908224227286],[-7.255090797749782,57.135934350217916],[-7.261439058049975,57.14018917912555],[-7.268210674527395,57.141654365921994],[-7.27526575304337,57.14104208066524],[-7.278584994065061,57.14295822530194],[-7.286694931494437,57.14306565365397],[-7.293999322453929,57.14136193490295],[-7.300691192089577,57.14173992939832],[-7.300787733170028,57.13936559235761],[-7.314669153153364,57.137691279593334],[-7.326569839139381,57.140289655921265],[-7.334102624798386,57.13649057642935],[-7.33580550831114,57.13971157194964],[-7.325669207103723,57.14271270642054],[-7.330963415841055,57.14538937254458],[-7.336938608934028,57.15031086531882],[-7.344062639735545,57.15028399661849],[-7.347633892184526,57.151964545964454],[-7.338060176567765,57.153913939519036],[-7.334617172716158,57.15152573092177],[-7.32529209376009,57.15069999458438],[-7.321803712216195,57.151356854219316],[-7.310532732889773,57.15050212387228],[-7.311156833946427,57.14850849037929],[-7.300416158864834,57.14796065405272],[-7.299834909512424,57.149218096619755],[-7.306590511538898,57.152346790091975],[-7.301925413656585,57.15333377351267],[-7.305989371931506,57.15634709153188],[-7.301723435196323,57.15748811022907],[-7.298681467926222,57.15556074666993],[-7.284205374167505,57.14979381154368],[-7.275972468595431,57.15022682218888],[-7.270616506493448,57.14958873769768],[-7.256436536245938,57.15302445879087],[-7.257131396027686,57.157850019454884],[-7.250035801086954,57.160298641837834],[-7.249424639227085,57.16240745759154],[-7.244815025353789,57.163068699051124],[-7.250510027151076,57.176624681124],[-7.249984365473813,57.18224835918831],[-7.255932999892882,57.18573764002569],[-7.258604640148568,57.19140258515245],[-7.263008921156776,57.19264829519406],[-7.265061186424538,57.19721434671679],[-7.264600606289203,57.20054974980385],[-7.26076836204515,57.20628553570131],[-7.266663221313197,57.209943180439744],[-7.268801860223699,57.20941677200481],[-7.273868811938948,57.2156826001725],[-7.282435433198331,57.21493008737142],[-7.28997788955539,57.21331855701734],[-7.294497991895146,57.2154825420279],[-7.300927489154208,57.2164793925974],[-7.303240220591677,57.219526602323235],[-7.29907278619392,57.22232620977293],[-7.303513097101645,57.22413151532894],[-7.308471673754486,57.22999124450597],[-7.317876271268338,57.230024215076725],[-7.329682041460268,57.22537820909187],[-7.33201306414884,57.2269258103765],[-7.342892365676859,57.22684633844568],[-7.346000275199802,57.229352264380175],[-7.343249465408735,57.23371280466716],[-7.338076449330344,57.232828309830325],[-7.336736900620937,57.2306266101275],[-7.328692545281631,57.230317641158436],[-7.325867363808356,57.23177959442271],[-7.32133950646322,57.231082970668666],[-7.318134813249571,57.23394131934768],[-7.312232701213224,57.23288693739057],[-7.303401899831889,57.233040705705946],[-7.299430698151918,57.22971719813397],[-7.305619429501528,57.22614355665148],[-7.302074928276176,57.22491682956057],[-7.295082258987195,57.22509117699076],[-7.287940008250381,57.22237380576063],[-7.282630021179049,57.22149553150137],[-7.278382775720443,57.22386581514546],[-7.266887264082986,57.22451172285293],[-7.260418888903546,57.22731219782216],[-7.258820519331562,57.22959749582338],[-7.261971906845986,57.233353498054925],[-7.258642901766773,57.23660593987903],[-7.255208343837936,57.245042340689594],[-7.245310097385465,57.247859744107934],[-7.246011207098228,57.2528381189258],[-7.249346336140527,57.257422731109095],[-7.25296853343893,57.26023150642418],[-7.247854678286514,57.26169206070892],[-7.246586905597708,57.26502963372108],[-7.242684157952914,57.26607930670779],[-7.238788768874343,57.27003958256691],[-7.228534398847241,57.27613230169292],[-7.226229891757796,57.28206841666998],[-7.21796192268673,57.27906988372033],[-7.210173153379736,57.279209358444945],[-7.210390403324727,57.281152979810685],[-7.203283642043851,57.28089023662382],[-7.198608165580269,57.290536932676105],[-7.202137876206715,57.294457792485915],[-7.195631192870986,57.29685834983948],[-7.193999422817513,57.30049556632748],[-7.196859903137672,57.30596950997786],[-7.205218644768709,57.306527217292484],[-7.211278470475687,57.30359405492943],[-7.219440435021862,57.30358757942522],[-7.221397707807347,57.30917062967107],[-7.218708323572876,57.31124871796925],[-7.223033169632762,57.31353877969808],[-7.223100988766877,57.31921848227688],[-7.220586524008263,57.32118582566419],[-7.228965556171444,57.32442724926079],[-7.236199655396069,57.32295571422825],[-7.238992619966105,57.319856086792285],[-7.248107398598872,57.32299804178038],[-7.2552679402623,57.32356394844147],[-7.255555775941428,57.32577185760355],[-7.262949051837833,57.32520635437436],[-7.26695733473908,57.32375131805394],[-7.269112878524474,57.326796857773054],[-7.2738557589225,57.327896087752315],[-7.280471993331224,57.333467897913756],[-7.272339830422525,57.33229450139336],[-7.27313297927429,57.32880564756545],[-7.263417912791374,57.327977180379754],[-7.263687858386527,57.3313673632508],[-7.254416764045807,57.3295522068005],[-7.245426048299884,57.3329861370801],[-7.242570302895115,57.33500868822193],[-7.236371552986786,57.334538646998574],[-7.230588240447473,57.335697713933264],[-7.230413188876851,57.33954737514734],[-7.225388434826504,57.33949575581709],[-7.222638700798396,57.342273763210905],[-7.220137530661351,57.34750240547184],[-7.223883943769451,57.349965042724754],[-7.228255879320298,57.34782133923399],[-7.2327203785829,57.34767126129938],[-7.233807004195685,57.34233937951794],[-7.241900164008728,57.34277993362214],[-7.239014742818003,57.34564945305759],[-7.244022303583644,57.34627265138461],[-7.258245525734683,57.34293113722875],[-7.257974997867109,57.34516510067384],[-7.265085474844345,57.345164818745175],[-7.270027308838746,57.34922987714104],[-7.262156416308786,57.349574566361376],[-7.249893880147289,57.34717445514056],[-7.240788300460509,57.347577549786145],[-7.238473880235726,57.35025222634812],[-7.240658078218481,57.3533158504928],[-7.24563068999184,57.353908062768475],[-7.251974075987282,57.356234306512654],[-7.257725963012425,57.35676464428874],[-7.261151614539156,57.358927392834445],[-7.262007171108577,57.36245041683225],[-7.269092635101928,57.36679191860366],[-7.271435159622068,57.36675206736602],[-7.281745629569388,57.36982370574659],[-7.283015042544832,57.372793874391625],[-7.276091882560157,57.373588931333494],[-7.270952020944469,57.37161364165038],[-7.26563015762785,57.37410462139124],[-7.270046556196803,57.37915657226302],[-7.28066401629602,57.38387127377302],[-7.286750932694169,57.38586935795063],[-7.291666111029829,57.38315615234126],[-7.303416814777414,57.38807327584304],[-7.301020194169127,57.39071843671781],[-7.297270118339317,57.389898501763106],[-7.287657633469858,57.39053308151978],[-7.286477797153418,57.39228803298363],[-7.296942607481831,57.39697642983239],[-7.305103053858647,57.39589228991487],[-7.312562331604092,57.39986768304527],[-7.315182870933884,57.399603832383434],[-7.322649137659014,57.40384387601749],[-7.325267872594891,57.40626971175736],[-7.334317360886735,57.4090102306041],[-7.343899277024438,57.41576172907094],[-7.347620903881449,57.41698832803147],[-7.354295828168327,57.41565830368843],[-7.361625257820806,57.41698713715473],[-7.367112577306143,57.42015902616279],[-7.372380614259852,57.419482085461276],[-7.373609853344286,57.41662172988608],[-7.380285823308296,57.41638186715973],[-7.375084133972131,57.41321721366731],[-7.3744919788909,57.40837032974112],[-7.376018764171389,57.403771133029935],[-7.379845867147381,57.401690392301326],[-7.385998392890807,57.40237521526126],[-7.389682485613075,57.400493777034605],[-7.39978835414211,57.40052672485271],[-7.403016216946542,57.39534638624409],[-7.408172958606537,57.39354858601317],[-7.412867436479676,57.39014966891025],[-7.418793533854603,57.38931268142956],[-7.427032620712288,57.39146592687845],[-7.430104163546018,57.38905981681434],[-7.43231853492569,57.3844173938684],[-7.427662083554939,57.379108311252175],[-7.418360608679507,57.37219886320078],[-7.414681803360685,57.36846439762672],[-7.409977148411454,57.361690825273854],[-7.402428009394047,57.34676637767826],[-7.402350839062111,57.345189672480835]]],[[[-3.267727262855686,58.77917365792316],[-3.255397248017035,58.78125943669587],[-3.250009700092876,58.78123180410908],[-3.2447966089543,58.77897387818166],[-3.24222733772632,58.774644266109796],[-3.237638858061852,58.77245010430179],[-3.231141268242574,58.77131321046588],[-3.22103600102375,58.774682204544725],[-3.220230338189815,58.77641522171404],[-3.224940254470483,58.77888188858153],[-3.233682782637518,58.78139162782144],[-3.23230598482236,58.78437235922761],[-3.223004195947713,58.783538430020464],[-3.216672954102597,58.781317825980054],[-3.207930108969949,58.780304236691066],[-3.201744833258627,58.777355847384875],[-3.19362878372557,58.77808332800262],[-3.1871340624762,58.7767116293181],[-3.179476505739759,58.7774986631098],[-3.172166293690566,58.78013409526894],[-3.160847567562823,58.78138707473767],[-3.153080233718556,58.781519665940976],[-3.143362572584665,58.78383546551006],[-3.138795802286156,58.78399534678239],[-3.131721299770747,58.78645933340699],[-3.129597245442963,58.79041010949122],[-3.14299871385577,58.78913156275739],[-3.147058516111435,58.7898939710738],[-3.146148745741188,58.79247350627346],[-3.138187422392957,58.79780009644164],[-3.138568985491652,58.803105778146524],[-3.149840914626863,58.806895706217276],[-3.157364277504752,58.8060766415167],[-3.161910684787156,58.802532906518316],[-3.166350917267333,58.801730275092446],[-3.171875376548631,58.802907085558445],[-3.182309035534686,58.803119914233584],[-3.190849323364501,58.80126295283104],[-3.196068025088636,58.799116526408206],[-3.208895001414763,58.80064328985767],[-3.213252545772883,58.79914464343002],[-3.215065959686351,58.79562200678087],[-3.224701608193374,58.78757669049878],[-3.238455853598646,58.78383655165334],[-3.245756042290346,58.78624974470741],[-3.252464497969544,58.785992599510195],[-3.256106149551416,58.787379916919555],[-3.250723475628226,58.790351275500825],[-3.251259793589184,58.79462769249036],[-3.248145535957303,58.7988352709797],[-3.243435085118027,58.800732772849166],[-3.233127863036631,58.80217891238164],[-3.2245973628284,58.80175714884913],[-3.217752464002625,58.805126290131554],[-3.209911133689954,58.80636410569843],[-3.20321323253168,58.804046596206234],[-3.201503539185758,58.80941294440323],[-3.195441233464682,58.8123344479531],[-3.186452881576341,58.813615604331076],[-3.173664102454624,58.81916742506986],[-3.167735326200364,58.81917632323779],[-3.171449647448881,58.82389664296538],[-3.179020691515305,58.826120694571586],[-3.189421422821273,58.8276940199984],[-3.198602486967327,58.82672524771522],[-3.200311932982811,58.8295781066093],[-3.190419398836148,58.833559730732155],[-3.194562823416895,58.83883230689436],[-3.20118747471753,58.839157919602165],[-3.205868841854332,58.83800591699533],[-3.210148111113406,58.83993734194428],[-3.197835354165815,58.84825338784162],[-3.196726141496192,58.851566234803364],[-3.201736302960913,58.8563473301235],[-3.211151420873926,58.8574044994257],[-3.215365634586307,58.8596776770727],[-3.216208068250362,58.86194660221863],[-3.21163381358605,58.86450897445967],[-3.217316287857471,58.86931011601379],[-3.223501724923685,58.869646842990946],[-3.2253239699488,58.87238244675994],[-3.219876618352874,58.87381271083863],[-3.21303160658512,58.87372899146315],[-3.209909478241201,58.875707293841664],[-3.212354621818726,58.878172275916974],[-3.226501768496795,58.88336033037193],[-3.231965666668744,58.8874803058672],[-3.238929049832295,58.88691522720524],[-3.244576349110977,58.89028744927404],[-3.256251936595317,58.89548261203721],[-3.264084876158758,58.896834297235586],[-3.268503808666801,58.89996600537387],[-3.275801567758343,58.90134916543868],[-3.285787742385516,58.905691583927776],[-3.299939271758665,58.90641312121972],[-3.312867237735626,58.90895714681532],[-3.313767152072375,58.9101138210885],[-3.310833081575395,58.91520119189185],[-3.315573717381662,58.91830109186893],[-3.32113156603475,58.9199033078245],[-3.322011013776123,58.92373307341597],[-3.325540265631267,58.92825422341573],[-3.338295037849365,58.93091523375702],[-3.34198082732862,58.9330479380746],[-3.348743758514084,58.93067468830031],[-3.352526919836136,58.932840225496285],[-3.369933730801771,58.928740161443436],[-3.376024699752676,58.92648755814827],[-3.37918741211252,58.92294826404418],[-3.387745997014318,58.92176994256132],[-3.394444249543739,58.92378620062773],[-3.405317095292304,58.920450322065115],[-3.406748789574421,58.9177743243198],[-3.41071103804164,58.916352441960946],[-3.418815295188824,58.90838663598373],[-3.419802592037855,58.90536685167012],[-3.424013202866531,58.900744242834044],[-3.423782731863636,58.895348629040754],[-3.425539362341802,58.889746977293875],[-3.429918586005704,58.886752522984544],[-3.429512040776873,58.883415724845975],[-3.434617451796451,58.8806016952213],[-3.436638322052768,58.87662266707459],[-3.435460498649641,58.871550133619856],[-3.432821752295038,58.8707288131599],[-3.419185557415063,58.87186636674465],[-3.404714401644204,58.86890323887089],[-3.392764321313963,58.870159879478976],[-3.384807352903372,58.86829189890921],[-3.380209527312668,58.86540856056878],[-3.378698925213485,58.86078558068206],[-3.379219209499279,58.85665286533693],[-3.374412428872601,58.84945667773946],[-3.375959836455372,58.84551871290986],[-3.370946904841898,58.84080718674506],[-3.369272548486114,58.83614541592601],[-3.35588189951531,58.83087970703655],[-3.352344481130394,58.82745430739701],[-3.343635694197375,58.8244150916425],[-3.340942579333499,58.82105245337777],[-3.332684745190441,58.81886559476549],[-3.329288051370074,58.816533915986845],[-3.335377478412384,58.813686660018796],[-3.327594690318245,58.80910629670944],[-3.323180766812504,58.80530201984879],[-3.324809266189184,58.8017060338173],[-3.322442088246234,58.79612563883132],[-3.310545673579345,58.7897261869319],[-3.306828695324244,58.78566365588836],[-3.300219250301539,58.78356130450782],[-3.301153325969098,58.78078547241965],[-3.295780034900134,58.77631268744765],[-3.290116131260258,58.77539042543972],[-3.283025519412236,58.778447601812836],[-3.278065959764948,58.77927734685659],[-3.273759850975002,58.77793043906685],[-3.267727262855686,58.77917365792316]]],[[[-0.93988412411835,60.76231482729072],[-0.946080118966871,60.76198196072388],[-0.94582824218512,60.75875209799543],[-0.941352352176211,60.75062247527043],[-0.94833423803372,60.74863012903458],[-0.948155770150893,60.744273988688334],[-0.954756420454352,60.74577110336997],[-0.961965439225455,60.74321864789656],[-0.96059760987697,60.73928880837999],[-0.965783333717424,60.736293990067665],[-0.958358679342639,60.73214315092433],[-0.957724435833238,60.72987285174602],[-0.966289156634658,60.72860120534121],[-0.96488973258463,60.72571089427932],[-0.957821394510871,60.72648227015385],[-0.955050184954658,60.725160581988796],[-0.95685790365749,60.72085577004339],[-0.952247010158658,60.71795557079787],[-0.956058754653439,60.7152574669381],[-0.962064138960061,60.71600440029449],[-0.963948825199283,60.71894609612688],[-0.977429600827527,60.720387331036385],[-0.984563356869041,60.71969174902112],[-0.978480094340332,60.715874452527814],[-0.977051563241688,60.709784850030694],[-0.970875780106794,60.707228019819276],[-0.972097782960256,60.705966866127525],[-0.97130650759923,60.69608934668941],[-0.975660825812672,60.69462677353377],[-0.981480914614362,60.688493577354485],[-0.981343559331387,60.68356758300006],[-0.976604851240335,60.68306280495364],[-0.973552955647136,60.68507321606504],[-0.966144406467754,60.6843482767498],[-0.967890024726895,60.677745113764985],[-0.9634531901363,60.674828636380326],[-0.958294136333627,60.67644977163168],[-0.953311922253215,60.676271800506946],[-0.947775069343724,60.67401963074796],[-0.93777143076509,60.67377015588774],[-0.934975738973737,60.67612292919796],[-0.926920243637324,60.67980117110676],[-0.922962332315632,60.68638070840534],[-0.914731196392973,60.68977308579295],[-0.908631407346924,60.690150992999065],[-0.90491271030168,60.68878639428658],[-0.904962505286461,60.68311472796202],[-0.883629267284469,60.680633909444296],[-0.877936271678349,60.678041730575366],[-0.870306533393256,60.67715159888473],[-0.864640386262612,60.67878192411287],[-0.854147389708837,60.67455325745714],[-0.851865231875818,60.67737203840939],[-0.844633085688242,60.681555257437616],[-0.832728994533233,60.68369245621965],[-0.833794002832182,60.696462932009204],[-0.836243130186165,60.69736865251139],[-0.841643428729797,60.693276905250244],[-0.85023404996632,60.694988622337476],[-0.856332136375102,60.69852465914323],[-0.862283674123641,60.69727329429377],[-0.866891808077388,60.69905424478488],[-0.869207476036032,60.702229940425845],[-0.861422534653625,60.70661324560106],[-0.792042597611393,60.73978264528777],[-0.784329440638326,60.74650038630366],[-0.78690601277889,60.748225245342304],[-0.784196407794012,60.750503896224984],[-0.788662498396516,60.75224581593282],[-0.790942056087894,60.760666371755725],[-0.808722013572618,60.76646863749496],[-0.810859927836865,60.77020493003628],[-0.820116003959635,60.771610954656886],[-0.816134895676623,60.774772486706986],[-0.818581920506322,60.77937783484409],[-0.827770829395332,60.78426116732099],[-0.835464445760971,60.78598196441885],[-0.823966399958659,60.789443838452186],[-0.820917396018998,60.7871867486583],[-0.809044244926154,60.78402112883088],[-0.805056424157063,60.786895846315446],[-0.788094426756014,60.780453196905526],[-0.780811122659917,60.78001916164969],[-0.778374482238557,60.78686606655861],[-0.782143002518233,60.78993072304873],[-0.778134230073633,60.798482832964304],[-0.784778951274482,60.79963402810461],[-0.786766683819789,60.80489124435544],[-0.79814001024911,60.804964646304214],[-0.804011052535357,60.80986295346312],[-0.797403925319717,60.81331931160468],[-0.792812680870347,60.814176079794855],[-0.782787584184007,60.814094699712896],[-0.768987939395001,60.815796324019466],[-0.759713764932626,60.81558538448871],[-0.760852039782974,60.818954053570245],[-0.775401426899583,60.820726004130236],[-0.782191166349831,60.820356658500316],[-0.787142080407227,60.82581573415731],[-0.778319866064582,60.828335324649956],[-0.784502032858757,60.83165967991704],[-0.791965432085122,60.82958092268011],[-0.795233414896244,60.83022528625712],[-0.79743057836501,60.83416426310411],[-0.807453782438616,60.83011866379829],[-0.81267328382647,60.83305425028643],[-0.82013954245511,60.83315314847544],[-0.826678029713751,60.83136425487957],[-0.83266565546836,60.83467747590794],[-0.832837916024761,60.84049909477486],[-0.838730792467978,60.839082919508236],[-0.846314602199582,60.838614795548104],[-0.84761779298879,60.83312728888521],[-0.85283291412085,60.83178191268053],[-0.855942452780808,60.82402907542021],[-0.854777978269072,60.81982333340785],[-0.85978290098129,60.81697823365371],[-0.869318250305004,60.805227226578104],[-0.874244334786111,60.80499648738675],[-0.878441324249154,60.80800625358611],[-0.87298044167687,60.81167337917911],[-0.871004328717817,60.81673706158612],[-0.871049798995359,60.82149983609418],[-0.867873184435204,60.82881606533906],[-0.868098518865772,60.832692341991525],[-0.86564377175458,60.833499523617164],[-0.869014718404255,60.840707381047835],[-0.874999212113302,60.84569589485877],[-0.879120031883865,60.84462318116815],[-0.884678536744705,60.84563637034696],[-0.887776631725134,60.843537613768504],[-0.896188970993979,60.84194128490046],[-0.898826180749527,60.83940931228688],[-0.895766134798648,60.83216977115727],[-0.90135419875626,60.82739388095653],[-0.908395660996783,60.82610885556929],[-0.909645343764614,60.82424241746516],[-0.907374400301039,60.821005090733436],[-0.911953313017271,60.819906376083445],[-0.914044401141422,60.81625542336089],[-0.917890233349349,60.81533465555645],[-0.928824653337283,60.8171011929903],[-0.931600887609141,60.814339844060186],[-0.938209676373747,60.812951072858375],[-0.926006771262858,60.810394015012044],[-0.930894399865741,60.80493343805311],[-0.935946290321856,60.80277818363921],[-0.947721246626007,60.79983150333675],[-0.949973115890178,60.79447081261471],[-0.955211521619621,60.79129271903159],[-0.951718923684965,60.78911511741744],[-0.942784194483107,60.78655803979881],[-0.939327924055233,60.784155924546525],[-0.93448461621515,60.78344421855205],[-0.936412183451507,60.77958960843638],[-0.935352631703883,60.77527138413481],[-0.936999114943118,60.768687664294276],[-0.939490010962872,60.76646891682274],[-0.93988412411835,60.76231482729072]]],[[[-5.133393865008831,55.84264986853144],[-5.134323330206274,55.839610115110844],[-5.138593986867103,55.83581083715319],[-5.142470423134478,55.81932343098428],[-5.143551166677908,55.81194214549297],[-5.138678512804092,55.8051625865712],[-5.135607633637433,55.80232832355614],[-5.13257121576943,55.80523757415968],[-5.126829428196934,55.80407945017953],[-5.124747990607261,55.800256938695654],[-5.125868763791616,55.794949641575215],[-5.128849254167385,55.790989274673095],[-5.127707351228735,55.7856065242505],[-5.120659146222256,55.77231200165519],[-5.11600190620786,55.77059008058353],[-5.109926280884541,55.77549518421583],[-5.102856291513629,55.77814620637804],[-5.095042972901878,55.77626677529275],[-5.09411315138355,55.77168300103063],[-5.084474409047163,55.76716549160818],[-5.077673120251794,55.76655406979155],[-5.072090121049189,55.76116078968602],[-5.066189928996062,55.76063856807929],[-5.062235317226243,55.7562604597739],[-5.063239468465579,55.754531879792914],[-5.060976044679562,55.75026434697212],[-5.062815645441574,55.74780924736617],[-5.057069045355109,55.743785829034934],[-5.057872315009215,55.74116153483623],[-5.051677368519672,55.737131073201624],[-5.053965248911842,55.73305312300738],[-5.042237651538531,55.72824099907033],[-5.03809199716657,55.72437928313518],[-5.031369657107811,55.72168053401995],[-5.023468852979159,55.72319152187075],[-5.017110054722091,55.727373525799024],[-5.007504010997754,55.72690989164084],[-5.004187454228261,55.72951894203918],[-5.005652698637478,55.73912066590726],[-5.011161297590351,55.74511648385772],[-5.023969657906317,55.751273195229544],[-5.025106805146425,55.75467646731975],[-5.023705991994131,55.75863218082435],[-5.019115232429147,55.761647838375296],[-5.008882326347516,55.763004692884586],[-5.001692617647535,55.76631165081159],[-5.000214667566302,55.769610911510824],[-5.001886819832682,55.77691887090688],[-5.00870571942954,55.78314978340238],[-5.012196656580986,55.7897253747784],[-5.012806605312894,55.79555352880225],[-5.011912830074372,55.798421487171666],[-5.015568266561052,55.80181701203169],[-5.017307357279171,55.805623580882056],[-5.021465679706046,55.809786872811095],[-5.020717931808596,55.81364822630663],[-5.023378574386677,55.81752734660643],[-5.020801981577521,55.82654775466011],[-5.023855672425239,55.827106415652935],[-5.024533338450641,55.834925833403815],[-5.023454370139515,55.84059235791673],[-5.02440847715775,55.84349584161776],[-5.030402465916292,55.84562252063243],[-5.038908859728609,55.84431038577383],[-5.046704313179557,55.8415365223677],[-5.051898505907276,55.837996146848106],[-5.059014998431222,55.84008636891094],[-5.061480135461181,55.84240270901218],[-5.062430702736218,55.846584313772816],[-5.061341162644335,55.859786454417886],[-5.066449984097151,55.85962945659237],[-5.072472028629276,55.8613615016085],[-5.084867928237832,55.86071576570795],[-5.087282187956965,55.862576228922684],[-5.087800958232001,55.866452081826864],[-5.081107312227042,55.8703650546784],[-5.076141570708933,55.87196367491584],[-5.074090655931776,55.87595237592156],[-5.075943962722865,55.87956926048708],[-5.079437875263447,55.882592188344944],[-5.084122105069141,55.8820657701494],[-5.089966724874285,55.88386528850866],[-5.096166211780246,55.88820414717223],[-5.11329278541185,55.89263515923434],[-5.121050970776405,55.89740530036183],[-5.138876141725664,55.9064313162846],[-5.147817199091773,55.91377217346382],[-5.154853448483719,55.91664395240853],[-5.160673158170735,55.92264808274117],[-5.171436849420113,55.92174633150399],[-5.177804670611402,55.92499816600949],[-5.180590564047887,55.9242159917067],[-5.186407833377126,55.926618598288044],[-5.189731695274946,55.92089135898972],[-5.19619310659845,55.91770308961336],[-5.197895617849476,55.913595429629325],[-5.202806507590089,55.91351803269552],[-5.210947835546761,55.91038771290527],[-5.212565682264224,55.9066326295397],[-5.217568038777508,55.90461848928748],[-5.222148934606858,55.901388024992805],[-5.215400621034022,55.89912383937821],[-5.213526876076507,55.8959139412966],[-5.213841535902733,55.88618307411405],[-5.210418807936761,55.88270346674151],[-5.204851536501275,55.88094281925384],[-5.199262114682808,55.87414815921347],[-5.196639735988921,55.87259368658909],[-5.192227866431742,55.86725594402401],[-5.183437007119139,55.86435541402721],[-5.177008606319395,55.86012567278251],[-5.170909599187135,55.85276315726601],[-5.16702913962308,55.8504449413933],[-5.160327517842223,55.84862259539755],[-5.156739256223382,55.84652488908863],[-5.153266025801601,55.84665000392852],[-5.148440100444627,55.849291754905636],[-5.141463736620101,55.84848587683288],[-5.136590759064547,55.846335022798854],[-5.133393865008831,55.84264986853144]]],[[[-6.32969544730225,57.061031739314615],[-6.337837690550338,57.059570478596385],[-6.349883535826219,57.052564135549595],[-6.354403845998727,57.05191662355417],[-6.359752211421848,57.05340306027701],[-6.370185239533426,57.053353589242604],[-6.379644862801151,57.04862008980782],[-6.389676667167528,57.045466642517425],[-6.399101344203937,57.041380365065685],[-6.403793236102419,57.038259738573764],[-6.40578121421297,57.03371158626176],[-6.408616582333273,57.03084595482008],[-6.420426096750939,57.02571142260829],[-6.422838687484653,57.025958833716665],[-6.433117724419711,57.02212284974917],[-6.437286404269202,57.019330588122635],[-6.439336038112798,57.01460778421612],[-6.445951138273444,57.010500533025265],[-6.452273833235936,57.01057215715221],[-6.460144181545926,57.00856450044514],[-6.44795150899682,57.000181311392765],[-6.440209761925364,56.997622698521965],[-6.437878269088397,56.995070272838724],[-6.430203713422713,56.99384971647536],[-6.420909225339649,56.99032060754913],[-6.419371898419601,56.98840531524085],[-6.412413423747368,56.98564735651896],[-6.407701992829291,56.98231056487297],[-6.400347327691896,56.97931862129937],[-6.392896026937033,56.97444993244225],[-6.382398977410775,56.97432864193179],[-6.37743308227269,56.97257365118981],[-6.379067104193389,56.970573670606015],[-6.373589269168172,56.966205788955676],[-6.370380699296838,56.96145247493919],[-6.371014577374147,56.95843532528676],[-6.369466216233392,56.95196898673865],[-6.361030645559242,56.950982387586706],[-6.359402171345503,56.94902016547968],[-6.354460806135831,56.94940850981356],[-6.351061400217858,56.94700430888056],[-6.343470520063141,56.94696741048393],[-6.339756077612202,56.941565484605356],[-6.334272849078996,56.942097792654906],[-6.329430081343301,56.93553412037053],[-6.317056993575999,56.934667679142535],[-6.302006657196221,56.93711203236975],[-6.293915649217389,56.941284862015266],[-6.289621956373622,56.94465217246849],[-6.287976964998331,56.9504510241788],[-6.28608344028358,56.95194601593124],[-6.278991018475926,56.953102175503574],[-6.266223176679701,56.95687572898824],[-6.259889272502026,56.96201586650835],[-6.260148913397005,56.96486238623948],[-6.257094081715682,56.967592622450994],[-6.250002557065043,56.97117068882748],[-6.249587862890507,56.98038036546578],[-6.250594479481654,56.98321044834496],[-6.248711410705676,56.99290623962901],[-6.24334176706448,56.99566529904573],[-6.238409416380368,57.002631556172034],[-6.238720749663713,57.00623174260982],[-6.242620763972326,57.008995170828335],[-6.25370374392307,57.009050030142994],[-6.260894872829076,57.01059916205845],[-6.269500830395517,57.01016510186057],[-6.273407281547112,57.01109546567091],[-6.273353863724297,57.01622527036208],[-6.259848542366209,57.016790706525754],[-6.246965355827824,57.02004856988271],[-6.251972603224515,57.03016651785153],[-6.254531979245671,57.03321805329493],[-6.267171008181953,57.03964908579518],[-6.272160796080968,57.04086363264649],[-6.282442793602848,57.04003968380255],[-6.291814961928843,57.04398114667615],[-6.294139577167322,57.04903206690937],[-6.300733469078681,57.04833326441055],[-6.306820016698271,57.050304659408205],[-6.310654127838237,57.05589688683188],[-6.314736885031789,57.054600400780174],[-6.324007955597058,57.05661844842179],[-6.32969544730225,57.061031739314615]]],[[[-7.411946240149374,57.4490013477665],[-7.408243024421131,57.445694144577324],[-7.397632093789891,57.441978184899156],[-7.393911358556393,57.43345080309197],[-7.394798636695011,57.426609142843915],[-7.399711136659768,57.42622081519055],[-7.395032814297426,57.422001275249556],[-7.390456092335818,57.421382391658845],[-7.385742575007202,57.42291376151136],[-7.382457841641592,57.42030613101297],[-7.377280175503655,57.4193516514526],[-7.368427153064933,57.42116027006944],[-7.362332722137509,57.41925264092436],[-7.359807418347882,57.41664624907151],[-7.354705822926009,57.41610068558188],[-7.34885517528161,57.417410936660154],[-7.343025927677893,57.415651291686046],[-7.333731587574428,57.40886952088526],[-7.323951491312687,57.40571357509936],[-7.315823227752234,57.39997268681241],[-7.307810142270925,57.398905035972405],[-7.303079943891147,57.396320583368045],[-7.295923778604383,57.39740004876311],[-7.286237627637108,57.39564570618994],[-7.284437667805652,57.397494224207165],[-7.27077324496442,57.3999626670108],[-7.269860800200534,57.3978511545175],[-7.2604669156492,57.396381329258446],[-7.266212786542824,57.40337100426408],[-7.269622766547263,57.404649788713485],[-7.268073851620853,57.40703463087533],[-7.2744918674469,57.40897089852151],[-7.279902286135009,57.40890018212283],[-7.287233454951108,57.411194282738684],[-7.294119804218917,57.411905820858664],[-7.293956029443001,57.41359731281922],[-7.284361064734778,57.41140693656177],[-7.279146127222804,57.40949528744355],[-7.271215815932635,57.40986430873144],[-7.264931437660838,57.40737335002103],[-7.258643158816749,57.406473225776374],[-7.252296996851624,57.40426141200321],[-7.239963461652343,57.40119779238784],[-7.23913353717422,57.40005810073069],[-7.227870477142644,57.399861504076775],[-7.231870256718038,57.40248000272823],[-7.235375795410282,57.408281969832345],[-7.231946765150036,57.4110029005933],[-7.223686433860285,57.40873709277677],[-7.217634725139583,57.408507173758196],[-7.199625845657938,57.412479740647534],[-7.208901904161524,57.41515043022637],[-7.202719382752174,57.41793512873373],[-7.204874072029075,57.422529523817374],[-7.19998996883456,57.424954321781655],[-7.201923310750544,57.428050707775704],[-7.212384755631843,57.43379910620559],[-7.214172894548418,57.43639295432838],[-7.218861030495193,57.438551454335034],[-7.229652970098768,57.438579787613996],[-7.230673532438787,57.43667463120375],[-7.239371003174914,57.43664529213519],[-7.242275417939317,57.43793245062724],[-7.249608218292607,57.436996473579164],[-7.243298076639447,57.433138550192254],[-7.251063781167764,57.43231937917546],[-7.257864970444288,57.433902223385864],[-7.25950088774143,57.43669084525852],[-7.2668647833201,57.43834867215663],[-7.263119880648561,57.44079122301315],[-7.263212502884453,57.44554764833302],[-7.268115682799866,57.446737042509916],[-7.265190423696498,57.45029710988685],[-7.260950170749568,57.44832396084141],[-7.25998429736716,57.4435860914485],[-7.251427343539908,57.44094735171825],[-7.249550240861274,57.44431835552238],[-7.250515532578535,57.44778389375388],[-7.244789668946867,57.44748752057021],[-7.251343984794159,57.45215410620244],[-7.248582955808241,57.45280483066078],[-7.242445839369481,57.44685641170461],[-7.232226085304973,57.44483913214299],[-7.225616401944485,57.44465967019498],[-7.21995471511789,57.44638415596223],[-7.221341083354881,57.450596328191814],[-7.227179425284651,57.45202740548691],[-7.235707953783815,57.450502689451525],[-7.240688898734913,57.451770890871344],[-7.236311538897272,57.45424791828895],[-7.237688653309804,57.457564990715085],[-7.235735755844884,57.46129520536335],[-7.230977001368511,57.46111984371332],[-7.230001098562616,57.45885234830674],[-7.220854754258629,57.456537465790205],[-7.217196678148184,57.4579265933215],[-7.212093136288637,57.45457043040358],[-7.206373403421532,57.45801082061803],[-7.206539543795193,57.460698925052725],[-7.214341652768181,57.46558562843272],[-7.222318155870361,57.46911939671695],[-7.231919475098239,57.471136365218015],[-7.235957311254189,57.46953665368438],[-7.242401495194349,57.47600981927517],[-7.254153789408742,57.476654980908066],[-7.255886863409512,57.466800230980425],[-7.261381985744817,57.46746667467485],[-7.263403525361052,57.47170050271983],[-7.257440777972824,57.471839254937166],[-7.25868784146302,57.475580011952374],[-7.257553420932128,57.47920797924453],[-7.263202931684422,57.47883490267728],[-7.279365690418834,57.48513959784608],[-7.28018205600825,57.487143545783745],[-7.292901787863873,57.48828636104454],[-7.299584378872119,57.485975760459745],[-7.306729681964736,57.485209247151296],[-7.319963938711973,57.48894988037984],[-7.325266344351208,57.48909892608746],[-7.33314648346138,57.492076677894154],[-7.335612500565204,57.4968811123402],[-7.338225826260084,57.49737766595465],[-7.35964503771844,57.49418541619611],[-7.380189290241362,57.48955993729375],[-7.375166552814663,57.481445798854665],[-7.3812562955819,57.477693536854275],[-7.382208771465499,57.47495383637822],[-7.391100008488854,57.47452877975998],[-7.402688464911924,57.47492405796494],[-7.412003440496782,57.46887528404667],[-7.409206380246743,57.46668187760103],[-7.414358987662812,57.46252815123918],[-7.404798786604075,57.46192171898722],[-7.402332303537358,57.459427787764795],[-7.40515154116604,57.456702133713534],[-7.409668498601909,57.456659906477725],[-7.41293181624832,57.452914202211446],[-7.411946240149374,57.4490013477665]]],[[[-6.950174991643429,56.45712017904503],[-6.942782193753847,56.455289527008084],[-6.93883427023867,56.44962245619516],[-6.938408175770761,56.4468459356729],[-6.935072862793669,56.44418090029135],[-6.930728893594756,56.44312589220044],[-6.91416262826599,56.44150379379838],[-6.909675213725924,56.44039977857347],[-6.903392710994893,56.44306436570001],[-6.894768202033466,56.44413705477068],[-6.888610223009154,56.44740233633982],[-6.893551556817406,56.450993866534425],[-6.893067463573269,56.455129007444334],[-6.888969910950586,56.45910366469767],[-6.892463074930085,56.46344967616517],[-6.894755850887686,56.47263204020404],[-6.887652828179876,56.47763130653309],[-6.881418593700184,56.47915015383998],[-6.876905352726172,56.48606462726179],[-6.867722605304305,56.48920300553628],[-6.857942766900619,56.49082836507812],[-6.851770369105934,56.4903144993958],[-6.84792298099192,56.48833292396039],[-6.840483664631946,56.489621492113216],[-6.829729752501802,56.48842180264339],[-6.8209356129806,56.49004537806628],[-6.819301381154276,56.487563896363035],[-6.811295321535352,56.48760786906495],[-6.812287880361652,56.49048321566787],[-6.807218938394583,56.49171365832531],[-6.806357433047477,56.498528455674446],[-6.802653867137781,56.49944032362662],[-6.794489223934082,56.50620945378371],[-6.795871373823386,56.50859484955962],[-6.805323468537521,56.5113090700945],[-6.808453004639349,56.5135825192203],[-6.805705929486047,56.51905534265791],[-6.800164933044247,56.52195990810725],[-6.787101754195462,56.52481393350959],[-6.779483472672259,56.52569710930775],[-6.773819183208929,56.52461359995625],[-6.770284224527089,56.5226391827444],[-6.767690009957281,56.51761121933498],[-6.770377619968804,56.514530124879784],[-6.76249805628521,56.51106829044707],[-6.760392230950241,56.51237264392378],[-6.762531122352406,56.51553803922216],[-6.753875941345914,56.51367076990199],[-6.759683035061892,56.51980808908632],[-6.761494932526332,56.52315249590211],[-6.753713298564583,56.52543204056455],[-6.749250508026331,56.524252787672694],[-6.74380641187852,56.526371954992605],[-6.741375293623343,56.52443997750375],[-6.737099168628039,56.52560738109961],[-6.730558312453139,56.524413298447904],[-6.725676920752048,56.52638062962378],[-6.723109638856119,56.529352613173316],[-6.722946909112921,56.53620461411794],[-6.725358315606397,56.54189256392601],[-6.728130176243229,56.54446318575563],[-6.736309553570116,56.54270364399424],[-6.741622122411783,56.544047941001736],[-6.74623448132417,56.549387833993855],[-6.750103092884653,56.5522191992238],[-6.74984821081161,56.55505369511071],[-6.754554241274723,56.55724383814577],[-6.767150273955931,56.550809492149575],[-6.765395145004168,56.548694499098715],[-6.772934060542939,56.54817610224091],[-6.778310740208612,56.54496886259612],[-6.778231483579725,56.53947978198021],[-6.783011109664498,56.53751338113988],[-6.786268296087839,56.54125245701941],[-6.791151160510221,56.54342089834853],[-6.790424571611263,56.53813222227438],[-6.797374512366185,56.53624871265883],[-6.807352865469182,56.54379245354778],[-6.81391417381913,56.54269227064279],[-6.818837455626795,56.54337368289336],[-6.828650079060264,56.541084758585725],[-6.837664738220107,56.53797599955288],[-6.848122214394889,56.53317731433074],[-6.858678858722954,56.532215293466315],[-6.861256540581985,56.528897988766985],[-6.860408372051607,56.52689442493055],[-6.868973917675531,56.52124941839187],[-6.877495410969638,56.51923654514046],[-6.884075821058943,56.519353514210614],[-6.889013763524799,56.52827879517083],[-6.897000681501153,56.52650790358728],[-6.902987981595514,56.52927434236086],[-6.907875361153561,56.52936434875111],[-6.915506088555206,56.53190049201679],[-6.9176130363694,56.52850612976905],[-6.924670916246996,56.52757368552633],[-6.934612778793008,56.53007351674854],[-6.951360047278295,56.52931307145364],[-6.954818615145173,56.52688065590721],[-6.954524860844136,56.523504142009415],[-6.95711638003124,56.52195111667153],[-6.964923893857995,56.5220092989048],[-6.971863046066465,56.52025112133469],[-6.972261731492235,56.517585487164894],[-6.980275966624313,56.51639996977819],[-6.979439580869102,56.51245233653456],[-6.982011081233295,56.50886707478454],[-6.986878908380536,56.50629148202444],[-6.996873478966802,56.50718893728407],[-6.999404561120382,56.50331244239109],[-7.005143504966362,56.50358909187717],[-7.006469306269707,56.50020198871228],[-6.993210952219638,56.50310333870957],[-6.987866026356317,56.503161173272574],[-6.98829059307301,56.50002201317893],[-6.984267279238415,56.50004447753993],[-6.980470429032899,56.49393054412896],[-6.987042846584701,56.48967582018181],[-6.981467124319947,56.48957176081236],[-6.975531291452009,56.48777693397836],[-6.978431492309657,56.485775475649525],[-6.97938125292747,56.48235881380935],[-6.976807068949444,56.481081187399575],[-6.980503362546371,56.47858431489503],[-6.980064737269326,56.473325031028864],[-6.97308966900131,56.467860553947546],[-6.974404035976817,56.46449677466967],[-6.981598927642701,56.45956944578648],[-6.980094798082854,56.45163599308179],[-6.970114855872165,56.45203701945438],[-6.967565215164394,56.45583262791412],[-6.963411534515341,56.45755568434676],[-6.957229812211835,56.45787529556596],[-6.950174991643429,56.45712017904503]]],[[[-6.620390915505054,56.62222189073771],[-6.624275472909368,56.61990043479384],[-6.632335313742184,56.6202296788544],[-6.636461729083618,56.61888828396145],[-6.63912504861491,56.615402063452265],[-6.640897823413546,56.610248944590985],[-6.642877950211762,56.609504756048594],[-6.647361473913058,56.6016684233226],[-6.659326683989596,56.600369815308625],[-6.657182174952389,56.59818793449943],[-6.657050808700114,56.59447773320727],[-6.661551280540304,56.59295946803538],[-6.670069361561003,56.592157996105435],[-6.67534085510285,56.592989524019096],[-6.675099422353825,56.595913173541966],[-6.679933632225758,56.59544763417959],[-6.6838500668243,56.59343332075701],[-6.68647154830363,56.589263853463855],[-6.689484522608637,56.58851584913382],[-6.696098573566142,56.58276940237713],[-6.704164102841371,56.58758695646689],[-6.705175837958609,56.58235808592872],[-6.710904457163137,56.578884286816155],[-6.710242801443365,56.57514469425573],[-6.702440533896049,56.574262190618356],[-6.700837965233154,56.570549210702715],[-6.698236023417327,56.5691499785306],[-6.696508778742422,56.56311629019947],[-6.68977264802628,56.56108621562991],[-6.685969235693247,56.56470675131461],[-6.681725687636601,56.564844471522576],[-6.681964169997012,56.568744068357866],[-6.679198112590131,56.57094889196941],[-6.679640965736733,56.57794876484601],[-6.674888680762799,56.57886102905866],[-6.671742865820971,56.58202449926775],[-6.660860953680231,56.582937420214336],[-6.654584250367685,56.582664747784996],[-6.646102230733342,56.58003208020495],[-6.645712598941169,56.577127649243174],[-6.648511741993258,56.57583542269295],[-6.647994841988676,56.571896798971586],[-6.636233726249427,56.57279557555675],[-6.634326369764243,56.576751016910535],[-6.631060255264337,56.577668141135184],[-6.630633792735177,56.58259460683243],[-6.628209438568657,56.58790053640479],[-6.619716346118009,56.58538433213036],[-6.620588894211237,56.57792175790626],[-6.610764350098047,56.57487352076883],[-6.60848002258316,56.580665843167644],[-6.588861569251353,56.585341791178244],[-6.582840146886925,56.58858217862374],[-6.574387645303633,56.58625309405479],[-6.566408726991669,56.58651278520826],[-6.56592856261852,56.59020222528356],[-6.554377245607138,56.59284574225638],[-6.546660951889138,56.596600717089736],[-6.54598607792907,56.59993557076054],[-6.541388610518278,56.602114234796225],[-6.538226966824673,56.605117231237415],[-6.531075535506404,56.60579674571041],[-6.531714953999464,56.60922292933253],[-6.52718742528201,56.60934765136504],[-6.526536282638856,56.60350676928706],[-6.519935042267725,56.608033341009666],[-6.520495461123747,56.61108015995621],[-6.523466597401503,56.612734915056414],[-6.522424618398457,56.61813108144527],[-6.523515311239438,56.6221686915749],[-6.51448681692191,56.62037452947747],[-6.505983676243019,56.61642711199577],[-6.497555263267915,56.62314322847374],[-6.496832682261611,56.6265963691725],[-6.493222109983352,56.626902463227715],[-6.486871434551556,56.63504285106805],[-6.486130468284225,56.637938881862254],[-6.479991609508394,56.642185508701004],[-6.480046614113402,56.64354169358375],[-6.469811943858226,56.651537689737395],[-6.466673720997344,56.654749142636554],[-6.465989687624218,56.65883021695527],[-6.462634007852092,56.66338502949068],[-6.457120896107968,56.667729317601506],[-6.454711808676152,56.67360357249841],[-6.452525059785705,56.67583608366504],[-6.454129814312738,56.67980355110035],[-6.450755763550706,56.68118812255185],[-6.450974803815704,56.68532217072949],[-6.453636917035934,56.68820844960256],[-6.458617047081855,56.688443667711006],[-6.460961002635952,56.69050024204321],[-6.471936362321129,56.69194077946481],[-6.480024642431017,56.68827662292724],[-6.486396367653106,56.687911908067726],[-6.494328191516292,56.69055312523798],[-6.497221932435579,56.68652233595901],[-6.503834433844907,56.685851186114256],[-6.50457366334691,56.68294611991173],[-6.513687461288701,56.67990359751259],[-6.516033390944489,56.68141044267826],[-6.520594480613044,56.677273453176156],[-6.526620935793076,56.67840329298689],[-6.528816389122342,56.67553042756943],[-6.533389048344572,56.675781951001376],[-6.534034948477498,56.672596715852315],[-6.544443667457979,56.668002369820584],[-6.547354071380208,56.66606092610734],[-6.550412418096333,56.661357055193584],[-6.556030125124333,56.66209112035623],[-6.559455488233506,56.660229426002935],[-6.564720808937595,56.66048130825002],[-6.571468984161404,56.65585708944624],[-6.571052745050519,56.6514828496076],[-6.574850532603703,56.65028161172502],[-6.580345817040069,56.651428333988136],[-6.586178474742748,56.65004374533092],[-6.584713227190009,56.64609233977639],[-6.594548877777694,56.645181964104445],[-6.599311289704199,56.63926498990959],[-6.610654943214699,56.638689659801564],[-6.616795132628027,56.63337476723204],[-6.617974702669593,56.63107761053082],[-6.615794852660525,56.626467655259404],[-6.620390915505054,56.62222189073771]]],[[[-2.572129998345444,59.26581890627337],[-2.563662666212925,59.268775362274866],[-2.559804384734099,59.27332794358308],[-2.551386527658684,59.27486000732508],[-2.548049540927189,59.27694585322333],[-2.553561476467854,59.27859462671949],[-2.551838854326982,59.281012238985284],[-2.554609388894464,59.286696605448384],[-2.551143393785283,59.289655046345985],[-2.544798185073424,59.29099288302725],[-2.541864177407468,59.290285823982316],[-2.534546576207102,59.291773583858166],[-2.533283749679585,59.295989576884764],[-2.525739668545655,59.298489832701065],[-2.522949487939828,59.30567353903177],[-2.525689488814878,59.307176554877564],[-2.533533173315637,59.30350137522062],[-2.543091891652817,59.303204999866075],[-2.548932712081598,59.30507082533956],[-2.550897075238889,59.30795325181496],[-2.556418080345071,59.30651179359284],[-2.56002423431987,59.307725719330264],[-2.557861467750939,59.314426155981586],[-2.560708585876836,59.31461777672271],[-2.564547648122693,59.32112530204241],[-2.568232873256891,59.318969292282205],[-2.563542273072247,59.31770820272065],[-2.560545589539773,59.31357408089433],[-2.561302630343855,59.30505398659285],[-2.566801625040904,59.298655092181406],[-2.570980361471359,59.29844105833361],[-2.575314657614906,59.29548723514098],[-2.582563855614173,59.29354668570295],[-2.585697107193103,59.29495239994146],[-2.594723447011424,59.2953955069818],[-2.602703838725458,59.29356813251955],[-2.602787788662355,59.29037705230612],[-2.608095564306184,59.289660880348485],[-2.613316959401585,59.29527150648902],[-2.613472488692611,59.299518445152586],[-2.617250634165744,59.30259248861844],[-2.615335112570635,59.30552283459149],[-2.618998986304609,59.30941367403574],[-2.623790183459075,59.304325937801934],[-2.615192649239949,59.29521146719507],[-2.616716737154887,59.292799334736756],[-2.614790292757649,59.28829046690087],[-2.616188628488517,59.28262896353544],[-2.599540568313348,59.27553601654617],[-2.594103899294116,59.270454784382636],[-2.594181613514888,59.26867364396184],[-2.600167008047539,59.2668725681438],[-2.60529056167415,59.26951776058426],[-2.612036611359957,59.26838610947354],[-2.613073334908768,59.26584879163134],[-2.607954463135936,59.262485459285536],[-2.601999072973447,59.2611517496238],[-2.610393591008491,59.258925028387345],[-2.61298174102151,59.25704944661203],[-2.620843021698197,59.257894023360485],[-2.626501183608188,59.255735860623155],[-2.636228547047154,59.24982178200774],[-2.640892229783474,59.245895114090764],[-2.645483153217053,59.24642648828873],[-2.65209322377997,59.24178654866107],[-2.656900138951484,59.241902438621395],[-2.660433616702088,59.239527168367935],[-2.659167304989419,59.23676133212739],[-2.662285182680063,59.23522150064629],[-2.66498387005336,59.22881993959556],[-2.668702812704834,59.226799125211336],[-2.680370245297874,59.22750462512648],[-2.683952191902704,59.22429599175737],[-2.682422186744463,59.22015240318917],[-2.69242103860834,59.22255477347348],[-2.696126125739736,59.22220181664222],[-2.69759026161574,59.21686590493451],[-2.701231250178838,59.21171939800785],[-2.702274168422693,59.20784410127212],[-2.701555493701666,59.19945126721346],[-2.702547186409849,59.19667723347168],[-2.696241909268376,59.191879700101055],[-2.697395624138979,59.188972822745235],[-2.695173477768317,59.18461035370869],[-2.688420723341214,59.184194607460014],[-2.68566112013103,59.18856383231378],[-2.689012632931747,59.19446779833812],[-2.681348502720722,59.19628274813426],[-2.679090649340922,59.19559589012924],[-2.677490045599535,59.19123616981704],[-2.672748913143297,59.19116830342951],[-2.673683988187137,59.195008872689705],[-2.670567748590014,59.199807954715745],[-2.671866391100451,59.20219182884678],[-2.667168950072558,59.20757641640873],[-2.661756813658405,59.21040955106436],[-2.651880846559628,59.20918782713078],[-2.654549150566797,59.2126327623644],[-2.647928585875558,59.2176967814806],[-2.642428214698268,59.220112029797704],[-2.641526293295085,59.22721278447309],[-2.637306530863042,59.23459928076483],[-2.626123448331212,59.23678379241718],[-2.613973409859764,59.23664059284714],[-2.605623790446964,59.233075947844135],[-2.608580702490185,59.23015879725889],[-2.606113811604841,59.22790727645301],[-2.59899867113525,59.22912925627248],[-2.596196852497962,59.234647076102426],[-2.589534053695982,59.23567697380103],[-2.583621154553288,59.234257828183786],[-2.580097386276611,59.22913238247159],[-2.583302050635016,59.22532834701377],[-2.575252063509677,59.221727213485345],[-2.573014604917117,59.219515374650506],[-2.568017540537997,59.220712841988465],[-2.565551001572103,59.228326321500035],[-2.567876863262423,59.233739370994485],[-2.563628351036739,59.23636036106565],[-2.554131294479627,59.23745818897322],[-2.547945182569295,59.23707043790921],[-2.5436693161964,59.23358790274277],[-2.534640917263111,59.233495165905765],[-2.533682651354008,59.23564448722382],[-2.527494471268102,59.234521194933656],[-2.516716896612726,59.22633233833682],[-2.511615482577843,59.22485823012646],[-2.508650780001667,59.22190011393729],[-2.504822117782695,59.22267209408152],[-2.503009993958774,59.22797567087844],[-2.506319979946898,59.23247087943958],[-2.512653960759437,59.23194043834119],[-2.516455659547598,59.233960294313015],[-2.517867592880821,59.23750096696887],[-2.516418169906099,59.24120659471867],[-2.505347524641075,59.25033811337855],[-2.499544128687784,59.258239793450485],[-2.493256076962096,59.259507574417384],[-2.486372709203701,59.26603786567855],[-2.483454089921384,59.27260428331155],[-2.478825128713169,59.27629789970026],[-2.472437345166096,59.2786390545976],[-2.464080175392804,59.28037180415433],[-2.457582743309787,59.2797797112933],[-2.447750333779943,59.28217304785653],[-2.434713119407512,59.28247145628261],[-2.42776617211592,59.28073261511552],[-2.42712740142274,59.27625812393451],[-2.42416225554895,59.27345795725612],[-2.415545649794294,59.27587990743694],[-2.411333542554324,59.275796330025344],[-2.405972611163777,59.2783967769174],[-2.403185076439814,59.276091284793715],[-2.398503950763721,59.27521220933924],[-2.394979427809166,59.276611298256846],[-2.384146010357961,59.27550960135856],[-2.374203313817828,59.27588616059293],[-2.373106519260246,59.279392451303856],[-2.377030362279744,59.28241100053466],[-2.390719410645654,59.27954091697816],[-2.408887141601502,59.28335363646676],[-2.410702476922898,59.28617035343644],[-2.415210530828663,59.28753177494273],[-2.41610523345453,59.29036392694868],[-2.412293384171648,59.29289319717212],[-2.413967130945502,59.29699446993195],[-2.42141247885284,59.30176231357077],[-2.418476372921748,59.30346274838084],[-2.415416723521198,59.31189138258748],[-2.424402021281694,59.3137930750402],[-2.438577584425712,59.310115380684316],[-2.440084294523126,59.30683794547947],[-2.450905656515708,59.30481625903776],[-2.448000738312272,59.300127913684555],[-2.448892797750069,59.29281592654336],[-2.452571011024858,59.29047372955038],[-2.46262864852477,59.288616252314114],[-2.476506197760977,59.29214559449972],[-2.485910374043645,59.29264689228593],[-2.48898760404031,59.291659214090686],[-2.494439719243492,59.28330142385345],[-2.505627107068359,59.27828337217656],[-2.512034218210647,59.277732951183495],[-2.517060828844605,59.27375818068579],[-2.527601464937961,59.274404615727356],[-2.527673708812159,59.27215927196158],[-2.531918164411384,59.26791948038143],[-2.541039131322402,59.26708439933561],[-2.550727213665108,59.271303042978644],[-2.555588470549178,59.27150776913138],[-2.55953820742118,59.26865757264136],[-2.572129998345444,59.26581890627337]]],[[[-6.07435511773542,57.34731904817985],[-6.069558409395531,57.344320917316104],[-6.071012585403798,57.3401994041666],[-6.067921438609694,57.33640409123172],[-6.068104550520627,57.333838065058316],[-6.06494596115053,57.33172462695078],[-6.054085286309376,57.32944630484878],[-6.051083747000938,57.32815835018047],[-6.043369533149605,57.32891047724169],[-6.02958073163096,57.332305695826285],[-6.020980922372356,57.33272515352567],[-6.01549596032224,57.33964821890897],[-6.010471677857688,57.34401516399682],[-5.997230310148248,57.35178354724472],[-5.994641228257898,57.35405541298913],[-5.991654023803918,57.360165919359694],[-5.992067867546931,57.36863662503475],[-5.995141029224407,57.371335462932294],[-6.001561923268544,57.37137849498355],[-6.00302078970588,57.3746051071315],[-6.008359297039946,57.377609147136205],[-6.01351076542094,57.38330755228687],[-6.018262347050353,57.38997613559124],[-6.017250138626522,57.39733324850382],[-6.018727759867447,57.40029740704905],[-6.019561243681673,57.411236325097754],[-6.023339745130139,57.42060642201659],[-6.030940787679213,57.42818602894492],[-6.031546400004569,57.43383600614653],[-6.026973565879905,57.43796133548084],[-6.025220935107988,57.44158267715055],[-6.021525767597746,57.4438453684058],[-6.014198779514253,57.44538850077948],[-6.004622790849997,57.45092138189139],[-5.999190399363235,57.45829197342222],[-5.995588675605301,57.45983602771968],[-5.994425717922861,57.46369889727515],[-5.98985432881753,57.46897810683869],[-5.989569587912489,57.47240846585503],[-5.982691682496186,57.47962087134432],[-5.984298296344002,57.48429609020478],[-5.978939926320166,57.49303911154001],[-5.984172331519059,57.496380443604096],[-5.983344070984074,57.499090663184546],[-5.99214484923619,57.50656289435011],[-5.994541512902859,57.51086140046043],[-6.001397714950361,57.515944461232735],[-6.006196111604414,57.51619661595283],[-6.014220054314067,57.51417433769893],[-6.005988991935123,57.512332233566724],[-6.00634450423019,57.510320253827835],[-5.998171314864334,57.50594465238389],[-5.994209067934119,57.502024066363276],[-5.994300510713356,57.49812773856184],[-5.998021255091669,57.495500976876485],[-5.992600891951046,57.493658779472845],[-5.999429484139132,57.490214050820356],[-6.004138936479088,57.49075227320589],[-6.011489583908178,57.48979451176226],[-6.016089669734315,57.485237406129905],[-6.016295807149076,57.48141829189591],[-6.020413347860273,57.480909248356646],[-6.017557574502787,57.48818486838135],[-6.018337558751191,57.49110031820548],[-6.024160854831576,57.49719523703714],[-6.026111294178991,57.49405768058285],[-6.033158728692253,57.49246994109848],[-6.034101365305983,57.48966574934537],[-6.031854301049139,57.48239581316783],[-6.033490192113184,57.47884108098482],[-6.027876982983926,57.478045123399035],[-6.02583174682387,57.47493638977994],[-6.021001443134145,57.47631811178504],[-6.019195349151407,57.472873447906586],[-6.028893514596582,57.47015819145216],[-6.026762569318805,57.46800986179198],[-6.02116382544849,57.46793522599657],[-6.013577465583309,57.46594463773603],[-6.01306939811982,57.46215282022704],[-6.022380399669998,57.45609189320141],[-6.025924480352024,57.455173818923825],[-6.032334091590086,57.45989619370728],[-6.041315673836885,57.45843473008974],[-6.047913224593465,57.4612890239913],[-6.055626477455958,57.46200742011701],[-6.057361716163999,57.45915048804727],[-6.063889982921975,57.455815168722275],[-6.065312581003973,57.449704077484824],[-6.071165917201749,57.44774344427654],[-6.076618076133149,57.43942010190811],[-6.080848377089567,57.43436428492705],[-6.083029146932297,57.42281145822219],[-6.085319384540853,57.421243509489294],[-6.085097640761019,57.4150731073464],[-6.080388887731517,57.40613401351748],[-6.083404331080484,57.402052623593],[-6.080234723719467,57.396028257506956],[-6.077080229278145,57.392825066554586],[-6.076322463072154,57.38912597289849],[-6.078121394975354,57.384294564575136],[-6.074754938918494,57.38216915446439],[-6.074716229187257,57.37942327156699],[-6.07737402157599,57.37369443496708],[-6.082050229264699,57.371499605171856],[-6.083263963638519,57.36644786531867],[-6.081471368604984,57.36255577036985],[-6.082033661096427,57.35589667794943],[-6.087924199214169,57.352662168304505],[-6.08204623914235,57.34989029209015],[-6.077378060815533,57.35027566840541],[-6.07435511773542,57.34731904817985]]],[[[-7.483425127880634,57.01517137982929],[-7.490051240908937,57.01474595220364],[-7.493215499495076,57.01574881246435],[-7.500745694531505,57.01326524850315],[-7.515722990504576,57.01532311691058],[-7.519268458846576,57.01376775490661],[-7.52673525011958,57.0139314152883],[-7.526886201554668,57.01095467791795],[-7.513691690035199,57.00968703126644],[-7.514238237039032,57.00803476858469],[-7.507301660056751,57.005163179152646],[-7.511913069721811,57.00081323937395],[-7.518506552679527,57.00143350583924],[-7.519850502771087,56.999300430775435],[-7.510595786801203,56.99421047783974],[-7.51020574424231,56.992024490154016],[-7.513892128242393,56.988864591607445],[-7.527918095729594,56.987846046369356],[-7.524350185556311,56.9827525187105],[-7.516115407434184,56.98221423846141],[-7.519917206980129,56.97743168975343],[-7.520688039477192,56.97463003193022],[-7.525510920204739,56.97248142510819],[-7.531515418877344,56.97451480214451],[-7.536600366325088,56.97324514587969],[-7.550088034031909,56.97155480681706],[-7.557747601002681,56.96725083687065],[-7.554777470551688,56.961429451238345],[-7.563226218807744,56.95644909157267],[-7.561266453293119,56.95413792394653],[-7.554502053914599,56.95114084873705],[-7.551835941966734,56.95159711313752],[-7.541477982844519,56.950284878761195],[-7.539018834723837,56.948479811838034],[-7.526014766144256,56.94708316034942],[-7.523168796593357,56.94815878966043],[-7.515495132126943,56.94738699248146],[-7.511162472118626,56.94548606913031],[-7.50399827990326,56.94642805147203],[-7.501689791868881,56.95019744565827],[-7.505494005744186,56.952356039258476],[-7.506231484298008,56.9554266924576],[-7.502688754995663,56.95711218875606],[-7.500600978714984,56.953417991534465],[-7.496919997968178,56.95096580440823],[-7.491741978844404,56.955410430729486],[-7.482332865783576,56.95277885307972],[-7.484996198073794,56.95128115286165],[-7.486665181428619,56.94542889376682],[-7.479331429863088,56.94625087249202],[-7.472326737832314,56.944775615377196],[-7.469812268080092,56.94604241579116],[-7.463542641652391,56.945286808961086],[-7.458643750595801,56.946297839019],[-7.448983007891258,56.94627938910605],[-7.449672781123111,56.94952962706444],[-7.444048229100867,56.95087776969451],[-7.439073259079398,56.94810698425658],[-7.435702847933903,56.94859593600659],[-7.430936528108761,56.95204798292298],[-7.430858368664707,56.95439128711572],[-7.434415316910901,56.95695871280188],[-7.438645276148933,56.95762387640836],[-7.441672127753869,56.95999644287471],[-7.437694471122675,56.9637329029583],[-7.431589149693894,56.96025780698739],[-7.42758825613292,56.9609953727276],[-7.428396634345715,56.96677482563882],[-7.422301721792616,56.96812889828057],[-7.42356834235784,56.971618758234335],[-7.418503821029134,56.97265423054017],[-7.414928935462682,56.97662347352611],[-7.407195030765262,56.97611570569309],[-7.405138049308757,56.977622267276885],[-7.407307389061875,56.98189929276757],[-7.402297983239415,56.983201649937016],[-7.396467655890168,56.98080366025385],[-7.385997640868256,56.98134611843113],[-7.379693929062461,56.978616844190206],[-7.377897217750779,56.982079845898426],[-7.379677107372022,56.984881082751464],[-7.378739557049357,56.99064955903883],[-7.392620426096064,56.99453208811713],[-7.396941041114276,56.99409420226739],[-7.402732317879301,57.00134821015156],[-7.406168245192658,57.00156928552955],[-7.409652529281373,56.99873464800257],[-7.413908775507519,56.99783009972657],[-7.415956827775096,57.000783962606945],[-7.419972082651082,57.00315649878317],[-7.395086987149025,57.001620477386595],[-7.401614740744181,57.00818215865211],[-7.408443062643529,57.011851603997634],[-7.412266938947056,57.01036921787669],[-7.417349843699254,57.01369990260075],[-7.427111157522246,57.018262512124466],[-7.423543546210672,57.022755364014074],[-7.41973138889702,57.02410887137892],[-7.416964959552732,57.027315784732195],[-7.411054806096769,57.027810581573135],[-7.410469585658172,57.029626843719655],[-7.414736730553313,57.03234868473126],[-7.413330258962505,57.03526701558298],[-7.418864504655756,57.0358639012042],[-7.420443504700253,57.039905449518734],[-7.418876094411447,57.04489712334959],[-7.42496317356355,57.04981747471822],[-7.419627631838479,57.05070880194408],[-7.427021828793679,57.05437360216361],[-7.434290536502398,57.054128631793134],[-7.442455060434007,57.058727437246795],[-7.449755300365982,57.059286611009775],[-7.456383868710454,57.05791723018113],[-7.455913604719311,57.05303739262725],[-7.452222193388863,57.0482721465249],[-7.455270799876336,57.045433687413194],[-7.450791517631921,57.04324437081623],[-7.45397195817961,57.03354327635229],[-7.460211758245077,57.024513770761516],[-7.468803700854687,57.01948927689726],[-7.475798334285621,57.01897562662891],[-7.479258952056896,57.01603830398433],[-7.483425127880634,57.01517137982929]]],[[[-2.941212478040307,59.28454509933596],[-2.932129355055608,59.28524447332818],[-2.928012093595261,59.283713945584644],[-2.925119469900324,59.27821411729093],[-2.918643296472823,59.27610012085832],[-2.911450763303563,59.27511879628456],[-2.910640840283532,59.273045444155144],[-2.902083602166744,59.26601121191169],[-2.896749843379354,59.26357210793979],[-2.893790202555875,59.25973886942257],[-2.893242452538316,59.25556753096856],[-2.881552070035334,59.257582571007624],[-2.876277748787151,59.25557241748641],[-2.876339084949267,59.25059044592616],[-2.882195977313392,59.244441355902666],[-2.87881588965716,59.24314228647852],[-2.880894863353653,59.239809896143534],[-2.887896768962938,59.23749021168756],[-2.888530713881905,59.22999246645234],[-2.883221736968288,59.22757691905705],[-2.877485911648762,59.229454973398475],[-2.874707946385364,59.231760143250305],[-2.8750918268403,59.23463673442727],[-2.872911907287863,59.23814482408225],[-2.867240412255079,59.24050782639586],[-2.866679946494323,59.24376972313881],[-2.862106036848346,59.24528551959245],[-2.858544372913713,59.250952494829264],[-2.856037288440969,59.251312082514495],[-2.837259363652794,59.24628398098061],[-2.846571185862401,59.259382081104505],[-2.849161794451193,59.260868550537275],[-2.852241847769008,59.266135309770235],[-2.860297307319319,59.269690690521564],[-2.873598775794772,59.2699621662436],[-2.876809378088678,59.265808572520136],[-2.88085272858527,59.26757289735569],[-2.884000805450416,59.277276683863704],[-2.881772027178255,59.285130081287136],[-2.884446880781864,59.288779599533115],[-2.891482498026722,59.29133418212418],[-2.896590321477366,59.29177687139959],[-2.895049963252446,59.29802625705325],[-2.900989633409695,59.2997400913629],[-2.900394174459658,59.30265390637377],[-2.906625508559428,59.30479295051793],[-2.906921499054604,59.30153274533481],[-2.915708745777215,59.29892526544613],[-2.920716946365449,59.302251387189365],[-2.921981178795265,59.30697969822291],[-2.927412033618729,59.3037045497604],[-2.934687767297154,59.30287393258123],[-2.938772350041636,59.304398199830906],[-2.939386132918764,59.310666708480376],[-2.945881215874434,59.31191381096357],[-2.953252960041837,59.308631556920474],[-2.960280085779585,59.30943220364942],[-2.960818443056705,59.312388235297504],[-2.958812449313514,59.31669214111648],[-2.96682466447781,59.31660777889292],[-2.973382452005537,59.31948033102403],[-2.977279261911116,59.317517633408436],[-2.9842813572706,59.3159112723632],[-2.988287190081238,59.31792132194974],[-2.980600965167039,59.324267626973075],[-2.973984526175643,59.32345063966048],[-2.966099197120653,59.325583868880685],[-2.959511019518813,59.325765463663586],[-2.952976170614563,59.32753948499848],[-2.95506873731813,59.331779147855706],[-2.950509912084648,59.33657216656167],[-2.950910551379941,59.3396468726039],[-2.957300697898191,59.34219995645698],[-2.957798224626762,59.34438306154601],[-2.952923306955956,59.3470420094117],[-2.946611393519684,59.3466874743639],[-2.94227181046813,59.350812244353904],[-2.932106247097238,59.34808252023919],[-2.930492888651171,59.34972042150008],[-2.930756188500817,59.358114432127124],[-2.93572906664635,59.358126423392214],[-2.938466197314958,59.35399456106803],[-2.942663154706005,59.35198765885159],[-2.950461061570941,59.3544455668733],[-2.949125572832381,59.35725901479786],[-2.952170073452139,59.36026594545624],[-2.959659530272742,59.35986976080441],[-2.96849695500135,59.3548695895708],[-2.975066934565876,59.35410484637508],[-2.978640287078518,59.34767671469713],[-2.982506291970779,59.34619097225946],[-2.983693532127211,59.33866709605009],[-2.981017015077053,59.33656337688164],[-2.990453899557962,59.33429711311076],[-2.992362755113255,59.335862266131215],[-3.003455884620402,59.32887838766178],[-3.006873474589351,59.327787808039155],[-3.011358733684386,59.329338130030784],[-3.020348460936812,59.33045973531999],[-3.025835801907354,59.32977092275651],[-3.026801177913416,59.32664344541684],[-3.032703960161708,59.323744519281625],[-3.036673857239573,59.32664156463199],[-3.042184134686608,59.32707625321589],[-3.048494335973541,59.329056131784576],[-3.052601001730732,59.328016273110975],[-3.061891035287248,59.33163014358869],[-3.070307203522227,59.333552310006375],[-3.070809435617063,59.32957419772185],[-3.065867739984107,59.32308123860971],[-3.048099632908447,59.31413432767565],[-3.041029538675974,59.31185608078488],[-3.034282786268446,59.31249988908598],[-3.031148633521442,59.3085445261446],[-3.02291333433615,59.30481876376006],[-3.019986095211291,59.29931952871422],[-3.023624477711954,59.2954678854604],[-3.017751750193054,59.28595491348361],[-3.024221117393242,59.28074472591484],[-3.025684676586442,59.27817638535064],[-3.014335044871396,59.27418634005343],[-3.008963626084893,59.273041755582355],[-3.00235267096375,59.26815526491034],[-2.996732908476164,59.26705337062926],[-2.993610648173885,59.2627305738486],[-2.989072934525597,59.26037266677484],[-2.984765668898662,59.26056876792653],[-2.980023133182496,59.25874195813183],[-2.980957327687235,59.265734472088845],[-2.973799318412587,59.268653938430795],[-2.957492440387234,59.268524317694784],[-2.954527297349611,59.27145852080391],[-2.946181658741413,59.27166582285692],[-2.943925385140246,59.273250224930564],[-2.948058111661962,59.27586051469127],[-2.954925997153703,59.2777357848422],[-2.955517904062317,59.28007001317284],[-2.941212478040307,59.28454509933596]]],[[[-6.148564951438307,56.13368052917111],[-6.153760945626601,56.13198573287387],[-6.152024393596007,56.12977337630686],[-6.160313703411682,56.12623836264105],[-6.160904462955272,56.12455463887069],[-6.170315417954595,56.12306754612183],[-6.169676961130735,56.120697766463046],[-6.176847680687417,56.12086067973444],[-6.180953044620921,56.11739395971751],[-6.181658730246417,56.112259959361914],[-6.178807516668813,56.10808923138324],[-6.180372943413543,56.10538761177968],[-6.185268701353874,56.10385094180794],[-6.1904357549875,56.10449927012599],[-6.193137547043082,56.10740765225089],[-6.197546244955444,56.10645365460729],[-6.200949284484789,56.108687777247575],[-6.205579915161328,56.108306912376186],[-6.210223616303253,56.10581014465164],[-6.21371505321653,56.10567020838749],[-6.212459757928359,56.10095010900448],[-6.223464674572057,56.0974888742651],[-6.22678900065078,56.0953064364904],[-6.235446663325357,56.09378621853024],[-6.234948775887541,56.09159987522486],[-6.240083341615613,56.08807327058697],[-6.246170051084829,56.085984111152236],[-6.250196853695292,56.08151487876628],[-6.250032467158773,56.07674487276758],[-6.254452482993282,56.07519387337647],[-6.249839410518289,56.07142274446102],[-6.252938450385451,56.066940398831605],[-6.255482113218727,56.061015644403],[-6.261207663445355,56.058263559813085],[-6.261607512013917,56.05650043635945],[-6.256717530569711,56.04955087651287],[-6.26159377175079,56.05026819902947],[-6.263990691112312,56.04693219854198],[-6.268196777447416,56.048870426234],[-6.271566078688238,56.04618048760158],[-6.269736917325551,56.04437587829167],[-6.272378100355765,56.04223908678544],[-6.276733792753783,56.041729968565484],[-6.281954683578037,56.03629163425501],[-6.273182834432721,56.03425788421882],[-6.265084801560381,56.03642279624707],[-6.261610424264418,56.03920522394877],[-6.253701728361481,56.04100302580208],[-6.251132172395352,56.03911760306628],[-6.254945184425117,56.03617989630363],[-6.253840057959417,56.03147385636589],[-6.264596621066901,56.02764373196601],[-6.26088728387964,56.02517741042221],[-6.269346628941906,56.02455614664214],[-6.279021269564652,56.02113543138355],[-6.27430228383167,56.01992326518237],[-6.281290943168308,56.01683839084735],[-6.275565719558544,56.015670259968985],[-6.275420645247883,56.012981627753284],[-6.269040382705352,56.01263460633471],[-6.259306130501145,56.01425065070434],[-6.255034450555912,56.013878500318164],[-6.254360052792818,56.01134126602409],[-6.258193122707441,56.00963034570404],[-6.256921500280699,56.006904219815766],[-6.262250918414675,56.00493905381162],[-6.255511518193812,55.9993486818089],[-6.251435005057725,55.999422073961455],[-6.246152424633277,56.00341777279389],[-6.239075530397306,56.00401692075872],[-6.231572649627757,56.00981515998325],[-6.233916943670047,56.010845291959605],[-6.228321282597561,56.01916691973792],[-6.220464472972277,56.01797586530997],[-6.213230018472912,56.02061586314044],[-6.210086353416777,56.01533174077429],[-6.206476334038732,56.01898056580005],[-6.206356963834119,56.02120154682636],[-6.209813609403054,56.02418620930915],[-6.209975646559893,56.02729243474065],[-6.204834689788798,56.030152609371065],[-6.19689868022217,56.03606127151896],[-6.191966349102093,56.037592624301304],[-6.185287034442774,56.04177234441834],[-6.182763855526449,56.04480338456835],[-6.18760948219321,56.04718391644026],[-6.182308798257166,56.050462201745745],[-6.180209137450396,56.0531820139701],[-6.189630869709352,56.05654930994308],[-6.189568608756788,56.05908307813506],[-6.195381251443172,56.060269404649794],[-6.191171691646413,56.06348031554854],[-6.187080317818713,56.06370033924211],[-6.180841251479504,56.066425825752525],[-6.184324542984267,56.0695910946025],[-6.179970520922901,56.07328134637137],[-6.169110226254125,56.076622399643846],[-6.164496568036212,56.08031187983622],[-6.162660788274127,56.08483009595849],[-6.163221598586538,56.08957310870719],[-6.158176781588099,56.09223906907707],[-6.158620283328071,56.09493108542926],[-6.151572297661904,56.09909875578674],[-6.149634837229481,56.10575607475268],[-6.145714324960493,56.10653101403052],[-6.143099907693531,56.10911005615428],[-6.141646729199127,56.114451468849325],[-6.133912921831572,56.12013672511801],[-6.137711702691244,56.1226910986829],[-6.137310168648081,56.12651774547533],[-6.148564951438307,56.13368052917111]]],[[[-2.963556873111323,59.13592551705522],[-2.962086382012742,59.138761785010665],[-2.96725099724148,59.144652543548126],[-2.972712817595029,59.15614404339062],[-2.977730266126588,59.1619888260989],[-2.972510039536774,59.164583039045155],[-2.969674599293236,59.1719226806288],[-2.964640140785057,59.17404458451105],[-2.958644600760867,59.17017242740881],[-2.952859819743395,59.1733842839075],[-2.952121271582797,59.1797893937421],[-2.963166673982347,59.18229987224804],[-2.965213060694299,59.18716394990221],[-2.967590426281432,59.18792850316067],[-2.9799336418475,59.18660748264687],[-2.994001530028608,59.178540094613844],[-3.007850112986027,59.1787558628949],[-3.016254209353565,59.17746004465091],[-3.037675124998022,59.17924307905436],[-3.048127498941406,59.18345108048624],[-3.046695946449654,59.18876942076425],[-3.048431237887061,59.19570661250078],[-3.05087027150123,59.197316927734306],[-3.060880625429756,59.19494632562979],[-3.066797601768841,59.19534241511926],[-3.072010610320883,59.20013929615801],[-3.076753416762855,59.20035602172141],[-3.082029429935093,59.198331890579205],[-3.083956807750442,59.194790813465154],[-3.09359054179451,59.19113563915796],[-3.103705980112299,59.185657004865206],[-3.106497278722905,59.17888855200915],[-3.112765199654676,59.17577696402903],[-3.121002630330695,59.173811114038855],[-3.115882879492154,59.167722997779926],[-3.113516122033449,59.166858694998645],[-3.115094881879901,59.162485770074106],[-3.111478312514266,59.15914981582164],[-3.101029282301612,59.15549470004356],[-3.100894225209783,59.15123706372687],[-3.093933699578729,59.14585704191764],[-3.087224524663621,59.14282217249442],[-3.083662819885708,59.14283849557272],[-3.080603079200209,59.13887286587177],[-3.069362919648571,59.135207468295725],[-3.060314771776421,59.13380886184928],[-3.058796839334642,59.13224330611101],[-3.047299952128096,59.128604151263794],[-3.040521805876255,59.12569498949709],[-3.030542917678779,59.12744329329215],[-3.020220388656982,59.12631062142716],[-3.010454157587971,59.12690160022691],[-2.999140588770121,59.126386528529586],[-2.984526554789124,59.13096164848581],[-2.965959776906851,59.13431356371396],[-2.963556873111323,59.13592551705522]]],[[[-0.866660221824371,60.633468602314835],[-0.8774113928938,60.62998999079076],[-0.885744514981932,60.62288975581132],[-0.89895018591447,60.6206869683567],[-0.902889564935029,60.62334125876014],[-0.910685632394862,60.624379227419276],[-0.912350406654338,60.62758934183821],[-0.919275968604528,60.626819390181986],[-0.926668681105416,60.62765104488915],[-0.936465834352269,60.63096163691945],[-0.938084298447543,60.624823871843745],[-0.947531370022974,60.62093418000179],[-0.945508345092407,60.61500196414814],[-0.949297977417824,60.61245654280529],[-0.94805467663132,60.6098482237277],[-0.941058980907802,60.610054371853586],[-0.937349862039162,60.60629864250762],[-0.938296107757518,60.60222961683775],[-0.930170902041016,60.599520530394024],[-0.926587051604415,60.5967935777075],[-0.917864571714436,60.58541398420198],[-0.91413862797807,60.58384382663815],[-0.914969746151211,60.58055520373172],[-0.910568797024445,60.577098309896265],[-0.909113306561694,60.57181562566924],[-0.900049318884345,60.56953692091102],[-0.894121356252626,60.56414535976021],[-0.8896128232217,60.56236600965094],[-0.881995991788407,60.564789790818566],[-0.873775250552254,60.56513835819489],[-0.867462269440859,60.56778781244601],[-0.860153903144752,60.56836325878544],[-0.86602196225405,60.5724538045945],[-0.865060732389591,60.57411130507904],[-0.872822099131157,60.57680785295722],[-0.875406519210538,60.58147187650529],[-0.881850009484684,60.58302990372503],[-0.889919437290619,60.58377057503329],[-0.895042724244913,60.58608027911603],[-0.896332222434755,60.588897838720754],[-0.893975030473043,60.591314421719545],[-0.889061732394085,60.59233412987023],[-0.883128295431745,60.589997696293494],[-0.876967405128651,60.59088087017175],[-0.870874398583745,60.590174109403485],[-0.868649985346698,60.59333307327378],[-0.856151085596684,60.59126036421351],[-0.854148156933413,60.58781045579785],[-0.850047231220038,60.586141945894845],[-0.848187807356923,60.5834052318011],[-0.832064021756765,60.588160971900756],[-0.832542571419548,60.58577395983231],[-0.824416607810477,60.57912545495918],[-0.819618114961089,60.57834240670074],[-0.815537110544501,60.5749121426427],[-0.811832565886391,60.57591640576203],[-0.797887428741284,60.57110009038441],[-0.792741607669561,60.57283166395074],[-0.792947453678876,60.57734566455354],[-0.788354735744427,60.578161676741345],[-0.791958707842558,60.58218021903657],[-0.783074922381195,60.58394946207466],[-0.782151498576766,60.58637178155484],[-0.771667080625237,60.59328346965198],[-0.771742323896092,60.59659306862923],[-0.767693655840283,60.600538211611],[-0.765816668857253,60.60450327937872],[-0.773888603624284,60.60621171287362],[-0.776552863155647,60.611830240972466],[-0.780309515451626,60.61394324254515],[-0.785812685306756,60.611645166675544],[-0.791131208003735,60.613044690830186],[-0.794715602769097,60.61098482529131],[-0.793841778256613,60.60796438687066],[-0.800314875875251,60.60014319055528],[-0.806233555842316,60.599348461310186],[-0.8126066484778,60.60064339896996],[-0.808153552790559,60.603889356240614],[-0.819101863821027,60.603709826504605],[-0.824589952880941,60.607281609247785],[-0.821395183601095,60.61149623622918],[-0.823786742650377,60.614803689055094],[-0.822068766504875,60.61682688466977],[-0.823362433600406,60.62119321285956],[-0.826081126278972,60.623821064133125],[-0.832290153664335,60.62596751616445],[-0.835351629434238,60.629258134005724],[-0.843433215336319,60.627649050509994],[-0.856848551347761,60.62945681653402],[-0.85968695500118,60.63189642103754],[-0.866660221824371,60.633468602314835]]],[[[-2.624174855131204,59.11560330420453],[-2.629213492982762,59.1104708298066],[-2.634330816811344,59.11024113309914],[-2.643825880208746,59.11253195797383],[-2.65107682233862,59.11273283353958],[-2.655281067187234,59.11131696712813],[-2.666763587739065,59.11101053810132],[-2.670716264750784,59.108917430866185],[-2.672989749315361,59.10527031470147],[-2.670225049219904,59.10093446663689],[-2.672370745499418,59.097203598667406],[-2.67708735109583,59.096860221345146],[-2.681726837108847,59.093078419212816],[-2.681672669764907,59.08947210608155],[-2.689172739193678,59.086317951944615],[-2.690530200207768,59.07963095736252],[-2.685972032483943,59.07564085780279],[-2.678679470824163,59.074184899921846],[-2.676170807595852,59.07558821604486],[-2.664239552997276,59.07715239563398],[-2.655082703483508,59.07477605624722],[-2.648164489766875,59.075699931517754],[-2.65041694931397,59.0815251167353],[-2.643096593145954,59.085370318133876],[-2.643568548463537,59.08802083595211],[-2.648396555381893,59.09307348364722],[-2.651910603760613,59.09504235436378],[-2.654287696227452,59.10162569303643],[-2.641446737509986,59.105959225366995],[-2.631543718606267,59.10710078220854],[-2.623551205621211,59.102339386829875],[-2.619039411440363,59.10181589497197],[-2.61508464224292,59.09905255502441],[-2.606163963330162,59.09713862807886],[-2.605173620346603,59.09225246520328],[-2.602526784520079,59.09030524842819],[-2.605930607607255,59.084318215118195],[-2.604041531717478,59.08038547856687],[-2.610279979866552,59.076924778655425],[-2.607779125976972,59.072727352215274],[-2.599485236716042,59.06983474930922],[-2.59558652818431,59.07472917046473],[-2.587383931162283,59.07714287329792],[-2.580919459142354,59.076662827489834],[-2.578949346094471,59.07403945397586],[-2.567435026571345,59.081007198194676],[-2.567764701301787,59.08364063477152],[-2.559614968868585,59.081731818200275],[-2.550276365627312,59.08222084973503],[-2.546512020414823,59.080956164738666],[-2.542901407037151,59.07538367872732],[-2.534931817450964,59.07664985808318],[-2.541698020992579,59.079711929428896],[-2.536889721071308,59.08349567020211],[-2.537688414104651,59.08536209657007],[-2.532380928641954,59.08910642804359],[-2.52919400781549,59.09394738607014],[-2.535084735707702,59.09362593977004],[-2.544208432560487,59.09676523164264],[-2.550181280163681,59.10110811146318],[-2.546978567611757,59.10246245313216],[-2.548052233884521,59.105304724444196],[-2.552147343244462,59.10699003748969],[-2.550903888817284,59.11197140462633],[-2.544427663569497,59.11421065682283],[-2.537467543938022,59.121731189560805],[-2.54224547761869,59.124086614813294],[-2.55129075817446,59.12169738287376],[-2.553039103860007,59.11995581305986],[-2.559874031111759,59.1192224070961],[-2.562551601462069,59.12028667408619],[-2.575497128641634,59.11794702118995],[-2.582581637116367,59.11766572439904],[-2.583037320715687,59.11529372930191],[-2.590681430679505,59.114786748932026],[-2.595533415290227,59.11632266321552],[-2.604796603034358,59.12334383591309],[-2.607092057639587,59.128873164183155],[-2.597172332463862,59.13641701443655],[-2.589242732991824,59.13888878570552],[-2.578011816350934,59.13760662618865],[-2.573463652710205,59.13869458988241],[-2.571602346741819,59.14245932085754],[-2.574216060487582,59.144797058319426],[-2.584623400843435,59.14306673747889],[-2.586114398189203,59.141233388024595],[-2.591873802008974,59.140457365210246],[-2.594347243484394,59.142698350416865],[-2.600401069283401,59.1411662434744],[-2.612850452637772,59.145279440852455],[-2.624223444701036,59.143307879623535],[-2.626269280404159,59.1454569222887],[-2.626219144862547,59.15045838215874],[-2.632571863378738,59.15375301898096],[-2.633696669093932,59.15642998818062],[-2.622165228283974,59.1531639373351],[-2.62375918741179,59.151214712521586],[-2.617912060536701,59.150193781347795],[-2.614180232564126,59.15295592288427],[-2.617678872047675,59.15723016055968],[-2.623938210795212,59.15883195468613],[-2.630632613574424,59.162754579216],[-2.639894638557054,59.15827199658954],[-2.646053195769737,59.15678575343288],[-2.654370976184617,59.153032459064406],[-2.663744708876535,59.151991618630795],[-2.668466912938434,59.155039609288856],[-2.675921426188058,59.15348688395135],[-2.676933083439096,59.150180376486134],[-2.672773817393969,59.14892048739754],[-2.665568161295038,59.149201020323105],[-2.662174600816605,59.14538279782327],[-2.6553435121661,59.143827033618265],[-2.649782572313022,59.14036877397731],[-2.647388304300977,59.13537950273175],[-2.639023575877257,59.13033802806294],[-2.632407122919133,59.129401469378124],[-2.623876007490943,59.124614879892555],[-2.622873944526674,59.11907513749096],[-2.624174855131204,59.11560330420453]]],[[[-6.140967969505232,56.945868190766525],[-6.142459269539412,56.94314787304615],[-6.151100679186712,56.942366204270805],[-6.156002636967981,56.939109560172],[-6.162218099573353,56.93819650985161],[-6.167158731237184,56.93463683089033],[-6.160703415722958,56.93309859241373],[-6.159342550213871,56.929140325847676],[-6.162899306736735,56.92624472294445],[-6.158010092130278,56.9199148731042],[-6.161221608260908,56.91621515139144],[-6.168600844436444,56.91442204002658],[-6.179051456641226,56.916720856302824],[-6.18639923001469,56.91611930275558],[-6.192222522021329,56.91446240532991],[-6.196751251007825,56.91153129313545],[-6.208040008832115,56.90776512384752],[-6.209457376666782,56.903058867125],[-6.207720461646656,56.89311262632161],[-6.210857957565418,56.8890947267672],[-6.207131006707054,56.885367854141926],[-6.197258049415367,56.88386504609141],[-6.196986653006509,56.88049728226813],[-6.193840242926698,56.878440310770785],[-6.18833341042279,56.879353833756674],[-6.182682362821028,56.87787980621645],[-6.17390576056391,56.87348856246129],[-6.164274262669428,56.87194457425539],[-6.14296988109495,56.871898869295265],[-6.139293675035198,56.871103697263315],[-6.135028156798942,56.8729223861821],[-6.134070429591582,56.875696944340994],[-6.127863989256967,56.87660398975034],[-6.125787231002549,56.87981119167443],[-6.126811809670511,56.882322239404566],[-6.124609752360877,56.886779057184675],[-6.120160286991931,56.88464198027531],[-6.115479679947025,56.88935133531704],[-6.117949254071684,56.89565914167737],[-6.115558855264797,56.90505896265457],[-6.113537331070316,56.91005812338998],[-6.113879359240856,56.915473931968215],[-6.111182901227972,56.92472633130763],[-6.119597554081474,56.93696664520672],[-6.127033807444639,56.939351337790434],[-6.129371987384864,56.941598611923276],[-6.140967969505232,56.945868190766525]]],[[[-2.777965616632156,59.20548032818353],[-2.77717935365836,59.19777704888063],[-2.781914740278888,59.194327041150146],[-2.77895241521375,59.19315132720554],[-2.780675303002494,59.19033546052771],[-2.792647064400876,59.186027719533854],[-2.8032167450429,59.18451061628967],[-2.807585093096959,59.186454764754686],[-2.819138387749406,59.1886167835875],[-2.82066521772606,59.19265738203835],[-2.823775452153037,59.1952645131224],[-2.827800035913626,59.19100010279927],[-2.827909614762322,59.17896363381687],[-2.827206642228266,59.17449128857158],[-2.824747548118923,59.17219532043965],[-2.815661784591059,59.17228682225367],[-2.812661483713348,59.1671211385698],[-2.805313738270574,59.165866525468715],[-2.800303943501888,59.16389662470568],[-2.795163716813964,59.15899517220937],[-2.79709873453829,59.15212301631619],[-2.79170179797106,59.144640116421904],[-2.789822210112281,59.13634979502392],[-2.774564927809979,59.143404481088524],[-2.768748187165249,59.143492055543035],[-2.765760228358578,59.14071763167991],[-2.76176418647327,59.14343894694417],[-2.755547683246542,59.144819697709764],[-2.753308774742039,59.14323954656814],[-2.744666638391087,59.14224408837412],[-2.73970417911268,59.14481669102918],[-2.737755514515325,59.149701572519646],[-2.74037185893536,59.153875213593025],[-2.743035971598669,59.15514331362883],[-2.74972073916638,59.15523868335593],[-2.755559405490262,59.15747961309441],[-2.757945846577309,59.16330755493287],[-2.755210839786033,59.17093091599575],[-2.756539380883828,59.17967292168625],[-2.755754943019158,59.18170708910655],[-2.759550175598988,59.18721515856934],[-2.758824087918567,59.18943310210913],[-2.762473161829065,59.191544608558075],[-2.758894949427471,59.19388792565831],[-2.753261831777266,59.19515373690394],[-2.748345622369513,59.20431712400843],[-2.74769759599174,59.20791125940043],[-2.743697824826095,59.20903432203139],[-2.736352326615942,59.214197720426235],[-2.73384081653446,59.217139559551946],[-2.733438649477782,59.22337156830825],[-2.748968836075842,59.23035332644239],[-2.758457476619746,59.23073924433759],[-2.76229760414064,59.23187166533818],[-2.762986829635503,59.23816831923557],[-2.755006463835775,59.244415915938575],[-2.755254586340441,59.25055620706125],[-2.758782358997546,59.25087244078044],[-2.768553508714614,59.24540792027542],[-2.781891619429047,59.241535017202466],[-2.789607374635536,59.23795365692066],[-2.791938246177148,59.235223775674065],[-2.790295622600109,59.23119075460108],[-2.784126550638876,59.2284863743529],[-2.78792639646914,59.22245543665374],[-2.788737238441208,59.21880083976333],[-2.792450197769289,59.21476844822123],[-2.783175672124102,59.209255866104314],[-2.778328068358656,59.20809418209369],[-2.777965616632156,59.20548032818353]]],[[[-2.897111384611392,59.032695306136034],[-2.896608901661126,59.02919083347828],[-2.900306853761329,59.02683821535872],[-2.90737573435964,59.02610543138554],[-2.907702538084607,59.02422971184037],[-2.901687385928358,59.018357802805404],[-2.897418646343589,59.01908707628192],[-2.896247529042371,59.02849282206139],[-2.889179379883862,59.0307652199844],[-2.885422535993001,59.03019732050715],[-2.879194042265048,59.03237002526011],[-2.86975031884832,59.03048494885158],[-2.857077837675491,59.029298649803174],[-2.851254216946035,59.02543398558363],[-2.845890711772482,59.023938794394375],[-2.842324982300809,59.025924345467786],[-2.836842166599842,59.0252405265674],[-2.83445067003382,59.02179654752107],[-2.836666876839112,59.01938975668554],[-2.834322348615181,59.01729169531124],[-2.824754339128386,59.01917158790676],[-2.823026810672068,59.02121672523813],[-2.816240952872473,59.02458523839059],[-2.805542353861159,59.02815199079661],[-2.81017873407749,59.03788066567116],[-2.815907990552908,59.04059193326323],[-2.815209004856391,59.042202088487684],[-2.823133522086084,59.04650856148352],[-2.820492124412212,59.0512231301188],[-2.816913348699415,59.052177931860015],[-2.816556208588357,59.0576925443212],[-2.809734175896283,59.06503665903199],[-2.804785406851077,59.065948480639605],[-2.800435686017689,59.069603613991205],[-2.799960645431647,59.08036363370561],[-2.79763260437599,59.08296622981647],[-2.801779165423281,59.08778755997682],[-2.807882476933834,59.0875997179883],[-2.813927543500871,59.08576666962162],[-2.815300479191795,59.08060667075188],[-2.820205310605155,59.07923851464677],[-2.828605466816339,59.08081783945812],[-2.832913150035337,59.07729224724716],[-2.840769619521495,59.076541071094645],[-2.842890047749777,59.07238268861176],[-2.838354467450928,59.06707841604285],[-2.841764263597455,59.06338679519787],[-2.849280082704523,59.05922011401167],[-2.859356789852887,59.056860934033246],[-2.866579879850839,59.05781781227831],[-2.866752659081067,59.06051987628821],[-2.879251634964575,59.059435271970194],[-2.887997020186224,59.06149784974934],[-2.897180294202025,59.06626453036023],[-2.896450492437526,59.06790408851917],[-2.901265746995495,59.07767062195903],[-2.903063852056386,59.07088206024549],[-2.906774908226333,59.06609991646196],[-2.916475587445328,59.06272319290522],[-2.917067128367635,59.0588832908772],[-2.914718401887785,59.05665376124621],[-2.91613112424371,59.052681408479586],[-2.924694744237188,59.05043016308618],[-2.923943306655759,59.04530109133455],[-2.928501934331709,59.04294333027461],[-2.929259367096966,59.03969216000496],[-2.934472192040054,59.03432263375751],[-2.934039677929049,59.03032828858457],[-2.928876805941715,59.029202361955576],[-2.925070634859324,59.03103118927533],[-2.919372766358248,59.028327149232204],[-2.914682584755349,59.027914895697364],[-2.90282343182748,59.03524933178927],[-2.897111384611392,59.032695306136034]]],[[[-1.114178106867262,60.148487508445086],[-1.117265956799731,60.14435059466976],[-1.117289714619121,60.1405057054291],[-1.126592095849423,60.137758527863674],[-1.125315429206799,60.132337236918964],[-1.122217540535194,60.12732867621097],[-1.122729017663515,60.12061543395472],[-1.118303503897409,60.118888932528996],[-1.110914031990464,60.11399511783259],[-1.099984639662461,60.110693200429964],[-1.08130786359797,60.1066410155456],[-1.077298451547885,60.10368583924117],[-1.07129409225596,60.10390879355121],[-1.074196467881597,60.10815845760565],[-1.072051529428185,60.11183403632685],[-1.068927391579347,60.113212929936246],[-1.067390121596594,60.12972890657767],[-1.06353127169231,60.13694368671415],[-1.051995615773817,60.1417914802199],[-1.051774883047194,60.1482102737575],[-1.048619772840018,60.15362927931907],[-1.050878663320601,60.156500956709145],[-1.050263358447541,60.160658562274655],[-1.044820222103801,60.166321474905835],[-1.047514098351231,60.169748572927084],[-1.051518132059437,60.169947869619286],[-1.057345767336025,60.161535182029226],[-1.063184401137274,60.162761818936715],[-1.067008700961025,60.158976076558595],[-1.073043923525861,60.15923295783121],[-1.07705665189443,60.16409811974707],[-1.071902104171705,60.16606013720367],[-1.071737962575055,60.170283832844994],[-1.069231951016811,60.17509726247535],[-1.072882344535745,60.1773227431265],[-1.072360246940811,60.18081660151451],[-1.074030351992937,60.185852229775044],[-1.078403924433202,60.189029908545265],[-1.074081781893253,60.19043207531864],[-1.068170775235887,60.189977703130104],[-1.067834441191959,60.19357602287932],[-1.078225238139175,60.19122413182085],[-1.079626190032383,60.18981509815256],[-1.087231739642708,60.18801784562016],[-1.08629371914744,60.186408546922856],[-1.089145547369041,60.18239194365012],[-1.089123180160218,60.178315122372055],[-1.08534530191795,60.17629024413097],[-1.075996941101066,60.1736089735611],[-1.08021085798091,60.171159873052986],[-1.089532429454704,60.171991921350184],[-1.093149170766614,60.17370757978764],[-1.092688451617959,60.176625433855605],[-1.100173026899131,60.17963884178253],[-1.103641836960356,60.17803351113751],[-1.112900485791322,60.180420660662456],[-1.118263005434711,60.17896142207072],[-1.122160697747532,60.18151502759846],[-1.13209094547569,60.18402290071039],[-1.134443850994268,60.18024898861453],[-1.145720714618889,60.180214359061715],[-1.148175444721722,60.1727843727526],[-1.142475395629927,60.17179132916926],[-1.142935886272406,60.16877988974552],[-1.137635438614014,60.16295195848385],[-1.129733859329368,60.160255865371184],[-1.123040373344718,60.15912254796373],[-1.121046638248924,60.15491501675438],[-1.114771674296582,60.151330804393005],[-1.114178106867262,60.148487508445086]]],[[[-5.994943012491272,57.325712253664946],[-6.001976645856892,57.32557826382797],[-6.006598283720684,57.323066027843566],[-6.007496772946193,57.320101471946174],[-6.016601009788917,57.32067387085383],[-6.020769387102012,57.314259529178685],[-6.02097761786243,57.31092129479724],[-6.023456718138817,57.307685660753],[-6.023769413864898,57.30439352702904],[-6.018951410750788,57.29914809214796],[-6.013666328928198,57.29577430211201],[-6.005376869612607,57.28813508821985],[-5.996922845895424,57.28598121911798],[-5.992102363803034,57.28080690960038],[-5.982696446547989,57.273129923842724],[-5.976094651744955,57.27463406876791],[-5.963048758854778,57.273338239110416],[-5.950647344402061,57.27432716330373],[-5.94335064563028,57.274160993923445],[-5.93829418784521,57.2766261228381],[-5.923659640132943,57.282066697582984],[-5.925744057078416,57.28478263874664],[-5.927030379631375,57.290318122626935],[-5.920278705050033,57.295685836400395],[-5.919848189684187,57.300141143675624],[-5.924770089630865,57.30719420098335],[-5.93031971817313,57.310540870613316],[-5.937986211857413,57.312696989199004],[-5.941216750637884,57.31508635459726],[-5.953470236787648,57.31800119730038],[-5.963060735301378,57.32201950233438],[-5.968683449346448,57.31998515113819],[-5.972687526090478,57.320586904889815],[-5.983037707562385,57.32514619750974],[-5.993611078516994,57.323780880291004],[-5.994943012491272,57.325712253664946]]],[[[-6.307580757723751,56.49841347341603],[-6.311308981086939,56.49630701858489],[-6.305458398946599,56.49318261088281],[-6.309540868889017,56.491192509670434],[-6.306731249483639,56.486707778988304],[-6.308871335044947,56.481862149007426],[-6.306088978607066,56.47961594702604],[-6.297647312083844,56.48100890039367],[-6.290864432530401,56.47877781539603],[-6.288335810290328,56.48144114506424],[-6.28209634783738,56.4824662956126],[-6.28268927570836,56.47814231661534],[-6.277915003071767,56.471903685291096],[-6.274307951750967,56.476596931229736],[-6.271750657561096,56.477989177006926],[-6.270956617619748,56.48234248125594],[-6.265264299593008,56.48368515874726],[-6.26310351861679,56.482421233670145],[-6.269052904097949,56.47640031817969],[-6.26456068837047,56.476339107779225],[-6.259186465236332,56.473848295028056],[-6.25359879951929,56.473869291959495],[-6.249658817930341,56.472205732167616],[-6.248864907676538,56.46743491304575],[-6.239794819173043,56.464705708786056],[-6.243786978041095,56.458197186164945],[-6.238547806143965,56.45637094000903],[-6.232279108336848,56.46016907618751],[-6.237126967412574,56.46249011865776],[-6.236906621960646,56.466193964423894],[-6.233125364189872,56.46849058643083],[-6.228091377835791,56.46712903301504],[-6.219570195220979,56.46683935126968],[-6.214874912768531,56.47123050279341],[-6.20921521294771,56.47001090119006],[-6.211532695780341,56.46702731372759],[-6.209264114563557,56.46121823852525],[-6.203648587505366,56.45998610907714],[-6.200242512371444,56.460795893095714],[-6.193288778155912,56.460195047534874],[-6.193613762338989,56.464977473240054],[-6.187209728112868,56.466052894503385],[-6.184311915330339,56.46430266836788],[-6.178280354282203,56.46470405092896],[-6.173131033472769,56.46330376745055],[-6.16091346121998,56.463067124783336],[-6.153268538668219,56.46664476263964],[-6.150903571607781,56.46951727262813],[-6.146350826502585,56.4693063670832],[-6.140983942756453,56.471581214699945],[-6.1424615900015,56.47537008385867],[-6.148981519808664,56.47640112643827],[-6.155525160338173,56.48292945137793],[-6.159611069199348,56.48276541538141],[-6.165056733128949,56.48437308203863],[-6.168961165757262,56.48736425953263],[-6.175163106591681,56.48828595822232],[-6.180372380606383,56.485403405648555],[-6.191302607461387,56.48672052331915],[-6.198550429386391,56.493606961111894],[-6.201278235956447,56.49232741383476],[-6.211756804685968,56.49775014085381],[-6.222300726170424,56.500665150596156],[-6.23305886763294,56.50023989895803],[-6.230230966587467,56.4982858806543],[-6.23202953365914,56.49458662032336],[-6.237221374568011,56.49463413807305],[-6.244826625153522,56.49786801176573],[-6.249864916171474,56.49639584639221],[-6.255536935686733,56.49630023421106],[-6.258396103269057,56.494250443961455],[-6.263251586081617,56.49557203965991],[-6.267539042312719,56.49458812889779],[-6.271996408801019,56.4904953800104],[-6.275964308915549,56.4952646677067],[-6.279278110475341,56.497398771824095],[-6.288900663945329,56.497223663980996],[-6.29168566352107,56.49805364967908],[-6.30149326304728,56.495995932791395],[-6.307580757723751,56.49841347341603]]],[[[-5.552321203552752,56.502428353773524],[-5.559936706561711,56.49938695897977],[-5.567818321352333,56.49720052764627],[-5.578901482573353,56.49820734265413],[-5.586177515333918,56.495646098815776],[-5.588884928596144,56.493508901441025],[-5.585728934943021,56.49098388073694],[-5.578654987481388,56.494645141088576],[-5.573249209720247,56.49592484164496],[-5.573652820977254,56.48985347933895],[-5.576816360341583,56.48410261666322],[-5.575218429482216,56.478866645846594],[-5.578039179636174,56.4743168836328],[-5.591792133180284,56.46720311754774],[-5.599295237336403,56.46136623322793],[-5.587196558244008,56.46102015644156],[-5.581090403462857,56.46446484590964],[-5.5532076902549,56.47612783990352],[-5.546229751272868,56.47847187051429],[-5.535534410970021,56.48813737008656],[-5.515413025767101,56.495754308810305],[-5.507177228267586,56.49786467080706],[-5.504060349680526,56.5010769404078],[-5.492243143820108,56.50967056198509],[-5.491556531442929,56.51243914449064],[-5.487114029263206,56.51749709499406],[-5.480561114861225,56.52091041898335],[-5.466174899549197,56.529658793555605],[-5.462317194140539,56.53344619103051],[-5.45106359285444,56.53957540115714],[-5.442928579064688,56.54639201130875],[-5.433083887414542,56.552048847010944],[-5.426103274212314,56.56017091407059],[-5.428948998025348,56.56211062827791],[-5.441088468662956,56.5578820765529],[-5.443615827379776,56.55583147695018],[-5.448139949767058,56.55551172016846],[-5.456350957864069,56.55328127929128],[-5.462836130858994,56.553281257725125],[-5.464406181323415,56.55647573581575],[-5.469964281759212,56.55857526865473],[-5.472716296189843,56.55636313439305],[-5.473063777210707,56.55287417919235],[-5.467225149674038,56.551419141053415],[-5.473304783070012,56.547017465391036],[-5.478645706315586,56.547134018683174],[-5.481756955427519,56.54293012952055],[-5.493253053624373,56.53689644069922],[-5.502796952796632,56.526623832629255],[-5.510214869393768,56.52161871538017],[-5.524280051554467,56.51482147325018],[-5.529198528240646,56.513292622640904],[-5.533030423584082,56.507923190965855],[-5.541113522694579,56.50437700425416],[-5.552321203552752,56.502428353773524]]],[[[-6.812366570918004,58.207397021551735],[-6.801770846537041,58.20648661310758],[-6.796032458484139,58.20198198670987],[-6.783236942076956,58.20085386081886],[-6.783217642662101,58.2064766964678],[-6.786023524071481,58.208921498259656],[-6.782925801567275,58.210595840656595],[-6.781773134821555,58.21400697533174],[-6.785141524599637,58.22136376180195],[-6.792301233536635,58.2214958716612],[-6.807781889933654,58.23135558149516],[-6.812506094347881,58.23135717501827],[-6.812015862282885,58.235158338224835],[-6.819482826372215,58.238393479653496],[-6.822412241780228,58.2376709617436],[-6.821456907623116,58.23334420616038],[-6.82670056630579,58.230983153006456],[-6.834512581972809,58.23947044696264],[-6.840403320489221,58.23793798037669],[-6.845206598368711,58.24313948883755],[-6.842425554610489,58.244198738164876],[-6.841990210188216,58.25017595789533],[-6.843599014105433,58.252844207282386],[-6.849934722297399,58.257551129535834],[-6.852052339933123,58.25675088454459],[-6.866508218248616,58.258925750613],[-6.870363977840933,58.25804534856397],[-6.880772197440383,58.25919918107601],[-6.884919351368812,58.257340088916486],[-6.887900830607994,58.260392473320515],[-6.892951462664992,58.25790922398932],[-6.892736616387979,58.25233981315636],[-6.886340913930697,58.247542747347275],[-6.890038948334596,58.244122723886335],[-6.88754297772891,58.240610976012846],[-6.882702465752272,58.2390332455283],[-6.878639577404042,58.240449179545465],[-6.874845103294765,58.2362294506973],[-6.879206576619998,58.23476711064514],[-6.874185280642673,58.2278343996629],[-6.866157177951599,58.226557953049145],[-6.866416831941434,58.22410114835562],[-6.860542700412885,58.22341679214876],[-6.862188072334021,58.22727171573635],[-6.868538099747084,58.23408657793772],[-6.872468618079269,58.24236749098902],[-6.866622189172323,58.23948630063971],[-6.865842247321988,58.235880788028425],[-6.859445264047042,58.222127272160144],[-6.863643532109214,58.21867459774627],[-6.875428438944557,58.22050460976986],[-6.874969912361688,58.21611415420205],[-6.869784554219581,58.21168409828704],[-6.867861329048876,58.20787858772734],[-6.852495526161979,58.20543870365526],[-6.846532951534392,58.20585373164656],[-6.838122427825833,58.204752150760456],[-6.829722003276049,58.20513572119677],[-6.824984120670132,58.206286806574575],[-6.815360594294376,58.20652683089301],[-6.812366570918004,58.207397021551735]]],[[[-0.997923764808226,60.368156485996806],[-1.000546198873506,60.36791956892536],[-1.015879972343078,60.360759394961555],[-1.021818853302888,60.353972310404394],[-1.02141471393755,60.34913554032837],[-1.015800828611722,60.347875582027356],[-1.038659548412509,60.34054023114438],[-1.037596372321592,60.33511699506334],[-1.028981853811265,60.33322790332805],[-1.025219361411849,60.33458680890551],[-1.016128562831264,60.33073506945314],[-1.003531705209993,60.326654881367645],[-1.000602401363457,60.32864796880237],[-0.989929679022277,60.32906740186405],[-0.978648685479917,60.3313971053721],[-0.974063695861713,60.336110131860224],[-0.976178264763111,60.3397899296369],[-0.967527821411876,60.341574805058656],[-0.960336672633483,60.34552815116828],[-0.95681400031477,60.34962753398148],[-0.949612389789082,60.351386556281824],[-0.948285878064892,60.35549583911267],[-0.944536058886004,60.355774166159804],[-0.940324474329396,60.35916636848667],[-0.936656923201876,60.36608810441287],[-0.93054405795865,60.36811789892202],[-0.929185320123148,60.370571830769386],[-0.923473680480372,60.37452702114516],[-0.902333389069414,60.38128576874349],[-0.914761123218025,60.385293622797995],[-0.920455662231569,60.38133954104188],[-0.928682808860833,60.38124431825058],[-0.936957832325871,60.37711541540543],[-0.939316793305007,60.378751407423934],[-0.95233404527633,60.378461095271064],[-0.95774057753519,60.380225734710415],[-0.961410541614978,60.38288447795096],[-0.970618584979584,60.37919082029183],[-0.969952611206575,60.37558036968001],[-0.974744983196994,60.37087263965957],[-0.980136035410049,60.37057994627019],[-0.983169954213898,60.36859257354133],[-0.99180151612365,60.36897517982865],[-0.997923764808226,60.368156485996806]]],[[[-1.427773198340095,60.39039591897023],[-1.430188467507258,60.39130413583788],[-1.440416626774287,60.390512412736],[-1.44456461528497,60.38717169116692],[-1.456258822342943,60.38266769329],[-1.455951756011046,60.38095597993348],[-1.450352236894333,60.3790429450237],[-1.462970021785132,60.37604614514587],[-1.469392899889086,60.37752646646946],[-1.475512017683314,60.37423754416237],[-1.471759882691295,60.37245837512722],[-1.467976821489454,60.36759026692278],[-1.465076064463823,60.36647873696514],[-1.466123602291711,60.361724177294256],[-1.461704917007731,60.358711941969474],[-1.463424602687111,60.35608360644835],[-1.453170681404803,60.350959845970486],[-1.451716055122956,60.34855202217815],[-1.442585772424684,60.34630977241596],[-1.43982240686346,60.34823400355935],[-1.427863300774374,60.345870169903584],[-1.426248114513308,60.34808997407129],[-1.415165995790958,60.34801123831021],[-1.409760498776272,60.34603360937325],[-1.400639206026176,60.35081998009218],[-1.391799543549215,60.35132946409259],[-1.385460218235162,60.35637977754765],[-1.380410830884438,60.35906446047829],[-1.379176354650823,60.37158251719909],[-1.381968976555693,60.37646115087091],[-1.391618535955612,60.37646330215704],[-1.408108982096435,60.38375469641506],[-1.413939654808043,60.38168566083698],[-1.418670697343232,60.385112933913234],[-1.426235101248041,60.38706714462395],[-1.427773198340095,60.39039591897023]]],[[[-5.653039881530312,56.24436726210731],[-5.656948763035543,56.23727440380173],[-5.661071228525589,56.23817731052314],[-5.660123279958027,56.232985959666394],[-5.661908158480953,56.231899064629495],[-5.66162015588947,56.22584297609143],[-5.665874670132391,56.21877098969928],[-5.657438290986887,56.21506673765522],[-5.659863255436103,56.213559886985216],[-5.657393389126896,56.21060299065175],[-5.650587360633751,56.20744073664481],[-5.653199868805973,56.204805456782914],[-5.650685662506927,56.2011843988428],[-5.649336349419559,56.19581603426368],[-5.64062457955407,56.18898362243867],[-5.641497608675766,56.18645830510722],[-5.635457334323301,56.18575518942588],[-5.629918629374536,56.19028609909302],[-5.628476252212857,56.200000332351394],[-5.629617765861289,56.204480360396445],[-5.632348538149047,56.20921485282205],[-5.629776161895162,56.21152479816281],[-5.628674560200787,56.2169338992681],[-5.633240992032643,56.218840655627886],[-5.626617081565089,56.2246098420834],[-5.626980665490558,56.22896437690524],[-5.622707803847925,56.23314476131251],[-5.617413978902023,56.24250948236851],[-5.619198157006213,56.24895240542672],[-5.628704480763373,56.253017210521485],[-5.632678735756494,56.25551416660331],[-5.632455418785345,56.25956221771959],[-5.630185947719781,56.2622048142634],[-5.630831403315939,56.26543340649905],[-5.634594300517307,56.267169578386124],[-5.63663113907033,56.270700682304984],[-5.642479093813986,56.268307721846625],[-5.651659389304782,56.26130703011364],[-5.655969417371414,56.2534732600771],[-5.654956572274655,56.24871629241662],[-5.657903578835927,56.24727589753987],[-5.661581441458895,56.24309390870633],[-5.661090300211061,56.23981315876173],[-5.656615866796978,56.23877680788933],[-5.655417733223544,56.244072152229855],[-5.653039881530312,56.24436726210731]]],[[[-5.641831329477772,56.30920893178595],[-5.645127941402013,56.30510632738108],[-5.649715787642086,56.30166232724774],[-5.650321529482114,56.29892825916161],[-5.654816818168467,56.2961521240043],[-5.650116999772226,56.292534483670295],[-5.641455142853109,56.292289960855896],[-5.634103200335945,56.2904311226089],[-5.638393045312291,56.2812447364112],[-5.63519723075033,56.2789956909553],[-5.637502956515911,56.27550410276384],[-5.633333173382906,56.270326529391866],[-5.628984626240547,56.26679582584929],[-5.622998263505968,56.26491608408393],[-5.612438425879507,56.27143696401482],[-5.611434274354342,56.27624138173351],[-5.598904278300061,56.281030248197055],[-5.601316070051661,56.28695693602166],[-5.600050164727421,56.28961733341776],[-5.607878357815544,56.293854059531746],[-5.605417077947648,56.29628414838223],[-5.601134852129369,56.295694144694245],[-5.589506362391805,56.30172518601052],[-5.591192244777494,56.304901250727255],[-5.587046110236661,56.30837153136344],[-5.584209631040732,56.313257524848176],[-5.581341231499324,56.32322953490157],[-5.581794726832292,56.32504602586742],[-5.589024106786972,56.32621211389407],[-5.59645416363548,56.32168526039513],[-5.59728560694801,56.317731202703456],[-5.602772260517548,56.3172568554741],[-5.607903691286353,56.31982343778868],[-5.610983224335548,56.318888445393796],[-5.617985086806364,56.32006306579733],[-5.630205987648679,56.3168333440064],[-5.638649237518183,56.31282255188655],[-5.641831329477772,56.30920893178595]]],[[[-5.723024479613878,55.729882476874955],[-5.726833778237813,55.72889010655498],[-5.728280700221639,55.724934703875775],[-5.735362168244079,55.72356201293893],[-5.74059908797451,55.72462711090147],[-5.743617235948918,55.720043601058],[-5.741414742599607,55.717938373260395],[-5.736596814466586,55.71818056036092],[-5.736649662016355,55.71526829076382],[-5.739368029672089,55.71226488424507],[-5.738576123398134,55.70748287608541],[-5.746292752276886,55.70923459282581],[-5.748208679619517,55.7008135714898],[-5.754415814800882,55.695228479765916],[-5.754941678620142,55.69266314467364],[-5.760834962511277,55.690872923125966],[-5.764982237376177,55.686658724658635],[-5.767186369504097,55.68128117940559],[-5.771825879170971,55.67963231782316],[-5.774451774001839,55.67682686877395],[-5.774887566949003,55.673095205340765],[-5.770976321783869,55.67020325999045],[-5.771122121071039,55.66795074638297],[-5.760489681816256,55.6682325123818],[-5.764030502387953,55.661869809238674],[-5.765895801935883,55.660589571828126],[-5.769069588431217,55.65290713979459],[-5.761797809520667,55.65121080672856],[-5.764272243871073,55.64849562580414],[-5.763863085296766,55.64589149496268],[-5.755151867869661,55.64774141917402],[-5.751199639362504,55.653298190265026],[-5.741848307522865,55.658709577929606],[-5.734534835505303,55.65907655871729],[-5.730466589511842,55.66320637910535],[-5.728929773019759,55.666863406114715],[-5.731592404543138,55.66800977462459],[-5.729468938084858,55.670853799563794],[-5.736264783480214,55.67195877888695],[-5.736227539556441,55.676820064357784],[-5.727158448535651,55.68009219367479],[-5.725842541020753,55.68281895427668],[-5.722244362565553,55.68272141148385],[-5.719268871079606,55.68629515916283],[-5.726046169646476,55.685375465678746],[-5.731344797459316,55.6876628622595],[-5.727631526769427,55.69169177718472],[-5.730488499366182,55.69414062628851],[-5.726627332400862,55.70033386793871],[-5.727091775627339,55.7042042344162],[-5.731828886488508,55.70720372427214],[-5.730660348979883,55.71097898246017],[-5.725082213669777,55.71227700965748],[-5.722190777057587,55.71466219860467],[-5.716437805191132,55.71692724150455],[-5.711460360030189,55.72211424570283],[-5.72032751209727,55.725909007822054],[-5.723024479613878,55.729882476874955]]],[[[-5.691447813481157,56.20028716763383],[-5.694166908551756,56.197117278301235],[-5.702054450781292,56.19704286668222],[-5.710177463923474,56.19314846993471],[-5.716927458489063,56.19290946031886],[-5.72750425852197,56.19006392829562],[-5.731781513612981,56.18770029082645],[-5.732618476264973,56.18129993826613],[-5.738610260598227,56.1771038337902],[-5.741460059487213,56.17897136102335],[-5.746924363008612,56.17632120095236],[-5.747553861519465,56.173190970029275],[-5.751156681840953,56.171296665393925],[-5.751840281165197,56.16789950337284],[-5.748959494071619,56.1671148593686],[-5.748676607303528,56.16372010035571],[-5.74415800894703,56.160593309506034],[-5.729696323363138,56.15883102363088],[-5.711313189010084,56.15960739815202],[-5.706802917519065,56.16053872022695],[-5.700484746942829,56.1595145001814],[-5.696119917457398,56.160687429144794],[-5.68590671574706,56.167867774774535],[-5.681581290402135,56.169062367371964],[-5.672347932159805,56.167979758571875],[-5.669804885460789,56.17069617308158],[-5.670723734293159,56.17442544843598],[-5.677818163474185,56.18294939737252],[-5.67953937500755,56.18652613203491],[-5.674602105598235,56.191964618905246],[-5.68242416829032,56.19449641220269],[-5.687097735869054,56.199918125075364],[-5.691447813481157,56.20028716763383]]],[[[-7.008687614982521,57.922006291805374],[-7.017786121062477,57.91778669797781],[-7.031567605369439,57.918828191022406],[-7.031007177157216,57.913384774661374],[-7.041227221779687,57.91278961694229],[-7.042549734112974,57.90878727958316],[-7.046309407130897,57.906181372107405],[-7.046373902082828,57.90082103040029],[-7.047986742055826,57.89786869531851],[-7.053924390508262,57.89917493133206],[-7.06025676122107,57.897523054240914],[-7.063194971092393,57.895471238773915],[-7.073414627088442,57.89544917044755],[-7.076222914209906,57.89248451083849],[-7.080779770861504,57.892508723598965],[-7.082570469044868,57.89549146242838],[-7.086836990694587,57.89364217278678],[-7.090012976525796,57.88994261568493],[-7.083078729090416,57.890009691726085],[-7.078512379839456,57.888960257905296],[-7.082848800413723,57.884445078651304],[-7.080346061474072,57.8806631709001],[-7.079788311351435,57.876060931068245],[-7.075830370483196,57.874762102012525],[-7.071298882940592,57.878551585048434],[-7.060069667834719,57.87994552641545],[-7.0579143595977,57.882091988232155],[-7.053705029818166,57.88188666580942],[-7.049691091031733,57.886315932605626],[-7.05028692221344,57.89319747040641],[-7.043484659306796,57.89462914656843],[-7.037038780464196,57.8919796081003],[-7.036584704864152,57.88994633950025],[-7.026409266193384,57.88646838464651],[-7.018905712035466,57.88596074749156],[-7.018335239004659,57.88254202679912],[-7.01076338541989,57.879962847430555],[-7.006878664090963,57.884142594227974],[-6.999185277061216,57.88833312931519],[-6.997128908028628,57.89200849259857],[-6.989423589324454,57.89339634683544],[-6.992770816785844,57.89729950516874],[-6.986344418126576,57.9028561880288],[-6.98874501169951,57.9085780659621],[-6.992368474493482,57.91415277984644],[-6.993092199600311,57.91856416108561],[-6.998237797764054,57.92127626876428],[-7.008687614982521,57.922006291805374]]],[[[-6.556379653942029,57.07037054233958],[-6.556267169600722,57.0662280728259],[-6.560746976816845,57.062844598490365],[-6.569421501912517,57.0631664493353],[-6.571215716657901,57.06231830245957],[-6.596000206366278,57.060406576040094],[-6.602295944458712,57.05865478301459],[-6.603366301470424,57.05626407926168],[-6.613245419221341,57.051450892116925],[-6.61074061070169,57.05022105620594],[-6.608597664881035,57.045789110656955],[-6.59977212366924,57.04408589598856],[-6.595316301991931,57.04148387174286],[-6.585482943213405,57.04376548397915],[-6.574661193614872,57.04513353946843],[-6.572127406791317,57.044592127144604],[-6.558188510092724,57.05149208379985],[-6.552685265144186,57.0525786408749],[-6.551332888553757,57.056626051690166],[-6.546367695342301,57.05746335457158],[-6.53618676940867,57.055134828703345],[-6.529696888155049,57.055923348376766],[-6.527508279316342,57.05482884262213],[-6.519407849844615,57.054456384616444],[-6.517291495605416,57.05659713532066],[-6.510700870860526,57.05377699108594],[-6.51372980933301,57.05262428554728],[-6.515447122688737,57.04543857123171],[-6.510947460498755,57.04432833081044],[-6.502892496256863,57.04730365823734],[-6.497971909751469,57.04516925620079],[-6.487169244856174,57.04535518484757],[-6.480572545826679,57.043815451654744],[-6.473185417684769,57.0453662412496],[-6.469681628030486,57.0436072821632],[-6.465830884185545,57.044585894366],[-6.465272639193175,57.04735358825576],[-6.469821442911392,57.049772369573226],[-6.484401251348107,57.0504464153725],[-6.496874538071438,57.05559284062879],[-6.493770468503154,57.057494353921186],[-6.48836285679229,57.0574817485585],[-6.488089635368976,57.06047768951336],[-6.485030292437692,57.064531499826884],[-6.48768743331446,57.06786750508217],[-6.493289377117879,57.06879062119325],[-6.499095406294445,57.068262545187665],[-6.50688602806176,57.071431350883685],[-6.519237703926419,57.070207510474084],[-6.529049658013395,57.067257526124465],[-6.535931785463372,57.07013365305491],[-6.549372266260685,57.06771234212354],[-6.556379653942029,57.07037054233958]]],[[[-2.073670888940745,60.15768374074524],[-2.08319719607715,60.15652429784783],[-2.091878399308106,60.15293415869545],[-2.112385787208416,60.14557983162173],[-2.114626984864614,60.14076429664007],[-2.111720632250885,60.138002160813116],[-2.116431677636206,60.133863281030585],[-2.106568939707941,60.131604409629915],[-2.096988967168717,60.13017066155934],[-2.090916146866959,60.127562098808276],[-2.086318113060042,60.12085339745175],[-2.081390031236714,60.118113445568],[-2.072771365155311,60.11791645041067],[-2.067486790307306,60.11602469243153],[-2.064422994839388,60.11332804054908],[-2.068305295921372,60.11169191150909],[-2.065471485889046,60.10960034690002],[-2.051467036129789,60.116768195669614],[-2.049465208371832,60.11952550665359],[-2.049502211500878,60.12608013965837],[-2.046534662047939,60.12737419103473],[-2.04484849875364,60.13138837064398],[-2.046427625612227,60.134305986247334],[-2.041218886666518,60.13628757420313],[-2.041267315297867,60.138967776225485],[-2.044172847590153,60.144071366979524],[-2.049373672973382,60.14802025457921],[-2.048927940874794,60.15098346926239],[-2.054058435858973,60.15496362573751],[-2.060702207561149,60.15350166080834],[-2.067522203679231,60.154791317294055],[-2.073670888940745,60.15768374074524]]],[[[-7.173845078500335,57.738728917711526],[-7.17958766980385,57.738663466062],[-7.200006676522559,57.73563817531271],[-7.203855688478855,57.72819570642883],[-7.215334240384132,57.71535251668859],[-7.225988372131294,57.70828219940319],[-7.230457237875527,57.706576462313976],[-7.226489684363838,57.70401431205101],[-7.22007550747147,57.70428326535808],[-7.212327937506489,57.70221614868273],[-7.206200090684162,57.70269752978974],[-7.200650539116553,57.70176549563613],[-7.187013862060829,57.704199830071985],[-7.179505188524864,57.70210833259912],[-7.176391564354558,57.70465195028406],[-7.176380590611051,57.7086753450466],[-7.171032013654284,57.71085511470843],[-7.165133542279628,57.711460927947904],[-7.172949415516025,57.71779670175831],[-7.165192012040171,57.720640788841294],[-7.155962094134861,57.71644617719085],[-7.149409281863147,57.71564101496726],[-7.148888815231108,57.72075944623064],[-7.151742651076217,57.72447789370374],[-7.144177073696542,57.72702401658925],[-7.141897076611497,57.73050449672666],[-7.145812673653751,57.733834345068544],[-7.159406508106578,57.73899344890635],[-7.165795835984421,57.73964742263236],[-7.173845078500335,57.738728917711526]]],[[[-5.498027498617182,56.425111663390034],[-5.505557133109154,56.418722375001785],[-5.511696826367523,56.418477466941454],[-5.513880396364656,56.41463232469869],[-5.523671170810219,56.41152306693791],[-5.5298135807344,56.414486817954746],[-5.540769993391629,56.410915899075846],[-5.544105550769669,56.408141274786296],[-5.551097513108668,56.409803891191196],[-5.562791004035968,56.40863374368065],[-5.568019442148334,56.40377205761033],[-5.568434450598089,56.39773176268915],[-5.573790931571179,56.39875060232035],[-5.574476604626978,56.39214951778364],[-5.578492626978024,56.39245159945898],[-5.583049259063579,56.39091725882479],[-5.585610568030772,56.384374182593575],[-5.587877546678254,56.381426929672436],[-5.582989259339281,56.37993664698437],[-5.576672075431697,56.380914995855626],[-5.576025912933919,56.378605029260434],[-5.56777411147684,56.38167970577415],[-5.563974340388641,56.3786684329903],[-5.554206252673554,56.37800520994177],[-5.559958861192232,56.37295882297363],[-5.559477622142473,56.37032037422368],[-5.550483741537643,56.37342423719392],[-5.541890451714974,56.37905853733035],[-5.54022081903914,56.3822970975674],[-5.525443157837207,56.39296720888425],[-5.526473532097146,56.39553527090277],[-5.522655963772392,56.39832403265533],[-5.517479604066267,56.399871002692784],[-5.51101021432576,56.40690090333445],[-5.504991382338928,56.40903760132428],[-5.502452277770693,56.411351660032885],[-5.497386123379647,56.41264288621389],[-5.497320213818654,56.42011674250974],[-5.488106859886556,56.42148320267724],[-5.493159036515849,56.42483095865874],[-5.498027498617182,56.425111663390034]]],[[[-4.9052447404455,55.75032823298852],[-4.901671304920076,55.75287754938186],[-4.89372483049603,55.76595637106935],[-4.896608447805255,55.768566260737195],[-4.898868574299077,55.773274484667944],[-4.899379021318827,55.777868471582465],[-4.896983724492411,55.78145951240306],[-4.898063706584543,55.78311410682651],[-4.898051410668602,55.79175204772761],[-4.901450733362975,55.79300760783894],[-4.906796367752594,55.79160120155195],[-4.915015888585772,55.79234044621796],[-4.922027577390215,55.790243887488145],[-4.930063009408586,55.7841159821502],[-4.931673959041432,55.777554964577426],[-4.935129116027462,55.77510288510072],[-4.937347298077812,55.769466659899045],[-4.942504247553643,55.7667606119413],[-4.946525494768073,55.758652986475305],[-4.948762952719926,55.757714738011536],[-4.951191963652865,55.749974148791566],[-4.948465833873261,55.74327789636123],[-4.9406534906914,55.74297174636807],[-4.937443011247573,55.74687442653552],[-4.931092856736777,55.75138235946942],[-4.918613348845249,55.75332822145618],[-4.914638231932728,55.75232775396803],[-4.915956310288996,55.74735690462398],[-4.91386631141266,55.74440233299537],[-4.9052447404455,55.75032823298852]]],[[[-6.206858024187094,57.16629073102155],[-6.215137159006103,57.16536940967457],[-6.218618196546411,57.16055339300694],[-6.225077679394757,57.15813237290227],[-6.237323161159368,57.156315756035255],[-6.241835229609213,57.153379655923445],[-6.251887623057267,57.1513615439796],[-6.256441658442919,57.148014263264756],[-6.249836952354101,57.137689645225315],[-6.241964161686655,57.13495293440499],[-6.239771190642915,57.13154689054807],[-6.2271992850846,57.128550172193165],[-6.21991125476776,57.129097320876205],[-6.213023140443936,57.13170705495274],[-6.211947058225418,57.133252281038],[-6.201710880310102,57.13527160420974],[-6.203538729741536,57.140079921537705],[-6.21177354901701,57.147249361279044],[-6.207644195405928,57.15087293870622],[-6.200251002912533,57.14747450377618],[-6.193750669330365,57.145956734650184],[-6.192680624159411,57.14804743596769],[-6.187901508463813,57.14836022615449],[-6.181608092498493,57.15262178665932],[-6.182467858949093,57.15473786205142],[-6.179111850964991,57.158280637975416],[-6.183761088722195,57.163682984051114],[-6.189653045738244,57.164628141357014],[-6.201001117493002,57.16522379302964],[-6.206858024187094,57.16629073102155]]],[[[-5.968183282526601,57.584162131128096],[-5.973491447877314,57.58126159147358],[-5.970961152344858,57.578630313361195],[-5.964873814455916,57.577297745525854],[-5.96513221432208,57.57298716237182],[-5.968372149828971,57.57208051277858],[-5.978229333680607,57.577439175574845],[-5.983654402313394,57.576157474975695],[-5.989058530076067,57.5712525520057],[-5.989805157922592,57.568140290810014],[-5.985751889737797,57.567495182009836],[-5.988350118851717,57.55944191370812],[-5.987194192792337,57.556218990753244],[-5.98038364846339,57.55022994817173],[-5.983628388736971,57.545029180525454],[-5.994032253119141,57.54352204885212],[-6.000203255486809,57.54520114761264],[-6.000956304900129,57.539341593199886],[-5.999356145047671,57.536339677224326],[-5.990784296768741,57.53638659183527],[-5.990534569109051,57.533265382815635],[-5.998438539309516,57.53079390477048],[-5.996320158778899,57.525803239803906],[-5.987961394391693,57.521127104218586],[-5.995451131966544,57.5215327386036],[-5.980317541194912,57.511266666535704],[-5.973691182759588,57.51654265488019],[-5.975050478761055,57.51858943096869],[-5.970070968519051,57.52005112360859],[-5.973101896041662,57.52279243977715],[-5.968807425276185,57.52625467781935],[-5.97049382018254,57.52915529544058],[-5.969251841803093,57.53680221916949],[-5.966679191282891,57.53849631052753],[-5.963897505565114,57.543205496603946],[-5.966059547670787,57.549319173839045],[-5.960019810900966,57.55237735259367],[-5.960099146749753,57.55810695537084],[-5.957998505253813,57.558788837058025],[-5.95420942076956,57.564720728231435],[-5.952781660373791,57.569292707703625],[-5.956287477014709,57.57083271833922],[-5.957339149773638,57.57473351245226],[-5.955978931955146,57.57707801399106],[-5.957676855932839,57.58045501569897],[-5.963310013415086,57.58368593464436],[-5.968183282526601,57.584162131128096]]],[[[-7.131273086773268,58.03843898613334],[-7.14130741613158,58.035391338796266],[-7.146663815957754,58.03598501852502],[-7.153137151767228,58.03405335348023],[-7.163425189348302,58.03275805640305],[-7.164463798716953,58.03090724289941],[-7.169627290232652,58.030310178348515],[-7.171802999581469,58.028466978848826],[-7.164933017441141,58.02283058304183],[-7.16582340744174,58.019429161902124],[-7.15764264518674,58.0159692581347],[-7.158508398975686,58.01345068814763],[-7.152958101888007,58.00840795818274],[-7.146476047211148,58.01012860958013],[-7.135665687627277,58.010341571559216],[-7.123146689792162,58.00797731644044],[-7.120367665171048,58.00401806575312],[-7.114389726200877,58.002572085533025],[-7.09968740778174,58.00532045675553],[-7.099284252784603,58.012157632923206],[-7.102757911474961,58.01459311081075],[-7.101864545642756,58.01837197757174],[-7.107053503054856,58.0286409204048],[-7.110585223469633,58.03109908710648],[-7.122277880059451,58.03362407057582],[-7.126679213356025,58.03385581249098],[-7.126397623562456,58.03733126941748],[-7.131273086773268,58.03843898613334]]],[[[-3.070215036032355,58.85119510150893],[-3.07543832228706,58.84944521792061],[-3.094571936266129,58.84560648961802],[-3.104457287017591,58.84503279815371],[-3.115299127099061,58.84328158788423],[-3.121533741858521,58.84328055776918],[-3.12987240320999,58.84031307818694],[-3.131226212811423,58.835868814446776],[-3.143114195407042,58.83386893779758],[-3.14831493119972,58.830054974735496],[-3.148967855887201,58.828064224807086],[-3.14244479462744,58.82090542211142],[-3.13950648943949,58.816328331737466],[-3.128011721430656,58.81266608569996],[-3.118749532046545,58.81584181932671],[-3.109334739316031,58.81386186776617],[-3.104406918460851,58.81466489824985],[-3.102313502500509,58.81989299799929],[-3.092277724130319,58.81705757687935],[-3.090774316136842,58.81538985612689],[-3.082029348260928,58.81462463783947],[-3.078244264828312,58.81623079189454],[-3.082303030705689,58.8231224169395],[-3.081777776324925,58.826382602456],[-3.077194861720008,58.82844086653891],[-3.076039070120784,58.83110452739155],[-3.079210026381212,58.833254258187054],[-3.092080633149471,58.83021713241782],[-3.101058164563364,58.82911964968705],[-3.109295436747729,58.83105198192592],[-3.110953207916969,58.83338010352489],[-3.107865791822665,58.835644840461526],[-3.099423862191087,58.83439225473031],[-3.090336621404985,58.83987171845046],[-3.08284217626637,58.841232634983214],[-3.080759387153752,58.843342776217206],[-3.067176022634313,58.84334352043346],[-3.064129490282325,58.84508502635794],[-3.065840683501702,58.84872097172358],[-3.070215036032355,58.85119510150893]]],[[[-7.569083318769337,56.949464309702506],[-7.571591627557201,56.94850619481332],[-7.568367841618178,56.94490156318706],[-7.562387146493418,56.94251345970258],[-7.564592651042535,56.94031343604556],[-7.569433375544871,56.93980473042308],[-7.572325453849019,56.934428221169306],[-7.579089138765345,56.935727730698304],[-7.581739737075894,56.932485886108374],[-7.569953636754676,56.93254964214011],[-7.564891642289573,56.929576107534295],[-7.560849753900253,56.930013026682055],[-7.556118967928792,56.92836993650447],[-7.551209296294866,56.929776762243144],[-7.546696851314584,56.928546610264895],[-7.544195470906328,56.924900277032094],[-7.546755832256877,56.92151203191616],[-7.555857316000247,56.92227664483722],[-7.557787604998044,56.91941665179377],[-7.555480146196167,56.911995222931736],[-7.549082300918465,56.90919319246781],[-7.540430963318072,56.911202742200636],[-7.5338758336231,56.90923858022572],[-7.532715127964763,56.91248161204238],[-7.523033968463801,56.91288139535239],[-7.519543813661945,56.911434013144955],[-7.514018111398669,56.91464329985816],[-7.505066668480037,56.91633417916012],[-7.502206767651408,56.92142851652797],[-7.506903514718532,56.92208507591497],[-7.521088477079338,56.920742856571636],[-7.533771642550349,56.922171164209935],[-7.534215940127777,56.925540028817224],[-7.52160095316634,56.93096684587389],[-7.517235578695449,56.93366939351784],[-7.508089669242068,56.930567440927334],[-7.49796995383329,56.93021411735813],[-7.49121778998007,56.929108658922345],[-7.482119549108627,56.930256124833264],[-7.482884279814786,56.93293596175006],[-7.496806709079729,56.93595252233513],[-7.499635234831085,56.93484946843135],[-7.509205094182947,56.9362962024666],[-7.532134124128036,56.937681069156994],[-7.535488483263459,56.93964541421297],[-7.529543921994447,56.942092694975905],[-7.532110068388078,56.94588761704814],[-7.536276055813607,56.946327292970786],[-7.544505195623141,56.944788838055416],[-7.550659976603982,56.94525746469124],[-7.556087842388191,56.94804877777956],[-7.569083318769337,56.949464309702506]]],[[[-2.87904872078657,59.38639183101711],[-2.886821526187909,59.385136724576356],[-2.890212339563933,59.38354203863106],[-2.89333918523578,59.373335896561386],[-2.897516625812568,59.371466213816696],[-2.898700927718828,59.36674869529165],[-2.898224201121002,59.361762428627394],[-2.905809203015067,59.35779085974565],[-2.912850309967934,59.34692831126076],[-2.912669886803204,59.34263239686076],[-2.909513661463262,59.340844890805926],[-2.909186094961144,59.336682016550085],[-2.911165731228139,59.33059287341782],[-2.908603230500045,59.3252628693159],[-2.903509333558582,59.32382099508258],[-2.899523795634496,59.32892704931776],[-2.894511815532635,59.3300706513317],[-2.890227541460987,59.32653024469803],[-2.885272426661896,59.324793051471154],[-2.879703154205925,59.329047133817014],[-2.880260142907126,59.330808040022994],[-2.876465952782722,59.335115522016494],[-2.880747519310149,59.337886763163546],[-2.876417153708507,59.33942827947135],[-2.876188141087876,59.34370722171051],[-2.882320197087233,59.34687187379299],[-2.882829050436405,59.34947097042843],[-2.887426497671511,59.35401170217764],[-2.884399390198903,59.35744395635128],[-2.879187736085455,59.3584616806333],[-2.883143078260654,59.36195976921099],[-2.879494341322419,59.3656170325196],[-2.871792928784026,59.36510299830424],[-2.868031888059246,59.37020922568102],[-2.867876382858415,59.3755527195087],[-2.873269971524435,59.380261080692186],[-2.873915551915021,59.383459185231274],[-2.87904872078657,59.38639183101711]]],[[[-2.386180593226864,59.39411723682207],[-2.387871387371844,59.39185463096411],[-2.392909446080383,59.390570654940696],[-2.398003749435023,59.38676471804157],[-2.40424482077109,59.38608097930459],[-2.408335169644308,59.38836711656078],[-2.408803604752876,59.3920277117599],[-2.417479873085286,59.38773737282897],[-2.427797096415017,59.38951699132009],[-2.434918777060787,59.38626508854426],[-2.435801532099065,59.38222200382881],[-2.431984935384614,59.37885280979773],[-2.436685938533714,59.3738136776562],[-2.441010356392695,59.37185402642604],[-2.444454000699829,59.36273472327722],[-2.447149659905794,59.36238874394338],[-2.452029727035138,59.35779475110543],[-2.444829258937887,59.35486062556787],[-2.434900261145953,59.35751364602818],[-2.429516828384858,59.356013905387975],[-2.424405712967255,59.34995390240153],[-2.425188697260215,59.34760576322703],[-2.418090612526282,59.347484193618634],[-2.409475467180404,59.35409214795212],[-2.399989235251286,59.35349216319017],[-2.394919936251373,59.35416678534436],[-2.396825501758947,59.35755452490722],[-2.406175186288159,59.36076295936972],[-2.407068197570242,59.36496729820121],[-2.410991839391013,59.367918371157906],[-2.409253102653605,59.37021106038856],[-2.408923070000185,59.37683756770612],[-2.403963494637166,59.38005533689114],[-2.397862385778859,59.38237301041848],[-2.391953898573343,59.381784770845904],[-2.377835643172138,59.3837841386391],[-2.373006449657827,59.38065685498152],[-2.368481395327317,59.3847008628658],[-2.378507534006655,59.39098507053914],[-2.380599229140581,59.3936604148581],[-2.386180593226864,59.39411723682207]]],[[[-6.385695718545155,56.35144870670033],[-6.392555429597817,56.34877232829665],[-6.408689157743853,56.34681767021333],[-6.417451731860861,56.3413647071576],[-6.42620459129686,56.33919892212873],[-6.434382290286567,56.3333474156689],[-6.433196444952208,56.33017890927695],[-6.427433797109465,56.3306057284422],[-6.423730031618439,56.326686297681306],[-6.425414439740296,56.322645095425834],[-6.433634133661321,56.31847941238298],[-6.439841480804786,56.316813048113694],[-6.445116165312623,56.31381273006154],[-6.440742087760556,56.30968224433671],[-6.431554452684739,56.307954006573794],[-6.421182875786995,56.30683680061653],[-6.411862728308391,56.313344411844696],[-6.406919488985892,56.31468098531561],[-6.404136004662803,56.318328431290254],[-6.400603206536391,56.319412112238176],[-6.393473339151096,56.326917728841984],[-6.391406610945832,56.33115638264937],[-6.384504851743605,56.33587682264338],[-6.384744946811612,56.34205190375607],[-6.382757916012162,56.34676068593916],[-6.380277306766732,56.34891095054479],[-6.385695718545155,56.35144870670033]]],[[[-1.718658975674293,60.34640190875204],[-1.718243877078401,60.344111468490894],[-1.731599767274314,60.34583144337953],[-1.732895853407178,60.34242215142534],[-1.736267623901959,60.33989238118553],[-1.737745763979125,60.33513660316871],[-1.734043833081434,60.33401232672781],[-1.731054257857148,60.32952956089749],[-1.726985665931128,60.32774351117635],[-1.722070741337833,60.32225185718093],[-1.715922690068866,60.31929836879297],[-1.714764593357516,60.32236661667671],[-1.703529788892876,60.32647233299927],[-1.69784413150721,60.325498857615855],[-1.69832649532307,60.32227208569788],[-1.706225882289505,60.32263539763616],[-1.710128059007511,60.318468828677034],[-1.704149755230265,60.31796634977963],[-1.700482530419177,60.316153430513275],[-1.687775311749592,60.3152228164965],[-1.68007559707323,60.322046421721794],[-1.675074728945282,60.320990111507115],[-1.665882276715283,60.32109312604901],[-1.66120363513034,60.32394646782979],[-1.662477713384723,60.32768934873346],[-1.672844613882925,60.326578448322955],[-1.6758962774093,60.32852799661392],[-1.673626039972691,60.33138130051953],[-1.664288660382345,60.332969827333514],[-1.665946064976376,60.33560475808063],[-1.663206737308681,60.338673094059786],[-1.664770689672481,60.34072418356954],[-1.682804382189768,60.34256398685264],[-1.684198248388298,60.33704088733156],[-1.67940711014832,60.33522025483359],[-1.68952116584967,60.33250564417347],[-1.68940527999862,60.33994873581514],[-1.702637479740841,60.34398336213116],[-1.709279893799837,60.342664646484494],[-1.718658975674293,60.34640190875204]]],[[[-7.229550756464532,57.78543897141605],[-7.245755753957966,57.78229761055745],[-7.257056870712598,57.78137822160989],[-7.259826394290906,57.780154399622646],[-7.26070945575762,57.77687731723849],[-7.265714718233512,57.775407315411776],[-7.26428780722512,57.765860897288555],[-7.258332300980234,57.76589735634355],[-7.251449474968124,57.76332202969698],[-7.244728333655249,57.75918740268001],[-7.236527466348421,57.75865012746484],[-7.232195669596662,57.75989134134421],[-7.221537549968649,57.75976524179974],[-7.213892701942218,57.762433877889116],[-7.207524792617397,57.76561630289897],[-7.205087379587752,57.769846837835935],[-7.200259505863476,57.77256950418405],[-7.200775659202139,57.77463132914204],[-7.210628898890628,57.78058280179705],[-7.214257172232526,57.78453189275844],[-7.229550756464532,57.78543897141605]]],[[[-7.304733152681672,57.09013748227646],[-7.304170521846716,57.09291496303928],[-7.314219982923379,57.09018618933036],[-7.312817983590091,57.083500318699485],[-7.316545783392861,57.08099668152564],[-7.309176764649241,57.07737392142428],[-7.306095116134372,57.07285064518954],[-7.309984205205254,57.06890500360934],[-7.31088666682617,57.06138948756558],[-7.308360572188044,57.05839675203314],[-7.293356707231959,57.05239595267392],[-7.289391742412212,57.053239727181406],[-7.28316027083644,57.05667549506856],[-7.283556441723164,57.06439402767682],[-7.286220744210794,57.06592268676985],[-7.277395390862122,57.06774908046073],[-7.280036345617647,57.07260476813898],[-7.276036910942506,57.07578825797025],[-7.271878225798632,57.0808769985614],[-7.27321340016587,57.08462704809112],[-7.269797707400194,57.08495559339823],[-7.268101432657448,57.09092560958751],[-7.276727092595189,57.09049875604678],[-7.277823753204293,57.0918148294476],[-7.288236298927275,57.08985843955138],[-7.291236115109173,57.09139531986305],[-7.296885787181202,57.090491010367515],[-7.301337014555431,57.08696646673487],[-7.304733152681672,57.09013748227646]]],[[[-1.608182001557617,59.553540670046324],[-1.613022040372682,59.55106762647297],[-1.625042516467011,59.550990267727116],[-1.632303793071372,59.55180552349388],[-1.638555001186677,59.55033673651134],[-1.639851021657202,59.54823005083149],[-1.636216952014565,59.544875055203015],[-1.63718782766488,59.54257442803739],[-1.644316966455494,59.54320008221448],[-1.645848139952685,59.53546814679783],[-1.643962744384975,59.5340172991955],[-1.649846333370609,59.5318286023053],[-1.647861478244809,59.528221495975316],[-1.644399301689079,59.52680861171379],[-1.649275653107589,59.52464324752173],[-1.649112191334767,59.521491797387505],[-1.658184867509317,59.52262297448857],[-1.653513825309491,59.51467615342775],[-1.648450409466065,59.51290442687163],[-1.643468144897574,59.514880004556105],[-1.639261708337165,59.51166180732133],[-1.628787401553851,59.514448653808124],[-1.628514126987095,59.517608774639356],[-1.624886462582292,59.51965482979012],[-1.627766549995367,59.52130633675439],[-1.625919170944673,59.52582331367449],[-1.61962100205251,59.52491081772838],[-1.613822960007052,59.526353107824015],[-1.6085405389501,59.530239187884455],[-1.61564900700098,59.532711685464704],[-1.606482843361745,59.536914006601606],[-1.600354197275204,59.53708406419546],[-1.606236592280339,59.54059498386938],[-1.612524680029,59.540452058343746],[-1.608889334575797,59.547449997572734],[-1.604222087479221,59.548024184359484],[-1.608182001557617,59.553540670046324]]],[[[-6.697068018938492,57.868655120545455],[-6.691764209978707,57.86523925998762],[-6.683668363757636,57.862030858486136],[-6.694825551535685,57.85739896703944],[-6.696561031848837,57.85550409283674],[-6.691706375708737,57.85360170776609],[-6.690856730376132,57.851173926230594],[-6.676784964536172,57.852714558198436],[-6.672941890068341,57.85040531745251],[-6.664083876035812,57.85033617623924],[-6.658611409344817,57.85113582623107],[-6.656614979907848,57.853179159713974],[-6.645842221085307,57.85507704958195],[-6.641750659083977,57.85808746888763],[-6.649282640812971,57.86890632442491],[-6.654921966027513,57.87237359136655],[-6.670037899157993,57.87437619282324],[-6.675106239862608,57.87446806223424],[-6.676838032398654,57.876801315130436],[-6.688249388148915,57.87634348999903],[-6.696775623875152,57.87915887616912],[-6.705761467661661,57.87929584920844],[-6.705256658939707,57.875620243133376],[-6.714319475827961,57.875191522860334],[-6.708016550443311,57.87225060994802],[-6.707478165105311,57.86981490982358],[-6.70367657486523,57.868344194272176],[-6.706810594321446,57.866133666962334],[-6.706111597892311,57.86221072957516],[-6.700517582113454,57.86043504881955],[-6.697068018938492,57.868655120545455]]],[[[-1.337629636808493,60.089084789224394],[-1.342147382334518,60.08880233460151],[-1.345544810366355,60.085635116305895],[-1.342102200381768,60.08113830382653],[-1.348850666521042,60.082065088699345],[-1.353827953315844,60.08075155111225],[-1.357227856496836,60.07781840268299],[-1.350753843480044,60.07255639378166],[-1.356581151564404,60.07134120565971],[-1.354776178021325,60.068816430707],[-1.353428124805209,60.06278116582254],[-1.347722608158069,60.062536780802695],[-1.343204449840102,60.059580009012784],[-1.347409225850865,60.057661273013224],[-1.352335768056492,60.06059026830598],[-1.357898637786817,60.05715584629427],[-1.360087700665988,60.052151500979775],[-1.363911192765694,60.050351618474664],[-1.378589538316315,60.047031645304834],[-1.374430460989726,60.04194772416872],[-1.364729719247254,60.04138072017621],[-1.358078081354733,60.04373712247762],[-1.355983812809812,60.04757459212223],[-1.350126191035544,60.04871776171056],[-1.348643988040447,60.056975946374656],[-1.341809419964259,60.057476410771066],[-1.338826588642212,60.06159652177468],[-1.339609265912827,60.064229569554186],[-1.334139726214524,60.06706837361558],[-1.337941561472961,60.06973902145882],[-1.333393652479345,60.073511754729665],[-1.334301168194703,60.080735666002845],[-1.326923120588463,60.084636692470745],[-1.324476014300166,60.088455693107406],[-1.316135020782166,60.09617728046353],[-1.317388015324381,60.09975839136724],[-1.310667195882624,60.10452750601542],[-1.310194315883276,60.10727629299022],[-1.313230178987612,60.112221682158925],[-1.310666596419782,60.11653188996711],[-1.31962628132381,60.11785772728506],[-1.322723007764553,60.108554020191406],[-1.321190853337024,60.10512238781118],[-1.329778560432534,60.105413032697584],[-1.334689976153149,60.108743046698955],[-1.339813776808442,60.10959835242101],[-1.340564704766017,60.10667485883367],[-1.337208961636151,60.10422743177743],[-1.343057685339226,60.10350858588249],[-1.339737000363902,60.09967409889837],[-1.33422353426917,60.10181230772639],[-1.327595317689796,60.10054239342574],[-1.326991421549257,60.09823075828356],[-1.329047103186368,60.091219397896744],[-1.337629636808493,60.089084789224394]]],[[[-2.923532007803969,59.17066474380738],[-2.934831461864738,59.17043214337602],[-2.936490676689246,59.16822530304502],[-2.942194179337008,59.166295414120945],[-2.943634090353325,59.16129525661951],[-2.941681260990655,59.14821189154847],[-2.940110836004664,59.146342701514605],[-2.939526965719392,59.1397092470253],[-2.936643520162082,59.139848631249635],[-2.933819700352758,59.13544056312603],[-2.924644464399683,59.12841144647525],[-2.919071970613448,59.128511201140775],[-2.914466254342868,59.133484050224965],[-2.916317040237953,59.137156693437205],[-2.913670933526821,59.14160733715113],[-2.911530287741112,59.15398165669097],[-2.906194235357917,59.161923822595746],[-2.908774724852209,59.16525469159421],[-2.91433150512768,59.1685349529321],[-2.919614650846562,59.16855602601275],[-2.923532007803969,59.17066474380738]]],[[[-8.615353203358792,57.82800368134974],[-8.617549644653,57.82406449145948],[-8.610935256841202,57.82169950489165],[-8.612463181869233,57.81775037438728],[-8.608192638170488,57.81444453530437],[-8.60910549674259,57.81128259341654],[-8.604789517778778,57.80804479401419],[-8.597683708790953,57.80771819876465],[-8.590937400169226,57.804841072345646],[-8.588237949735397,57.80659446126818],[-8.581964529742685,57.80472814410512],[-8.57701724799173,57.79871174622526],[-8.572764553123326,57.79916745794977],[-8.564787971254043,57.79775397122689],[-8.559801201072535,57.79427499917474],[-8.554543395031315,57.79481388080432],[-8.563230795063378,57.79860512353114],[-8.570779636906249,57.80040131619935],[-8.57336654209737,57.802325023213356],[-8.571483775565882,57.804720162313],[-8.572751848730888,57.807505267884686],[-8.568307587803194,57.81089398092441],[-8.560105127664857,57.808672056444],[-8.557175465724303,57.808801740803126],[-8.54971700523228,57.812652425736516],[-8.556817607937438,57.81748602471594],[-8.56512798486692,57.82082505378623],[-8.563642863983507,57.823157832410374],[-8.56967796596225,57.82477176595977],[-8.572735783748866,57.822473245547826],[-8.578979228313944,57.8229633583767],[-8.583513938964192,57.82541594300158],[-8.592714539053558,57.825638528616615],[-8.5984844201781,57.8198150414975],[-8.602236914601901,57.820668326578186],[-8.609258294784244,57.824931237178504],[-8.610377955158318,57.827669707251076],[-8.615353203358792,57.82800368134974]]],[[[-7.624070431662182,56.829417371234676],[-7.627635406724329,56.830949248462716],[-7.631849348343175,56.82796832979963],[-7.631615009580035,56.82504915475256],[-7.63601787772443,56.823873195958136],[-7.645386315399132,56.82302541772044],[-7.648416805850972,56.82140721125903],[-7.651730001444177,56.82394354401219],[-7.657921694665488,56.822172456719755],[-7.658533595464363,56.819435314784954],[-7.655172964277059,56.818431491212564],[-7.656168833953288,56.81557339786657],[-7.654128792211528,56.81135915421559],[-7.659972053392353,56.808546121586566],[-7.65934126953931,56.80562248090984],[-7.665653819927737,56.80141963030223],[-7.654486710967055,56.79993410085796],[-7.653691917052821,56.79586577884874],[-7.640993890616414,56.79634337669429],[-7.631084310706087,56.80031179287287],[-7.625687183229983,56.801186086894035],[-7.620227642102992,56.80497921845322],[-7.62256769509718,56.80799674533063],[-7.627694221842595,56.80979010468845],[-7.625413095156752,56.81415517356887],[-7.622166149199965,56.8141714433117],[-7.618288035108884,56.81850950831942],[-7.623547074802297,56.8237858114373],[-7.620426859891566,56.82761172468531],[-7.624070431662182,56.829417371234676]]],[[[-7.183872530274328,57.503202305329495],[-7.192568098229028,57.50205191123753],[-7.198226915809598,57.49836293457552],[-7.184567175146221,57.49709545562588],[-7.179691756679753,57.495010755628144],[-7.181155974782534,57.49314184643579],[-7.189960592023855,57.49394868219783],[-7.199653205315268,57.49742936975737],[-7.202999208096319,57.496433506144456],[-7.20763905967327,57.48958821949839],[-7.201477659898974,57.48548260207321],[-7.19474500511173,57.48590929727196],[-7.195033172860688,57.48354437127941],[-7.189734393894577,57.48313773351666],[-7.188900806238059,57.47897898439421],[-7.192828271404167,57.47787658210567],[-7.190709363332108,57.475134125959194],[-7.19455315557262,57.47309480147377],[-7.191717941656623,57.4714797312687],[-7.185932979031358,57.47225830773805],[-7.181002898630295,57.46855273244752],[-7.1737658577216,57.47072588215743],[-7.168835600914845,57.473178124450904],[-7.168450617455515,57.477360034758306],[-7.162312967478222,57.47760310222103],[-7.163895665569766,57.48005307408895],[-7.158996927169383,57.48280052238456],[-7.158125195644772,57.48526122311744],[-7.165601530271827,57.48939044372088],[-7.15930355433436,57.491763418208436],[-7.16137834983825,57.49591636233717],[-7.168670686844929,57.4967003456619],[-7.165655934749467,57.5006312184715],[-7.169460848915958,57.502652469885085],[-7.183872530274328,57.503202305329495]]],[[[-6.266371976120082,56.84897695806842],[-6.269480312988541,56.84809707934864],[-6.264377022053583,56.843280453704544],[-6.269960328117196,56.84158737000271],[-6.269113875867732,56.83761879268774],[-6.278076883383742,56.83500008767178],[-6.275151427975921,56.831435664902145],[-6.270058477081233,56.82770266856643],[-6.259007873849755,56.825369401480565],[-6.255053094703898,56.83019005722336],[-6.247842001735601,56.83227524104017],[-6.235967080372964,56.822508128018185],[-6.22971017377719,56.82643042108397],[-6.225482300619403,56.82733830574298],[-6.22774807638468,56.83273382457914],[-6.21736619397174,56.83050010716735],[-6.218370730206013,56.83271889552712],[-6.21398071838336,56.83554740483779],[-6.216773028666144,56.840601538724236],[-6.222669223828516,56.845595459352936],[-6.229148652198229,56.846005277940876],[-6.242531193978376,56.84346398259441],[-6.248723657153973,56.84517759262988],[-6.251240955100003,56.84234427806149],[-6.256193780983547,56.841019573539846],[-6.25815798141456,56.84400572722089],[-6.266371976120082,56.84897695806842]]],[[[-7.647356091117389,57.53623832328031],[-7.655500225499795,57.534418820368316],[-7.657513716343471,57.53240654352861],[-7.658159634823842,57.528110952394485],[-7.665557721208138,57.52721092924104],[-7.669606515026689,57.52457570133],[-7.674984213494021,57.52515683987464],[-7.677976346868887,57.527069614728305],[-7.681610247527709,57.52387212331326],[-7.680714946013353,57.51942091971612],[-7.671989238883531,57.5181224470061],[-7.666122339409516,57.52105570259531],[-7.65993310785714,57.52122181494325],[-7.648694032941117,57.524962871162934],[-7.645059713378886,57.52278123047798],[-7.638563350026023,57.522856548925155],[-7.63765320640871,57.51913942907759],[-7.634717644033971,57.5183303557066],[-7.627899878983516,57.52129983979031],[-7.624472838462098,57.51562952435881],[-7.625722795369876,57.50883195182681],[-7.61897397279027,57.509205643769775],[-7.617103506437327,57.511228873994185],[-7.610514183414703,57.512207026887616],[-7.607565428323879,57.51548699908422],[-7.607555459559022,57.51841001414636],[-7.604389652600037,57.52082831318613],[-7.602161231734541,57.52548199747523],[-7.598778178053175,57.52872438370563],[-7.601444359391124,57.53319883136742],[-7.607308500518586,57.53201683610393],[-7.625167456429539,57.52662459823864],[-7.629125264847532,57.523382734021794],[-7.635585502288182,57.525883801130064],[-7.639236220662707,57.525634703024984],[-7.646446218404218,57.52945630797491],[-7.646964629817185,57.53182732977441],[-7.641452772774631,57.532866684069496],[-7.647356091117389,57.53623832328031]]],[[[-1.3014055597993,60.097173457323755],[-1.307290643710226,60.09649948428083],[-1.317584627674078,60.08998007202698],[-1.326190929446647,60.08228668344587],[-1.329240280597873,60.08214502314828],[-1.333069559012599,60.07639516897156],[-1.327276675594911,60.07433026295353],[-1.327689749973799,60.069568842954645],[-1.331163109769058,60.06457148961983],[-1.327723072118521,60.06174264070696],[-1.332310068374173,60.052512636795726],[-1.338074353578422,60.050714293427305],[-1.341375800887956,60.045423969612116],[-1.341450539626353,60.04256890613548],[-1.330846322056857,60.042309167050675],[-1.33246673917074,60.04607971047706],[-1.32350155837069,60.05209975081296],[-1.318608472507953,60.0599405825074],[-1.324468140055297,60.06148812014356],[-1.322520277869182,60.066087257559246],[-1.313165622138203,60.067755908928426],[-1.307314965886091,60.07475623982281],[-1.304755054675484,60.081131603009396],[-1.299102739833816,60.084940469332366],[-1.295936987045292,60.09179285460767],[-1.299087352366743,60.09710733866668],[-1.3014055597993,60.097173457323755]]],[[[-5.608730644073384,56.230393462651314],[-5.61317828662251,56.226787497791754],[-5.613629792590753,56.22363279663025],[-5.61707128794557,56.216507303773604],[-5.618737822348566,56.20809132551658],[-5.612133459882104,56.205694330650815],[-5.612732600678671,56.19869519402274],[-5.611627235017099,56.19517603090792],[-5.589035679594829,56.20471431347399],[-5.588490753903659,56.20885613583001],[-5.591815479601378,56.21154221315366],[-5.590254318300363,56.21704605969518],[-5.592480223183849,56.22087805265616],[-5.591312458830876,56.223744183103655],[-5.595390052117927,56.22676613930078],[-5.59872387455326,56.226621410599265],[-5.608730644073384,56.230393462651314]]],[[[-7.189185648549007,57.41081930312444],[-7.195233869269291,57.40979098408517],[-7.198296741609828,57.4106361011001],[-7.201775587910487,57.407603645526976],[-7.208601492838917,57.40858958394349],[-7.22249973344406,57.403693307457914],[-7.221820909753016,57.39992868018609],[-7.22992657972502,57.396693923769256],[-7.226984640798557,57.39581756091955],[-7.230992886138515,57.39231673732782],[-7.231258401092633,57.39026751726998],[-7.221239083144823,57.38644171135448],[-7.20860681518824,57.385373576207456],[-7.203502164463886,57.38621058040107],[-7.202617550267673,57.388721773113325],[-7.197537869015544,57.391852053085444],[-7.190243627048059,57.39476770074455],[-7.186468340578177,57.397353179912095],[-7.187797085467271,57.40155447558452],[-7.186230177817834,57.40343682067296],[-7.192243837855139,57.404875568760474],[-7.192073846264677,57.40855388660881],[-7.189185648549007,57.41081930312444]]],[[[-7.5266907960222,56.90230871667348],[-7.532277051367077,56.90182227648241],[-7.534653486803062,56.90026768515584],[-7.537174901276304,56.89403995663928],[-7.530686586977499,56.88810003728606],[-7.524878265611007,56.88618425499518],[-7.519615949298418,56.88134146563681],[-7.517340097559653,56.88335033559639],[-7.512210227166879,56.883680973873915],[-7.509313735668868,56.88143310207363],[-7.500164583633993,56.88070346671942],[-7.501148356414392,56.884534538552074],[-7.497479322980631,56.88842254320593],[-7.49895724972196,56.89588583874066],[-7.500716887394082,56.89912017173531],[-7.505047508358774,56.89870838435921],[-7.510145462259298,56.90188864949866],[-7.514443702517831,56.90246888722414],[-7.5266907960222,56.90230871667348]]],[[[-3.310850055892033,58.941052853064164],[-3.315312697412371,58.939636933050394],[-3.310613778932134,58.93153293599168],[-3.307804902169495,58.924799113814096],[-3.297766455886296,58.9218312729158],[-3.285021662817198,58.91945454156575],[-3.278681938532095,58.91995033665649],[-3.265699214925105,58.92395907309045],[-3.264954894161453,58.92990855838495],[-3.27064863010866,58.93389800856911],[-3.273024287490546,58.93725978921617],[-3.2786079967308,58.93789267629133],[-3.278350954045616,58.934189418615276],[-3.282591240680409,58.93262503892071],[-3.288720204509578,58.934846309705826],[-3.290552240904095,58.93742191986236],[-3.303746251160558,58.9407869773719],[-3.310850055892033,58.941052853064164]]],[[[-3.116436203654903,58.697329820130065],[-3.123294024504717,58.695092090947945],[-3.125097330570325,58.69311833279158],[-3.128419913709302,58.68168428155391],[-3.132699782083735,58.68021588899446],[-3.131935569215786,58.6753159051286],[-3.134821349553883,58.67215406642836],[-3.141660199264422,58.670893597155],[-3.139102257874238,58.6665843842333],[-3.132779030059264,58.666442627394886],[-3.128069509971403,58.669342893502474],[-3.123586126073091,58.670077315129525],[-3.113417459436612,58.669668141743124],[-3.10669545265531,58.67104825156911],[-3.106175649626013,58.67684860513508],[-3.103945081161502,58.68037151811829],[-3.100131807772795,58.682946892681635],[-3.106518590655455,58.687617379669256],[-3.1128280084298,58.6958674190626],[-3.116436203654903,58.697329820130065]]],[[[-1.474253438469986,60.34142402412029],[-1.48329167101229,60.338644583161425],[-1.488120405298933,60.33334330009928],[-1.486421080502149,60.33106600076275],[-1.490916679806939,60.3270553758816],[-1.483865282772702,60.325811561146764],[-1.466587734263094,60.327144082651145],[-1.46662291637751,60.323871429753424],[-1.473452630825452,60.32250692634441],[-1.474404485295089,60.32524475366102],[-1.480915514329724,60.32285052720123],[-1.482422794498806,60.32027049304745],[-1.475519431196841,60.317580312770865],[-1.479441833660613,60.31418465863217],[-1.476867257532794,60.311620065695195],[-1.469180866034747,60.311827535035555],[-1.469083621329712,60.31615496438088],[-1.456749845628428,60.31928365850013],[-1.448907803704779,60.32378571504283],[-1.447253059696585,60.32689002681852],[-1.438439279267731,60.32609438492603],[-1.440435697109502,60.33006248369937],[-1.451999058533822,60.32948660441366],[-1.45822690034488,60.33177479714604],[-1.458897926528599,60.33500542496215],[-1.46707698760303,60.33546943555766],[-1.475785659240404,60.33307437470875],[-1.475773686330281,60.335858663154795],[-1.469400794433605,60.33848663509614],[-1.474253438469986,60.34142402412029]]],[[[-5.633779141076,57.84786080721165],[-5.64155180316,57.84432217465704],[-5.644762091641947,57.84005852910559],[-5.639752962547288,57.836696466462136],[-5.637993741609822,57.831959864155166],[-5.633427098797768,57.830378356416034],[-5.620791405574657,57.82343769667402],[-5.616278780004705,57.821872028375346],[-5.606103438187172,57.82072198329435],[-5.602115455209374,57.821294850804605],[-5.599163626291062,57.82583501304873],[-5.600961838499076,57.83108427490337],[-5.603888734094937,57.83293384178303],[-5.61480357830321,57.8366673717955],[-5.626721741419238,57.83986155344506],[-5.633824344619253,57.84317757300883],[-5.633779141076,57.84786080721165]]],[[[-5.179423715338689,58.39013121449079],[-5.188504415378914,58.38843581155425],[-5.201868135184291,58.386798925592764],[-5.20221065477052,58.3839727246866],[-5.20941833738973,58.382408036593645],[-5.21012744069327,58.37731669160962],[-5.204544421575084,58.37386607427782],[-5.198480872553953,58.371896724927694],[-5.18866471243416,58.37269000939898],[-5.186161572867253,58.3750936445522],[-5.180621002797796,58.3754067620664],[-5.177441522652836,58.37410617170845],[-5.17054139147601,58.37509072779511],[-5.169401665700168,58.37802194443822],[-5.165312889617299,58.38193836784944],[-5.171075762852988,58.38665794263016],[-5.179423715338689,58.39013121449079]]],[[[-1.037614518083739,60.15453762727083],[-1.046972744463481,60.1507888978765],[-1.042468563326559,60.148668708635874],[-1.044514264958658,60.14519940011983],[-1.032491196338978,60.14651752590055],[-1.032971199761938,60.14151492199456],[-1.027777223326632,60.13874265711702],[-1.020858831382602,60.13314235216078],[-1.013820178880674,60.131339166342386],[-1.008067556605608,60.13467706148556],[-1.010135343866369,60.13835619848732],[-1.00431388802523,60.140045672240355],[-1.003453350189985,60.143792686407316],[-1.005444604439031,60.1506051974707],[-1.008914644579243,60.15200505092311],[-1.021752250513106,60.15216770968982],[-1.028181904132815,60.151272123918915],[-1.037614518083739,60.15453762727083]]],[[[-2.962619320551811,59.12767731472454],[-2.970997229954649,59.12596423000126],[-2.975674311682622,59.124007257472506],[-2.986171182298519,59.121314496565226],[-2.99596362805036,59.11655350927115],[-3.002972407611112,59.115948114202276],[-3.010575857285025,59.11158369288613],[-3.005037065143469,59.11160334273858],[-2.997639866144536,59.113533829103],[-2.988163761647364,59.11207688071092],[-2.980356702126688,59.11351196845296],[-2.969157979911934,59.110331560780516],[-2.963575201141428,59.11188552037726],[-2.962880952023771,59.11378114111699],[-2.953482708018914,59.11488514264055],[-2.950694938097588,59.11795997456613],[-2.954257705490657,59.126237478180805],[-2.962619320551811,59.12767731472454]]],[[[-5.409247075323526,58.023837059153706],[-5.413556630875744,58.02301579351566],[-5.41494854356719,58.01683012546524],[-5.420452319012047,58.019777855657836],[-5.419340728733626,58.01076598839587],[-5.421199939337872,58.00868898884822],[-5.420455652730928,58.005329250795256],[-5.41423630493146,58.00572121447454],[-5.416082089097333,58.00226038430553],[-5.411098931484831,57.99971560698438],[-5.404829014493017,58.00116914793541],[-5.397538404624566,57.99998901855337],[-5.390812637324913,58.003876484454594],[-5.384185350180228,58.004520553243445],[-5.383422563501774,58.00827563287891],[-5.391403613690049,58.00940221152026],[-5.395624532940021,58.00789266877138],[-5.402939625185913,58.010329791192135],[-5.4003855440263,58.01651494106295],[-5.396507338950156,58.01803884032851],[-5.403216275930531,58.0228615895422],[-5.409247075323526,58.023837059153706]]],[[[-3.168797035951417,58.857026999535364],[-3.175898756307523,58.85455992272175],[-3.175395492592076,58.851986781961664],[-3.179160914450434,58.85058274022151],[-3.182107492719923,58.84677451845099],[-3.181149304895734,58.843828331536926],[-3.175649809349016,58.84108525964166],[-3.172578025281683,58.83427817026144],[-3.166257024531208,58.83253912865927],[-3.157037683942683,58.833470897900916],[-3.149625252624149,58.836927711529995],[-3.148491709795535,58.83984335314291],[-3.15221547005478,58.84449406272433],[-3.157900218101259,58.84607783829497],[-3.156894105453015,58.84812568219143],[-3.162825225076582,58.85031329498168],[-3.159089068414702,58.854685002687106],[-3.168797035951417,58.857026999535364]]],[[[-5.854765910200986,57.357335710934926],[-5.859101952755118,57.3530846237591],[-5.852368333841188,57.35034206593485],[-5.853787204559507,57.34793385106523],[-5.849666119735109,57.343209366718284],[-5.84955744478081,57.340744588080526],[-5.845648525011526,57.33739815119786],[-5.845549850138871,57.33542309229154],[-5.834546328191552,57.33258550148216],[-5.822147731323156,57.33461768479227],[-5.818686323784079,57.33856935237944],[-5.821649675367208,57.34317533851167],[-5.828796442762283,57.345928467047194],[-5.829619227363068,57.34823661049322],[-5.835296624153186,57.35131828892099],[-5.841280205391857,57.35230889540064],[-5.844161743207261,57.34869171690673],[-5.848440680907093,57.35111427318284],[-5.849971006039809,57.353890663508864],[-5.854765910200986,57.357335710934926]]],[[[-2.963285030449474,59.09133944996753],[-2.968920184467366,59.08940879272047],[-2.979544616458253,59.0898283410895],[-2.989392220856939,59.08901985837213],[-2.993080355346204,59.08698802551956],[-2.991672104973923,59.084751766553254],[-2.993009752866488,59.08056088559155],[-2.985548354974139,59.079191601409136],[-2.979143920690174,59.0793227221461],[-2.974017413905701,59.07173107302776],[-2.961057500026343,59.0751659490224],[-2.956141165118622,59.075714194999144],[-2.951647214714939,59.07350470008646],[-2.946006749312056,59.07854026552983],[-2.951665325894966,59.080960561479394],[-2.95731061620155,59.0806837290981],[-2.960343773286275,59.08364569439189],[-2.958907490255314,59.08770045267269],[-2.96510715882282,59.089664430129815],[-2.963285030449474,59.09133944996753]]],[[[-0.989875998608935,60.61985942565511],[-1.000017766408421,60.618952312988185],[-1.000508582226792,60.611054460972795],[-1.006540563490869,60.60676695484765],[-1.010957777521494,60.60596459655546],[-1.014839371023967,60.602051411506615],[-1.012253798605147,60.59880889472152],[-0.99941133167031,60.596917742147276],[-0.999558063690094,60.59985050117855],[-1.003080290906413,60.60495890543645],[-0.995700378935184,60.60676691997499],[-0.988976355484953,60.602756564454594],[-0.979446597872783,60.603519333208155],[-0.978788405268625,60.60788263457916],[-0.970618932725864,60.609467754662525],[-0.968288918101084,60.61265087052414],[-0.97028454170008,60.61566972902506],[-0.975779865426909,60.61810027219299],[-0.983903319383759,60.6160071796186],[-0.989875998608935,60.61985942565511]]],[[[-1.584831432471887,60.209807442556645],[-1.586946298870122,60.2102180789078],[-1.597085174635324,60.20663514589932],[-1.600254814615796,60.20709365503005],[-1.603104827012996,60.20189441897622],[-1.605907837661085,60.201302071395254],[-1.601018060688945,60.19621347996989],[-1.594795099494362,60.19554816421568],[-1.587445632850495,60.19125155716255],[-1.58222057047054,60.19446317107305],[-1.575365852076493,60.19529444389755],[-1.570676727691638,60.1932276734532],[-1.567697937561283,60.196221490449396],[-1.563084235738521,60.19461262717471],[-1.567954804421043,60.20344592713106],[-1.575619990580333,60.2064992342053],[-1.575746733963619,60.208422936130205],[-1.584831432471887,60.209807442556645]]],[[[-5.690533130704731,56.23688707876498],[-5.693542646012194,56.235196663149004],[-5.698777307016529,56.22996887077935],[-5.701879839166205,56.22131157359277],[-5.712845691908585,56.21881004673601],[-5.712789972812011,56.21490131773365],[-5.714780879626771,56.20996804822259],[-5.711379607258775,56.20816412405742],[-5.701651616584829,56.21150872769818],[-5.698776129858326,56.202185335677],[-5.686175751919947,56.20240930217397],[-5.688799816648089,56.20738860803067],[-5.693849919275888,56.21015985343189],[-5.693241474709881,56.215402070844426],[-5.69090531127263,56.21652840428288],[-5.691889669992751,56.22692003459657],[-5.690533130704731,56.23688707876498]]],[[[-1.275867068476847,60.13183557477134],[-1.279581950860285,60.129793278505495],[-1.287782077079814,60.12914259174449],[-1.293613908764217,60.126528502532814],[-1.29818416780215,60.1276805702277],[-1.30093490359838,60.124508362876874],[-1.29966488679709,60.12202428713518],[-1.29994140055513,60.115775292413986],[-1.296677727472317,60.11400166674148],[-1.298013051871507,60.108737006954776],[-1.305431317389661,60.105739302856826],[-1.306278642790164,60.103162200559595],[-1.31064009834525,60.09919098269216],[-1.302141539293229,60.09893547825403],[-1.294178389955213,60.10173704102461],[-1.286045525873947,60.10650188681961],[-1.284197302295385,60.112521511330954],[-1.285404567018804,60.11775037591082],[-1.282855717033761,60.12533576352695],[-1.276430730288632,60.12591503174941],[-1.272869542566498,60.13071292211761],[-1.275867068476847,60.13183557477134]]],[[[-4.938254940217234,55.7350709728451],[-4.950859937323381,55.73107853307521],[-4.960846152345717,55.726697602170184],[-4.966321167882795,55.723175545230006],[-4.968072659041429,55.71846954761522],[-4.95372060864935,55.709488491843146],[-4.948288630418407,55.7117342863907],[-4.942644721113935,55.72090573464616],[-4.942184602485562,55.72719215793273],[-4.937926163462197,55.730361281572144],[-4.938254940217234,55.7350709728451]]],[[[-7.389097317052985,57.062363887575394],[-7.395373753785048,57.06037406363212],[-7.401767227307896,57.05477008558328],[-7.404122212177997,57.046960196108195],[-7.39945530049088,57.04353980354428],[-7.394636631814916,57.042078680265554],[-7.385909588237864,57.042576884515725],[-7.382578166748155,57.044592381717536],[-7.37903280176394,57.04934827872995],[-7.371453659754757,57.051856802084195],[-7.374917554038055,57.054565042078416],[-7.377698017093729,57.059219468308974],[-7.389097317052985,57.062363887575394]]],[[[-5.082245473224566,55.53745546358047],[-5.089048746993243,55.53617370292335],[-5.087220396193207,55.52559375185124],[-5.077034605732647,55.52159355682527],[-5.072352066247669,55.51549918908474],[-5.07063723897382,55.51185368049166],[-5.06817365730591,55.51118100499518],[-5.061361609112389,55.5128124804848],[-5.059737529780062,55.51658389077077],[-5.064159791005198,55.523939320652914],[-5.075146950403198,55.535876486969386],[-5.082245473224566,55.53745546358047]]],[[[-7.576985131519799,56.861054630815154],[-7.583512097493132,56.858606444082575],[-7.595024248297031,56.858350608429504],[-7.593719449324816,56.85605558264687],[-7.59402887863241,56.85115434571677],[-7.598492351589685,56.84942356859121],[-7.587543121567016,56.84782290724083],[-7.581724901051778,56.84889849717152],[-7.568608873395712,56.847244824891476],[-7.568058970644234,56.85033408347096],[-7.563599849715029,56.85425514121807],[-7.557119459888114,56.853374537246786],[-7.556004078435627,56.85128673053326],[-7.54841935586188,56.849545942114304],[-7.552131715064458,56.85363758909311],[-7.558501335749144,56.85653498736104],[-7.567972374655591,56.859509430605485],[-7.576985131519799,56.861054630815154]]],[[[-6.72570128106419,58.008288112532306],[-6.736415582301357,58.00620667692201],[-6.741128415037564,58.00109411053314],[-6.738303953639673,57.99679548150966],[-6.731955433568157,57.993062723408464],[-6.725181863763882,57.985586397264846],[-6.71893954376886,57.98628194473239],[-6.7129596057127,57.99220082143028],[-6.712342116658086,57.99403357782092],[-6.720047669350533,58.00488328470324],[-6.72570128106419,58.008288112532306]]],[[[-7.288743465326385,57.720624991600026],[-7.296743978073149,57.719502284357354],[-7.301868835197537,57.71660559639652],[-7.301249918081537,57.711524820318196],[-7.29548253463332,57.70373819238577],[-7.290993407142286,57.701525551267466],[-7.278511391237404,57.70018983112111],[-7.274409565514312,57.70197200834613],[-7.281278653164765,57.707862384364006],[-7.274693766435151,57.71418018442633],[-7.276258612731328,57.71660742091653],[-7.288743465326385,57.720624991600026]]],[[[-5.161677554658175,55.80523802406181],[-5.166062340919881,55.80400135267447],[-5.167991621516078,55.791019678663424],[-5.164280781891529,55.78284915189615],[-5.158731399969462,55.77677103484728],[-5.154291609323411,55.776799762123595],[-5.151753149934113,55.78091486681279],[-5.148269165307972,55.781822311478074],[-5.147477366783122,55.78475980551793],[-5.151957813475059,55.790353433798764],[-5.158369180389524,55.80351167965567],[-5.161677554658175,55.80523802406181]]],[[[-0.911743790887934,60.67953969795083],[-0.916798004817695,60.679109216540056],[-0.919889364101234,60.677048319342624],[-0.918370720703004,60.67238943492306],[-0.910012132949308,60.67087165034504],[-0.902907694570659,60.667478022423744],[-0.900789491885477,60.66519797076086],[-0.901058766787237,60.66105637751341],[-0.891355778842021,60.66362978680263],[-0.888432236779563,60.66059312064705],[-0.882551245766261,60.66267224077007],[-0.884502378205952,60.66709720349706],[-0.879241978484269,60.667075765405805],[-0.875933846261773,60.67089558653594],[-0.879609431606102,60.672300146592825],[-0.883429823699821,60.67059008823343],[-0.895740730077239,60.67664063605727],[-0.904160263132833,60.67692968942445],[-0.90658216148943,60.6795165691472],[-0.911743790887934,60.67953969795083]]],[[[-2.739393024976271,59.247047089392474],[-2.745000882088047,59.24565634596863],[-2.748118504530181,59.242325563463],[-2.748939325630377,59.23667573311781],[-2.7468170165801,59.23347922880928],[-2.742873394811181,59.231361782918256],[-2.731352198397388,59.228367470695645],[-2.723253811322301,59.228798036490005],[-2.718929392125213,59.230050541891124],[-2.716394824646331,59.23393777841138],[-2.726866293966924,59.23822978211791],[-2.727847146377028,59.24173114822943],[-2.730937240208936,59.24220953569199],[-2.737064307918891,59.247754495271586],[-2.739393024976271,59.247047089392474]]],[[[-5.865054288029675,57.284931408553476],[-5.868948756206297,57.280279777461686],[-5.872216404554975,57.28048922381794],[-5.872729912066748,57.272902624760285],[-5.868601965754087,57.26986946221637],[-5.869737620527738,57.26733035796503],[-5.847337543027997,57.269911679722476],[-5.846146084316938,57.2759049092006],[-5.849297598882763,57.27691423497346],[-5.854905407760053,57.284020634740166],[-5.861647789592166,57.283085109532834],[-5.865054288029675,57.284931408553476]]],[[[-7.090035192067193,57.749312461943724],[-7.097383839062286,57.74545769169133],[-7.093606085958685,57.73921556776594],[-7.084165354868992,57.73486955340482],[-7.074735260852793,57.73497883620547],[-7.066011097060794,57.73214398466852],[-7.058048902527011,57.733061383733606],[-7.066557084193299,57.73735850663275],[-7.069345605339379,57.7418262634837],[-7.080994454659775,57.74420145165073],[-7.080678568297774,57.74620257560281],[-7.086055794908012,57.749890194114165],[-7.090035192067193,57.749312461943724]]],[[[-7.64386360468034,56.790025032941976],[-7.651757229367452,56.78945950302045],[-7.660756402109176,56.78557575962441],[-7.654021100983487,56.78348792913017],[-7.645391990950944,56.78270088417696],[-7.641766802103676,56.779098535142346],[-7.635818748006278,56.77792364680933],[-7.631143457649147,56.77834250245958],[-7.628612000026544,56.78053632328758],[-7.623122710094875,56.78017713709322],[-7.620710887268999,56.78382799989306],[-7.613114343239502,56.78407213714151],[-7.617531453012919,56.787995026038786],[-7.629486086956549,56.788372500260365],[-7.632906288393081,56.78995928992196],[-7.64386360468034,56.790025032941976]]],[[[-7.080166097894657,57.77430934953881],[-7.084978157032383,57.77400428792262],[-7.085525194408211,57.77160067262621],[-7.099195037505478,57.76746441738895],[-7.096313183541983,57.76392769213341],[-7.092419334951311,57.762879002503226],[-7.088722422088267,57.75952342825048],[-7.081083523022835,57.755660526229384],[-7.077977757177963,57.751768054580765],[-7.073270463870247,57.751444299755136],[-7.069685462955114,57.75947432769585],[-7.074406076168308,57.762280969115444],[-7.073551052639431,57.766139159658685],[-7.077314159711728,57.766559369191654],[-7.077104064944722,57.771636907258234],[-7.080166097894657,57.77430934953881]]],[[[-1.386593721211705,60.34299831081202],[-1.394612945534283,60.34118440690737],[-1.393276996167581,60.33536446830505],[-1.402522185501083,60.330358265694066],[-1.403369684559979,60.32688002786819],[-1.401468568028181,60.32439330241544],[-1.395685671744895,60.32134130186433],[-1.390504003938137,60.32154666673364],[-1.387007024746291,60.325470596497624],[-1.381187179050978,60.327982061874074],[-1.383264031028405,60.3305866072208],[-1.378276066331488,60.33433909449178],[-1.3765322602801,60.338411888659664],[-1.380751744398276,60.34134073261458],[-1.386593721211705,60.34299831081202]]],[[[-5.474796671022236,57.8991952017415],[-5.480114700798413,57.898581986744325],[-5.481555436879946,57.89471755316475],[-5.481356463073836,57.88882609938474],[-5.476983620578671,57.88235247668322],[-5.466575983232037,57.878196747350714],[-5.460240589301579,57.87837876919042],[-5.459595339927372,57.881583010757005],[-5.463659484932991,57.89399842776639],[-5.467085873536234,57.89898368294879],[-5.474796671022236,57.8991952017415]]],[[[-2.833147825704725,59.241888365754136],[-2.833885347354258,59.2389999869185],[-2.837201471718118,59.237208609146585],[-2.832979854675841,59.234071887868716],[-2.834530300936348,59.23175573944572],[-2.829467575108576,59.22865124120244],[-2.831994814018898,59.22521978308493],[-2.830295538020915,59.21910232595459],[-2.831437388373867,59.21376327016077],[-2.828024646295012,59.20953456221159],[-2.828833232724519,59.20525286194403],[-2.824954400850327,59.20313747832934],[-2.820911251540994,59.204075511863074],[-2.817107123109625,59.20718341531726],[-2.814745747340028,59.21118830687158],[-2.815310891953554,59.21483625385949],[-2.819510082681919,59.2169867220792],[-2.820319894379525,59.22000087204429],[-2.827019847233537,59.22786128484037],[-2.825570131319454,59.23283584189989],[-2.833147825704725,59.241888365754136]]],[[[-5.882545681892607,56.670959650837304],[-5.890465632864244,56.66620271788231],[-5.896126292033445,56.66132723690669],[-5.894871517956256,56.65265797338012],[-5.889100705080178,56.65091440118492],[-5.879045939327589,56.65567948942019],[-5.87102157065905,56.665375419322366],[-5.875224363732948,56.66646737557408],[-5.882545681892607,56.670959650837304]]],[[[-5.903859928592634,56.91642571960369],[-5.910787171236991,56.90777454238025],[-5.920249148157886,56.90537802980033],[-5.924585901486931,56.90574973260178],[-5.934154243741524,56.90406364894399],[-5.933804498184993,56.90097697842892],[-5.92605078993299,56.9011582717421],[-5.919554965514879,56.89766687341411],[-5.915464472420389,56.899948858998265],[-5.91044603219808,56.89988595836198],[-5.908789561527747,56.90376386575034],[-5.903573737898653,56.905905343796846],[-5.888263101020152,56.90983620420169],[-5.889083950068924,56.9134567479036],[-5.893324420610146,56.91534315519729],[-5.903859928592634,56.91642571960369]]],[[[-1.188386977952705,60.00875470603508],[-1.19284725608959,60.00749347121011],[-1.193221633321009,60.0027949562487],[-1.185852582446457,59.999499123836245],[-1.181846569945763,59.996551548225895],[-1.181521635426033,59.9922842464033],[-1.172289324825587,59.98981576665693],[-1.159163264607263,59.99324396178472],[-1.156893731167953,59.996848278276715],[-1.162052033989835,59.99738840953986],[-1.17074540286572,60.00210359510232],[-1.17141795871655,60.003531069320815],[-1.180681821756469,60.00560022554037],[-1.188386977952705,60.00875470603508]]],[[[-6.49224633686306,57.34529945786094],[-6.49716872074508,57.34513318414456],[-6.505353494414509,57.3418087443094],[-6.506602894936099,57.33958728637375],[-6.511936949531105,57.33730905625847],[-6.514785795675034,57.33382927276677],[-6.511088877446493,57.33121886364319],[-6.507274705417366,57.33218781746534],[-6.501190741475391,57.33160107320828],[-6.498358979388754,57.32932356148925],[-6.492984178710887,57.32997471407649],[-6.485014494682091,57.34158337876122],[-6.487799398058116,57.34449695882718],[-6.49224633686306,57.34529945786094]]],[[[-5.389257332372415,56.59586969595197],[-5.400890526846433,56.59213110013],[-5.4044995020677,56.586427006571796],[-5.403136817684285,56.58386625160661],[-5.396310222532636,56.577144340828454],[-5.390015091337319,56.57914577929211],[-5.384903158391571,56.587915499228906],[-5.382682065263477,56.59568931478026],[-5.389257332372415,56.59586969595197]]],[[[-0.759439077454537,60.431067734006135],[-0.760684045746211,60.43200870064397],[-0.772312682834617,60.43027992817087],[-0.774429341684134,60.42549081618608],[-0.773667001692522,60.42291833184137],[-0.78404366353525,60.42017580931805],[-0.790416401686872,60.41703883434357],[-0.798014373848225,60.411908368785134],[-0.795395202392816,60.41080717676394],[-0.782428567306391,60.41761535163776],[-0.778757461407923,60.41745157182114],[-0.768039720740297,60.41952334471361],[-0.764006041178371,60.41833302711894],[-0.752253115262604,60.41999254399566],[-0.760972119824738,60.42371689413157],[-0.758962189590149,60.427848589644555],[-0.759439077454537,60.431067734006135]]],[[[-4.357756088455866,58.563207417563405],[-4.35522990275211,58.558366176171326],[-4.348975400466034,58.55675121537357],[-4.3470749155388,58.55314276002503],[-4.350675833018203,58.55018838274523],[-4.339514315643039,58.548159588566854],[-4.335373166019147,58.55036877339369],[-4.333809422751876,58.55412125511769],[-4.330539636022357,58.554324387674484],[-4.328334634821771,58.55762123817441],[-4.329398156767686,58.56056233290009],[-4.333939291450871,58.56240256922142],[-4.339926980075231,58.56040238305188],[-4.346900256059456,58.5613218396893],[-4.349997187914968,58.56289140953522],[-4.357756088455866,58.563207417563405]]],[[[-5.572968748855696,55.28638286734739],[-5.579993242894049,55.28356029937683],[-5.584623363254379,55.28616226875934],[-5.594049757293961,55.283690863907516],[-5.59740091507575,55.278682565110756],[-5.591419063920764,55.276111905570225],[-5.581714783248374,55.27539474737688],[-5.57986125382998,55.27772407289746],[-5.573419818059577,55.277297066580736],[-5.566954551754484,55.27923522003641],[-5.564838574607019,55.281108901424695],[-5.566262786694637,55.28451555554606],[-5.572968748855696,55.28638286734739]]],[[[-5.228081865600385,57.94928709856487],[-5.239340664055295,57.94793619221489],[-5.234710692569865,57.9424627191411],[-5.224005220168453,57.93881620661536],[-5.221335318715541,57.93637181243486],[-5.212053297666159,57.93707886380542],[-5.216232612658442,57.93930545633604],[-5.211746041255814,57.94450624629951],[-5.208064852750077,57.945871105945564],[-5.213724386099013,57.94942206807288],[-5.216980784383411,57.94838958046053],[-5.228081865600385,57.94928709856487]]],[[[-5.437823623468118,58.053588924177774],[-5.441772003892754,58.050834905106036],[-5.446446584351336,58.04972851321084],[-5.451430386676889,58.04278430367979],[-5.449166706611001,58.039789522199776],[-5.444864286114536,58.03867468944839],[-5.433453155536768,58.037657493979175],[-5.430840877836699,58.041256099404656],[-5.422790841129377,58.04636922430306],[-5.428982266169239,58.04803433361962],[-5.436659001077275,58.04888328217212],[-5.437823623468118,58.053588924177774]]],[[[-7.351166420227951,57.01933643583912],[-7.363703695406289,57.01424027035738],[-7.362396111425625,57.0120961523091],[-7.356231231443021,57.01075450825775],[-7.340766561151455,57.00977485177392],[-7.333835925161881,57.00619263704826],[-7.330478036680402,57.01118205597722],[-7.335337285395132,57.01274275134032],[-7.337043859758831,57.01583745610357],[-7.342816750675598,57.016449011049126],[-7.345368426573196,57.01865793478244],[-7.351166420227951,57.01933643583912]]],[[[-6.365371207651708,57.904999410580366],[-6.370941799532916,57.90218587523651],[-6.375726188636006,57.90360362661209],[-6.381572812333848,57.90299244962428],[-6.378752325592857,57.899879277727784],[-6.369655158484881,57.898412562976844],[-6.359446077695643,57.89445634234661],[-6.357767877066323,57.88688325090416],[-6.350487696458272,57.88421059428315],[-6.348227162717176,57.88632065736319],[-6.348959402508487,57.89160604240887],[-6.351197551473095,57.89391243094064],[-6.357925644968867,57.89494031174226],[-6.358005541003423,57.8990115230876],[-6.356089774607857,57.90271516217327],[-6.357963777412047,57.90423805903154],[-6.365371207651708,57.904999410580366]]],[[[-5.820269643485211,57.73672637922471],[-5.82408081168448,57.734057805944744],[-5.822582788138167,57.731095670712726],[-5.814623068769035,57.72980759317857],[-5.811681534520069,57.72717209022858],[-5.808068801521976,57.726777454507996],[-5.79956640465839,57.72822898524186],[-5.794818493720591,57.73047090377046],[-5.789755206445132,57.73620595612526],[-5.792015449763062,57.73748230118343],[-5.806434292461668,57.73496328337084],[-5.815442854859897,57.73519081238998],[-5.820269643485211,57.73672637922471]]],[[[-5.753496853691432,56.24988729610259],[-5.757413041746656,56.24981771334514],[-5.772014251913056,56.24636687096469],[-5.778108533718016,56.2402056457945],[-5.774837112167909,56.236583077398286],[-5.76260925678398,56.240961932463435],[-5.75336957226402,56.241699777845554],[-5.749846912990923,56.24601213950942],[-5.750225483661414,56.24897148273081],[-5.753496853691432,56.24988729610259]]],[[[-7.13196769308536,58.08677331604665],[-7.139243944367434,58.08374395269575],[-7.132169882070198,58.07956252817495],[-7.13608077407408,58.076466759512854],[-7.127422170338686,58.07276755639337],[-7.122890685168957,58.073377747387255],[-7.118567409564205,58.07171199705041],[-7.116819560955071,58.077639813277315],[-7.118691005880095,58.083637790560076],[-7.123403096920618,58.086462082256645],[-7.13196769308536,58.08677331604665]]],[[[-7.260072417597096,57.401639585414586],[-7.262359787393394,57.39905563581463],[-7.257724502535669,57.39782796730049],[-7.265409071495572,57.39462105072119],[-7.261883926875934,57.39157065616314],[-7.264129690616968,57.38841248089018],[-7.251634531228722,57.391221298991326],[-7.247823882897229,57.390098293156534],[-7.245276966574013,57.39292137131681],[-7.240326797780111,57.39261600222503],[-7.240239260322644,57.39998047893001],[-7.248111401366629,57.39977777768556],[-7.252868079292227,57.398193145296794],[-7.260072417597096,57.401639585414586]]],[[[-6.442266099203955,58.005185058600894],[-6.447360366596439,58.00368373736262],[-6.448214659922002,57.99951670407083],[-6.43187915291952,57.9977586866578],[-6.430376274649475,57.99916468352509],[-6.423105981157279,57.99872569090533],[-6.420254079782811,57.99682395603125],[-6.412365539252229,57.997822363582266],[-6.420537211041559,58.00542542544993],[-6.428377171968165,58.00409097739366],[-6.435777000498147,58.0041303474388],[-6.442266099203955,58.005185058600894]]],[[[-1.027493525474088,60.37050877290416],[-1.036965761710074,60.36904213529894],[-1.039761296987629,60.36492720073239],[-1.046364071319199,60.36263099639396],[-1.043379832680248,60.35868543944485],[-1.04372146681268,60.35166575902162],[-1.039031839048869,60.349683355775504],[-1.031686633114217,60.3545357083929],[-1.033836796771452,60.358369524501036],[-1.024515518259571,60.36974166043054],[-1.027493525474088,60.37050877290416]]],[[[-6.888304430097866,58.27079453423438],[-6.883699786385466,58.26514148549147],[-6.881978249624129,58.261199629271864],[-6.878893052978921,58.2595589751551],[-6.869743947700184,58.2615415152366],[-6.866229715147347,58.260438721030056],[-6.857915547757965,58.2635984857842],[-6.85888503379837,58.266246856334135],[-6.868764647892254,58.266211886382216],[-6.876332607745443,58.27002941956875],[-6.888304430097866,58.27079453423438]]],[[[-5.509526538780252,57.968188898875965],[-5.513932292256728,57.96395001938125],[-5.519229734428265,57.961484097578804],[-5.52562503553558,57.961333650242544],[-5.51697583131047,57.95643618613456],[-5.517861008126788,57.95433965167356],[-5.498212778440785,57.95677474995683],[-5.498905904116537,57.96102099268461],[-5.504333246103585,57.96013870750377],[-5.503889762480721,57.96416909587471],[-5.505720453432896,57.967237802899284],[-5.509526538780252,57.968188898875965]]],[[[-2.705764134575965,58.90519461156823],[-2.706808298847553,58.90294547253883],[-2.701119907336399,58.90189337453907],[-2.698704461732065,58.89865447483618],[-2.693204815819001,58.9006536128655],[-2.690942933453031,58.89837200822993],[-2.686542286141139,58.89909777501037],[-2.682338679504342,58.897766626641655],[-2.684733956868665,58.893836486689345],[-2.681510113061952,58.891380197223704],[-2.672464709811933,58.8957474133598],[-2.664947529478091,58.900732995828],[-2.671434911396853,58.900988624588415],[-2.67467959649352,58.9027238893912],[-2.684295223388107,58.89964585609279],[-2.68816086438477,58.900200100187156],[-2.690600326887585,58.90381716131391],[-2.693367935054772,58.904291796998386],[-2.700242114019317,58.90251602111842],[-2.705764134575965,58.90519461156823]]],[[[-5.825557523986003,59.13463851274431],[-5.826461290442463,59.13059341321146],[-5.824958809827963,59.12630017401142],[-5.834797616193847,59.122723683924434],[-5.838529137626785,59.12052306928036],[-5.83352895353812,59.11888659520877],[-5.820429723338728,59.119480163528415],[-5.815551298774421,59.11790683832183],[-5.812464219487611,59.121274430484604],[-5.819891296095637,59.12343354324133],[-5.819309532297769,59.131078479132455],[-5.825557523986003,59.13463851274431]]],[[[-5.609337589874445,56.26580031427678],[-5.611850710524373,56.265466174745825],[-5.619736291326874,56.26001177439921],[-5.620968648520901,56.25758407844511],[-5.626453334998092,56.25380527191188],[-5.623875177489052,56.251189877208006],[-5.619695352871223,56.24970208573955],[-5.611805638120601,56.25137418471906],[-5.606633179880167,56.259216982869674],[-5.609337589874445,56.26580031427678]]],[[[-6.712195635749323,56.57139577707969],[-6.71729699060398,56.56833227110259],[-6.722618652922425,56.56788692481743],[-6.725619192087867,56.564124857636],[-6.729748490057028,56.564768126416574],[-6.736189450976358,56.5625972727102],[-6.734389333911961,56.55993123678766],[-6.725404489498529,56.55986450708442],[-6.708092146276591,56.56363529020751],[-6.704644771432996,56.56676614704168],[-6.712195635749323,56.57139577707969]]],[[[-3.050304577298148,58.75201015549543],[-3.057552811502433,58.750244367724505],[-3.055792114334417,58.74803139506578],[-3.063209667825162,58.74590463128711],[-3.065844954586686,58.73941614687318],[-3.071265051569489,58.738140708596795],[-3.074344199515663,58.73519156586733],[-3.068997355935262,58.734894760164835],[-3.057075571658613,58.737368779495924],[-3.05314722971109,58.739713704218424],[-3.0505286915221,58.74454469280305],[-3.051465507146959,58.74924785505192],[-3.050304577298148,58.75201015549543]]],[[[-7.323869161467861,57.026101818249764],[-7.326474722760532,57.026745697210146],[-7.336597663868602,57.02427062976166],[-7.342319839138399,57.02218108852703],[-7.342709861261985,57.01978864242544],[-7.332181412442,57.017188131431716],[-7.327808716921281,57.013847236014385],[-7.321256585384689,57.01578253306278],[-7.321323720188963,57.01843885698892],[-7.326316879251897,57.02299986202803],[-7.323869161467861,57.026101818249764]]],[[[-6.151848676198772,56.4506549158894],[-6.156613421619741,56.44997354555104],[-6.16083801759706,56.446436815458995],[-6.167062357020757,56.442857853714735],[-6.16471817559945,56.44048964297596],[-6.166260810546311,56.43838912037093],[-6.164430066809545,56.43498471231079],[-6.157732159121971,56.436005619472034],[-6.160350775698015,56.43953833816983],[-6.147398699988102,56.4432857304403],[-6.147170963823694,56.44662979627279],[-6.151848676198772,56.4506549158894]]],[[[-1.361970686192102,60.15283574035669],[-1.369760090722919,60.144863557272714],[-1.369435116151292,60.14161155234007],[-1.358676714137226,60.138372354748945],[-1.352145797634451,60.14364281880059],[-1.350148661838656,60.14721573673369],[-1.352017443114169,60.150174540621045],[-1.361970686192102,60.15283574035669]]],[[[-6.089156101388012,56.47038397914857],[-6.097407302648624,56.46778767728264],[-6.101700924622373,56.46432634894193],[-6.097288853696472,56.46257930600832],[-6.084453579251676,56.46187444779433],[-6.078226082881473,56.46325312610358],[-6.075768425837726,56.46502463374064],[-6.076535422092032,56.46808393882798],[-6.081168739236499,56.47030554680039],[-6.089156101388012,56.47038397914857]]],[[[-6.935710778429518,58.24097603639698],[-6.944477743673303,58.23863900324545],[-6.948548497996185,58.24060870111326],[-6.951349359623225,58.238921023082824],[-6.949423794517866,58.23545566268663],[-6.94147703770583,58.229659881680725],[-6.935523992033938,58.22793834240837],[-6.929271162446332,58.22859421222918],[-6.931873874503647,58.23130490728034],[-6.93175094144897,58.236059804550166],[-6.935710778429518,58.24097603639698]]],[[[-3.178241866266611,58.88774167835154],[-3.176636393172847,58.88471336252919],[-3.177353019284464,58.878797861144584],[-3.169718275670848,58.87173945899939],[-3.167597827853371,58.87149818252665],[-3.15798689770496,58.87513602726149],[-3.15689447040864,58.878155531536976],[-3.174470495658487,58.884435783671606],[-3.173773795726009,58.88660666962564],[-3.178241866266611,58.88774167835154]]],[[[-5.531361009325064,56.167230721440646],[-5.536876124849061,56.16545356507535],[-5.542970580876596,56.16103507697193],[-5.546427478396813,56.15371158266491],[-5.555663374469599,56.14732748160986],[-5.548120507084454,56.14646836456752],[-5.540103605353806,56.15401361527688],[-5.53978107093486,56.156406358168134],[-5.527690028718772,56.16622890766328],[-5.531361009325064,56.167230721440646]]],[[[-2.588786840776742,59.157202858260504],[-2.591364608919408,59.15348042145379],[-2.59954263687905,59.15293189837479],[-2.599789022387823,59.14963134766056],[-2.59376613337604,59.15031283021325],[-2.592178085584652,59.147645716233775],[-2.579893491353173,59.146561600278936],[-2.575764698697237,59.14978600619482],[-2.581467490302269,59.15309320241654],[-2.58120679354909,59.15658326438909],[-2.588786840776742,59.157202858260504]]],[[[-2.574584497537842,59.03906343724115],[-2.578095286142048,59.03561362911472],[-2.577788030191935,59.03132136956222],[-2.57347410162623,59.0239764376879],[-2.559367300420895,59.030509583250506],[-2.560262296589846,59.03433684061484],[-2.563498621867465,59.03417731070633],[-2.57097507743576,59.038606124491096],[-2.574584497537842,59.03906343724115]]],[[[-6.426262040630965,58.10891726105376],[-6.430770503059461,58.10770627626373],[-6.433386997597433,58.10995876774685],[-6.440576397885466,58.1078598501088],[-6.450578034984657,58.10347133174592],[-6.452481453063667,58.10135510446434],[-6.449965946528924,58.09916780595261],[-6.444084274665013,58.09831674592863],[-6.432543959964884,58.1019525980775],[-6.429963015151797,58.106664196039],[-6.426262040630965,58.10891726105376]]],[[[-5.118596639950369,55.258262350463255],[-5.123262708365111,55.255780293108266],[-5.124533234713073,55.249670317319385],[-5.117546896433755,55.24659287194189],[-5.111189737353534,55.247786429638595],[-5.106460293409056,55.251631663748675],[-5.114185893550689,55.25689437660927],[-5.118596639950369,55.258262350463255]]],[[[-5.445568281261437,58.01616104956429],[-5.44962397927347,58.01439259416842],[-5.454649429022969,58.01504262233788],[-5.458664704923731,58.01198505874172],[-5.451714519434049,58.01069084719272],[-5.451856418602185,58.004170055752404],[-5.447435925623303,58.00371926572835],[-5.437614999463171,58.00477634070562],[-5.434117514788196,58.00874058831454],[-5.444967729908468,58.01205055137205],[-5.445568281261437,58.01616104956429]]],[[[-3.126178610382447,59.14900117077671],[-3.128888878591364,59.14689402121129],[-3.129459979098452,59.14247486795137],[-3.125594206414252,59.13972433781146],[-3.117421528053566,59.13698392183327],[-3.116008993589427,59.140835467998386],[-3.10984331724691,59.1428507094654],[-3.108727388134536,59.14671759380285],[-3.11647042949682,59.14722149603557],[-3.126178610382447,59.14900117077671]]],[[[-8.624813972673044,57.83366493135683],[-8.636771196186334,57.83128483723089],[-8.64213391652642,57.832065852083375],[-8.649422201088331,57.82860129497826],[-8.641092486023371,57.82697672797489],[-8.641116150436606,57.823173884413094],[-8.624508675904313,57.82714978269722],[-8.624813972673044,57.83366493135683]]],[[[-6.895225237523959,58.21965552688911],[-6.897600806125269,58.21599277356979],[-6.894959356046918,58.21297267555035],[-6.896683494178514,58.20928550106608],[-6.894186396143563,58.20588651520441],[-6.887506418895624,58.203912016604086],[-6.877258100444118,58.20888830568833],[-6.8898237810897,58.21479369565302],[-6.895225237523959,58.21965552688911]]],[[[-6.419788525098258,56.50214217874395],[-6.427503883846284,56.49739212345329],[-6.422344567417449,56.49491394916984],[-6.427040833118757,56.49224135879264],[-6.428003158568621,56.487183580642444],[-6.435142322559557,56.482822329581225],[-6.434170853370701,56.48007329618096],[-6.423599583894236,56.48287958318168],[-6.424770664212356,56.486021812604704],[-6.416853807118025,56.491957184002814],[-6.421523731911119,56.4991706076456],[-6.419788525098258,56.50214217874395]]],[[[-7.054390138393518,57.66255294823209],[-7.058098334250598,57.6586300040697],[-7.060038026158971,57.65274450113351],[-7.053701447881354,57.6505107673589],[-7.043403836361747,57.64953279234554],[-7.043181792168562,57.65408974310815],[-7.046916178136815,57.65571735838896],[-7.045010035489569,57.65999077627484],[-7.048520780842391,57.66199618025745],[-7.054390138393518,57.66255294823209]]],[[[-6.045968461268949,56.62529632768605],[-6.044999947045107,56.62249971994077],[-6.051305528106525,56.622127898381045],[-6.050589573324057,56.61992469112373],[-6.040055809450747,56.61428409408762],[-6.033546171444701,56.61261171401352],[-6.032002000807262,56.615164443305545],[-6.03278402412398,56.61857777252596],[-6.03699957782945,56.621973097726],[-6.045968461268949,56.62529632768605]]],[[[-6.266570238214025,56.456479451615756],[-6.26842599543731,56.4522514566957],[-6.264197012898837,56.44734714928302],[-6.257435940066605,56.4461362224316],[-6.250168821298814,56.448744788532764],[-6.249691381161866,56.45267966235884],[-6.260721108042518,56.4545231606683],[-6.266570238214025,56.456479451615756]]],[[[-6.648111845535369,57.52738181488705],[-6.651772925936163,57.52396794923111],[-6.65411624117325,57.51888011087389],[-6.653194865346223,57.5151317439322],[-6.650215065436939,57.51385210055344],[-6.649583704385519,57.51086658152604],[-6.637431517552642,57.51190845111979],[-6.64331686552712,57.51704355665592],[-6.64666982168651,57.525973344519315],[-6.648111845535369,57.52738181488705]]],[[[-5.749077690701391,55.63984809048258],[-5.754332296113025,55.63653094478096],[-5.758684828755403,55.63003106132952],[-5.759222476662063,55.62680258217928],[-5.751020596397957,55.625428273724445],[-5.745989877895676,55.6292465053406],[-5.747132707908002,55.63405377337724],[-5.745942250082934,55.63856372829797],[-5.749077690701391,55.63984809048258]]],[[[-2.666647576128701,59.141336607384396],[-2.666807012346966,59.13632643120915],[-2.670415306329819,59.133898340197526],[-2.676454808858097,59.134368994319104],[-2.681181879194799,59.13262716411388],[-2.676824630557853,59.1284964729015],[-2.667064371015293,59.12836026638691],[-2.661560403361213,59.13394202881917],[-2.663722058163424,59.13972433453547],[-2.666647576128701,59.141336607384396]]],[[[-7.440061468884979,56.92229346393281],[-7.450215172524762,56.920661959627],[-7.451648869838759,56.91921331005461],[-7.448621150237401,56.91172747464994],[-7.440555410585186,56.912543312796004],[-7.436705008609375,56.9160366862597],[-7.435718773456761,56.91909006532649],[-7.440061468884979,56.92229346393281]]],[[[-7.3787522558963,57.00093519966849],[-7.376422246457035,56.99411966075868],[-7.369287793232073,56.99164159542495],[-7.362723140174256,56.99156393882108],[-7.360348115751735,56.993272344762076],[-7.360994603450785,56.99609731244191],[-7.36459944355993,57.00033849994176],[-7.3787522558963,57.00093519966849]]],[[[-5.349329276630999,57.99726447174439],[-5.348615754462384,57.98827230162314],[-5.35278650212253,57.9818388636366],[-5.346184544169466,57.97954556295256],[-5.338537174672624,57.98491065671585],[-5.340750349830309,57.98668614055453],[-5.339900553791429,57.9896432314183],[-5.34530962148682,57.991653684925915],[-5.345211516270512,57.99558872784497],[-5.349329276630999,57.99726447174439]]],[[[-8.49068961790797,57.87678732177013],[-8.498658996691443,57.86636634776264],[-8.492370856404264,57.866176078903905],[-8.485336829615067,57.863213499877965],[-8.480262400251933,57.86688748487953],[-8.485437957723025,57.86966648561466],[-8.485355212437701,57.87425988348627],[-8.49068961790797,57.87678732177013]]],[[[-6.772400461684488,58.206800559969764],[-6.777881794614429,58.20404580480542],[-6.778400943949587,58.20195290219981],[-6.775426663249648,58.19820994565678],[-6.766052480400125,58.19315850791653],[-6.763516683439424,58.194814957635685],[-6.766018467280554,58.20281710988807],[-6.772400461684488,58.206800559969764]]],[[[-1.36771723655977,60.12320951152033],[-1.377063464093366,60.122387268358715],[-1.377276087635068,60.11827130286556],[-1.375700539652753,60.11214905711584],[-1.367834955759566,60.1133060083316],[-1.364211254143253,60.11790847792078],[-1.359450712860107,60.11983853961803],[-1.36771723655977,60.12320951152033]]],[[[-7.150157326301593,57.623125386664746],[-7.152818887916989,57.6196648789148],[-7.151033347153773,57.616772974577486],[-7.137137962852723,57.61183319383038],[-7.136252352293956,57.61647617808895],[-7.134095715705318,57.61871451593146],[-7.143416977317382,57.6218348440181],[-7.150157326301593,57.623125386664746]]],[[[-5.556506982779912,56.14216932107755],[-5.562482294463154,56.14061233799413],[-5.5697626671378,56.1342970096367],[-5.571405141890459,56.13100370823414],[-5.566022621004942,56.130772784569665],[-5.559847787963151,56.133548613656146],[-5.555050621029636,56.138435074785896],[-5.556506982779912,56.14216932107755]]],[[[-7.326111638942675,57.149746316120954],[-7.3280940327062,57.14787832637748],[-7.325408038356591,57.145266014698585],[-7.318303191025527,57.142945081750995],[-7.314103962741397,57.14401892637903],[-7.306699306486585,57.14225456811755],[-7.300146052932352,57.143306298531265],[-7.30625845185353,57.14673663018362],[-7.326111638942675,57.149746316120954]]],[[[-6.277446257208342,56.00176781765753],[-6.281283773881286,56.00083844969948],[-6.287651720858173,55.99664957794753],[-6.283062441443156,55.99496109656082],[-6.279878891164108,55.995776054475165],[-6.273409415245278,55.99516259381615],[-6.263801252624986,55.99724058899696],[-6.269126255398662,56.001570965312645],[-6.277446257208342,56.00176781765753]]],[[[-2.565035083175843,56.19347425332097],[-2.567495431096717,56.191377663397034],[-2.563853154695346,56.18979691330833],[-2.56250207252324,56.18643478923077],[-2.549979688369962,56.179639640955905],[-2.546239474951233,56.18078919970591],[-2.548647483822153,56.18506053414923],[-2.554394482905746,56.187535239498395],[-2.565035083175843,56.19347425332097]]],[[[-6.329578176298469,55.90377503235082],[-6.337857263515244,55.90135602480234],[-6.345179681334348,55.90040934203067],[-6.344510715174358,55.89679480432567],[-6.347121534833289,55.89473724761175],[-6.344355401857896,55.892948947112984],[-6.337819123006356,55.89564602012641],[-6.326835501996007,55.90165002323548],[-6.329578176298469,55.90377503235082]]],[[[-6.970157944741283,57.94344437296836],[-6.973996610728543,57.94124889331769],[-6.967909647520353,57.938135435646174],[-6.96696362422869,57.93389552145099],[-6.957742856969431,57.93240770356589],[-6.956941468660014,57.936276066251],[-6.96039671432956,57.940099392955425],[-6.964165998565771,57.94221449190008],[-6.970157944741283,57.94344437296836]]],[[[-6.829088811654245,57.81349762112957],[-6.830023603353568,57.81161867795394],[-6.826455282276314,57.80896343904359],[-6.825572044921683,57.80574063223163],[-6.822584557421155,57.80369106135096],[-6.81362857721248,57.8056514274035],[-6.812976693266383,57.808127581748174],[-6.824663229361456,57.81287482983339],[-6.829088811654245,57.81349762112957]]],[[[-7.095806498547078,57.667805984813654],[-7.103704874655238,57.66415771328907],[-7.097228938259089,57.65941692306335],[-7.088109537265168,57.659029234171385],[-7.086000370513007,57.662002432735726],[-7.095806498547078,57.667805984813654]]],[[[-1.355811858245588,60.12696387037341],[-1.360593755194669,60.125388721458584],[-1.351148888074686,60.11926390000123],[-1.344157607728874,60.1188523628576],[-1.341909866474233,60.12067657706669],[-1.335189591781548,60.11966520112155],[-1.335285561671887,60.12249414206066],[-1.348000231372781,60.125174737557515],[-1.353292061065524,60.12329706606087],[-1.355811858245588,60.12696387037341]]],[[[-7.159110660704088,57.502982796876736],[-7.163726961746554,57.501232282715584],[-7.163545662694216,57.49859431354244],[-7.154455855246101,57.49500343743806],[-7.150342235798179,57.495932228834796],[-7.146022337583906,57.49990160465415],[-7.154585387742326,57.50301529496482],[-7.159110660704088,57.502982796876736]]],[[[-1.363990647946393,60.030786042590144],[-1.366905399820821,60.02897720907845],[-1.358802797798555,60.022060013474686],[-1.354831087527457,60.02379617644383],[-1.349976720093853,60.023857719988946],[-1.344852757357873,60.02711887892972],[-1.346468064054692,60.02891825165536],[-1.352049881803228,60.0293183604325],[-1.357897141171351,60.02713793902823],[-1.363990647946393,60.030786042590144]]],[[[-7.064040509519403,57.66547696909992],[-7.068979945755383,57.664540847576326],[-7.075966026086882,57.664673861307435],[-7.079241448336473,57.661091564635214],[-7.075696724669358,57.6604739493878],[-7.076924064210652,57.65749143733117],[-7.074091350582561,57.65584193212406],[-7.068227940625924,57.65616310372544],[-7.06348349887785,57.66353342439954],[-7.064040509519403,57.66547696909992]]],[[[-5.892897040856861,57.315366034832564],[-5.897186938631298,57.314684509712734],[-5.89553687122038,57.30734466970631],[-5.890956474183486,57.30535119192916],[-5.885345787417938,57.30707684148247],[-5.882990038207648,57.30950097417436],[-5.892897040856861,57.315366034832564]]],[[[-1.357959428674589,60.36135026692395],[-1.363523611150854,60.36138591154374],[-1.367564454999831,60.35911460380753],[-1.366889854488954,60.354636300809126],[-1.362731598600589,60.352726429242864],[-1.354651765048988,60.35489639846032],[-1.353284219714936,60.358526249911954],[-1.357959428674589,60.36135026692395]]],[[[-0.748478871877196,60.43074083686265],[-0.754220203319844,60.42834764190327],[-0.75813358304396,60.423232526294846],[-0.748200257725248,60.42262510494714],[-0.743185643651909,60.424086514465145],[-0.739932841792152,60.426947269634816],[-0.742254228264099,60.42916022461971],[-0.748478871877196,60.43074083686265]]],[[[-6.138401809392621,55.621430714932565],[-6.145086413574796,55.61866395308879],[-6.149996614501938,55.61790855449481],[-6.153480592441908,55.61441785063407],[-6.150061540068263,55.613117311775866],[-6.142326379144104,55.614953117611456],[-6.139019244663293,55.6175696385344],[-6.132058580230054,55.618699582017506],[-6.134119263667687,55.6209098618596],[-6.138401809392621,55.621430714932565]]],[[[-6.633199652912076,57.448838692903685],[-6.636633632676359,57.44858981771947],[-6.635351987087438,57.44428436233578],[-6.626514245360401,57.44321105171204],[-6.622058366873493,57.439898330517956],[-6.619290106795264,57.44069714846371],[-6.619911702080806,57.4462781736456],[-6.633199652912076,57.448838692903685]]],[[[-6.525510263299386,57.593632831406524],[-6.521342325625243,57.59103012008083],[-6.519710393634933,57.587603362533294],[-6.515581422245091,57.58645165219427],[-6.519271129298,57.582384459316465],[-6.518196158767156,57.58020141357481],[-6.519939327682939,57.5767795680615],[-6.510530813112704,57.578811995578995],[-6.508379500457529,57.58117797634689],[-6.511524550800356,57.58311164044027],[-6.512270725645759,57.58622391264959],[-6.520635501608752,57.59208080918567],[-6.525510263299386,57.593632831406524]]],[[[-5.801878554485587,56.22167252544038],[-5.798058219607181,56.22709525180988],[-5.799862973488385,56.22901794269459],[-5.813186052377066,56.22177349665452],[-5.815278685071409,56.216853236260135],[-5.801878554485587,56.22167252544038]]],[[[-7.125952916454348,57.61846545727635],[-7.128645845811526,57.61758663206459],[-7.12643912382838,57.61324046386672],[-7.130079680473678,57.61023107430416],[-7.1264927775697,57.608217524044925],[-7.120152399809654,57.60712105248735],[-7.117136034572185,57.608377245905274],[-7.123237929480084,57.617941458701345],[-7.125952916454348,57.61846545727635]]],[[[-7.250145082837649,57.195550590218495],[-7.256061875762503,57.19269270025827],[-7.254271999899091,57.18891190969169],[-7.245809168553001,57.187557116940795],[-7.240120703632147,57.19108884869099],[-7.250145082837649,57.195550590218495]]],[[[-5.709994729537137,56.23490865624595],[-5.718774344068524,56.23409797918062],[-5.725572024769081,56.231784629841876],[-5.726949466201844,56.22818692051771],[-5.724741741951873,56.2267294504114],[-5.716101471724867,56.22817658777689],[-5.711337755410278,56.231322973312864],[-5.709994729537137,56.23490865624595]]],[[[-3.095198668420689,58.804542158006626],[-3.10183189154722,58.80303063089015],[-3.111872866226862,58.79850753073728],[-3.109024788181426,58.79494391296681],[-3.098942235996764,58.79731157040846],[-3.098677303155503,58.799878067460526],[-3.093988881304615,58.80212740168866],[-3.095198668420689,58.804542158006626]]],[[[-6.747791500365744,57.87940610573973],[-6.7551385478195,57.87775869609512],[-6.754526947952057,57.87485810707268],[-6.746296401519603,57.87128072782924],[-6.738998402390559,57.875534485546304],[-6.747791500365744,57.87940610573973]]],[[[-5.122207214180134,58.47993446635136],[-5.140927071013287,58.475221558146124],[-5.13553972399201,58.47233377108803],[-5.119330865315738,58.476041135163555],[-5.116151670855782,58.47743510776574],[-5.122207214180134,58.47993446635136]]],[[[-7.258185970720628,57.80474958174765],[-7.259440234896195,57.80121683559627],[-7.256822508027015,57.796617750633956],[-7.252005539480123,57.800165337411684],[-7.246389439937886,57.80047677099959],[-7.243999383173209,57.80247995830813],[-7.247760297356243,57.80438095105947],[-7.258185970720628,57.80474958174765]]],[[[-7.442031571102897,57.0688390395957],[-7.447438564461621,57.068756411500324],[-7.45163122822509,57.063731641845386],[-7.440594872593167,57.063047317959494],[-7.434120405079773,57.06457556372736],[-7.433804579514486,57.067154186975976],[-7.442031571102897,57.0688390395957]]],[[[-2.918482612052548,58.691701368146774],[-2.924565827497745,58.69144223499273],[-2.935176292018477,58.68823549412042],[-2.929948147672899,58.68624807835337],[-2.918355389487273,58.685882301955246],[-2.916453257292832,58.68734637189285],[-2.918482612052548,58.691701368146774]]],[[[-6.92092173685518,58.23177777058039],[-6.922673627704439,58.22529566502214],[-6.91772289189606,58.22205923349387],[-6.910357802977738,58.22446640907843],[-6.909578029879272,58.22819394227171],[-6.911375943401938,58.23058515439096],[-6.92092173685518,58.23177777058039]]],[[[-0.985423270527344,60.672316448572175],[-0.98834287846051,60.669676247417904],[-0.979022987013289,60.66404763074855],[-0.974595136725638,60.659439075601775],[-0.968347571117371,60.66143834575818],[-0.971914868949446,60.664608370469196],[-0.977979139868264,60.666674995825176],[-0.980302111378935,60.66960186949011],[-0.985423270527344,60.672316448572175]]],[[[-3.200024160878793,58.86847950602957],[-3.202818199779313,58.86629342880759],[-3.20290002645603,58.86290658008924],[-3.200572407638611,58.85877871783074],[-3.194086482440623,58.85695272743205],[-3.189382793846577,58.858549974275505],[-3.189203970477573,58.86116976632131],[-3.198622662729238,58.86355711262042],[-3.200024160878793,58.86847950602957]]],[[[-1.152214871243843,60.447490423428036],[-1.156366964762922,60.44577032857319],[-1.160371516071376,60.44023759894869],[-1.158735955306527,60.437780521060446],[-1.147715175950606,60.43920556580968],[-1.148660530620909,60.44405577213495],[-1.152214871243843,60.447490423428036]]],[[[-6.299005261831183,57.72956068528497],[-6.306184216101023,57.72681173409344],[-6.306214437428101,57.725088522475545],[-6.301414351272693,57.72295873853166],[-6.29287671959378,57.722115879858585],[-6.291178575110218,57.72537057303365],[-6.299005261831183,57.72956068528497]]],[[[-4.668519887769556,58.57109789275847],[-4.6833447593963,58.567697967840296],[-4.687717366244166,58.56449752267034],[-4.68248563769741,58.56377575815053],[-4.665447898071681,58.56779662519677],[-4.668519887769556,58.57109789275847]]],[[[-7.350479847112516,56.999567808167065],[-7.354194706044269,56.99868404560883],[-7.358572943919033,56.99536890459727],[-7.34596280740414,56.99361500604322],[-7.341747011007069,56.99651776809721],[-7.344962912082789,56.998643337251075],[-7.350479847112516,56.999567808167065]]],[[[-5.459159167397898,58.05372499665925],[-5.467173205121806,58.047367330783246],[-5.467027969984168,58.04490833214111],[-5.460504093474633,58.04318489028201],[-5.45571689082629,58.049689973054825],[-5.459159167397898,58.05372499665925]]],[[[-5.428842144040003,57.979022224980234],[-5.430953910420089,57.97898767449467],[-5.435633536134511,57.97396676252609],[-5.431773956463445,57.97040814986289],[-5.420816453206236,57.977458836104766],[-5.428842144040003,57.979022224980234]]],[[[-6.524566846008497,57.36643276561878],[-6.531956034750404,57.3629149263739],[-6.531696254369955,57.35885880374754],[-6.522112949356735,57.35962690784641],[-6.52123810286718,57.3644119402218],[-6.524566846008497,57.36643276561878]]],[[[-4.295698277118533,58.55094944443603],[-4.305260964823133,58.54947090132721],[-4.305400205319777,58.547927586478245],[-4.295319762828018,58.54411015357357],[-4.288083176685018,58.545928366835014],[-4.291116140071386,58.54934672324565],[-4.295698277118533,58.55094944443603]]],[[[-6.469571816171493,56.464607942280594],[-6.478576293329761,56.46237587725404],[-6.480983394364553,56.45558240028903],[-6.473614566375939,56.4587908921405],[-6.469571816171493,56.464607942280594]]],[[[-2.827484321030525,59.13313098153849],[-2.833419625434095,59.13188691090028],[-2.833739528803916,59.127437576277046],[-2.828368576319892,59.12322583374649],[-2.824556485720502,59.126914254197004],[-2.827484321030525,59.13313098153849]]],[[[-2.872873287320582,59.35600396662341],[-2.876515077136588,59.35440794382589],[-2.872646738542788,59.35019692283821],[-2.865140579471989,59.34512272263215],[-2.863704346360819,59.35129104539],[-2.872873287320582,59.35600396662341]]],[[[-5.152540601947766,58.28708978468556],[-5.157054439962039,58.284025892216796],[-5.153240191078472,58.28133847707614],[-5.144128700980311,58.27730305230407],[-5.139452960199574,58.27825392515041],[-5.143885864626479,58.28273746848008],[-5.146435544900985,58.2828184782047],[-5.152540601947766,58.28708978468556]]],[[[-3.137238240258399,56.03700607132813],[-3.142548289847794,56.034207452944344],[-3.136797146455605,56.03155603319204],[-3.131973034741848,56.027107753493226],[-3.129025786689235,56.028383746437804],[-3.135635888651857,56.03654911185429],[-3.137238240258399,56.03700607132813]]],[[[-4.703691633887315,58.4874018886693],[-4.710822344479631,58.48496441469018],[-4.714945194529599,58.47780536641593],[-4.710645374441881,58.47621604326258],[-4.704496252749826,58.4819125956947],[-4.703691633887315,58.4874018886693]]],[[[-6.922374163496923,58.19513920806594],[-6.924674065099582,58.197581823172776],[-6.934648689750308,58.19462725176087],[-6.933714131485095,58.19249985820898],[-6.920933678825857,58.1905240512271],[-6.922374163496923,58.19513920806594]]],[[[-7.237168537175368,57.47576802984903],[-7.214103565033894,57.47006945936167],[-7.213041804390215,57.472259572523164],[-7.218478216941852,57.47301851490312],[-7.225110534285824,57.47537424876286],[-7.235745554657451,57.47646796906133],[-7.237168537175368,57.47576802984903]]],[[[-5.665391288659004,56.31849308451444],[-5.672799982004179,56.314524042109994],[-5.676415873687205,56.31099549905798],[-5.67493647785744,56.30721823524658],[-5.670276147679367,56.30888061054773],[-5.669919696813897,56.31148512254968],[-5.661867935228322,56.317181338751205],[-5.665391288659004,56.31849308451444]]],[[[-7.176930171638956,57.698736264852485],[-7.179183396521711,57.69369501777886],[-7.167316490274273,57.68961041990485],[-7.164985520771245,57.69111396992608],[-7.172081170503565,57.69773379159688],[-7.176930171638956,57.698736264852485]]],[[[-2.64741403756972,59.171141394778644],[-2.655269667089145,59.16628217395526],[-2.65710841555192,59.163667654826334],[-2.651184382506621,59.161065334394316],[-2.645807530343077,59.16674988312124],[-2.64741403756972,59.171141394778644]]],[[[-6.339362019134377,56.44068499145269],[-6.344507174340674,56.438112206720085],[-6.344337575521905,56.43236644802346],[-6.341118320829377,56.43118418982614],[-6.336629319789933,56.434237538778405],[-6.335940486832396,56.438232521180026],[-6.339362019134377,56.44068499145269]]],[[[-6.335584190714243,57.90798220686467],[-6.338735234744904,57.90747960375508],[-6.340703442426471,57.90273936582468],[-6.334009997211647,57.900045615993925],[-6.325699103698656,57.8979373134466],[-6.324292419379228,57.89923085195518],[-6.332697920247359,57.90122540264916],[-6.335584190714243,57.90798220686467]]],[[[-6.440301319522413,57.74692672177632],[-6.444208752845575,57.74637929158247],[-6.44237563594854,57.74316548269472],[-6.433400404221794,57.74019786488797],[-6.42960341468486,57.737826238344816],[-6.424538379059082,57.739379683531695],[-6.432519300791997,57.74199603775028],[-6.436804057009744,57.74621219584831],[-6.440301319522413,57.74692672177632]]],[[[-6.126301986678608,56.87740658257036],[-6.129914461449993,56.86847856947563],[-6.124834030413298,56.86797229067806],[-6.119763195104659,56.87038363153409],[-6.123100441158828,56.87518335959981],[-6.126301986678608,56.87740658257036]]],[[[-5.577103058210188,57.269408871470134],[-5.581064248667714,57.26918802315439],[-5.581334499417663,57.26556624271209],[-5.579603181975169,57.261920660434036],[-5.57355416082511,57.261989679193775],[-5.571431596327556,57.267821802377526],[-5.577103058210188,57.269408871470134]]],[[[-5.317433016881302,58.145473986950925],[-5.320521769716818,58.14578449459576],[-5.331187956284511,58.14204998391409],[-5.324516360612797,58.14104683074036],[-5.320134623513431,58.14208692046936],[-5.311374648491665,58.142292502587814],[-5.310860979803104,58.14408103406472],[-5.317433016881302,58.145473986950925]]],[[[-3.065194256211883,59.0114966593066],[-3.070314353210547,59.0066988629176],[-3.066184031182271,59.004487628621014],[-3.061074538448741,59.00534150917788],[-3.057407878043715,59.00913734196319],[-3.061296896118272,59.011655297330385],[-3.065194256211883,59.0114966593066]]],[[[-7.07341679162968,57.67782248502776],[-7.069615869092312,57.675325535206134],[-7.069431868046724,57.67185097885887],[-7.060092962140404,57.67135308437875],[-7.059977098054762,57.67425033911481],[-7.062740260598487,57.67617738673766],[-7.07341679162968,57.67782248502776]]],[[[-5.658001047889462,56.295548181797166],[-5.663469754594069,56.293170890281495],[-5.661425285679759,56.29042712446705],[-5.653415463583401,56.289523973693136],[-5.651161833309381,56.29179334616221],[-5.658001047889462,56.295548181797166]]],[[[-6.67818115765521,56.9757384252442],[-6.678314140640418,56.972759567306234],[-6.682401312111867,56.96980514502111],[-6.681452712901637,56.965797294278566],[-6.675128672290922,56.96717225263315],[-6.67269382646198,56.96962021524965],[-6.673884350742551,56.97254411166157],[-6.67818115765521,56.9757384252442]]],[[[-6.487340281509933,57.35856683965128],[-6.495388375396854,57.365096738922766],[-6.499105163556669,57.360997205653604],[-6.495550307647505,57.356096676415994],[-6.487340281509933,57.35856683965128]]],[[[-7.102592106483946,57.67423486193776],[-7.109750176009064,57.66976141646679],[-7.104473982230663,57.66866401683418],[-7.096649769347422,57.669431949586254],[-7.097608507408088,57.67203306421268],[-7.102592106483946,57.67423486193776]]],[[[-2.951173678984846,59.17031174125641],[-2.955818291982396,59.16931582268296],[-2.955789933721073,59.165480339975915],[-2.950266327163431,59.16226352766512],[-2.94538042556675,59.16601990746973],[-2.951173678984846,59.17031174125641]]],[[[-6.391107158068333,56.512596386087324],[-6.397893454753016,56.50981497764355],[-6.398998199228453,56.505597933413874],[-6.389941053629872,56.50674194065807],[-6.388060477901438,56.510167866694744],[-6.391107158068333,56.512596386087324]]],[[[-2.852564633219091,59.21007367229362],[-2.854941112983276,59.211682649191],[-2.8591136524575,59.2050903351479],[-2.853423502024318,59.20098149055352],[-2.851635004546472,59.2056568348593],[-2.852564633219091,59.21007367229362]]],[[[-7.117968863728811,57.675281248716566],[-7.125837934446076,57.67214116225642],[-7.121621002086886,57.66856489074033],[-7.114262466518338,57.66889481632385],[-7.117968863728811,57.675281248716566]]],[[[-5.71772351314051,57.70812771579015],[-5.722443850802016,57.70666271124632],[-5.72141692669984,57.70389333136434],[-5.717154344023378,57.70151852560592],[-5.713591794039987,57.70190464475446],[-5.711353079463378,57.70586952596613],[-5.71772351314051,57.70812771579015]]],[[[-0.735312207732366,60.42525126297245],[-0.738408795043016,60.425024676814836],[-0.744824948703803,60.42137213702103],[-0.746205171397744,60.41877652939218],[-0.732345801649421,60.42049528563291],[-0.735312207732366,60.42525126297245]]],[[[-5.914278666522894,56.91795615724837],[-5.921734018762264,56.91458844517156],[-5.908922038569675,56.912409793935204],[-5.908221723724326,56.91686916163059],[-5.914278666522894,56.91795615724837]]],[[[-7.565804124099444,56.90113446569828],[-7.571978295434358,56.8997424056086],[-7.570181780092086,56.897239609270315],[-7.570285622628129,56.89248271164831],[-7.562128115554283,56.899206044335855],[-7.565804124099444,56.90113446569828]]],[[[-7.192440818548727,57.4599457145421],[-7.197783712344285,57.459477503248806],[-7.196307879290785,57.4564386184711],[-7.191738236957851,57.45506171486973],[-7.185526208312366,57.45592996105662],[-7.185762665861342,57.458124755990276],[-7.192440818548727,57.4599457145421]]],[[[-5.470831271963991,58.032134677753945],[-5.474146432252168,58.024915891854135],[-5.468556373181109,58.02483933399784],[-5.463929840592892,58.0288172331215],[-5.4660284994742,58.03153760455558],[-5.470831271963991,58.032134677753945]]],[[[-6.276182376084572,56.853677080996505],[-6.280480638454041,56.85042678562688],[-6.277980731708698,56.84664992312727],[-6.269447148135886,56.84974851100138],[-6.270995932123908,56.85246092977151],[-6.276182376084572,56.853677080996505]]],[[[-7.577879527778564,56.87639646805002],[-7.581499567076865,56.87369431183362],[-7.58002234165667,56.87115665927588],[-7.572254019310143,56.87114001501201],[-7.571621505209632,56.873895468082914],[-7.575047723259301,56.876806793477066],[-7.577879527778564,56.87639646805002]]],[[[-7.033291949507051,57.70687018455077],[-7.042050637059869,57.70446938735791],[-7.03160092361642,57.70069362951701],[-7.029687487667095,57.70349147719154],[-7.033291949507051,57.70687018455077]]],[[[-6.227629291984639,57.66749439640767],[-6.23302957166004,57.6656678211779],[-6.229393429118501,57.66297942258806],[-6.223237535321246,57.66177359382778],[-6.221911634445814,57.66551843082374],[-6.227629291984639,57.66749439640767]]],[[[-6.208232106027136,57.646456463600366],[-6.210008641026418,57.6455923897316],[-6.205355111048683,57.63922782379876],[-6.197892916752162,57.64024057296952],[-6.20265496643126,57.644510991797354],[-6.208232106027136,57.646456463600366]]],[[[-6.897336307496383,58.199751574821484],[-6.902630630699742,58.199098068998],[-6.903251062108894,58.195201364989465],[-6.895939204619346,58.19264893930788],[-6.893101333696016,58.193504690372286],[-6.897336307496383,58.199751574821484]]],[[[-7.244732761276377,57.329474175834065],[-7.250411700930478,57.32846726846834],[-7.243166284267918,57.324075714895606],[-7.240566174217895,57.32819951331011],[-7.244732761276377,57.329474175834065]]],[[[-5.432210257143972,58.01755168412377],[-5.437359404718231,58.01410914906655],[-5.437246310765432,58.01134365557496],[-5.431325457772542,58.01167893252087],[-5.429193650781026,58.01523759927857],[-5.432210257143972,58.01755168412377]]],[[[-6.774461453812791,58.217635551559965],[-6.775885583404205,58.213031440664636],[-6.771247451931299,58.21067215264441],[-6.766491671488985,58.21147984911702],[-6.768981916393343,58.21608399055228],[-6.774461453812791,58.217635551559965]]],[[[-6.632360794652953,56.572773812807725],[-6.634695096126455,56.56669125527197],[-6.628646493979377,56.56393062404132],[-6.62742499858337,56.568194980326254],[-6.632360794652953,56.572773812807725]]],[[[-6.512814661533799,55.67720593967306],[-6.51564383482904,55.67631282077394],[-6.517277441651565,55.673159146819046],[-6.511879149895433,55.670696401515066],[-6.506204886124165,55.67236786356278],[-6.512814661533799,55.67720593967306]]],[[[-7.164805725737863,57.68567316414132],[-7.164925001514098,57.68256404488135],[-7.154997514075037,57.68227256149886],[-7.15721492136823,57.685457160431476],[-7.161371266889248,57.682911864219804],[-7.164805725737863,57.68567316414132]]],[[[-6.722555972433913,57.87060741794556],[-6.725079689584709,57.86745936193924],[-6.723244126170446,57.86363733040067],[-6.720049875669688,57.863090765171144],[-6.713897918904411,57.865280884200295],[-6.717764019328191,57.86670211605801],[-6.716869576974811,57.86882684487194],[-6.722555972433913,57.87060741794556]]],[[[-6.542857409093017,57.60055076966842],[-6.545330182819781,57.598419936569016],[-6.543351415151396,57.596193190926726],[-6.536808133640655,57.59671661276042],[-6.533244025391753,57.594465806227106],[-6.527851191650574,57.59541510097374],[-6.542857409093017,57.60055076966842]]],[[[-0.881101177700012,60.34480502060153],[-0.891255556287529,60.34109612899406],[-0.893218466568411,60.33876880963181],[-0.886432659081388,60.33775589789377],[-0.881947965282965,60.33991380131499],[-0.883504766118844,60.3418035895881],[-0.881101177700012,60.34480502060153]]],[[[-6.60564228117517,57.45478445990376],[-6.610923590606815,57.45196356943314],[-6.602467608960537,57.44825794864076],[-6.599603528745411,57.448502136785514],[-6.60123749478562,57.45339854206185],[-6.60564228117517,57.45478445990376]]],[[[-2.951371721153762,59.09259846136404],[-2.956181466589625,59.09089085445082],[-2.954482678218388,59.08672271775542],[-2.949885070132219,59.086491518627206],[-2.946546516319112,59.090786366503906],[-2.951371721153762,59.09259846136404]]],[[[-6.976028092890897,57.946487082907176],[-6.98213246372501,57.94598554955889],[-6.984169036053751,57.94292759830547],[-6.978284147894539,57.94160690117068],[-6.973786423507993,57.943330861384496],[-6.976028092890897,57.946487082907176]]],[[[-7.229918671984406,57.45868480718002],[-7.234740991746618,57.45575308205405],[-7.224823906642447,57.45277321243474],[-7.222407478351417,57.45531218392278],[-7.228756821042729,57.45713501100029],[-7.229918671984406,57.45868480718002]]],[[[-5.549555208514684,56.16385786107158],[-5.557846721243549,56.1628279444009],[-5.56207068387002,56.160629203914645],[-5.559700362337131,56.15598181453143],[-5.556034523392722,56.15999496524336],[-5.549555208514684,56.16385786107158]]],[[[-7.28723209467735,57.986138140152974],[-7.29273110245646,57.98545888385229],[-7.293925517316225,57.98276793899411],[-7.287780975407522,57.98027966791249],[-7.283505265756852,57.98459269309063],[-7.28723209467735,57.986138140152974]]],[[[-4.78612267912825,58.55009790420819],[-4.791187742661103,58.54731900662691],[-4.785830804883468,58.54404320689333],[-4.781012702326504,58.545687010162425],[-4.782443849329105,58.5491667988555],[-4.78612267912825,58.55009790420819]]],[[[-2.917941200471052,59.17901690693739],[-2.923132256924872,59.17673046122366],[-2.923679233753196,59.17132377917507],[-2.914418247612673,59.17748270620505],[-2.917941200471052,59.17901690693739]]],[[[-1.57113690965012,60.21853463766791],[-1.577303241729384,60.215063353943655],[-1.571092790689114,60.21250690690422],[-1.566159312218234,60.21375244499159],[-1.567635108053591,60.21789207622366],[-1.57113690965012,60.21853463766791]]],[[[-6.350893062822165,56.27575095444054],[-6.356388529311129,56.274819874542615],[-6.355561838410713,56.272600487157064],[-6.350536808165478,56.27155427371243],[-6.343345318353131,56.27356103697979],[-6.350893062822165,56.27575095444054]]],[[[-7.21156904308162,57.34881684152956],[-7.21654169930788,57.347732908320715],[-7.217110103760123,57.34552717631006],[-7.212169928671978,57.3446121545697],[-7.209710944964234,57.34733727391791],[-7.21156904308162,57.34881684152956]]],[[[-5.074995301227824,58.40712124275286],[-5.081155107717891,58.40628557300547],[-5.085628666547502,58.40438035548356],[-5.080463098535799,58.402186116935646],[-5.072861016184877,58.40444042105467],[-5.074995301227824,58.40712124275286]]],[[[-1.454528530800622,60.44339749312204],[-1.458230567800593,60.443156670190724],[-1.459306039235801,60.43912059770796],[-1.453830960402463,60.437307048509545],[-1.45094944639522,60.44011007221001],[-1.454528530800622,60.44339749312204]]],[[[-4.84199786778455,55.6488564074911],[-4.846702529795732,55.64792744787535],[-4.843842008277007,55.641693327488184],[-4.839724358995182,55.643212662744006],[-4.839196870384249,55.647363484953274],[-4.84199786778455,55.6488564074911]]],[[[-3.070111079884216,58.85540826749009],[-3.080538190127466,58.853206289779834],[-3.078638946917678,58.85121481134444],[-3.068764090201719,58.85276091333455],[-3.070111079884216,58.85540826749009]]],[[[-6.264071693537333,56.00376526405342],[-6.269868724100378,56.002538138849665],[-6.26173657123532,55.99816470172576],[-6.256706532032116,55.99868679256399],[-6.264071693537333,56.00376526405342]]],[[[-5.780414547529939,56.23812993580194],[-5.787512614453101,56.23733253502448],[-5.791086179020272,56.23273600304449],[-5.782989141012752,56.23419814345929],[-5.780414547529939,56.23812993580194]]],[[[-7.691426467952303,57.53084999542907],[-7.697770637484616,57.52626467573297],[-7.690730616223879,57.52350937899495],[-7.689108028806166,57.525117497918735],[-7.691426467952303,57.53084999542907]]],[[[-7.140963342119198,58.040579859719465],[-7.142363914642183,58.041292451503395],[-7.153431355378,58.03956156272575],[-7.150216533142687,58.03685770334338],[-7.144846939375537,58.03656252876407],[-7.140963342119198,58.040579859719465]]],[[[-5.299831736532832,58.104464057183435],[-5.302775323576397,58.100954199542585],[-5.291963421129918,58.10190392419159],[-5.299831736532832,58.104464057183435]]],[[[-6.218551217556379,56.00832384816034],[-6.224156355200918,56.00622052936014],[-6.22511332810791,56.00278808887571],[-6.221376001444129,56.00251607810656],[-6.216746537434945,56.0056875844141],[-6.218551217556379,56.00832384816034]]],[[[-1.357590993204045,59.954937486800944],[-1.362513918194499,59.95030548081629],[-1.352871737045998,59.94949535314031],[-1.351426916505849,59.9524425143185],[-1.357590993204045,59.954937486800944]]],[[[-0.837628386166127,60.66505113147548],[-0.843954930781989,60.664670360738725],[-0.842883545654067,60.66137922003753],[-0.837718952720785,60.65923339404869],[-0.837628386166127,60.66505113147548]]],[[[-5.656467502660311,56.028689352797954],[-5.663337763662805,56.025365057757476],[-5.664754324610863,56.02117327948253],[-5.660648295848699,56.021637131936124],[-5.656467502660311,56.028689352797954]]],[[[-5.619357266722249,56.15202578486509],[-5.624082213870593,56.15110576408366],[-5.626038187622502,56.14752373557127],[-5.621472001373029,56.146447625064596],[-5.619357266722249,56.15202578486509]]],[[[-5.446686783304691,57.967019985352536],[-5.452333789969082,57.96388227340865],[-5.440098881711905,57.96434464426252],[-5.441785294387874,57.966743027698854],[-5.446686783304691,57.967019985352536]]],[[[-7.009137887169656,57.71238764405508],[-7.009778859605508,57.71003651337612],[-7.004079253952668,57.707050619063075],[-6.998852682493673,57.70821130336228],[-7.009137887169656,57.71238764405508]]],[[[-6.41565750034524,58.12635410046051],[-6.418294868670579,58.12294853423703],[-6.414598896812518,58.120900468661],[-6.410416171506234,58.12322189024775],[-6.41565750034524,58.12635410046051]]],[[[-3.302225132676964,56.03124616059646],[-3.309268964036117,56.02742112044236],[-3.303086964139147,56.027057023442474],[-3.299729273001283,56.0288454854519],[-3.302225132676964,56.03124616059646]]],[[[-7.364784819519469,57.08212411134397],[-7.369249753109637,57.08088842933683],[-7.365920191626828,57.078392923482454],[-7.360097273321249,57.07799672710565],[-7.358211807781455,57.080727823748035],[-7.364784819519469,57.08212411134397]]],[[[-7.202233116782044,57.50430264441759],[-7.210709708902327,57.50249867007725],[-7.202961348204957,57.50015134152423],[-7.197952525700258,57.502711405555424],[-7.202233116782044,57.50430264441759]]],[[[-5.093447746292679,58.40041246147325],[-5.086508063885817,58.39535399735843],[-5.083558721740718,58.39813474061073],[-5.093447746292679,58.40041246147325]]],[[[-5.833945111875731,57.3771597649896],[-5.838530250162847,57.37556328776433],[-5.840994963035177,57.37223768764485],[-5.833421950487393,57.3718349641949],[-5.833945111875731,57.3771597649896]]],[[[-2.688928854293179,59.17866533421743],[-2.694929122071425,59.1728391557153],[-2.691309204455129,59.172469625567324],[-2.688928854293179,59.17866533421743]]],[[[-5.335197079293301,56.63651876169363],[-5.341675379316404,56.63276239192686],[-5.342404466029553,56.628836771308194],[-5.337827400390137,56.62964298275229],[-5.335034228981311,56.631812549133286],[-5.335197079293301,56.63651876169363]]],[[[-7.207677366206378,57.696810360575164],[-7.215411852059188,57.69277934882575],[-7.208824739942503,57.69235847056566],[-7.207677366206378,57.696810360575164]]],[[[-7.150210863532716,57.508908094266516],[-7.153624955666617,57.50656832651212],[-7.145326020715825,57.505450279944],[-7.141925196639786,57.507294386198225],[-7.144962505764272,57.509271245334986],[-7.150210863532716,57.508908094266516]]],[[[-1.335179905931993,60.167479558900304],[-1.341357999739862,60.16716465667389],[-1.340506678533162,60.16378422456431],[-1.334838418634544,60.162081300980425],[-1.332591308587231,60.16628130221301],[-1.335179905931993,60.167479558900304]]],[[[-0.912543904578832,60.641934995926256],[-0.915701146558229,60.64048353859763],[-0.915169750060065,60.63670803553234],[-0.91018499744275,60.636519402817896],[-0.907583548683431,60.64154445850546],[-0.912543904578832,60.641934995926256]]],[[[-6.364273336117265,56.34110491318722],[-6.368151763245606,56.340806983906205],[-6.371580659177177,56.33822589721478],[-6.369179730384207,56.33444053511462],[-6.364273336117265,56.34110491318722]]],[[[-5.734779467149919,55.91727361699554],[-5.739416778509447,55.91380576998325],[-5.734725121988327,55.91113842066037],[-5.732450780474901,55.91503793591647],[-5.734779467149919,55.91727361699554]]],[[[-6.719076349850087,57.86268177530287],[-6.717261260361536,57.85978093452883],[-6.713197859015029,57.8576204483064],[-6.710215708574713,57.859525974049966],[-6.713025766046516,57.86184565229106],[-6.719076349850087,57.86268177530287]]],[[[-5.443847580907207,56.56104651497326],[-5.45261359358527,56.55726363910954],[-5.447704477206816,56.55573508284081],[-5.444212191259933,56.557036693638494],[-5.443847580907207,56.56104651497326]]],[[[-4.804923502293596,58.57376639499344],[-4.809034837709715,58.57344286729069],[-4.80973855702678,58.570956313899984],[-4.802286099296606,58.570795709847474],[-4.804923502293596,58.57376639499344]]],[[[-6.350004260170719,55.89308014822702],[-6.358600426243915,55.887557979842946],[-6.35302373698073,55.88677975341045],[-6.349586925595286,55.88845745353295],[-6.350004260170719,55.89308014822702]]],[[[-5.609293503697007,56.12420062780933],[-5.614057350646254,56.121620015575374],[-5.611836600994624,56.11870897468031],[-5.60701563741762,56.12351200193329],[-5.609293503697007,56.12420062780933]]],[[[-7.094875019711433,58.02642288009224],[-7.095429902617741,58.02360600666853],[-7.092285755523913,58.021950665637746],[-7.088195447914144,58.02269949425326],[-7.087966275498434,58.026033215282325],[-7.094875019711433,58.02642288009224]]],[[[-1.322182822986986,60.20272461451743],[-1.329378746650778,60.19617495227851],[-1.324829352730689,60.196829827794545],[-1.322273683062044,60.19919179581444],[-1.322182822986986,60.20272461451743]]],[[[-6.445198665695379,56.699240704465524],[-6.449457386962584,56.695229795617145],[-6.443311123946275,56.694608653860186],[-6.441853619117575,56.69797963297228],[-6.445198665695379,56.699240704465524]]],[[[-5.10264973706741,58.40449905179949],[-5.106771701545336,58.40600327121062],[-5.111378672928038,58.40417028191084],[-5.109963461815062,58.40210166278491],[-5.104858036309534,58.40147969934818],[-5.10264973706741,58.40449905179949]]],[[[-1.151427409185195,60.24028180523906],[-1.155561609385023,60.23437294849494],[-1.144916555094503,60.238556478165556],[-1.151427409185195,60.24028180523906]]],[[[-5.718918325296294,56.23990664802504],[-5.724049454246807,56.23696470418938],[-5.719802152082029,56.234458162829824],[-5.716142453326043,56.237755796615055],[-5.718918325296294,56.23990664802504]]],[[[-5.642415382744054,56.13578782413102],[-5.647863425958909,56.13172010667701],[-5.643011590912534,56.13118464283712],[-5.642415382744054,56.13578782413102]]],[[[-5.118055315118035,55.4279892053995],[-5.122189797459009,55.42699360808739],[-5.119981942498443,55.424056279441174],[-5.115486545156035,55.42578471416729],[-5.118055315118035,55.4279892053995]]],[[[-5.601194070453065,56.01141812955119],[-5.604109164214103,56.01152616399363],[-5.607065774751512,56.00709228684762],[-5.605202748336805,56.00552839566964],[-5.599776183850911,56.00901575717049],[-5.601194070453065,56.01141812955119]]],[[[-6.908494133981295,58.26974459027341],[-6.912917587687779,58.26956973914481],[-6.911144664728226,58.2662059819878],[-6.905763591207934,58.26488826556083],[-6.903891738999574,58.26729748552578],[-6.908494133981295,58.26974459027341]]],[[[-1.547688941072606,60.31550730063049],[-1.551850265608025,60.311673957016524],[-1.547793596286268,60.3092359489724],[-1.543983043559482,60.31256306627141],[-1.547688941072606,60.31550730063049]]],[[[-5.082384319266825,58.46577320709053],[-5.085712242559806,58.462161159020376],[-5.07647614112406,58.46293600665392],[-5.082384319266825,58.46577320709053]]],[[[-6.518372714597599,55.68357838540154],[-6.522262295787747,55.68052134399233],[-6.513612134947247,55.67942625826549],[-6.518372714597599,55.68357838540154]]],[[[-7.592126956659113,58.28965131823459],[-7.595271257595057,58.28732617147663],[-7.590574148029392,58.286047187959696],[-7.585424127152221,58.28763207153127],[-7.592126956659113,58.28965131823459]]],[[[-2.387028048594511,59.399556625860995],[-2.392643627207863,59.397102642390955],[-2.386043579722771,59.39538113472089],[-2.387028048594511,59.399556625860995]]],[[[-5.664743157112467,56.24027580325561],[-5.667489384213689,56.23725415320414],[-5.661815077756824,56.23683804125791],[-5.664743157112467,56.24027580325561]]],[[[-5.15717444169046,58.31130895375633],[-5.16813337117382,58.30810776602113],[-5.163548199041147,58.306194697663436],[-5.156794268062485,58.309727562985266],[-5.15717444169046,58.31130895375633]]],[[[-1.626167457166015,60.47621735419016],[-1.628043320886329,60.47283766082995],[-1.622560266200086,60.47120617519256],[-1.622363874527854,60.47559165197081],[-1.626167457166015,60.47621735419016]]],[[[-7.341689999694125,57.50185616982697],[-7.347001048130198,57.501309240669606],[-7.346322300190384,57.499063091351076],[-7.34060864509044,57.498981854092655],[-7.341689999694125,57.50185616982697]]],[[[-1.129841044369606,60.452266880297636],[-1.134427918704187,60.45135391841235],[-1.137768643084271,60.448753679938456],[-1.132883770087315,60.44756373113834],[-1.129841044369606,60.452266880297636]]],[[[-6.225363593374881,56.00236129421965],[-6.233090075589617,55.99868274108955],[-6.228378745603078,55.99705941051579],[-6.224431266807169,55.99897119927682],[-6.225363593374881,56.00236129421965]]],[[[-7.015606215462526,57.70393467520931],[-7.01832679161466,57.70034475011208],[-7.014563829013908,57.69871736232976],[-7.010608803199213,57.701101125341715],[-7.015606215462526,57.70393467520931]]],[[[-4.404966184712263,59.08676333796505],[-4.410092196951326,59.08652528423455],[-4.410006257804715,59.0824157813624],[-4.404612542924943,59.08385727182229],[-4.404966184712263,59.08676333796505]]],[[[-7.262408962614608,57.14363080103381],[-7.265512872933207,57.14177245873166],[-7.255831229179109,57.140852356398725],[-7.256530593094638,57.14367549601406],[-7.262408962614608,57.14363080103381]]],[[[-7.205841071246483,57.435766520026874],[-7.201675255994562,57.43164230553535],[-7.196023600259402,57.43272644215923],[-7.201509284316551,57.435752408381376],[-7.205841071246483,57.435766520026874]]],[[[-1.33132751412068,59.87379839907184],[-1.335208455312945,59.868160888869085],[-1.330042772784393,59.8679596454788],[-1.328112234407486,59.870715533128205],[-1.33132751412068,59.87379839907184]]],[[[-6.7944520239482,58.228754345051264],[-6.794764067809166,58.22551323517879],[-6.792691301795371,58.2232344088445],[-6.786600309682361,58.222824692034884],[-6.7944520239482,58.228754345051264]]],[[[-5.74131889592029,57.2904017254574],[-5.740884812362291,57.287519616230625],[-5.736533081641601,57.28545997095865],[-5.73416954228944,57.288151128554134],[-5.74131889592029,57.2904017254574]]],[[[-7.29911455816764,57.04656895308335],[-7.304489826805193,57.04536439470549],[-7.302316256117335,57.04199665484832],[-7.29775869425435,57.04239255011532],[-7.29911455816764,57.04656895308335]]],[[[-6.943253701323367,58.244232839100825],[-6.949049191965289,58.24162836262153],[-6.939634506734763,58.240913996415735],[-6.943253701323367,58.244232839100825]]],[[[-7.241405211749193,57.387401326285584],[-7.239841764381992,57.38544189903654],[-7.232193969547407,57.3848024459994],[-7.231679569758858,57.38720848028841],[-7.241405211749193,57.387401326285584]]],[[[-5.428435531597497,56.4598305518626],[-5.433995322236494,56.45911118629732],[-5.43492869829283,56.45718569637783],[-5.428768832935537,56.456649595388825],[-5.428435531597497,56.4598305518626]]],[[[-7.682172268635894,57.70349979746451],[-7.68418141279794,57.70023635445053],[-7.690843461048845,57.700476106556216],[-7.689387146933755,57.69779188928715],[-7.684742331514138,57.69856384906962],[-7.681081403288571,57.70110508279221],[-7.682172268635894,57.70349979746451]]],[[[-5.453732336738553,56.52598887044881],[-5.459541209252525,56.523601976207914],[-5.456438771831103,56.52195331714497],[-5.453732336738553,56.52598887044881]]],[[[-5.293639395290128,58.25335147685309],[-5.298621939998597,58.251375748597276],[-5.291872349065879,58.249010862669],[-5.290552447207606,58.25242442709257],[-5.293639395290128,58.25335147685309]]],[[[-7.202424200498524,57.48429348439007],[-7.201405842553207,57.48095856390057],[-7.196191546539904,57.483325557923884],[-7.202424200498524,57.48429348439007]]],[[[-5.827896071289963,57.4058816569868],[-5.830612824521746,57.4014337908764],[-5.826824588092613,57.3998803831621],[-5.825150323879132,57.404153503086235],[-5.827896071289963,57.4058816569868]]],[[[-1.041651893283811,60.456856864037334],[-1.045922037154851,60.45259095666037],[-1.042648154213192,60.451723455806665],[-1.038993853941781,60.45513170019928],[-1.041651893283811,60.456856864037334]]],[[[-5.692953602726602,56.25588550037381],[-5.694646194575365,56.252836271455465],[-5.693336075599047,56.25013755682778],[-5.688620797006125,56.250898818652345],[-5.692953602726602,56.25588550037381]]],[[[-5.647797883413715,57.37887299598107],[-5.653540160367694,57.37561354906297],[-5.650098548007776,57.3732231997915],[-5.647797883413715,57.37887299598107]]],[[[-6.89243282800443,57.91802352433531],[-6.893350105951694,57.91582453752553],[-6.888860425126808,57.91469788816179],[-6.88539018010258,57.91695930825466],[-6.89243282800443,57.91802352433531]]],[[[-5.991903808387077,55.791502441656895],[-5.995326919526953,55.78814913755165],[-5.991393468556907,55.78644258255326],[-5.989581303214784,55.78986482313462],[-5.991903808387077,55.791502441656895]]],[[[-5.202576056570305,58.29103084471216],[-5.209393852232941,58.29073838228731],[-5.211185224999172,58.28771842821445],[-5.208209242152046,58.28670570692643],[-5.202576056570305,58.29103084471216]]],[[[-6.377646670916935,58.120751891784735],[-6.382362671539934,58.11763979889412],[-6.378970846131502,58.11659200205432],[-6.375054308996712,58.11977989387304],[-6.377646670916935,58.120751891784735]]],[[[-5.470645469541642,57.40116100428216],[-5.479482147413892,57.398727927111125],[-5.474475512553059,57.396767271123004],[-5.470645469541642,57.40116100428216]]],[[[-7.261701412110893,57.371106329095035],[-7.259824880279003,57.36801296444301],[-7.254255229487447,57.3669774202086],[-7.255736509655562,57.37074429244761],[-7.261701412110893,57.371106329095035]]],[[[-6.075733387617336,55.813824679423334],[-6.07842885458487,55.812341217630205],[-6.075761877307207,55.80967337838236],[-6.071804815376004,55.81001153551611],[-6.075733387617336,55.813824679423334]]],[[[-6.094229340065821,57.12894046563639],[-6.096658303082747,57.12817759001221],[-6.095903250622199,57.12359367394272],[-6.09201094304756,57.12382886464953],[-6.094229340065821,57.12894046563639]]],[[[-6.02823032941423,55.673059736847804],[-6.033548429479673,55.67115810776544],[-6.026650612773,55.6698471602624],[-6.02823032941423,55.673059736847804]]],[[[-4.787343268315798,58.5439339816871],[-4.790497725324931,58.54015870098605],[-4.782985317140042,58.541215964168465],[-4.787343268315798,58.5439339816871]]],[[[-6.378268571339934,58.1026499810994],[-6.385885108774881,58.101870447055674],[-6.386591556867577,58.100087937664604],[-6.377263657017149,58.100899454579576],[-6.378268571339934,58.1026499810994]]],[[[-5.17275814043897,58.316360413349884],[-5.168579932309365,58.31080643316245],[-5.165094998375472,58.312416189505115],[-5.169528845116377,58.31577547206212],[-5.17275814043897,58.316360413349884]]],[[[-5.172021983463044,58.3061499704541],[-5.17451619828287,58.30264219850272],[-5.168046820174883,58.30313532410715],[-5.172021983463044,58.3061499704541]]],[[[-6.020229331939941,55.66976304155091],[-6.026298144888644,55.66858621783073],[-6.022950874462333,55.664968527708886],[-6.020229331939941,55.66976304155091]]],[[[-1.353486934318104,60.140906225228534],[-1.353811611117059,60.138119767526675],[-1.348121380751672,60.13817272920212],[-1.34747597960427,60.140764543212285],[-1.353486934318104,60.140906225228534]]],[[[-7.07886492572676,57.67421584498782],[-7.079266498885243,57.66953456117349],[-7.074011737335444,57.67074017912865],[-7.07886492572676,57.67421584498782]]],[[[-6.294617679673369,56.270987617594805],[-6.296824482139987,56.26761009634259],[-6.292050542786177,56.266836185341184],[-6.290991794462666,56.26909716837687],[-6.294617679673369,56.270987617594805]]],[[[-2.688524728418794,59.15997101117359],[-2.690874874826327,59.1561507890661],[-2.684435153068742,59.15589214314726],[-2.688524728418794,59.15997101117359]]],[[[-6.453386180086951,56.704047509617475],[-6.453375796923718,56.699816030809295],[-6.447643461498076,56.701874055799294],[-6.453386180086951,56.704047509617475]]],[[[-2.78454344389811,56.073885797997384],[-2.786459681256771,56.070010172930886],[-2.781433567502927,56.070643183763174],[-2.78454344389811,56.073885797997384]]],[[[-7.166100971583206,57.82984687711816],[-7.172977936899805,57.82869763475725],[-7.168532472067893,57.82663431277038],[-7.166100971583206,57.82984687711816]]],[[[-5.456247253335563,57.96236905180682],[-5.46385940127832,57.96054362014362],[-5.458804158245843,57.9590679036935],[-5.456247253335563,57.96236905180682]]],[[[-1.113279734547244,60.73853373265758],[-1.114892891593599,60.734562345611806],[-1.108816331739645,60.73514619148163],[-1.113279734547244,60.73853373265758]]],[[[-7.419278357564364,56.96857078396301],[-7.424322580269106,56.966337406843245],[-7.41925461179039,56.96508179230694],[-7.419278357564364,56.96857078396301]]],[[[-5.897387659208908,56.87607083723694],[-5.898566547819845,56.872257456347455],[-5.893884551025717,56.87215645483039],[-5.897387659208908,56.87607083723694]]]]},"properties":{"geo_code":"S92000003","geo_label":"Scotland","geo_labelw":"Yr Alban","label":"S92000003","name":"Scotland"}}
]}